sample_id,group,partition,source_anchor
rate1:row3,rate1,development,Figure2!3:columns1-2
rate1:row4,rate1,development,Figure2!4:columns1-2
rate1:row5,rate1,development,Figure2!5:columns1-2
rate1:row6,rate1,development,Figure2!6:columns1-2
rate1:row7,rate1,development,Figure2!7:columns1-2
rate1:row8,rate1,development,Figure2!8:columns1-2
rate1:row9,rate1,development,Figure2!9:columns1-2
rate1:row10,rate1,development,Figure2!10:columns1-2
rate1:row11,rate1,development,Figure2!11:columns1-2
rate1:row12,rate1,development,Figure2!12:columns1-2
rate1:row13,rate1,development,Figure2!13:columns1-2
rate1:row14,rate1,development,Figure2!14:columns1-2
rate1:row15,rate1,development,Figure2!15:columns1-2
rate1:row16,rate1,development,Figure2!16:columns1-2
rate1:row17,rate1,development,Figure2!17:columns1-2
rate1:row18,rate1,development,Figure2!18:columns1-2
rate1:row19,rate1,development,Figure2!19:columns1-2
rate1:row20,rate1,development,Figure2!20:columns1-2
rate1:row21,rate1,development,Figure2!21:columns1-2
rate1:row22,rate1,development,Figure2!22:columns1-2
rate1:row23,rate1,development,Figure2!23:columns1-2
rate1:row24,rate1,development,Figure2!24:columns1-2
rate1:row25,rate1,development,Figure2!25:columns1-2
rate1:row26,rate1,development,Figure2!26:columns1-2
rate1:row27,rate1,development,Figure2!27:columns1-2
rate1:row28,rate1,development,Figure2!28:columns1-2
rate1:row29,rate1,development,Figure2!29:columns1-2
rate1:row30,rate1,development,Figure2!30:columns1-2
rate1:row31,rate1,development,Figure2!31:columns1-2
rate1:row32,rate1,development,Figure2!32:columns1-2
rate1:row33,rate1,development,Figure2!33:columns1-2
rate1:row34,rate1,development,Figure2!34:columns1-2
rate1:row35,rate1,development,Figure2!35:columns1-2
rate1:row36,rate1,development,Figure2!36:columns1-2
rate1:row37,rate1,development,Figure2!37:columns1-2
rate1:row38,rate1,development,Figure2!38:columns1-2
rate1:row39,rate1,development,Figure2!39:columns1-2
rate1:row40,rate1,development,Figure2!40:columns1-2
rate1:row41,rate1,development,Figure2!41:columns1-2
rate1:row42,rate1,development,Figure2!42:columns1-2
rate1:row43,rate1,development,Figure2!43:columns1-2
rate1:row44,rate1,development,Figure2!44:columns1-2
rate1:row45,rate1,development,Figure2!45:columns1-2
rate1:row46,rate1,development,Figure2!46:columns1-2
rate1:row47,rate1,development,Figure2!47:columns1-2
rate1:row48,rate1,development,Figure2!48:columns1-2
rate1:row49,rate1,development,Figure2!49:columns1-2
rate1:row50,rate1,development,Figure2!50:columns1-2
rate1:row51,rate1,development,Figure2!51:columns1-2
rate1:row52,rate1,development,Figure2!52:columns1-2
rate1:row53,rate1,development,Figure2!53:columns1-2
rate1:row54,rate1,development,Figure2!54:columns1-2
rate1:row55,rate1,development,Figure2!55:columns1-2
rate1:row56,rate1,development,Figure2!56:columns1-2
rate1:row57,rate1,development,Figure2!57:columns1-2
rate1:row58,rate1,development,Figure2!58:columns1-2
rate1:row59,rate1,development,Figure2!59:columns1-2
rate1:row60,rate1,development,Figure2!60:columns1-2
rate1:row61,rate1,development,Figure2!61:columns1-2
rate1:row62,rate1,development,Figure2!62:columns1-2
rate1:row63,rate1,development,Figure2!63:columns1-2
rate1:row64,rate1,development,Figure2!64:columns1-2
rate1:row65,rate1,development,Figure2!65:columns1-2
rate1:row66,rate1,development,Figure2!66:columns1-2
rate1:row67,rate1,development,Figure2!67:columns1-2
rate1:row68,rate1,development,Figure2!68:columns1-2
rate1:row69,rate1,development,Figure2!69:columns1-2
rate1:row70,rate1,development,Figure2!70:columns1-2
rate1:row71,rate1,development,Figure2!71:columns1-2
rate1:row72,rate1,development,Figure2!72:columns1-2
rate1:row73,rate1,development,Figure2!73:columns1-2
rate1:row74,rate1,development,Figure2!74:columns1-2
rate1:row75,rate1,development,Figure2!75:columns1-2
rate1:row76,rate1,development,Figure2!76:columns1-2
rate1:row77,rate1,development,Figure2!77:columns1-2
rate1:row78,rate1,development,Figure2!78:columns1-2
rate1:row79,rate1,development,Figure2!79:columns1-2
rate1:row80,rate1,development,Figure2!80:columns1-2
rate1:row81,rate1,development,Figure2!81:columns1-2
rate1:row82,rate1,development,Figure2!82:columns1-2
rate1:row83,rate1,development,Figure2!83:columns1-2
rate1:row84,rate1,development,Figure2!84:columns1-2
rate1:row85,rate1,development,Figure2!85:columns1-2
rate1:row86,rate1,development,Figure2!86:columns1-2
rate1:row87,rate1,development,Figure2!87:columns1-2
rate1:row88,rate1,development,Figure2!88:columns1-2
rate1:row89,rate1,development,Figure2!89:columns1-2
rate1:row90,rate1,development,Figure2!90:columns1-2
rate1:row91,rate1,development,Figure2!91:columns1-2
rate1:row92,rate1,development,Figure2!92:columns1-2
rate1:row93,rate1,development,Figure2!93:columns1-2
rate1:row94,rate1,development,Figure2!94:columns1-2
rate1:row95,rate1,development,Figure2!95:columns1-2
rate1:row96,rate1,development,Figure2!96:columns1-2
rate1:row97,rate1,development,Figure2!97:columns1-2
rate1:row98,rate1,development,Figure2!98:columns1-2
rate1:row99,rate1,development,Figure2!99:columns1-2
rate1:row100,rate1,development,Figure2!100:columns1-2
rate1:row101,rate1,development,Figure2!101:columns1-2
rate1:row102,rate1,development,Figure2!102:columns1-2
rate1:row103,rate1,development,Figure2!103:columns1-2
rate1:row104,rate1,development,Figure2!104:columns1-2
rate1:row105,rate1,development,Figure2!105:columns1-2
rate1:row106,rate1,development,Figure2!106:columns1-2
rate1:row107,rate1,development,Figure2!107:columns1-2
rate1:row108,rate1,development,Figure2!108:columns1-2
rate1:row109,rate1,development,Figure2!109:columns1-2
rate1:row110,rate1,development,Figure2!110:columns1-2
rate1:row111,rate1,development,Figure2!111:columns1-2
rate1:row112,rate1,development,Figure2!112:columns1-2
rate1:row113,rate1,development,Figure2!113:columns1-2
rate1:row114,rate1,development,Figure2!114:columns1-2
rate1:row115,rate1,development,Figure2!115:columns1-2
rate1:row116,rate1,development,Figure2!116:columns1-2
rate1:row117,rate1,development,Figure2!117:columns1-2
rate1:row118,rate1,development,Figure2!118:columns1-2
rate1:row119,rate1,development,Figure2!119:columns1-2
rate1:row120,rate1,development,Figure2!120:columns1-2
rate1:row121,rate1,development,Figure2!121:columns1-2
rate1:row122,rate1,development,Figure2!122:columns1-2
rate1:row123,rate1,development,Figure2!123:columns1-2
rate1:row124,rate1,development,Figure2!124:columns1-2
rate1:row125,rate1,development,Figure2!125:columns1-2
rate1:row126,rate1,development,Figure2!126:columns1-2
rate1:row127,rate1,development,Figure2!127:columns1-2
rate1:row128,rate1,development,Figure2!128:columns1-2
rate1:row129,rate1,development,Figure2!129:columns1-2
rate1:row130,rate1,development,Figure2!130:columns1-2
rate1:row131,rate1,development,Figure2!131:columns1-2
rate1:row132,rate1,development,Figure2!132:columns1-2
rate1:row133,rate1,development,Figure2!133:columns1-2
rate1:row134,rate1,development,Figure2!134:columns1-2
rate1:row135,rate1,development,Figure2!135:columns1-2
rate1:row136,rate1,development,Figure2!136:columns1-2
rate1:row137,rate1,development,Figure2!137:columns1-2
rate1:row138,rate1,development,Figure2!138:columns1-2
rate1:row139,rate1,development,Figure2!139:columns1-2
rate1:row140,rate1,development,Figure2!140:columns1-2
rate1:row141,rate1,development,Figure2!141:columns1-2
rate1:row142,rate1,development,Figure2!142:columns1-2
rate1:row143,rate1,development,Figure2!143:columns1-2
rate1:row144,rate1,development,Figure2!144:columns1-2
rate1:row145,rate1,development,Figure2!145:columns1-2
rate1:row146,rate1,development,Figure2!146:columns1-2
rate1:row147,rate1,development,Figure2!147:columns1-2
rate1:row148,rate1,development,Figure2!148:columns1-2
rate1:row149,rate1,development,Figure2!149:columns1-2
rate1:row150,rate1,development,Figure2!150:columns1-2
rate1:row151,rate1,development,Figure2!151:columns1-2
rate1:row152,rate1,development,Figure2!152:columns1-2
rate1:row153,rate1,development,Figure2!153:columns1-2
rate1:row154,rate1,development,Figure2!154:columns1-2
rate1:row155,rate1,development,Figure2!155:columns1-2
rate1:row156,rate1,development,Figure2!156:columns1-2
rate1:row157,rate1,development,Figure2!157:columns1-2
rate1:row158,rate1,development,Figure2!158:columns1-2
rate1:row159,rate1,development,Figure2!159:columns1-2
rate1:row160,rate1,development,Figure2!160:columns1-2
rate1:row161,rate1,development,Figure2!161:columns1-2
rate1:row162,rate1,development,Figure2!162:columns1-2
rate1:row163,rate1,development,Figure2!163:columns1-2
rate1:row164,rate1,development,Figure2!164:columns1-2
rate1:row165,rate1,development,Figure2!165:columns1-2
rate1:row166,rate1,development,Figure2!166:columns1-2
rate1:row167,rate1,development,Figure2!167:columns1-2
rate1:row168,rate1,development,Figure2!168:columns1-2
rate1:row169,rate1,development,Figure2!169:columns1-2
rate1:row170,rate1,development,Figure2!170:columns1-2
rate1:row171,rate1,development,Figure2!171:columns1-2
rate1:row172,rate1,development,Figure2!172:columns1-2
rate1:row173,rate1,development,Figure2!173:columns1-2
rate1:row174,rate1,development,Figure2!174:columns1-2
rate1:row175,rate1,development,Figure2!175:columns1-2
rate1:row176,rate1,development,Figure2!176:columns1-2
rate1:row177,rate1,development,Figure2!177:columns1-2
rate1:row178,rate1,development,Figure2!178:columns1-2
rate1:row179,rate1,development,Figure2!179:columns1-2
rate1:row180,rate1,development,Figure2!180:columns1-2
rate1:row181,rate1,development,Figure2!181:columns1-2
rate1:row182,rate1,development,Figure2!182:columns1-2
rate1:row183,rate1,development,Figure2!183:columns1-2
rate1:row184,rate1,development,Figure2!184:columns1-2
rate1:row185,rate1,development,Figure2!185:columns1-2
rate1:row186,rate1,development,Figure2!186:columns1-2
rate1:row187,rate1,development,Figure2!187:columns1-2
rate1:row188,rate1,development,Figure2!188:columns1-2
rate1:row189,rate1,development,Figure2!189:columns1-2
rate1:row190,rate1,development,Figure2!190:columns1-2
rate1:row191,rate1,development,Figure2!191:columns1-2
rate1:row192,rate1,development,Figure2!192:columns1-2
rate1:row193,rate1,development,Figure2!193:columns1-2
rate1:row194,rate1,development,Figure2!194:columns1-2
rate1:row195,rate1,development,Figure2!195:columns1-2
rate1:row196,rate1,development,Figure2!196:columns1-2
rate1:row197,rate1,development,Figure2!197:columns1-2
rate1:row198,rate1,development,Figure2!198:columns1-2
rate1:row199,rate1,development,Figure2!199:columns1-2
rate1:row200,rate1,development,Figure2!200:columns1-2
rate1:row201,rate1,development,Figure2!201:columns1-2
rate1:row202,rate1,development,Figure2!202:columns1-2
rate1:row203,rate1,development,Figure2!203:columns1-2
rate1:row204,rate1,development,Figure2!204:columns1-2
rate1:row205,rate1,development,Figure2!205:columns1-2
rate1:row206,rate1,development,Figure2!206:columns1-2
rate1:row207,rate1,development,Figure2!207:columns1-2
rate1:row208,rate1,development,Figure2!208:columns1-2
rate1:row209,rate1,development,Figure2!209:columns1-2
rate1:row210,rate1,development,Figure2!210:columns1-2
rate1:row211,rate1,development,Figure2!211:columns1-2
rate1:row212,rate1,development,Figure2!212:columns1-2
rate1:row213,rate1,development,Figure2!213:columns1-2
rate1:row214,rate1,development,Figure2!214:columns1-2
rate1:row215,rate1,development,Figure2!215:columns1-2
rate1:row216,rate1,development,Figure2!216:columns1-2
rate1:row217,rate1,development,Figure2!217:columns1-2
rate1:row218,rate1,development,Figure2!218:columns1-2
rate1:row219,rate1,development,Figure2!219:columns1-2
rate1:row220,rate1,development,Figure2!220:columns1-2
rate1:row221,rate1,development,Figure2!221:columns1-2
rate1:row222,rate1,development,Figure2!222:columns1-2
rate1:row223,rate1,development,Figure2!223:columns1-2
rate1:row224,rate1,development,Figure2!224:columns1-2
rate1:row225,rate1,development,Figure2!225:columns1-2
rate1:row226,rate1,development,Figure2!226:columns1-2
rate1:row227,rate1,development,Figure2!227:columns1-2
rate1:row228,rate1,development,Figure2!228:columns1-2
rate1:row229,rate1,development,Figure2!229:columns1-2
rate1:row230,rate1,development,Figure2!230:columns1-2
rate1:row231,rate1,development,Figure2!231:columns1-2
rate1:row232,rate1,development,Figure2!232:columns1-2
rate1:row233,rate1,development,Figure2!233:columns1-2
rate1:row234,rate1,development,Figure2!234:columns1-2
rate1:row235,rate1,development,Figure2!235:columns1-2
rate1:row236,rate1,development,Figure2!236:columns1-2
rate1:row237,rate1,development,Figure2!237:columns1-2
rate1:row238,rate1,development,Figure2!238:columns1-2
rate1:row239,rate1,development,Figure2!239:columns1-2
rate1:row240,rate1,development,Figure2!240:columns1-2
rate1:row241,rate1,development,Figure2!241:columns1-2
rate1:row242,rate1,development,Figure2!242:columns1-2
rate1:row243,rate1,development,Figure2!243:columns1-2
rate1:row244,rate1,development,Figure2!244:columns1-2
rate1:row245,rate1,development,Figure2!245:columns1-2
rate1:row246,rate1,development,Figure2!246:columns1-2
rate1:row247,rate1,development,Figure2!247:columns1-2
rate1:row248,rate1,development,Figure2!248:columns1-2
rate1:row249,rate1,development,Figure2!249:columns1-2
rate1:row250,rate1,development,Figure2!250:columns1-2
rate1:row251,rate1,development,Figure2!251:columns1-2
rate1:row252,rate1,development,Figure2!252:columns1-2
rate1:row253,rate1,development,Figure2!253:columns1-2
rate1:row254,rate1,development,Figure2!254:columns1-2
rate1:row255,rate1,development,Figure2!255:columns1-2
rate1:row256,rate1,development,Figure2!256:columns1-2
rate1:row257,rate1,development,Figure2!257:columns1-2
rate1:row258,rate1,development,Figure2!258:columns1-2
rate1:row259,rate1,development,Figure2!259:columns1-2
rate1:row260,rate1,development,Figure2!260:columns1-2
rate1:row261,rate1,development,Figure2!261:columns1-2
rate1:row262,rate1,development,Figure2!262:columns1-2
rate1:row263,rate1,development,Figure2!263:columns1-2
rate1:row264,rate1,development,Figure2!264:columns1-2
rate1:row265,rate1,development,Figure2!265:columns1-2
rate1:row266,rate1,development,Figure2!266:columns1-2
rate1:row267,rate1,development,Figure2!267:columns1-2
rate1:row268,rate1,development,Figure2!268:columns1-2
rate1:row269,rate1,development,Figure2!269:columns1-2
rate1:row270,rate1,development,Figure2!270:columns1-2
rate1:row271,rate1,development,Figure2!271:columns1-2
rate1:row272,rate1,development,Figure2!272:columns1-2
rate1:row273,rate1,development,Figure2!273:columns1-2
rate1:row274,rate1,development,Figure2!274:columns1-2
rate1:row275,rate1,development,Figure2!275:columns1-2
rate1:row276,rate1,development,Figure2!276:columns1-2
rate1:row277,rate1,development,Figure2!277:columns1-2
rate1:row278,rate1,development,Figure2!278:columns1-2
rate1:row279,rate1,development,Figure2!279:columns1-2
rate1:row280,rate1,development,Figure2!280:columns1-2
rate1:row281,rate1,development,Figure2!281:columns1-2
rate1:row282,rate1,development,Figure2!282:columns1-2
rate1:row283,rate1,development,Figure2!283:columns1-2
rate1:row284,rate1,development,Figure2!284:columns1-2
rate1:row285,rate1,development,Figure2!285:columns1-2
rate1:row286,rate1,development,Figure2!286:columns1-2
rate1:row287,rate1,development,Figure2!287:columns1-2
rate1:row288,rate1,development,Figure2!288:columns1-2
rate1:row289,rate1,development,Figure2!289:columns1-2
rate1:row290,rate1,development,Figure2!290:columns1-2
rate1:row291,rate1,development,Figure2!291:columns1-2
rate1:row292,rate1,development,Figure2!292:columns1-2
rate1:row293,rate1,development,Figure2!293:columns1-2
rate1:row294,rate1,development,Figure2!294:columns1-2
rate1:row295,rate1,development,Figure2!295:columns1-2
rate1:row296,rate1,development,Figure2!296:columns1-2
rate1:row297,rate1,development,Figure2!297:columns1-2
rate1:row298,rate1,development,Figure2!298:columns1-2
rate1:row299,rate1,development,Figure2!299:columns1-2
rate1:row300,rate1,development,Figure2!300:columns1-2
rate1:row301,rate1,development,Figure2!301:columns1-2
rate1:row302,rate1,development,Figure2!302:columns1-2
rate1:row303,rate1,development,Figure2!303:columns1-2
rate1:row304,rate1,development,Figure2!304:columns1-2
rate1:row305,rate1,development,Figure2!305:columns1-2
rate1:row306,rate1,development,Figure2!306:columns1-2
rate1:row307,rate1,development,Figure2!307:columns1-2
rate1:row308,rate1,development,Figure2!308:columns1-2
rate1:row309,rate1,development,Figure2!309:columns1-2
rate1:row310,rate1,development,Figure2!310:columns1-2
rate1:row311,rate1,development,Figure2!311:columns1-2
rate1:row312,rate1,development,Figure2!312:columns1-2
rate1:row313,rate1,development,Figure2!313:columns1-2
rate1:row314,rate1,development,Figure2!314:columns1-2
rate1:row315,rate1,development,Figure2!315:columns1-2
rate1:row316,rate1,development,Figure2!316:columns1-2
rate1:row317,rate1,development,Figure2!317:columns1-2
rate1:row318,rate1,development,Figure2!318:columns1-2
rate1:row319,rate1,development,Figure2!319:columns1-2
rate1:row320,rate1,development,Figure2!320:columns1-2
rate1:row321,rate1,development,Figure2!321:columns1-2
rate1:row322,rate1,development,Figure2!322:columns1-2
rate1:row323,rate1,development,Figure2!323:columns1-2
rate1:row324,rate1,development,Figure2!324:columns1-2
rate1:row325,rate1,development,Figure2!325:columns1-2
rate1:row326,rate1,development,Figure2!326:columns1-2
rate1:row327,rate1,development,Figure2!327:columns1-2
rate1:row328,rate1,development,Figure2!328:columns1-2
rate1:row329,rate1,development,Figure2!329:columns1-2
rate1:row330,rate1,development,Figure2!330:columns1-2
rate1:row331,rate1,development,Figure2!331:columns1-2
rate1:row332,rate1,development,Figure2!332:columns1-2
rate1:row333,rate1,development,Figure2!333:columns1-2
rate1:row334,rate1,development,Figure2!334:columns1-2
rate1:row335,rate1,development,Figure2!335:columns1-2
rate1:row336,rate1,development,Figure2!336:columns1-2
rate1:row337,rate1,development,Figure2!337:columns1-2
rate1:row338,rate1,development,Figure2!338:columns1-2
rate1:row339,rate1,development,Figure2!339:columns1-2
rate1:row340,rate1,development,Figure2!340:columns1-2
rate1:row341,rate1,development,Figure2!341:columns1-2
rate1:row342,rate1,development,Figure2!342:columns1-2
rate1:row343,rate1,development,Figure2!343:columns1-2
rate1:row344,rate1,development,Figure2!344:columns1-2
rate1:row345,rate1,development,Figure2!345:columns1-2
rate1:row346,rate1,development,Figure2!346:columns1-2
rate1:row347,rate1,development,Figure2!347:columns1-2
rate1:row348,rate1,development,Figure2!348:columns1-2
rate1:row349,rate1,development,Figure2!349:columns1-2
rate1:row350,rate1,development,Figure2!350:columns1-2
rate1:row351,rate1,development,Figure2!351:columns1-2
rate1:row352,rate1,development,Figure2!352:columns1-2
rate1:row353,rate1,development,Figure2!353:columns1-2
rate1:row354,rate1,development,Figure2!354:columns1-2
rate1:row355,rate1,development,Figure2!355:columns1-2
rate1:row356,rate1,development,Figure2!356:columns1-2
rate1:row357,rate1,development,Figure2!357:columns1-2
rate1:row358,rate1,development,Figure2!358:columns1-2
rate1:row359,rate1,development,Figure2!359:columns1-2
rate1:row360,rate1,development,Figure2!360:columns1-2
rate1:row361,rate1,development,Figure2!361:columns1-2
rate1:row362,rate1,development,Figure2!362:columns1-2
rate1:row363,rate1,development,Figure2!363:columns1-2
rate1:row364,rate1,development,Figure2!364:columns1-2
rate1:row365,rate1,development,Figure2!365:columns1-2
rate1:row366,rate1,development,Figure2!366:columns1-2
rate1:row367,rate1,development,Figure2!367:columns1-2
rate1:row368,rate1,development,Figure2!368:columns1-2
rate1:row369,rate1,development,Figure2!369:columns1-2
rate1:row370,rate1,development,Figure2!370:columns1-2
rate1:row371,rate1,development,Figure2!371:columns1-2
rate1:row372,rate1,development,Figure2!372:columns1-2
rate1:row373,rate1,development,Figure2!373:columns1-2
rate1:row374,rate1,development,Figure2!374:columns1-2
rate1:row375,rate1,development,Figure2!375:columns1-2
rate1:row376,rate1,development,Figure2!376:columns1-2
rate1:row377,rate1,development,Figure2!377:columns1-2
rate1:row378,rate1,development,Figure2!378:columns1-2
rate1:row379,rate1,development,Figure2!379:columns1-2
rate1:row380,rate1,development,Figure2!380:columns1-2
rate1:row381,rate1,development,Figure2!381:columns1-2
rate1:row382,rate1,development,Figure2!382:columns1-2
rate1:row383,rate1,development,Figure2!383:columns1-2
rate1:row384,rate1,development,Figure2!384:columns1-2
rate1:row385,rate1,development,Figure2!385:columns1-2
rate1:row386,rate1,development,Figure2!386:columns1-2
rate1:row387,rate1,development,Figure2!387:columns1-2
rate1:row388,rate1,development,Figure2!388:columns1-2
rate1:row389,rate1,development,Figure2!389:columns1-2
rate1:row390,rate1,development,Figure2!390:columns1-2
rate1:row391,rate1,development,Figure2!391:columns1-2
rate1:row392,rate1,development,Figure2!392:columns1-2
rate1:row393,rate1,development,Figure2!393:columns1-2
rate1:row394,rate1,development,Figure2!394:columns1-2
rate1:row395,rate1,development,Figure2!395:columns1-2
rate1:row396,rate1,development,Figure2!396:columns1-2
rate1:row397,rate1,development,Figure2!397:columns1-2
rate1:row398,rate1,development,Figure2!398:columns1-2
rate1:row399,rate1,development,Figure2!399:columns1-2
rate1:row400,rate1,development,Figure2!400:columns1-2
rate1:row401,rate1,development,Figure2!401:columns1-2
rate1:row402,rate1,development,Figure2!402:columns1-2
rate1:row403,rate1,development,Figure2!403:columns1-2
rate1:row404,rate1,development,Figure2!404:columns1-2
rate1:row405,rate1,development,Figure2!405:columns1-2
rate1:row406,rate1,development,Figure2!406:columns1-2
rate1:row407,rate1,development,Figure2!407:columns1-2
rate1:row408,rate1,development,Figure2!408:columns1-2
rate1:row409,rate1,development,Figure2!409:columns1-2
rate1:row410,rate1,development,Figure2!410:columns1-2
rate1:row411,rate1,development,Figure2!411:columns1-2
rate1:row412,rate1,development,Figure2!412:columns1-2
rate1:row413,rate1,development,Figure2!413:columns1-2
rate1:row414,rate1,development,Figure2!414:columns1-2
rate1:row415,rate1,development,Figure2!415:columns1-2
rate1:row416,rate1,development,Figure2!416:columns1-2
rate1:row417,rate1,development,Figure2!417:columns1-2
rate1:row418,rate1,development,Figure2!418:columns1-2
rate1:row419,rate1,development,Figure2!419:columns1-2
rate1:row420,rate1,development,Figure2!420:columns1-2
rate1:row421,rate1,development,Figure2!421:columns1-2
rate1:row422,rate1,development,Figure2!422:columns1-2
rate1:row423,rate1,development,Figure2!423:columns1-2
rate1:row424,rate1,development,Figure2!424:columns1-2
rate1:row425,rate1,development,Figure2!425:columns1-2
rate1:row426,rate1,development,Figure2!426:columns1-2
rate1:row427,rate1,development,Figure2!427:columns1-2
rate1:row428,rate1,development,Figure2!428:columns1-2
rate1:row429,rate1,development,Figure2!429:columns1-2
rate1:row430,rate1,development,Figure2!430:columns1-2
rate1:row431,rate1,development,Figure2!431:columns1-2
rate1:row432,rate1,development,Figure2!432:columns1-2
rate1:row433,rate1,development,Figure2!433:columns1-2
rate1:row434,rate1,development,Figure2!434:columns1-2
rate1:row435,rate1,development,Figure2!435:columns1-2
rate1:row436,rate1,development,Figure2!436:columns1-2
rate1:row437,rate1,development,Figure2!437:columns1-2
rate1:row438,rate1,development,Figure2!438:columns1-2
rate1:row439,rate1,development,Figure2!439:columns1-2
rate1:row440,rate1,development,Figure2!440:columns1-2
rate1:row441,rate1,development,Figure2!441:columns1-2
rate1:row442,rate1,development,Figure2!442:columns1-2
rate1:row443,rate1,development,Figure2!443:columns1-2
rate1:row444,rate1,development,Figure2!444:columns1-2
rate1:row445,rate1,development,Figure2!445:columns1-2
rate1:row446,rate1,development,Figure2!446:columns1-2
rate1:row447,rate1,development,Figure2!447:columns1-2
rate1:row448,rate1,development,Figure2!448:columns1-2
rate1:row449,rate1,development,Figure2!449:columns1-2
rate1:row450,rate1,development,Figure2!450:columns1-2
rate1:row451,rate1,development,Figure2!451:columns1-2
rate1:row452,rate1,development,Figure2!452:columns1-2
rate1:row453,rate1,development,Figure2!453:columns1-2
rate1:row454,rate1,development,Figure2!454:columns1-2
rate1:row455,rate1,development,Figure2!455:columns1-2
rate1:row456,rate1,development,Figure2!456:columns1-2
rate1:row457,rate1,development,Figure2!457:columns1-2
rate1:row458,rate1,development,Figure2!458:columns1-2
rate1:row459,rate1,development,Figure2!459:columns1-2
rate1:row460,rate1,development,Figure2!460:columns1-2
rate1:row461,rate1,development,Figure2!461:columns1-2
rate1:row462,rate1,development,Figure2!462:columns1-2
rate1:row463,rate1,development,Figure2!463:columns1-2
rate1:row464,rate1,development,Figure2!464:columns1-2
rate1:row465,rate1,development,Figure2!465:columns1-2
rate1:row466,rate1,development,Figure2!466:columns1-2
rate1:row467,rate1,development,Figure2!467:columns1-2
rate1:row468,rate1,development,Figure2!468:columns1-2
rate1:row469,rate1,development,Figure2!469:columns1-2
rate1:row470,rate1,development,Figure2!470:columns1-2
rate1:row471,rate1,development,Figure2!471:columns1-2
rate1:row472,rate1,development,Figure2!472:columns1-2
rate1:row473,rate1,development,Figure2!473:columns1-2
rate1:row474,rate1,development,Figure2!474:columns1-2
rate1:row475,rate1,development,Figure2!475:columns1-2
rate1:row476,rate1,development,Figure2!476:columns1-2
rate1:row477,rate1,development,Figure2!477:columns1-2
rate1:row478,rate1,development,Figure2!478:columns1-2
rate1:row479,rate1,development,Figure2!479:columns1-2
rate1:row480,rate1,development,Figure2!480:columns1-2
rate1:row481,rate1,development,Figure2!481:columns1-2
rate1:row482,rate1,development,Figure2!482:columns1-2
rate1:row483,rate1,development,Figure2!483:columns1-2
rate1:row484,rate1,development,Figure2!484:columns1-2
rate1:row485,rate1,development,Figure2!485:columns1-2
rate1:row486,rate1,development,Figure2!486:columns1-2
rate1:row487,rate1,development,Figure2!487:columns1-2
rate1:row488,rate1,development,Figure2!488:columns1-2
rate1:row489,rate1,development,Figure2!489:columns1-2
rate1:row490,rate1,development,Figure2!490:columns1-2
rate1:row491,rate1,development,Figure2!491:columns1-2
rate1:row492,rate1,development,Figure2!492:columns1-2
rate1:row493,rate1,development,Figure2!493:columns1-2
rate1:row494,rate1,development,Figure2!494:columns1-2
rate1:row495,rate1,development,Figure2!495:columns1-2
rate1:row496,rate1,development,Figure2!496:columns1-2
rate1:row497,rate1,development,Figure2!497:columns1-2
rate1:row498,rate1,development,Figure2!498:columns1-2
rate1:row499,rate1,development,Figure2!499:columns1-2
rate1:row500,rate1,development,Figure2!500:columns1-2
rate1:row501,rate1,development,Figure2!501:columns1-2
rate1:row502,rate1,development,Figure2!502:columns1-2
rate1:row503,rate1,development,Figure2!503:columns1-2
rate1:row504,rate1,development,Figure2!504:columns1-2
rate1:row505,rate1,development,Figure2!505:columns1-2
rate1:row506,rate1,development,Figure2!506:columns1-2
rate1:row507,rate1,development,Figure2!507:columns1-2
rate1:row508,rate1,development,Figure2!508:columns1-2
rate1:row509,rate1,development,Figure2!509:columns1-2
rate1:row510,rate1,development,Figure2!510:columns1-2
rate1:row511,rate1,development,Figure2!511:columns1-2
rate1:row512,rate1,development,Figure2!512:columns1-2
rate1:row513,rate1,development,Figure2!513:columns1-2
rate1:row514,rate1,development,Figure2!514:columns1-2
rate1:row515,rate1,development,Figure2!515:columns1-2
rate1:row516,rate1,development,Figure2!516:columns1-2
rate1:row517,rate1,development,Figure2!517:columns1-2
rate1:row518,rate1,development,Figure2!518:columns1-2
rate1:row519,rate1,development,Figure2!519:columns1-2
rate1:row520,rate1,development,Figure2!520:columns1-2
rate1:row521,rate1,development,Figure2!521:columns1-2
rate1:row522,rate1,development,Figure2!522:columns1-2
rate1:row523,rate1,development,Figure2!523:columns1-2
rate1:row524,rate1,development,Figure2!524:columns1-2
rate1:row525,rate1,development,Figure2!525:columns1-2
rate1:row526,rate1,development,Figure2!526:columns1-2
rate1:row527,rate1,development,Figure2!527:columns1-2
rate1:row528,rate1,development,Figure2!528:columns1-2
rate1:row529,rate1,development,Figure2!529:columns1-2
rate1:row530,rate1,development,Figure2!530:columns1-2
rate1:row531,rate1,development,Figure2!531:columns1-2
rate1:row532,rate1,development,Figure2!532:columns1-2
rate1:row533,rate1,development,Figure2!533:columns1-2
rate1:row534,rate1,development,Figure2!534:columns1-2
rate1:row535,rate1,development,Figure2!535:columns1-2
rate1:row536,rate1,development,Figure2!536:columns1-2
rate1:row537,rate1,development,Figure2!537:columns1-2
rate1:row538,rate1,development,Figure2!538:columns1-2
rate1:row539,rate1,development,Figure2!539:columns1-2
rate1:row540,rate1,development,Figure2!540:columns1-2
rate1:row541,rate1,development,Figure2!541:columns1-2
rate1:row542,rate1,development,Figure2!542:columns1-2
rate1:row543,rate1,development,Figure2!543:columns1-2
rate1:row544,rate1,development,Figure2!544:columns1-2
rate1:row545,rate1,development,Figure2!545:columns1-2
rate1:row546,rate1,development,Figure2!546:columns1-2
rate1:row547,rate1,development,Figure2!547:columns1-2
rate1:row548,rate1,development,Figure2!548:columns1-2
rate1:row549,rate1,development,Figure2!549:columns1-2
rate1:row550,rate1,development,Figure2!550:columns1-2
rate1:row551,rate1,development,Figure2!551:columns1-2
rate1:row552,rate1,development,Figure2!552:columns1-2
rate1:row553,rate1,development,Figure2!553:columns1-2
rate1:row554,rate1,development,Figure2!554:columns1-2
rate1:row555,rate1,development,Figure2!555:columns1-2
rate1:row556,rate1,development,Figure2!556:columns1-2
rate1:row557,rate1,development,Figure2!557:columns1-2
rate1:row558,rate1,development,Figure2!558:columns1-2
rate1:row559,rate1,development,Figure2!559:columns1-2
rate1:row560,rate1,development,Figure2!560:columns1-2
rate1:row561,rate1,development,Figure2!561:columns1-2
rate1:row562,rate1,development,Figure2!562:columns1-2
rate1:row563,rate1,development,Figure2!563:columns1-2
rate1:row564,rate1,development,Figure2!564:columns1-2
rate1:row565,rate1,development,Figure2!565:columns1-2
rate1:row566,rate1,development,Figure2!566:columns1-2
rate1:row567,rate1,development,Figure2!567:columns1-2
rate1:row568,rate1,development,Figure2!568:columns1-2
rate1:row569,rate1,development,Figure2!569:columns1-2
rate1:row570,rate1,development,Figure2!570:columns1-2
rate1:row571,rate1,development,Figure2!571:columns1-2
rate1:row572,rate1,development,Figure2!572:columns1-2
rate1:row573,rate1,development,Figure2!573:columns1-2
rate1:row574,rate1,development,Figure2!574:columns1-2
rate1:row575,rate1,development,Figure2!575:columns1-2
rate1:row576,rate1,development,Figure2!576:columns1-2
rate1:row577,rate1,development,Figure2!577:columns1-2
rate1:row578,rate1,development,Figure2!578:columns1-2
rate1:row579,rate1,development,Figure2!579:columns1-2
rate1:row580,rate1,development,Figure2!580:columns1-2
rate1:row581,rate1,development,Figure2!581:columns1-2
rate1:row582,rate1,development,Figure2!582:columns1-2
rate1:row583,rate1,development,Figure2!583:columns1-2
rate1:row584,rate1,development,Figure2!584:columns1-2
rate1:row585,rate1,development,Figure2!585:columns1-2
rate1:row586,rate1,development,Figure2!586:columns1-2
rate1:row587,rate1,development,Figure2!587:columns1-2
rate1:row588,rate1,development,Figure2!588:columns1-2
rate1:row589,rate1,development,Figure2!589:columns1-2
rate1:row590,rate1,development,Figure2!590:columns1-2
rate1:row591,rate1,development,Figure2!591:columns1-2
rate1:row592,rate1,development,Figure2!592:columns1-2
rate1:row593,rate1,development,Figure2!593:columns1-2
rate1:row594,rate1,development,Figure2!594:columns1-2
rate1:row595,rate1,development,Figure2!595:columns1-2
rate1:row596,rate1,development,Figure2!596:columns1-2
rate1:row597,rate1,development,Figure2!597:columns1-2
rate1:row598,rate1,development,Figure2!598:columns1-2
rate1:row599,rate1,development,Figure2!599:columns1-2
rate3:row3,rate3,development,Figure2!3:columns5-6
rate3:row4,rate3,development,Figure2!4:columns5-6
rate3:row5,rate3,development,Figure2!5:columns5-6
rate3:row6,rate3,development,Figure2!6:columns5-6
rate3:row7,rate3,development,Figure2!7:columns5-6
rate3:row8,rate3,development,Figure2!8:columns5-6
rate3:row9,rate3,development,Figure2!9:columns5-6
rate3:row10,rate3,development,Figure2!10:columns5-6
rate3:row11,rate3,development,Figure2!11:columns5-6
rate3:row12,rate3,development,Figure2!12:columns5-6
rate3:row13,rate3,development,Figure2!13:columns5-6
rate3:row14,rate3,development,Figure2!14:columns5-6
rate3:row15,rate3,development,Figure2!15:columns5-6
rate3:row16,rate3,development,Figure2!16:columns5-6
rate3:row17,rate3,development,Figure2!17:columns5-6
rate3:row18,rate3,development,Figure2!18:columns5-6
rate3:row19,rate3,development,Figure2!19:columns5-6
rate3:row20,rate3,development,Figure2!20:columns5-6
rate3:row21,rate3,development,Figure2!21:columns5-6
rate3:row22,rate3,development,Figure2!22:columns5-6
rate3:row23,rate3,development,Figure2!23:columns5-6
rate3:row24,rate3,development,Figure2!24:columns5-6
rate3:row25,rate3,development,Figure2!25:columns5-6
rate3:row26,rate3,development,Figure2!26:columns5-6
rate3:row27,rate3,development,Figure2!27:columns5-6
rate3:row28,rate3,development,Figure2!28:columns5-6
rate3:row29,rate3,development,Figure2!29:columns5-6
rate3:row30,rate3,development,Figure2!30:columns5-6
rate3:row31,rate3,development,Figure2!31:columns5-6
rate3:row32,rate3,development,Figure2!32:columns5-6
rate3:row33,rate3,development,Figure2!33:columns5-6
rate3:row34,rate3,development,Figure2!34:columns5-6
rate3:row35,rate3,development,Figure2!35:columns5-6
rate3:row36,rate3,development,Figure2!36:columns5-6
rate3:row37,rate3,development,Figure2!37:columns5-6
rate3:row38,rate3,development,Figure2!38:columns5-6
rate3:row39,rate3,development,Figure2!39:columns5-6
rate3:row40,rate3,development,Figure2!40:columns5-6
rate3:row41,rate3,development,Figure2!41:columns5-6
rate3:row42,rate3,development,Figure2!42:columns5-6
rate3:row43,rate3,development,Figure2!43:columns5-6
rate3:row44,rate3,development,Figure2!44:columns5-6
rate3:row45,rate3,development,Figure2!45:columns5-6
rate3:row46,rate3,development,Figure2!46:columns5-6
rate3:row47,rate3,development,Figure2!47:columns5-6
rate3:row48,rate3,development,Figure2!48:columns5-6
rate3:row49,rate3,development,Figure2!49:columns5-6
rate3:row50,rate3,development,Figure2!50:columns5-6
rate3:row51,rate3,development,Figure2!51:columns5-6
rate3:row52,rate3,development,Figure2!52:columns5-6
rate3:row53,rate3,development,Figure2!53:columns5-6
rate3:row54,rate3,development,Figure2!54:columns5-6
rate3:row55,rate3,development,Figure2!55:columns5-6
rate3:row56,rate3,development,Figure2!56:columns5-6
rate3:row57,rate3,development,Figure2!57:columns5-6
rate3:row58,rate3,development,Figure2!58:columns5-6
rate3:row59,rate3,development,Figure2!59:columns5-6
rate3:row60,rate3,development,Figure2!60:columns5-6
rate3:row61,rate3,development,Figure2!61:columns5-6
rate3:row62,rate3,development,Figure2!62:columns5-6
rate3:row63,rate3,development,Figure2!63:columns5-6
rate3:row64,rate3,development,Figure2!64:columns5-6
rate3:row65,rate3,development,Figure2!65:columns5-6
rate3:row66,rate3,development,Figure2!66:columns5-6
rate3:row67,rate3,development,Figure2!67:columns5-6
rate3:row68,rate3,development,Figure2!68:columns5-6
rate3:row69,rate3,development,Figure2!69:columns5-6
rate3:row70,rate3,development,Figure2!70:columns5-6
rate3:row71,rate3,development,Figure2!71:columns5-6
rate3:row72,rate3,development,Figure2!72:columns5-6
rate3:row73,rate3,development,Figure2!73:columns5-6
rate3:row74,rate3,development,Figure2!74:columns5-6
rate3:row75,rate3,development,Figure2!75:columns5-6
rate3:row76,rate3,development,Figure2!76:columns5-6
rate3:row77,rate3,development,Figure2!77:columns5-6
rate3:row78,rate3,development,Figure2!78:columns5-6
rate3:row79,rate3,development,Figure2!79:columns5-6
rate3:row80,rate3,development,Figure2!80:columns5-6
rate3:row81,rate3,development,Figure2!81:columns5-6
rate3:row82,rate3,development,Figure2!82:columns5-6
rate3:row83,rate3,development,Figure2!83:columns5-6
rate3:row84,rate3,development,Figure2!84:columns5-6
rate3:row85,rate3,development,Figure2!85:columns5-6
rate3:row86,rate3,development,Figure2!86:columns5-6
rate3:row87,rate3,development,Figure2!87:columns5-6
rate3:row88,rate3,development,Figure2!88:columns5-6
rate3:row89,rate3,development,Figure2!89:columns5-6
rate3:row90,rate3,development,Figure2!90:columns5-6
rate3:row91,rate3,development,Figure2!91:columns5-6
rate3:row92,rate3,development,Figure2!92:columns5-6
rate3:row93,rate3,development,Figure2!93:columns5-6
rate3:row94,rate3,development,Figure2!94:columns5-6
rate3:row95,rate3,development,Figure2!95:columns5-6
rate3:row96,rate3,development,Figure2!96:columns5-6
rate3:row97,rate3,development,Figure2!97:columns5-6
rate3:row98,rate3,development,Figure2!98:columns5-6
rate3:row99,rate3,development,Figure2!99:columns5-6
rate3:row100,rate3,development,Figure2!100:columns5-6
rate3:row101,rate3,development,Figure2!101:columns5-6
rate3:row102,rate3,development,Figure2!102:columns5-6
rate3:row103,rate3,development,Figure2!103:columns5-6
rate3:row104,rate3,development,Figure2!104:columns5-6
rate3:row105,rate3,development,Figure2!105:columns5-6
rate3:row106,rate3,development,Figure2!106:columns5-6
rate3:row107,rate3,development,Figure2!107:columns5-6
rate3:row108,rate3,development,Figure2!108:columns5-6
rate3:row109,rate3,development,Figure2!109:columns5-6
rate3:row110,rate3,development,Figure2!110:columns5-6
rate3:row111,rate3,development,Figure2!111:columns5-6
rate3:row112,rate3,development,Figure2!112:columns5-6
rate3:row113,rate3,development,Figure2!113:columns5-6
rate3:row114,rate3,development,Figure2!114:columns5-6
rate3:row115,rate3,development,Figure2!115:columns5-6
rate3:row116,rate3,development,Figure2!116:columns5-6
rate3:row117,rate3,development,Figure2!117:columns5-6
rate3:row118,rate3,development,Figure2!118:columns5-6
rate3:row119,rate3,development,Figure2!119:columns5-6
rate3:row120,rate3,development,Figure2!120:columns5-6
rate3:row121,rate3,development,Figure2!121:columns5-6
rate3:row122,rate3,development,Figure2!122:columns5-6
rate3:row123,rate3,development,Figure2!123:columns5-6
rate3:row124,rate3,development,Figure2!124:columns5-6
rate3:row125,rate3,development,Figure2!125:columns5-6
rate3:row126,rate3,development,Figure2!126:columns5-6
rate3:row127,rate3,development,Figure2!127:columns5-6
rate3:row128,rate3,development,Figure2!128:columns5-6
rate3:row129,rate3,development,Figure2!129:columns5-6
rate3:row130,rate3,development,Figure2!130:columns5-6
rate3:row131,rate3,development,Figure2!131:columns5-6
rate3:row132,rate3,development,Figure2!132:columns5-6
rate3:row133,rate3,development,Figure2!133:columns5-6
rate3:row134,rate3,development,Figure2!134:columns5-6
rate3:row135,rate3,development,Figure2!135:columns5-6
rate3:row136,rate3,development,Figure2!136:columns5-6
rate3:row137,rate3,development,Figure2!137:columns5-6
rate3:row138,rate3,development,Figure2!138:columns5-6
rate3:row139,rate3,development,Figure2!139:columns5-6
rate3:row140,rate3,development,Figure2!140:columns5-6
rate3:row141,rate3,development,Figure2!141:columns5-6
rate3:row142,rate3,development,Figure2!142:columns5-6
rate3:row143,rate3,development,Figure2!143:columns5-6
rate3:row144,rate3,development,Figure2!144:columns5-6
rate3:row145,rate3,development,Figure2!145:columns5-6
rate3:row146,rate3,development,Figure2!146:columns5-6
rate3:row147,rate3,development,Figure2!147:columns5-6
rate3:row148,rate3,development,Figure2!148:columns5-6
rate3:row149,rate3,development,Figure2!149:columns5-6
rate3:row150,rate3,development,Figure2!150:columns5-6
rate3:row151,rate3,development,Figure2!151:columns5-6
rate3:row152,rate3,development,Figure2!152:columns5-6
rate3:row153,rate3,development,Figure2!153:columns5-6
rate3:row154,rate3,development,Figure2!154:columns5-6
rate3:row155,rate3,development,Figure2!155:columns5-6
rate3:row156,rate3,development,Figure2!156:columns5-6
rate3:row157,rate3,development,Figure2!157:columns5-6
rate3:row158,rate3,development,Figure2!158:columns5-6
rate3:row159,rate3,development,Figure2!159:columns5-6
rate3:row160,rate3,development,Figure2!160:columns5-6
rate3:row161,rate3,development,Figure2!161:columns5-6
rate3:row162,rate3,development,Figure2!162:columns5-6
rate3:row163,rate3,development,Figure2!163:columns5-6
rate3:row164,rate3,development,Figure2!164:columns5-6
rate3:row165,rate3,development,Figure2!165:columns5-6
rate3:row166,rate3,development,Figure2!166:columns5-6
rate3:row167,rate3,development,Figure2!167:columns5-6
rate3:row168,rate3,development,Figure2!168:columns5-6
rate3:row169,rate3,development,Figure2!169:columns5-6
rate3:row170,rate3,development,Figure2!170:columns5-6
rate3:row171,rate3,development,Figure2!171:columns5-6
rate3:row172,rate3,development,Figure2!172:columns5-6
rate3:row173,rate3,development,Figure2!173:columns5-6
rate3:row174,rate3,development,Figure2!174:columns5-6
rate3:row175,rate3,development,Figure2!175:columns5-6
rate3:row176,rate3,development,Figure2!176:columns5-6
rate3:row177,rate3,development,Figure2!177:columns5-6
rate3:row178,rate3,development,Figure2!178:columns5-6
rate3:row179,rate3,development,Figure2!179:columns5-6
rate3:row180,rate3,development,Figure2!180:columns5-6
rate3:row181,rate3,development,Figure2!181:columns5-6
rate3:row182,rate3,development,Figure2!182:columns5-6
rate3:row183,rate3,development,Figure2!183:columns5-6
rate3:row184,rate3,development,Figure2!184:columns5-6
rate3:row185,rate3,development,Figure2!185:columns5-6
rate3:row186,rate3,development,Figure2!186:columns5-6
rate3:row187,rate3,development,Figure2!187:columns5-6
rate3:row188,rate3,development,Figure2!188:columns5-6
rate3:row189,rate3,development,Figure2!189:columns5-6
rate3:row190,rate3,development,Figure2!190:columns5-6
rate3:row191,rate3,development,Figure2!191:columns5-6
rate3:row192,rate3,development,Figure2!192:columns5-6
rate3:row193,rate3,development,Figure2!193:columns5-6
rate3:row194,rate3,development,Figure2!194:columns5-6
rate3:row195,rate3,development,Figure2!195:columns5-6
rate3:row196,rate3,development,Figure2!196:columns5-6
rate3:row197,rate3,development,Figure2!197:columns5-6
rate3:row198,rate3,development,Figure2!198:columns5-6
rate3:row199,rate3,development,Figure2!199:columns5-6
rate3:row200,rate3,development,Figure2!200:columns5-6
rate3:row201,rate3,development,Figure2!201:columns5-6
rate3:row202,rate3,development,Figure2!202:columns5-6
rate3:row203,rate3,development,Figure2!203:columns5-6
rate3:row204,rate3,development,Figure2!204:columns5-6
rate3:row205,rate3,development,Figure2!205:columns5-6
rate3:row206,rate3,development,Figure2!206:columns5-6
rate3:row207,rate3,development,Figure2!207:columns5-6
rate3:row208,rate3,development,Figure2!208:columns5-6
rate3:row209,rate3,development,Figure2!209:columns5-6
rate3:row210,rate3,development,Figure2!210:columns5-6
rate3:row211,rate3,development,Figure2!211:columns5-6
rate3:row212,rate3,development,Figure2!212:columns5-6
rate3:row213,rate3,development,Figure2!213:columns5-6
rate3:row214,rate3,development,Figure2!214:columns5-6
rate3:row215,rate3,development,Figure2!215:columns5-6
rate3:row216,rate3,development,Figure2!216:columns5-6
rate3:row217,rate3,development,Figure2!217:columns5-6
rate3:row218,rate3,development,Figure2!218:columns5-6
rate3:row219,rate3,development,Figure2!219:columns5-6
rate3:row220,rate3,development,Figure2!220:columns5-6
rate3:row221,rate3,development,Figure2!221:columns5-6
rate3:row222,rate3,development,Figure2!222:columns5-6
rate3:row223,rate3,development,Figure2!223:columns5-6
rate3:row224,rate3,development,Figure2!224:columns5-6
rate3:row225,rate3,development,Figure2!225:columns5-6
rate3:row226,rate3,development,Figure2!226:columns5-6
rate3:row227,rate3,development,Figure2!227:columns5-6
rate3:row228,rate3,development,Figure2!228:columns5-6
rate3:row229,rate3,development,Figure2!229:columns5-6
rate3:row230,rate3,development,Figure2!230:columns5-6
rate3:row231,rate3,development,Figure2!231:columns5-6
rate3:row232,rate3,development,Figure2!232:columns5-6
rate3:row233,rate3,development,Figure2!233:columns5-6
rate3:row234,rate3,development,Figure2!234:columns5-6
rate3:row235,rate3,development,Figure2!235:columns5-6
rate3:row236,rate3,development,Figure2!236:columns5-6
rate3:row237,rate3,development,Figure2!237:columns5-6
rate3:row238,rate3,development,Figure2!238:columns5-6
rate3:row239,rate3,development,Figure2!239:columns5-6
rate3:row240,rate3,development,Figure2!240:columns5-6
rate3:row241,rate3,development,Figure2!241:columns5-6
rate3:row242,rate3,development,Figure2!242:columns5-6
rate3:row243,rate3,development,Figure2!243:columns5-6
rate3:row244,rate3,development,Figure2!244:columns5-6
rate3:row245,rate3,development,Figure2!245:columns5-6
rate3:row246,rate3,development,Figure2!246:columns5-6
rate3:row247,rate3,development,Figure2!247:columns5-6
rate3:row248,rate3,development,Figure2!248:columns5-6
rate3:row249,rate3,development,Figure2!249:columns5-6
rate3:row250,rate3,development,Figure2!250:columns5-6
rate3:row251,rate3,development,Figure2!251:columns5-6
rate3:row252,rate3,development,Figure2!252:columns5-6
rate3:row253,rate3,development,Figure2!253:columns5-6
rate3:row254,rate3,development,Figure2!254:columns5-6
rate3:row255,rate3,development,Figure2!255:columns5-6
rate3:row256,rate3,development,Figure2!256:columns5-6
rate3:row257,rate3,development,Figure2!257:columns5-6
rate3:row258,rate3,development,Figure2!258:columns5-6
rate3:row259,rate3,development,Figure2!259:columns5-6
rate3:row260,rate3,development,Figure2!260:columns5-6
rate3:row261,rate3,development,Figure2!261:columns5-6
rate3:row262,rate3,development,Figure2!262:columns5-6
rate3:row263,rate3,development,Figure2!263:columns5-6
rate3:row264,rate3,development,Figure2!264:columns5-6
rate3:row265,rate3,development,Figure2!265:columns5-6
rate3:row266,rate3,development,Figure2!266:columns5-6
rate3:row267,rate3,development,Figure2!267:columns5-6
rate3:row268,rate3,development,Figure2!268:columns5-6
rate3:row269,rate3,development,Figure2!269:columns5-6
rate3:row270,rate3,development,Figure2!270:columns5-6
rate3:row271,rate3,development,Figure2!271:columns5-6
rate3:row272,rate3,development,Figure2!272:columns5-6
rate3:row273,rate3,development,Figure2!273:columns5-6
rate3:row274,rate3,development,Figure2!274:columns5-6
rate3:row275,rate3,development,Figure2!275:columns5-6
rate3:row276,rate3,development,Figure2!276:columns5-6
rate3:row277,rate3,development,Figure2!277:columns5-6
rate3:row278,rate3,development,Figure2!278:columns5-6
rate3:row279,rate3,development,Figure2!279:columns5-6
rate3:row280,rate3,development,Figure2!280:columns5-6
rate3:row281,rate3,development,Figure2!281:columns5-6
rate3:row282,rate3,development,Figure2!282:columns5-6
rate3:row283,rate3,development,Figure2!283:columns5-6
rate3:row284,rate3,development,Figure2!284:columns5-6
rate3:row285,rate3,development,Figure2!285:columns5-6
rate3:row286,rate3,development,Figure2!286:columns5-6
rate3:row287,rate3,development,Figure2!287:columns5-6
rate3:row288,rate3,development,Figure2!288:columns5-6
rate3:row289,rate3,development,Figure2!289:columns5-6
rate3:row290,rate3,development,Figure2!290:columns5-6
rate3:row291,rate3,development,Figure2!291:columns5-6
rate3:row292,rate3,development,Figure2!292:columns5-6
rate3:row293,rate3,development,Figure2!293:columns5-6
rate3:row294,rate3,development,Figure2!294:columns5-6
rate3:row295,rate3,development,Figure2!295:columns5-6
rate3:row296,rate3,development,Figure2!296:columns5-6
rate3:row297,rate3,development,Figure2!297:columns5-6
rate3:row298,rate3,development,Figure2!298:columns5-6
rate3:row299,rate3,development,Figure2!299:columns5-6
rate3:row300,rate3,development,Figure2!300:columns5-6
rate3:row301,rate3,development,Figure2!301:columns5-6
rate3:row302,rate3,development,Figure2!302:columns5-6
rate3:row303,rate3,development,Figure2!303:columns5-6
rate3:row304,rate3,development,Figure2!304:columns5-6
rate3:row305,rate3,development,Figure2!305:columns5-6
rate3:row306,rate3,development,Figure2!306:columns5-6
rate3:row307,rate3,development,Figure2!307:columns5-6
rate3:row308,rate3,development,Figure2!308:columns5-6
rate3:row309,rate3,development,Figure2!309:columns5-6
rate3:row310,rate3,development,Figure2!310:columns5-6
rate3:row311,rate3,development,Figure2!311:columns5-6
rate3:row312,rate3,development,Figure2!312:columns5-6
rate3:row313,rate3,development,Figure2!313:columns5-6
rate3:row314,rate3,development,Figure2!314:columns5-6
rate3:row315,rate3,development,Figure2!315:columns5-6
rate3:row316,rate3,development,Figure2!316:columns5-6
rate3:row317,rate3,development,Figure2!317:columns5-6
rate3:row318,rate3,development,Figure2!318:columns5-6
rate3:row319,rate3,development,Figure2!319:columns5-6
rate3:row320,rate3,development,Figure2!320:columns5-6
rate3:row321,rate3,development,Figure2!321:columns5-6
rate3:row322,rate3,development,Figure2!322:columns5-6
rate3:row323,rate3,development,Figure2!323:columns5-6
rate3:row324,rate3,development,Figure2!324:columns5-6
rate3:row325,rate3,development,Figure2!325:columns5-6
rate3:row326,rate3,development,Figure2!326:columns5-6
rate3:row327,rate3,development,Figure2!327:columns5-6
rate3:row328,rate3,development,Figure2!328:columns5-6
rate3:row329,rate3,development,Figure2!329:columns5-6
rate3:row330,rate3,development,Figure2!330:columns5-6
rate3:row331,rate3,development,Figure2!331:columns5-6
rate3:row332,rate3,development,Figure2!332:columns5-6
rate3:row333,rate3,development,Figure2!333:columns5-6
rate3:row334,rate3,development,Figure2!334:columns5-6
rate3:row335,rate3,development,Figure2!335:columns5-6
rate3:row336,rate3,development,Figure2!336:columns5-6
rate3:row337,rate3,development,Figure2!337:columns5-6
rate3:row338,rate3,development,Figure2!338:columns5-6
rate3:row339,rate3,development,Figure2!339:columns5-6
rate3:row340,rate3,development,Figure2!340:columns5-6
rate3:row341,rate3,development,Figure2!341:columns5-6
rate3:row342,rate3,development,Figure2!342:columns5-6
rate3:row343,rate3,development,Figure2!343:columns5-6
rate3:row344,rate3,development,Figure2!344:columns5-6
rate3:row345,rate3,development,Figure2!345:columns5-6
rate3:row346,rate3,development,Figure2!346:columns5-6
rate3:row347,rate3,development,Figure2!347:columns5-6
rate3:row348,rate3,development,Figure2!348:columns5-6
rate3:row349,rate3,development,Figure2!349:columns5-6
rate3:row350,rate3,development,Figure2!350:columns5-6
rate3:row351,rate3,development,Figure2!351:columns5-6
rate3:row352,rate3,development,Figure2!352:columns5-6
rate3:row353,rate3,development,Figure2!353:columns5-6
rate3:row354,rate3,development,Figure2!354:columns5-6
rate3:row355,rate3,development,Figure2!355:columns5-6
rate3:row356,rate3,development,Figure2!356:columns5-6
rate3:row357,rate3,development,Figure2!357:columns5-6
rate3:row358,rate3,development,Figure2!358:columns5-6
rate3:row359,rate3,development,Figure2!359:columns5-6
rate3:row360,rate3,development,Figure2!360:columns5-6
rate3:row361,rate3,development,Figure2!361:columns5-6
rate3:row362,rate3,development,Figure2!362:columns5-6
rate3:row363,rate3,development,Figure2!363:columns5-6
rate3:row364,rate3,development,Figure2!364:columns5-6
rate3:row365,rate3,development,Figure2!365:columns5-6
rate3:row366,rate3,development,Figure2!366:columns5-6
rate3:row367,rate3,development,Figure2!367:columns5-6
rate3:row368,rate3,development,Figure2!368:columns5-6
rate3:row369,rate3,development,Figure2!369:columns5-6
rate3:row370,rate3,development,Figure2!370:columns5-6
rate3:row371,rate3,development,Figure2!371:columns5-6
rate3:row372,rate3,development,Figure2!372:columns5-6
rate3:row373,rate3,development,Figure2!373:columns5-6
rate3:row374,rate3,development,Figure2!374:columns5-6
rate3:row375,rate3,development,Figure2!375:columns5-6
rate3:row376,rate3,development,Figure2!376:columns5-6
rate3:row377,rate3,development,Figure2!377:columns5-6
rate3:row378,rate3,development,Figure2!378:columns5-6
rate3:row379,rate3,development,Figure2!379:columns5-6
rate3:row380,rate3,development,Figure2!380:columns5-6
rate3:row381,rate3,development,Figure2!381:columns5-6
rate3:row382,rate3,development,Figure2!382:columns5-6
rate3:row383,rate3,development,Figure2!383:columns5-6
rate3:row384,rate3,development,Figure2!384:columns5-6
rate3:row385,rate3,development,Figure2!385:columns5-6
rate3:row386,rate3,development,Figure2!386:columns5-6
rate3:row387,rate3,development,Figure2!387:columns5-6
rate3:row388,rate3,development,Figure2!388:columns5-6
rate3:row389,rate3,development,Figure2!389:columns5-6
rate3:row390,rate3,development,Figure2!390:columns5-6
rate3:row391,rate3,development,Figure2!391:columns5-6
rate3:row392,rate3,development,Figure2!392:columns5-6
rate3:row393,rate3,development,Figure2!393:columns5-6
rate3:row394,rate3,development,Figure2!394:columns5-6
rate3:row395,rate3,development,Figure2!395:columns5-6
rate3:row396,rate3,development,Figure2!396:columns5-6
rate3:row397,rate3,development,Figure2!397:columns5-6
rate3:row398,rate3,development,Figure2!398:columns5-6
rate3:row399,rate3,development,Figure2!399:columns5-6
rate3:row400,rate3,development,Figure2!400:columns5-6
rate3:row401,rate3,development,Figure2!401:columns5-6
rate3:row402,rate3,development,Figure2!402:columns5-6
rate3:row403,rate3,development,Figure2!403:columns5-6
rate3:row404,rate3,development,Figure2!404:columns5-6
rate3:row405,rate3,development,Figure2!405:columns5-6
rate3:row406,rate3,development,Figure2!406:columns5-6
rate3:row407,rate3,development,Figure2!407:columns5-6
rate3:row408,rate3,development,Figure2!408:columns5-6
rate3:row409,rate3,development,Figure2!409:columns5-6
rate3:row410,rate3,development,Figure2!410:columns5-6
rate3:row411,rate3,development,Figure2!411:columns5-6
rate3:row412,rate3,development,Figure2!412:columns5-6
rate3:row413,rate3,development,Figure2!413:columns5-6
rate3:row414,rate3,development,Figure2!414:columns5-6
rate3:row415,rate3,development,Figure2!415:columns5-6
rate3:row416,rate3,development,Figure2!416:columns5-6
rate3:row417,rate3,development,Figure2!417:columns5-6
rate3:row418,rate3,development,Figure2!418:columns5-6
rate5:row3,rate5,development,Figure2!3:columns9-10
rate5:row4,rate5,development,Figure2!4:columns9-10
rate5:row5,rate5,development,Figure2!5:columns9-10
rate5:row6,rate5,development,Figure2!6:columns9-10
rate5:row7,rate5,development,Figure2!7:columns9-10
rate5:row8,rate5,development,Figure2!8:columns9-10
rate5:row9,rate5,development,Figure2!9:columns9-10
rate5:row10,rate5,development,Figure2!10:columns9-10
rate5:row11,rate5,development,Figure2!11:columns9-10
rate5:row12,rate5,development,Figure2!12:columns9-10
rate5:row13,rate5,development,Figure2!13:columns9-10
rate5:row14,rate5,development,Figure2!14:columns9-10
rate5:row15,rate5,development,Figure2!15:columns9-10
rate5:row16,rate5,development,Figure2!16:columns9-10
rate5:row17,rate5,development,Figure2!17:columns9-10
rate5:row18,rate5,development,Figure2!18:columns9-10
rate5:row19,rate5,development,Figure2!19:columns9-10
rate5:row20,rate5,development,Figure2!20:columns9-10
rate5:row21,rate5,development,Figure2!21:columns9-10
rate5:row22,rate5,development,Figure2!22:columns9-10
rate5:row23,rate5,development,Figure2!23:columns9-10
rate5:row24,rate5,development,Figure2!24:columns9-10
rate5:row25,rate5,development,Figure2!25:columns9-10
rate5:row26,rate5,development,Figure2!26:columns9-10
rate5:row27,rate5,development,Figure2!27:columns9-10
rate5:row28,rate5,development,Figure2!28:columns9-10
rate5:row29,rate5,development,Figure2!29:columns9-10
rate5:row30,rate5,development,Figure2!30:columns9-10
rate5:row31,rate5,development,Figure2!31:columns9-10
rate5:row32,rate5,development,Figure2!32:columns9-10
rate5:row33,rate5,development,Figure2!33:columns9-10
rate5:row34,rate5,development,Figure2!34:columns9-10
rate5:row35,rate5,development,Figure2!35:columns9-10
rate5:row36,rate5,development,Figure2!36:columns9-10
rate5:row37,rate5,development,Figure2!37:columns9-10
rate5:row38,rate5,development,Figure2!38:columns9-10
rate5:row39,rate5,development,Figure2!39:columns9-10
rate5:row40,rate5,development,Figure2!40:columns9-10
rate5:row41,rate5,development,Figure2!41:columns9-10
rate5:row42,rate5,development,Figure2!42:columns9-10
rate5:row43,rate5,development,Figure2!43:columns9-10
rate5:row44,rate5,development,Figure2!44:columns9-10
rate5:row45,rate5,development,Figure2!45:columns9-10
rate5:row46,rate5,development,Figure2!46:columns9-10
rate5:row47,rate5,development,Figure2!47:columns9-10
rate5:row48,rate5,development,Figure2!48:columns9-10
rate5:row49,rate5,development,Figure2!49:columns9-10
rate5:row50,rate5,development,Figure2!50:columns9-10
rate5:row51,rate5,development,Figure2!51:columns9-10
rate5:row52,rate5,development,Figure2!52:columns9-10
rate5:row53,rate5,development,Figure2!53:columns9-10
rate5:row54,rate5,development,Figure2!54:columns9-10
rate5:row55,rate5,development,Figure2!55:columns9-10
rate5:row56,rate5,development,Figure2!56:columns9-10
rate5:row57,rate5,development,Figure2!57:columns9-10
rate5:row58,rate5,development,Figure2!58:columns9-10
rate5:row59,rate5,development,Figure2!59:columns9-10
rate5:row60,rate5,development,Figure2!60:columns9-10
rate5:row61,rate5,development,Figure2!61:columns9-10
rate5:row62,rate5,development,Figure2!62:columns9-10
rate5:row63,rate5,development,Figure2!63:columns9-10
rate5:row64,rate5,development,Figure2!64:columns9-10
rate5:row65,rate5,development,Figure2!65:columns9-10
rate5:row66,rate5,development,Figure2!66:columns9-10
rate5:row67,rate5,development,Figure2!67:columns9-10
rate5:row68,rate5,development,Figure2!68:columns9-10
rate5:row69,rate5,development,Figure2!69:columns9-10
rate5:row70,rate5,development,Figure2!70:columns9-10
rate5:row71,rate5,development,Figure2!71:columns9-10
rate5:row72,rate5,development,Figure2!72:columns9-10
rate5:row73,rate5,development,Figure2!73:columns9-10
rate5:row74,rate5,development,Figure2!74:columns9-10
rate5:row75,rate5,development,Figure2!75:columns9-10
rate5:row76,rate5,development,Figure2!76:columns9-10
rate5:row77,rate5,development,Figure2!77:columns9-10
rate5:row78,rate5,development,Figure2!78:columns9-10
rate5:row79,rate5,development,Figure2!79:columns9-10
rate5:row80,rate5,development,Figure2!80:columns9-10
rate5:row81,rate5,development,Figure2!81:columns9-10
rate5:row82,rate5,development,Figure2!82:columns9-10
rate5:row83,rate5,development,Figure2!83:columns9-10
rate5:row84,rate5,development,Figure2!84:columns9-10
rate5:row85,rate5,development,Figure2!85:columns9-10
rate5:row86,rate5,development,Figure2!86:columns9-10
rate5:row87,rate5,development,Figure2!87:columns9-10
rate5:row88,rate5,development,Figure2!88:columns9-10
rate5:row89,rate5,development,Figure2!89:columns9-10
rate5:row90,rate5,development,Figure2!90:columns9-10
rate5:row91,rate5,development,Figure2!91:columns9-10
rate5:row92,rate5,development,Figure2!92:columns9-10
rate5:row93,rate5,development,Figure2!93:columns9-10
rate5:row94,rate5,development,Figure2!94:columns9-10
rate5:row95,rate5,development,Figure2!95:columns9-10
rate5:row96,rate5,development,Figure2!96:columns9-10
rate5:row97,rate5,development,Figure2!97:columns9-10
rate5:row98,rate5,development,Figure2!98:columns9-10
rate5:row99,rate5,development,Figure2!99:columns9-10
rate5:row100,rate5,development,Figure2!100:columns9-10
rate5:row101,rate5,development,Figure2!101:columns9-10
rate5:row102,rate5,development,Figure2!102:columns9-10
rate5:row103,rate5,development,Figure2!103:columns9-10
rate5:row104,rate5,development,Figure2!104:columns9-10
rate5:row105,rate5,development,Figure2!105:columns9-10
rate5:row106,rate5,development,Figure2!106:columns9-10
rate5:row107,rate5,development,Figure2!107:columns9-10
rate5:row108,rate5,development,Figure2!108:columns9-10
rate5:row109,rate5,development,Figure2!109:columns9-10
rate5:row110,rate5,development,Figure2!110:columns9-10
rate5:row111,rate5,development,Figure2!111:columns9-10
rate5:row112,rate5,development,Figure2!112:columns9-10
rate5:row113,rate5,development,Figure2!113:columns9-10
rate5:row114,rate5,development,Figure2!114:columns9-10
rate5:row115,rate5,development,Figure2!115:columns9-10
rate5:row116,rate5,development,Figure2!116:columns9-10
rate5:row117,rate5,development,Figure2!117:columns9-10
rate5:row118,rate5,development,Figure2!118:columns9-10
rate5:row119,rate5,development,Figure2!119:columns9-10
rate5:row120,rate5,development,Figure2!120:columns9-10
rate5:row121,rate5,development,Figure2!121:columns9-10
rate5:row122,rate5,development,Figure2!122:columns9-10
rate5:row123,rate5,development,Figure2!123:columns9-10
rate5:row124,rate5,development,Figure2!124:columns9-10
rate5:row125,rate5,development,Figure2!125:columns9-10
rate5:row126,rate5,development,Figure2!126:columns9-10
rate5:row127,rate5,development,Figure2!127:columns9-10
rate5:row128,rate5,development,Figure2!128:columns9-10
rate5:row129,rate5,development,Figure2!129:columns9-10
rate5:row130,rate5,development,Figure2!130:columns9-10
rate5:row131,rate5,development,Figure2!131:columns9-10
rate5:row132,rate5,development,Figure2!132:columns9-10
rate5:row133,rate5,development,Figure2!133:columns9-10
rate5:row134,rate5,development,Figure2!134:columns9-10
rate5:row135,rate5,development,Figure2!135:columns9-10
rate5:row136,rate5,development,Figure2!136:columns9-10
rate5:row137,rate5,development,Figure2!137:columns9-10
rate5:row138,rate5,development,Figure2!138:columns9-10
rate5:row139,rate5,development,Figure2!139:columns9-10
rate5:row140,rate5,development,Figure2!140:columns9-10
rate5:row141,rate5,development,Figure2!141:columns9-10
rate5:row142,rate5,development,Figure2!142:columns9-10
rate5:row143,rate5,development,Figure2!143:columns9-10
rate5:row144,rate5,development,Figure2!144:columns9-10
rate5:row145,rate5,development,Figure2!145:columns9-10
rate5:row146,rate5,development,Figure2!146:columns9-10
rate5:row147,rate5,development,Figure2!147:columns9-10
rate5:row148,rate5,development,Figure2!148:columns9-10
rate5:row149,rate5,development,Figure2!149:columns9-10
rate5:row150,rate5,development,Figure2!150:columns9-10
rate5:row151,rate5,development,Figure2!151:columns9-10
rate5:row152,rate5,development,Figure2!152:columns9-10
rate5:row153,rate5,development,Figure2!153:columns9-10
rate5:row154,rate5,development,Figure2!154:columns9-10
rate5:row155,rate5,development,Figure2!155:columns9-10
rate5:row156,rate5,development,Figure2!156:columns9-10
rate5:row157,rate5,development,Figure2!157:columns9-10
rate5:row158,rate5,development,Figure2!158:columns9-10
rate5:row159,rate5,development,Figure2!159:columns9-10
rate5:row160,rate5,development,Figure2!160:columns9-10
rate5:row161,rate5,development,Figure2!161:columns9-10
rate5:row162,rate5,development,Figure2!162:columns9-10
rate5:row163,rate5,development,Figure2!163:columns9-10
rate5:row164,rate5,development,Figure2!164:columns9-10
rate5:row165,rate5,development,Figure2!165:columns9-10
rate5:row166,rate5,development,Figure2!166:columns9-10
rate5:row167,rate5,development,Figure2!167:columns9-10
rate5:row168,rate5,development,Figure2!168:columns9-10
rate5:row169,rate5,development,Figure2!169:columns9-10
rate5:row170,rate5,development,Figure2!170:columns9-10
rate5:row171,rate5,development,Figure2!171:columns9-10
rate5:row172,rate5,development,Figure2!172:columns9-10
rate5:row173,rate5,development,Figure2!173:columns9-10
rate5:row174,rate5,development,Figure2!174:columns9-10
rate5:row175,rate5,development,Figure2!175:columns9-10
rate5:row176,rate5,development,Figure2!176:columns9-10
rate5:row177,rate5,development,Figure2!177:columns9-10
rate5:row178,rate5,development,Figure2!178:columns9-10
rate5:row179,rate5,development,Figure2!179:columns9-10
rate5:row180,rate5,development,Figure2!180:columns9-10
rate5:row181,rate5,development,Figure2!181:columns9-10
rate5:row182,rate5,development,Figure2!182:columns9-10
rate5:row183,rate5,development,Figure2!183:columns9-10
rate5:row184,rate5,development,Figure2!184:columns9-10
rate5:row185,rate5,development,Figure2!185:columns9-10
rate5:row186,rate5,development,Figure2!186:columns9-10
rate5:row187,rate5,development,Figure2!187:columns9-10
rate5:row188,rate5,development,Figure2!188:columns9-10
rate5:row189,rate5,development,Figure2!189:columns9-10
rate5:row190,rate5,development,Figure2!190:columns9-10
rate5:row191,rate5,development,Figure2!191:columns9-10
rate5:row192,rate5,development,Figure2!192:columns9-10
rate5:row193,rate5,development,Figure2!193:columns9-10
rate5:row194,rate5,development,Figure2!194:columns9-10
rate5:row195,rate5,development,Figure2!195:columns9-10
rate5:row196,rate5,development,Figure2!196:columns9-10
rate5:row197,rate5,development,Figure2!197:columns9-10
rate5:row198,rate5,development,Figure2!198:columns9-10
rate5:row199,rate5,development,Figure2!199:columns9-10
rate5:row200,rate5,development,Figure2!200:columns9-10
rate5:row201,rate5,development,Figure2!201:columns9-10
rate5:row202,rate5,development,Figure2!202:columns9-10
rate5:row203,rate5,development,Figure2!203:columns9-10
rate5:row204,rate5,development,Figure2!204:columns9-10
rate5:row205,rate5,development,Figure2!205:columns9-10
rate5:row206,rate5,development,Figure2!206:columns9-10
rate5:row207,rate5,development,Figure2!207:columns9-10
rate5:row208,rate5,development,Figure2!208:columns9-10
rate5:row209,rate5,development,Figure2!209:columns9-10
rate5:row210,rate5,development,Figure2!210:columns9-10
rate5:row211,rate5,development,Figure2!211:columns9-10
rate5:row212,rate5,development,Figure2!212:columns9-10
rate5:row213,rate5,development,Figure2!213:columns9-10
rate5:row214,rate5,development,Figure2!214:columns9-10
rate5:row215,rate5,development,Figure2!215:columns9-10
rate5:row216,rate5,development,Figure2!216:columns9-10
rate5:row217,rate5,development,Figure2!217:columns9-10
rate5:row218,rate5,development,Figure2!218:columns9-10
rate5:row219,rate5,development,Figure2!219:columns9-10
rate5:row220,rate5,development,Figure2!220:columns9-10
rate5:row221,rate5,development,Figure2!221:columns9-10
rate5:row222,rate5,development,Figure2!222:columns9-10
rate5:row223,rate5,development,Figure2!223:columns9-10
rate5:row224,rate5,development,Figure2!224:columns9-10
rate5:row225,rate5,development,Figure2!225:columns9-10
rate5:row226,rate5,development,Figure2!226:columns9-10
rate5:row227,rate5,development,Figure2!227:columns9-10
rate5:row228,rate5,development,Figure2!228:columns9-10
rate5:row229,rate5,development,Figure2!229:columns9-10
rate5:row230,rate5,development,Figure2!230:columns9-10
rate5:row231,rate5,development,Figure2!231:columns9-10
rate5:row232,rate5,development,Figure2!232:columns9-10
rate5:row233,rate5,development,Figure2!233:columns9-10
rate5:row234,rate5,development,Figure2!234:columns9-10
rate5:row235,rate5,development,Figure2!235:columns9-10
rate5:row236,rate5,development,Figure2!236:columns9-10
rate5:row237,rate5,development,Figure2!237:columns9-10
rate5:row238,rate5,development,Figure2!238:columns9-10
rate5:row239,rate5,development,Figure2!239:columns9-10
rate5:row240,rate5,development,Figure2!240:columns9-10
rate5:row241,rate5,development,Figure2!241:columns9-10
rate5:row242,rate5,development,Figure2!242:columns9-10
rate5:row243,rate5,development,Figure2!243:columns9-10
rate5:row244,rate5,development,Figure2!244:columns9-10
rate5:row245,rate5,development,Figure2!245:columns9-10
rate5:row246,rate5,development,Figure2!246:columns9-10
rate5:row247,rate5,development,Figure2!247:columns9-10
rate5:row248,rate5,development,Figure2!248:columns9-10
rate5:row249,rate5,development,Figure2!249:columns9-10
rate5:row250,rate5,development,Figure2!250:columns9-10
rate5:row251,rate5,development,Figure2!251:columns9-10
rate5:row252,rate5,development,Figure2!252:columns9-10
rate5:row253,rate5,development,Figure2!253:columns9-10
rate5:row254,rate5,development,Figure2!254:columns9-10
rate5:row255,rate5,development,Figure2!255:columns9-10
rate5:row256,rate5,development,Figure2!256:columns9-10
rate5:row257,rate5,development,Figure2!257:columns9-10
rate5:row258,rate5,development,Figure2!258:columns9-10
rate5:row259,rate5,development,Figure2!259:columns9-10
rate5:row260,rate5,development,Figure2!260:columns9-10
rate5:row261,rate5,development,Figure2!261:columns9-10
rate5:row262,rate5,development,Figure2!262:columns9-10
rate5:row263,rate5,development,Figure2!263:columns9-10
rate5:row264,rate5,development,Figure2!264:columns9-10
rate5:row265,rate5,development,Figure2!265:columns9-10
rate5:row266,rate5,development,Figure2!266:columns9-10
rate5:row267,rate5,development,Figure2!267:columns9-10
rate5:row268,rate5,development,Figure2!268:columns9-10
rate5:row269,rate5,development,Figure2!269:columns9-10
rate5:row270,rate5,development,Figure2!270:columns9-10
rate5:row271,rate5,development,Figure2!271:columns9-10
rate5:row272,rate5,development,Figure2!272:columns9-10
rate5:row273,rate5,development,Figure2!273:columns9-10
rate5:row274,rate5,development,Figure2!274:columns9-10
rate5:row275,rate5,development,Figure2!275:columns9-10
rate5:row276,rate5,development,Figure2!276:columns9-10
rate5:row277,rate5,development,Figure2!277:columns9-10
rate5:row278,rate5,development,Figure2!278:columns9-10
rate5:row279,rate5,development,Figure2!279:columns9-10
rate5:row280,rate5,development,Figure2!280:columns9-10
rate5:row281,rate5,development,Figure2!281:columns9-10
rate5:row282,rate5,development,Figure2!282:columns9-10
rate5:row283,rate5,development,Figure2!283:columns9-10
rate5:row284,rate5,development,Figure2!284:columns9-10
rate5:row285,rate5,development,Figure2!285:columns9-10
rate5:row286,rate5,development,Figure2!286:columns9-10
rate5:row287,rate5,development,Figure2!287:columns9-10
rate5:row288,rate5,development,Figure2!288:columns9-10
rate5:row289,rate5,development,Figure2!289:columns9-10
rate5:row290,rate5,development,Figure2!290:columns9-10
rate5:row291,rate5,development,Figure2!291:columns9-10
rate5:row292,rate5,development,Figure2!292:columns9-10
rate5:row293,rate5,development,Figure2!293:columns9-10
rate5:row294,rate5,development,Figure2!294:columns9-10
rate5:row295,rate5,development,Figure2!295:columns9-10
rate5:row296,rate5,development,Figure2!296:columns9-10
rate5:row297,rate5,development,Figure2!297:columns9-10
rate5:row298,rate5,development,Figure2!298:columns9-10
rate5:row299,rate5,development,Figure2!299:columns9-10
rate5:row300,rate5,development,Figure2!300:columns9-10
rate5:row301,rate5,development,Figure2!301:columns9-10
rate5:row302,rate5,development,Figure2!302:columns9-10
rate5:row303,rate5,development,Figure2!303:columns9-10
rate5:row304,rate5,development,Figure2!304:columns9-10
rate5:row305,rate5,development,Figure2!305:columns9-10
rate5:row306,rate5,development,Figure2!306:columns9-10
rate5:row307,rate5,development,Figure2!307:columns9-10
rate5:row308,rate5,development,Figure2!308:columns9-10
rate5:row309,rate5,development,Figure2!309:columns9-10
rate5:row310,rate5,development,Figure2!310:columns9-10
rate5:row311,rate5,development,Figure2!311:columns9-10
rate5:row312,rate5,development,Figure2!312:columns9-10
rate5:row313,rate5,development,Figure2!313:columns9-10
rate5:row314,rate5,development,Figure2!314:columns9-10
rate5:row315,rate5,development,Figure2!315:columns9-10
rate5:row316,rate5,development,Figure2!316:columns9-10
rate5:row317,rate5,development,Figure2!317:columns9-10
rate5:row318,rate5,development,Figure2!318:columns9-10
rate5:row319,rate5,development,Figure2!319:columns9-10
rate5:row320,rate5,development,Figure2!320:columns9-10
rate5:row321,rate5,development,Figure2!321:columns9-10
rate5:row322,rate5,development,Figure2!322:columns9-10
rate5:row323,rate5,development,Figure2!323:columns9-10
rate5:row324,rate5,development,Figure2!324:columns9-10
rate5:row325,rate5,development,Figure2!325:columns9-10
rate5:row326,rate5,development,Figure2!326:columns9-10
rate5:row327,rate5,development,Figure2!327:columns9-10
rate5:row328,rate5,development,Figure2!328:columns9-10
rate5:row329,rate5,development,Figure2!329:columns9-10
rate5:row330,rate5,development,Figure2!330:columns9-10
rate5:row331,rate5,development,Figure2!331:columns9-10
rate5:row332,rate5,development,Figure2!332:columns9-10
rate5:row333,rate5,development,Figure2!333:columns9-10
rate5:row334,rate5,development,Figure2!334:columns9-10
rate5:row335,rate5,development,Figure2!335:columns9-10
rate5:row336,rate5,development,Figure2!336:columns9-10
rate5:row337,rate5,development,Figure2!337:columns9-10
rate5:row338,rate5,development,Figure2!338:columns9-10
rate5:row339,rate5,development,Figure2!339:columns9-10
rate5:row340,rate5,development,Figure2!340:columns9-10
rate5:row341,rate5,development,Figure2!341:columns9-10
rate5:row342,rate5,development,Figure2!342:columns9-10
rate5:row343,rate5,development,Figure2!343:columns9-10
rate5:row344,rate5,development,Figure2!344:columns9-10
rate5:row345,rate5,development,Figure2!345:columns9-10
rate5:row346,rate5,development,Figure2!346:columns9-10
rate5:row347,rate5,development,Figure2!347:columns9-10
rate5:row348,rate5,development,Figure2!348:columns9-10
rate5:row349,rate5,development,Figure2!349:columns9-10
rate5:row350,rate5,development,Figure2!350:columns9-10
rate5:row351,rate5,development,Figure2!351:columns9-10
rate5:row352,rate5,development,Figure2!352:columns9-10
rate5:row353,rate5,development,Figure2!353:columns9-10
rate5:row354,rate5,development,Figure2!354:columns9-10
rate5:row355,rate5,development,Figure2!355:columns9-10
rate5:row356,rate5,development,Figure2!356:columns9-10
rate5:row357,rate5,development,Figure2!357:columns9-10
rate5:row358,rate5,development,Figure2!358:columns9-10
rate5:row359,rate5,development,Figure2!359:columns9-10
rate5:row360,rate5,development,Figure2!360:columns9-10
rate5:row361,rate5,development,Figure2!361:columns9-10
rate5:row362,rate5,development,Figure2!362:columns9-10
rate5:row363,rate5,development,Figure2!363:columns9-10
rate5:row364,rate5,development,Figure2!364:columns9-10
rate5:row365,rate5,development,Figure2!365:columns9-10
rate5:row366,rate5,development,Figure2!366:columns9-10
rate5:row367,rate5,development,Figure2!367:columns9-10
rate5:row368,rate5,development,Figure2!368:columns9-10
rate5:row369,rate5,development,Figure2!369:columns9-10
rate5:row370,rate5,development,Figure2!370:columns9-10
rate5:row371,rate5,development,Figure2!371:columns9-10
rate5:row372,rate5,development,Figure2!372:columns9-10
rate5:row373,rate5,development,Figure2!373:columns9-10
rate5:row374,rate5,development,Figure2!374:columns9-10
rate5:row375,rate5,development,Figure2!375:columns9-10
rate5:row376,rate5,development,Figure2!376:columns9-10
rate5:row377,rate5,development,Figure2!377:columns9-10
rate5:row378,rate5,development,Figure2!378:columns9-10
rate5:row379,rate5,development,Figure2!379:columns9-10
rate5:row380,rate5,development,Figure2!380:columns9-10
rate5:row381,rate5,development,Figure2!381:columns9-10
rate5:row382,rate5,development,Figure2!382:columns9-10
rate5:row383,rate5,development,Figure2!383:columns9-10
rate5:row384,rate5,development,Figure2!384:columns9-10
rate5:row385,rate5,development,Figure2!385:columns9-10
rate5:row386,rate5,development,Figure2!386:columns9-10
rate5:row387,rate5,development,Figure2!387:columns9-10
rate5:row388,rate5,development,Figure2!388:columns9-10
rate5:row389,rate5,development,Figure2!389:columns9-10
rate5:row390,rate5,development,Figure2!390:columns9-10
rate5:row391,rate5,development,Figure2!391:columns9-10
rate5:row392,rate5,development,Figure2!392:columns9-10
rate5:row393,rate5,development,Figure2!393:columns9-10
rate5:row394,rate5,development,Figure2!394:columns9-10
rate5:row395,rate5,development,Figure2!395:columns9-10
rate5:row396,rate5,development,Figure2!396:columns9-10
rate5:row397,rate5,development,Figure2!397:columns9-10
rate5:row398,rate5,development,Figure2!398:columns9-10
rate5:row399,rate5,development,Figure2!399:columns9-10
rate5:row400,rate5,development,Figure2!400:columns9-10
rate5:row401,rate5,development,Figure2!401:columns9-10
rate5:row402,rate5,development,Figure2!402:columns9-10
rate5:row403,rate5,development,Figure2!403:columns9-10
rate5:row404,rate5,development,Figure2!404:columns9-10
rate5:row405,rate5,development,Figure2!405:columns9-10
rate5:row406,rate5,development,Figure2!406:columns9-10
rate5:row407,rate5,development,Figure2!407:columns9-10
rate5:row408,rate5,development,Figure2!408:columns9-10
rate5:row409,rate5,development,Figure2!409:columns9-10
rate5:row410,rate5,development,Figure2!410:columns9-10
rate5:row411,rate5,development,Figure2!411:columns9-10
rate5:row412,rate5,development,Figure2!412:columns9-10
rate5:row413,rate5,development,Figure2!413:columns9-10
rate5:row414,rate5,development,Figure2!414:columns9-10
rate5:row415,rate5,development,Figure2!415:columns9-10
rate5:row416,rate5,development,Figure2!416:columns9-10
rate5:row417,rate5,development,Figure2!417:columns9-10
rate5:row418,rate5,development,Figure2!418:columns9-10
rate5:row419,rate5,development,Figure2!419:columns9-10
rate5:row420,rate5,development,Figure2!420:columns9-10
rate5:row421,rate5,development,Figure2!421:columns9-10
rate5:row422,rate5,development,Figure2!422:columns9-10
rate5:row423,rate5,development,Figure2!423:columns9-10
rate5:row424,rate5,development,Figure2!424:columns9-10
rate5:row425,rate5,development,Figure2!425:columns9-10
rate5:row426,rate5,development,Figure2!426:columns9-10
rate5:row427,rate5,development,Figure2!427:columns9-10
rate5:row428,rate5,development,Figure2!428:columns9-10
rate5:row429,rate5,development,Figure2!429:columns9-10
rate5:row430,rate5,development,Figure2!430:columns9-10
rate5:row431,rate5,development,Figure2!431:columns9-10
rate5:row432,rate5,development,Figure2!432:columns9-10
rate5:row433,rate5,development,Figure2!433:columns9-10
rate5:row434,rate5,development,Figure2!434:columns9-10
rate5:row435,rate5,development,Figure2!435:columns9-10
rate5:row436,rate5,development,Figure2!436:columns9-10
rate5:row437,rate5,development,Figure2!437:columns9-10
rate5:row438,rate5,development,Figure2!438:columns9-10
rate5:row439,rate5,development,Figure2!439:columns9-10
rate5:row440,rate5,development,Figure2!440:columns9-10
rate5:row441,rate5,development,Figure2!441:columns9-10
rate5:row442,rate5,development,Figure2!442:columns9-10
rate5:row443,rate5,development,Figure2!443:columns9-10
rate5:row444,rate5,development,Figure2!444:columns9-10
rate5:row445,rate5,development,Figure2!445:columns9-10
rate5:row446,rate5,development,Figure2!446:columns9-10
rate5:row447,rate5,development,Figure2!447:columns9-10
rate5:row448,rate5,development,Figure2!448:columns9-10
rate5:row449,rate5,development,Figure2!449:columns9-10
rate5:row450,rate5,development,Figure2!450:columns9-10
rate5:row451,rate5,development,Figure2!451:columns9-10
rate5:row452,rate5,development,Figure2!452:columns9-10
rate5:row453,rate5,development,Figure2!453:columns9-10
rate5:row454,rate5,development,Figure2!454:columns9-10
rate5:row455,rate5,development,Figure2!455:columns9-10
rate5:row456,rate5,development,Figure2!456:columns9-10
rate5:row457,rate5,development,Figure2!457:columns9-10
rate5:row458,rate5,development,Figure2!458:columns9-10
rate5:row459,rate5,development,Figure2!459:columns9-10
rate5:row460,rate5,development,Figure2!460:columns9-10
rate5:row461,rate5,development,Figure2!461:columns9-10
rate5:row462,rate5,development,Figure2!462:columns9-10
rate5:row463,rate5,development,Figure2!463:columns9-10
rate5:row464,rate5,development,Figure2!464:columns9-10
rate5:row465,rate5,development,Figure2!465:columns9-10
rate5:row466,rate5,development,Figure2!466:columns9-10
rate5:row467,rate5,development,Figure2!467:columns9-10
rate5:row468,rate5,development,Figure2!468:columns9-10
rate5:row469,rate5,development,Figure2!469:columns9-10
rate5:row470,rate5,development,Figure2!470:columns9-10
rate5:row471,rate5,development,Figure2!471:columns9-10
rate5:row472,rate5,development,Figure2!472:columns9-10
rate5:row473,rate5,development,Figure2!473:columns9-10
rate5:row474,rate5,development,Figure2!474:columns9-10
rate5:row475,rate5,development,Figure2!475:columns9-10
rate5:row476,rate5,development,Figure2!476:columns9-10
rate5:row477,rate5,development,Figure2!477:columns9-10
rate5:row478,rate5,development,Figure2!478:columns9-10
rate5:row479,rate5,development,Figure2!479:columns9-10
rate5:row480,rate5,development,Figure2!480:columns9-10
rate5:row481,rate5,development,Figure2!481:columns9-10
rate5:row482,rate5,development,Figure2!482:columns9-10
rate5:row483,rate5,development,Figure2!483:columns9-10
rate5:row484,rate5,development,Figure2!484:columns9-10
rate5:row485,rate5,development,Figure2!485:columns9-10
rate5:row486,rate5,development,Figure2!486:columns9-10
rate5:row487,rate5,development,Figure2!487:columns9-10
rate5:row488,rate5,development,Figure2!488:columns9-10
rate5:row489,rate5,development,Figure2!489:columns9-10
rate5:row490,rate5,development,Figure2!490:columns9-10
rate5:row491,rate5,development,Figure2!491:columns9-10
rate5:row492,rate5,development,Figure2!492:columns9-10
rate5:row493,rate5,development,Figure2!493:columns9-10
rate5:row494,rate5,development,Figure2!494:columns9-10
rate5:row495,rate5,development,Figure2!495:columns9-10
rate5:row496,rate5,development,Figure2!496:columns9-10
rate5:row497,rate5,development,Figure2!497:columns9-10
rate5:row498,rate5,development,Figure2!498:columns9-10
rate5:row499,rate5,development,Figure2!499:columns9-10
rate5:row500,rate5,development,Figure2!500:columns9-10
rate5:row501,rate5,development,Figure2!501:columns9-10
rate5:row502,rate5,development,Figure2!502:columns9-10
rate5:row503,rate5,development,Figure2!503:columns9-10
rate5:row504,rate5,development,Figure2!504:columns9-10
rate5:row505,rate5,development,Figure2!505:columns9-10
rate5:row506,rate5,development,Figure2!506:columns9-10
rate5:row507,rate5,development,Figure2!507:columns9-10
rate5:row508,rate5,development,Figure2!508:columns9-10
rate5:row509,rate5,development,Figure2!509:columns9-10
rate5:row510,rate5,development,Figure2!510:columns9-10
rate5:row511,rate5,development,Figure2!511:columns9-10
rate5:row512,rate5,development,Figure2!512:columns9-10
rate5:row513,rate5,development,Figure2!513:columns9-10
rate5:row514,rate5,development,Figure2!514:columns9-10
rate5:row515,rate5,development,Figure2!515:columns9-10
rate5:row516,rate5,development,Figure2!516:columns9-10
rate5:row517,rate5,development,Figure2!517:columns9-10
rate5:row518,rate5,development,Figure2!518:columns9-10
rate5:row519,rate5,development,Figure2!519:columns9-10
rate5:row520,rate5,development,Figure2!520:columns9-10
rate5:row521,rate5,development,Figure2!521:columns9-10
rate5:row522,rate5,development,Figure2!522:columns9-10
rate5:row523,rate5,development,Figure2!523:columns9-10
rate5:row524,rate5,development,Figure2!524:columns9-10
rate5:row525,rate5,development,Figure2!525:columns9-10
rate5:row526,rate5,development,Figure2!526:columns9-10
rate5:row527,rate5,development,Figure2!527:columns9-10
rate5:row528,rate5,development,Figure2!528:columns9-10
rate5:row529,rate5,development,Figure2!529:columns9-10
rate5:row530,rate5,development,Figure2!530:columns9-10
rate5:row531,rate5,development,Figure2!531:columns9-10
rate5:row532,rate5,development,Figure2!532:columns9-10
rate5:row533,rate5,development,Figure2!533:columns9-10
rate5:row534,rate5,development,Figure2!534:columns9-10
rate5:row535,rate5,development,Figure2!535:columns9-10
rate10:row3,rate10,development,Figure2!3:columns13-14
rate10:row4,rate10,development,Figure2!4:columns13-14
rate10:row5,rate10,development,Figure2!5:columns13-14
rate10:row6,rate10,development,Figure2!6:columns13-14
rate10:row7,rate10,development,Figure2!7:columns13-14
rate10:row8,rate10,development,Figure2!8:columns13-14
rate10:row9,rate10,development,Figure2!9:columns13-14
rate10:row10,rate10,development,Figure2!10:columns13-14
rate10:row11,rate10,development,Figure2!11:columns13-14
rate10:row12,rate10,development,Figure2!12:columns13-14
rate10:row13,rate10,development,Figure2!13:columns13-14
rate10:row14,rate10,development,Figure2!14:columns13-14
rate10:row15,rate10,development,Figure2!15:columns13-14
rate10:row16,rate10,development,Figure2!16:columns13-14
rate10:row17,rate10,development,Figure2!17:columns13-14
rate10:row18,rate10,development,Figure2!18:columns13-14
rate10:row19,rate10,development,Figure2!19:columns13-14
rate10:row20,rate10,development,Figure2!20:columns13-14
rate10:row21,rate10,development,Figure2!21:columns13-14
rate10:row22,rate10,development,Figure2!22:columns13-14
rate10:row23,rate10,development,Figure2!23:columns13-14
rate10:row24,rate10,development,Figure2!24:columns13-14
rate10:row25,rate10,development,Figure2!25:columns13-14
rate10:row26,rate10,development,Figure2!26:columns13-14
rate10:row27,rate10,development,Figure2!27:columns13-14
rate10:row28,rate10,development,Figure2!28:columns13-14
rate10:row29,rate10,development,Figure2!29:columns13-14
rate10:row30,rate10,development,Figure2!30:columns13-14
rate10:row31,rate10,development,Figure2!31:columns13-14
rate10:row32,rate10,development,Figure2!32:columns13-14
rate10:row33,rate10,development,Figure2!33:columns13-14
rate10:row34,rate10,development,Figure2!34:columns13-14
rate10:row35,rate10,development,Figure2!35:columns13-14
rate10:row36,rate10,development,Figure2!36:columns13-14
rate10:row37,rate10,development,Figure2!37:columns13-14
rate10:row38,rate10,development,Figure2!38:columns13-14
rate10:row39,rate10,development,Figure2!39:columns13-14
rate10:row40,rate10,development,Figure2!40:columns13-14
rate10:row41,rate10,development,Figure2!41:columns13-14
rate10:row42,rate10,development,Figure2!42:columns13-14
rate10:row43,rate10,development,Figure2!43:columns13-14
rate10:row44,rate10,development,Figure2!44:columns13-14
rate10:row45,rate10,development,Figure2!45:columns13-14
rate10:row46,rate10,development,Figure2!46:columns13-14
rate10:row47,rate10,development,Figure2!47:columns13-14
rate10:row48,rate10,development,Figure2!48:columns13-14
rate10:row49,rate10,development,Figure2!49:columns13-14
rate10:row50,rate10,development,Figure2!50:columns13-14
rate10:row51,rate10,development,Figure2!51:columns13-14
rate10:row52,rate10,development,Figure2!52:columns13-14
rate10:row53,rate10,development,Figure2!53:columns13-14
rate10:row54,rate10,development,Figure2!54:columns13-14
rate10:row55,rate10,development,Figure2!55:columns13-14
rate10:row56,rate10,development,Figure2!56:columns13-14
rate10:row57,rate10,development,Figure2!57:columns13-14
rate10:row58,rate10,development,Figure2!58:columns13-14
rate10:row59,rate10,development,Figure2!59:columns13-14
rate10:row60,rate10,development,Figure2!60:columns13-14
rate10:row61,rate10,development,Figure2!61:columns13-14
rate10:row62,rate10,development,Figure2!62:columns13-14
rate10:row63,rate10,development,Figure2!63:columns13-14
rate10:row64,rate10,development,Figure2!64:columns13-14
rate10:row65,rate10,development,Figure2!65:columns13-14
rate10:row66,rate10,development,Figure2!66:columns13-14
rate10:row67,rate10,development,Figure2!67:columns13-14
rate10:row68,rate10,development,Figure2!68:columns13-14
rate10:row69,rate10,development,Figure2!69:columns13-14
rate10:row70,rate10,development,Figure2!70:columns13-14
rate10:row71,rate10,development,Figure2!71:columns13-14
rate10:row72,rate10,development,Figure2!72:columns13-14
rate10:row73,rate10,development,Figure2!73:columns13-14
rate10:row74,rate10,development,Figure2!74:columns13-14
rate10:row75,rate10,development,Figure2!75:columns13-14
rate10:row76,rate10,development,Figure2!76:columns13-14
rate10:row77,rate10,development,Figure2!77:columns13-14
rate10:row78,rate10,development,Figure2!78:columns13-14
rate10:row79,rate10,development,Figure2!79:columns13-14
rate10:row80,rate10,development,Figure2!80:columns13-14
rate10:row81,rate10,development,Figure2!81:columns13-14
rate10:row82,rate10,development,Figure2!82:columns13-14
rate10:row83,rate10,development,Figure2!83:columns13-14
rate10:row84,rate10,development,Figure2!84:columns13-14
rate10:row85,rate10,development,Figure2!85:columns13-14
rate10:row86,rate10,development,Figure2!86:columns13-14
rate10:row87,rate10,development,Figure2!87:columns13-14
rate10:row88,rate10,development,Figure2!88:columns13-14
rate10:row89,rate10,development,Figure2!89:columns13-14
rate10:row90,rate10,development,Figure2!90:columns13-14
rate10:row91,rate10,development,Figure2!91:columns13-14
rate10:row92,rate10,development,Figure2!92:columns13-14
rate10:row93,rate10,development,Figure2!93:columns13-14
rate10:row94,rate10,development,Figure2!94:columns13-14
rate10:row95,rate10,development,Figure2!95:columns13-14
rate10:row96,rate10,development,Figure2!96:columns13-14
rate10:row97,rate10,development,Figure2!97:columns13-14
rate10:row98,rate10,development,Figure2!98:columns13-14
rate10:row99,rate10,development,Figure2!99:columns13-14
rate10:row100,rate10,development,Figure2!100:columns13-14
rate10:row101,rate10,development,Figure2!101:columns13-14
rate10:row102,rate10,development,Figure2!102:columns13-14
rate10:row103,rate10,development,Figure2!103:columns13-14
rate10:row104,rate10,development,Figure2!104:columns13-14
rate10:row105,rate10,development,Figure2!105:columns13-14
rate10:row106,rate10,development,Figure2!106:columns13-14
rate10:row107,rate10,development,Figure2!107:columns13-14
rate10:row108,rate10,development,Figure2!108:columns13-14
rate10:row109,rate10,development,Figure2!109:columns13-14
rate10:row110,rate10,development,Figure2!110:columns13-14
rate10:row111,rate10,development,Figure2!111:columns13-14
rate10:row112,rate10,development,Figure2!112:columns13-14
rate10:row113,rate10,development,Figure2!113:columns13-14
rate10:row114,rate10,development,Figure2!114:columns13-14
rate10:row115,rate10,development,Figure2!115:columns13-14
rate10:row116,rate10,development,Figure2!116:columns13-14
rate10:row117,rate10,development,Figure2!117:columns13-14
rate10:row118,rate10,development,Figure2!118:columns13-14
rate10:row119,rate10,development,Figure2!119:columns13-14
rate10:row120,rate10,development,Figure2!120:columns13-14
rate10:row121,rate10,development,Figure2!121:columns13-14
rate10:row122,rate10,development,Figure2!122:columns13-14
rate10:row123,rate10,development,Figure2!123:columns13-14
rate10:row124,rate10,development,Figure2!124:columns13-14
rate10:row125,rate10,development,Figure2!125:columns13-14
rate10:row126,rate10,development,Figure2!126:columns13-14
rate10:row127,rate10,development,Figure2!127:columns13-14
rate10:row128,rate10,development,Figure2!128:columns13-14
rate10:row129,rate10,development,Figure2!129:columns13-14
rate10:row130,rate10,development,Figure2!130:columns13-14
rate10:row131,rate10,development,Figure2!131:columns13-14
rate10:row132,rate10,development,Figure2!132:columns13-14
rate10:row133,rate10,development,Figure2!133:columns13-14
rate10:row134,rate10,development,Figure2!134:columns13-14
rate10:row135,rate10,development,Figure2!135:columns13-14
rate10:row136,rate10,development,Figure2!136:columns13-14
rate10:row137,rate10,development,Figure2!137:columns13-14
rate10:row138,rate10,development,Figure2!138:columns13-14
rate10:row139,rate10,development,Figure2!139:columns13-14
rate10:row140,rate10,development,Figure2!140:columns13-14
rate10:row141,rate10,development,Figure2!141:columns13-14
rate10:row142,rate10,development,Figure2!142:columns13-14
rate10:row143,rate10,development,Figure2!143:columns13-14
rate10:row144,rate10,development,Figure2!144:columns13-14
rate10:row145,rate10,development,Figure2!145:columns13-14
rate10:row146,rate10,development,Figure2!146:columns13-14
rate10:row147,rate10,development,Figure2!147:columns13-14
rate10:row148,rate10,development,Figure2!148:columns13-14
rate10:row149,rate10,development,Figure2!149:columns13-14
rate10:row150,rate10,development,Figure2!150:columns13-14
rate10:row151,rate10,development,Figure2!151:columns13-14
rate10:row152,rate10,development,Figure2!152:columns13-14
rate10:row153,rate10,development,Figure2!153:columns13-14
rate10:row154,rate10,development,Figure2!154:columns13-14
rate10:row155,rate10,development,Figure2!155:columns13-14
rate10:row156,rate10,development,Figure2!156:columns13-14
rate10:row157,rate10,development,Figure2!157:columns13-14
rate10:row158,rate10,development,Figure2!158:columns13-14
rate10:row159,rate10,development,Figure2!159:columns13-14
rate10:row160,rate10,development,Figure2!160:columns13-14
rate10:row161,rate10,development,Figure2!161:columns13-14
rate10:row162,rate10,development,Figure2!162:columns13-14
rate10:row163,rate10,development,Figure2!163:columns13-14
rate10:row164,rate10,development,Figure2!164:columns13-14
rate10:row165,rate10,development,Figure2!165:columns13-14
rate10:row166,rate10,development,Figure2!166:columns13-14
rate10:row167,rate10,development,Figure2!167:columns13-14
rate10:row168,rate10,development,Figure2!168:columns13-14
rate10:row169,rate10,development,Figure2!169:columns13-14
rate10:row170,rate10,development,Figure2!170:columns13-14
rate10:row171,rate10,development,Figure2!171:columns13-14
rate10:row172,rate10,development,Figure2!172:columns13-14
rate10:row173,rate10,development,Figure2!173:columns13-14
rate10:row174,rate10,development,Figure2!174:columns13-14
rate10:row175,rate10,development,Figure2!175:columns13-14
rate10:row176,rate10,development,Figure2!176:columns13-14
rate10:row177,rate10,development,Figure2!177:columns13-14
rate10:row178,rate10,development,Figure2!178:columns13-14
rate10:row179,rate10,development,Figure2!179:columns13-14
rate10:row180,rate10,development,Figure2!180:columns13-14
rate10:row181,rate10,development,Figure2!181:columns13-14
rate10:row182,rate10,development,Figure2!182:columns13-14
rate10:row183,rate10,development,Figure2!183:columns13-14
rate10:row184,rate10,development,Figure2!184:columns13-14
rate10:row185,rate10,development,Figure2!185:columns13-14
rate10:row186,rate10,development,Figure2!186:columns13-14
rate10:row187,rate10,development,Figure2!187:columns13-14
rate10:row188,rate10,development,Figure2!188:columns13-14
rate10:row189,rate10,development,Figure2!189:columns13-14
rate10:row190,rate10,development,Figure2!190:columns13-14
rate10:row191,rate10,development,Figure2!191:columns13-14
rate10:row192,rate10,development,Figure2!192:columns13-14
rate10:row193,rate10,development,Figure2!193:columns13-14
rate10:row194,rate10,development,Figure2!194:columns13-14
rate10:row195,rate10,development,Figure2!195:columns13-14
rate10:row196,rate10,development,Figure2!196:columns13-14
rate10:row197,rate10,development,Figure2!197:columns13-14
rate10:row198,rate10,development,Figure2!198:columns13-14
rate10:row199,rate10,development,Figure2!199:columns13-14
rate10:row200,rate10,development,Figure2!200:columns13-14
rate10:row201,rate10,development,Figure2!201:columns13-14
rate10:row202,rate10,development,Figure2!202:columns13-14
rate10:row203,rate10,development,Figure2!203:columns13-14
rate10:row204,rate10,development,Figure2!204:columns13-14
rate10:row205,rate10,development,Figure2!205:columns13-14
rate10:row206,rate10,development,Figure2!206:columns13-14
rate10:row207,rate10,development,Figure2!207:columns13-14
rate10:row208,rate10,development,Figure2!208:columns13-14
rate10:row209,rate10,development,Figure2!209:columns13-14
rate10:row210,rate10,development,Figure2!210:columns13-14
rate10:row211,rate10,development,Figure2!211:columns13-14
rate10:row212,rate10,development,Figure2!212:columns13-14
rate10:row213,rate10,development,Figure2!213:columns13-14
rate10:row214,rate10,development,Figure2!214:columns13-14
rate10:row215,rate10,development,Figure2!215:columns13-14
rate10:row216,rate10,development,Figure2!216:columns13-14
rate10:row217,rate10,development,Figure2!217:columns13-14
rate10:row218,rate10,development,Figure2!218:columns13-14
rate10:row219,rate10,development,Figure2!219:columns13-14
rate10:row220,rate10,development,Figure2!220:columns13-14
rate10:row221,rate10,development,Figure2!221:columns13-14
rate10:row222,rate10,development,Figure2!222:columns13-14
rate10:row223,rate10,development,Figure2!223:columns13-14
rate10:row224,rate10,development,Figure2!224:columns13-14
rate10:row225,rate10,development,Figure2!225:columns13-14
rate10:row226,rate10,development,Figure2!226:columns13-14
rate10:row227,rate10,development,Figure2!227:columns13-14
rate10:row228,rate10,development,Figure2!228:columns13-14
rate10:row229,rate10,development,Figure2!229:columns13-14
rate10:row230,rate10,development,Figure2!230:columns13-14
rate10:row231,rate10,development,Figure2!231:columns13-14
rate10:row232,rate10,development,Figure2!232:columns13-14
rate10:row233,rate10,development,Figure2!233:columns13-14
rate10:row234,rate10,development,Figure2!234:columns13-14
rate10:row235,rate10,development,Figure2!235:columns13-14
rate10:row236,rate10,development,Figure2!236:columns13-14
rate10:row237,rate10,development,Figure2!237:columns13-14
rate10:row238,rate10,development,Figure2!238:columns13-14
rate10:row239,rate10,development,Figure2!239:columns13-14
rate10:row240,rate10,development,Figure2!240:columns13-14
rate10:row241,rate10,development,Figure2!241:columns13-14
rate10:row242,rate10,development,Figure2!242:columns13-14
rate10:row243,rate10,development,Figure2!243:columns13-14
rate10:row244,rate10,development,Figure2!244:columns13-14
rate10:row245,rate10,development,Figure2!245:columns13-14
rate10:row246,rate10,development,Figure2!246:columns13-14
rate10:row247,rate10,development,Figure2!247:columns13-14
rate10:row248,rate10,development,Figure2!248:columns13-14
rate10:row249,rate10,development,Figure2!249:columns13-14
rate10:row250,rate10,development,Figure2!250:columns13-14
rate10:row251,rate10,development,Figure2!251:columns13-14
rate10:row252,rate10,development,Figure2!252:columns13-14
rate10:row253,rate10,development,Figure2!253:columns13-14
rate10:row254,rate10,development,Figure2!254:columns13-14
rate10:row255,rate10,development,Figure2!255:columns13-14
rate10:row256,rate10,development,Figure2!256:columns13-14
rate10:row257,rate10,development,Figure2!257:columns13-14
rate10:row258,rate10,development,Figure2!258:columns13-14
rate10:row259,rate10,development,Figure2!259:columns13-14
rate10:row260,rate10,development,Figure2!260:columns13-14
rate10:row261,rate10,development,Figure2!261:columns13-14
rate10:row262,rate10,development,Figure2!262:columns13-14
rate10:row263,rate10,development,Figure2!263:columns13-14
rate10:row264,rate10,development,Figure2!264:columns13-14
rate10:row265,rate10,development,Figure2!265:columns13-14
rate10:row266,rate10,development,Figure2!266:columns13-14
rate10:row267,rate10,development,Figure2!267:columns13-14
rate10:row268,rate10,development,Figure2!268:columns13-14
rate10:row269,rate10,development,Figure2!269:columns13-14
rate10:row270,rate10,development,Figure2!270:columns13-14
rate10:row271,rate10,development,Figure2!271:columns13-14
rate10:row272,rate10,development,Figure2!272:columns13-14
rate10:row273,rate10,development,Figure2!273:columns13-14
rate10:row274,rate10,development,Figure2!274:columns13-14
rate10:row275,rate10,development,Figure2!275:columns13-14
rate10:row276,rate10,development,Figure2!276:columns13-14
rate10:row277,rate10,development,Figure2!277:columns13-14
rate10:row278,rate10,development,Figure2!278:columns13-14
rate10:row279,rate10,development,Figure2!279:columns13-14
rate10:row280,rate10,development,Figure2!280:columns13-14
rate10:row281,rate10,development,Figure2!281:columns13-14
rate10:row282,rate10,development,Figure2!282:columns13-14
rate10:row283,rate10,development,Figure2!283:columns13-14
rate10:row284,rate10,development,Figure2!284:columns13-14
rate10:row285,rate10,development,Figure2!285:columns13-14
rate10:row286,rate10,development,Figure2!286:columns13-14
rate10:row287,rate10,development,Figure2!287:columns13-14
rate10:row288,rate10,development,Figure2!288:columns13-14
rate10:row289,rate10,development,Figure2!289:columns13-14
rate10:row290,rate10,development,Figure2!290:columns13-14
rate10:row291,rate10,development,Figure2!291:columns13-14
rate10:row292,rate10,development,Figure2!292:columns13-14
rate10:row293,rate10,development,Figure2!293:columns13-14
rate10:row294,rate10,development,Figure2!294:columns13-14
rate10:row295,rate10,development,Figure2!295:columns13-14
rate10:row296,rate10,development,Figure2!296:columns13-14
rate10:row297,rate10,development,Figure2!297:columns13-14
rate10:row298,rate10,development,Figure2!298:columns13-14
rate10:row299,rate10,development,Figure2!299:columns13-14
rate10:row300,rate10,development,Figure2!300:columns13-14
rate10:row301,rate10,development,Figure2!301:columns13-14
rate10:row302,rate10,development,Figure2!302:columns13-14
rate10:row303,rate10,development,Figure2!303:columns13-14
rate10:row304,rate10,development,Figure2!304:columns13-14
rate10:row305,rate10,development,Figure2!305:columns13-14
rate10:row306,rate10,development,Figure2!306:columns13-14
rate10:row307,rate10,development,Figure2!307:columns13-14
rate10:row308,rate10,development,Figure2!308:columns13-14
rate10:row309,rate10,development,Figure2!309:columns13-14
rate10:row310,rate10,development,Figure2!310:columns13-14
rate10:row311,rate10,development,Figure2!311:columns13-14
rate10:row312,rate10,development,Figure2!312:columns13-14
rate10:row313,rate10,development,Figure2!313:columns13-14
rate10:row314,rate10,development,Figure2!314:columns13-14
rate10:row315,rate10,development,Figure2!315:columns13-14
rate10:row316,rate10,development,Figure2!316:columns13-14
rate10:row317,rate10,development,Figure2!317:columns13-14
rate10:row318,rate10,development,Figure2!318:columns13-14
rate10:row319,rate10,development,Figure2!319:columns13-14
rate10:row320,rate10,development,Figure2!320:columns13-14
rate10:row321,rate10,development,Figure2!321:columns13-14
rate10:row322,rate10,development,Figure2!322:columns13-14
rate10:row323,rate10,development,Figure2!323:columns13-14
rate10:row324,rate10,development,Figure2!324:columns13-14
rate10:row325,rate10,development,Figure2!325:columns13-14
rate10:row326,rate10,development,Figure2!326:columns13-14
rate10:row327,rate10,development,Figure2!327:columns13-14
rate10:row328,rate10,development,Figure2!328:columns13-14
rate10:row329,rate10,development,Figure2!329:columns13-14
rate10:row330,rate10,development,Figure2!330:columns13-14
rate10:row331,rate10,development,Figure2!331:columns13-14
rate10:row332,rate10,development,Figure2!332:columns13-14
rate10:row333,rate10,development,Figure2!333:columns13-14
rate10:row334,rate10,development,Figure2!334:columns13-14
rate10:row335,rate10,development,Figure2!335:columns13-14
rate10:row336,rate10,development,Figure2!336:columns13-14
rate10:row337,rate10,development,Figure2!337:columns13-14
rate10:row338,rate10,development,Figure2!338:columns13-14
rate10:row339,rate10,development,Figure2!339:columns13-14
rate10:row340,rate10,development,Figure2!340:columns13-14
rate10:row341,rate10,development,Figure2!341:columns13-14
rate10:row342,rate10,development,Figure2!342:columns13-14
rate10:row343,rate10,development,Figure2!343:columns13-14
rate10:row344,rate10,development,Figure2!344:columns13-14
rate10:row345,rate10,development,Figure2!345:columns13-14
rate10:row346,rate10,development,Figure2!346:columns13-14
rate10:row347,rate10,development,Figure2!347:columns13-14
rate10:row348,rate10,development,Figure2!348:columns13-14
rate10:row349,rate10,development,Figure2!349:columns13-14
rate10:row350,rate10,development,Figure2!350:columns13-14
rate10:row351,rate10,development,Figure2!351:columns13-14
rate10:row352,rate10,development,Figure2!352:columns13-14
rate10:row353,rate10,development,Figure2!353:columns13-14
rate10:row354,rate10,development,Figure2!354:columns13-14
rate10:row355,rate10,development,Figure2!355:columns13-14
rate10:row356,rate10,development,Figure2!356:columns13-14
rate10:row357,rate10,development,Figure2!357:columns13-14
rate10:row358,rate10,development,Figure2!358:columns13-14
rate10:row359,rate10,development,Figure2!359:columns13-14
rate10:row360,rate10,development,Figure2!360:columns13-14
rate10:row361,rate10,development,Figure2!361:columns13-14
rate10:row362,rate10,development,Figure2!362:columns13-14
rate10:row363,rate10,development,Figure2!363:columns13-14
rate10:row364,rate10,development,Figure2!364:columns13-14
rate10:row365,rate10,development,Figure2!365:columns13-14
rate10:row366,rate10,development,Figure2!366:columns13-14
rate10:row367,rate10,development,Figure2!367:columns13-14
rate10:row368,rate10,development,Figure2!368:columns13-14
rate10:row369,rate10,development,Figure2!369:columns13-14
rate10:row370,rate10,development,Figure2!370:columns13-14
rate10:row371,rate10,development,Figure2!371:columns13-14
rate10:row372,rate10,development,Figure2!372:columns13-14
rate10:row373,rate10,development,Figure2!373:columns13-14
rate10:row374,rate10,development,Figure2!374:columns13-14
rate10:row375,rate10,development,Figure2!375:columns13-14
rate10:row376,rate10,development,Figure2!376:columns13-14
rate10:row377,rate10,development,Figure2!377:columns13-14
rate10:row378,rate10,development,Figure2!378:columns13-14
rate10:row379,rate10,development,Figure2!379:columns13-14
rate10:row380,rate10,development,Figure2!380:columns13-14
rate10:row381,rate10,development,Figure2!381:columns13-14
rate10:row382,rate10,development,Figure2!382:columns13-14
rate10:row383,rate10,development,Figure2!383:columns13-14
rate10:row384,rate10,development,Figure2!384:columns13-14
rate10:row385,rate10,development,Figure2!385:columns13-14
rate10:row386,rate10,development,Figure2!386:columns13-14
rate10:row387,rate10,development,Figure2!387:columns13-14
rate10:row388,rate10,development,Figure2!388:columns13-14
rate10:row389,rate10,development,Figure2!389:columns13-14
rate10:row390,rate10,development,Figure2!390:columns13-14
rate10:row391,rate10,development,Figure2!391:columns13-14
rate10:row392,rate10,development,Figure2!392:columns13-14
rate10:row393,rate10,development,Figure2!393:columns13-14
rate10:row394,rate10,development,Figure2!394:columns13-14
rate10:row395,rate10,development,Figure2!395:columns13-14
rate10:row396,rate10,development,Figure2!396:columns13-14
rate10:row397,rate10,development,Figure2!397:columns13-14
rate10:row398,rate10,development,Figure2!398:columns13-14
rate10:row399,rate10,development,Figure2!399:columns13-14
rate10:row400,rate10,development,Figure2!400:columns13-14
rate10:row401,rate10,development,Figure2!401:columns13-14
rate10:row402,rate10,development,Figure2!402:columns13-14
rate10:row403,rate10,development,Figure2!403:columns13-14
rate10:row404,rate10,development,Figure2!404:columns13-14
rate10:row405,rate10,development,Figure2!405:columns13-14
rate10:row406,rate10,development,Figure2!406:columns13-14
rate10:row407,rate10,development,Figure2!407:columns13-14
rate10:row408,rate10,development,Figure2!408:columns13-14
rate10:row409,rate10,development,Figure2!409:columns13-14
rate10:row410,rate10,development,Figure2!410:columns13-14
rate10:row411,rate10,development,Figure2!411:columns13-14
rate10:row412,rate10,development,Figure2!412:columns13-14
rate10:row413,rate10,development,Figure2!413:columns13-14
rate10:row414,rate10,development,Figure2!414:columns13-14
rate10:row415,rate10,development,Figure2!415:columns13-14
rate10:row416,rate10,development,Figure2!416:columns13-14
rate10:row417,rate10,development,Figure2!417:columns13-14
rate10:row418,rate10,development,Figure2!418:columns13-14
rate10:row419,rate10,development,Figure2!419:columns13-14
rate10:row420,rate10,development,Figure2!420:columns13-14
rate10:row421,rate10,development,Figure2!421:columns13-14
rate10:row422,rate10,development,Figure2!422:columns13-14
rate10:row423,rate10,development,Figure2!423:columns13-14
rate10:row424,rate10,development,Figure2!424:columns13-14
rate10:row425,rate10,development,Figure2!425:columns13-14
rate10:row426,rate10,development,Figure2!426:columns13-14
rate10:row427,rate10,development,Figure2!427:columns13-14
rate10:row428,rate10,development,Figure2!428:columns13-14
rate10:row429,rate10,development,Figure2!429:columns13-14
rate10:row430,rate10,development,Figure2!430:columns13-14
rate10:row431,rate10,development,Figure2!431:columns13-14
rate10:row432,rate10,development,Figure2!432:columns13-14
rate10:row433,rate10,development,Figure2!433:columns13-14
rate10:row434,rate10,development,Figure2!434:columns13-14
rate10:row435,rate10,development,Figure2!435:columns13-14
rate10:row436,rate10,development,Figure2!436:columns13-14
rate10:row437,rate10,development,Figure2!437:columns13-14
rate10:row438,rate10,development,Figure2!438:columns13-14
rate10:row439,rate10,development,Figure2!439:columns13-14
rate10:row440,rate10,development,Figure2!440:columns13-14
rate10:row441,rate10,development,Figure2!441:columns13-14
rate10:row442,rate10,development,Figure2!442:columns13-14
rate10:row443,rate10,development,Figure2!443:columns13-14
rate10:row444,rate10,development,Figure2!444:columns13-14
rate10:row445,rate10,development,Figure2!445:columns13-14
rate10:row446,rate10,development,Figure2!446:columns13-14
rate10:row447,rate10,development,Figure2!447:columns13-14
rate10:row448,rate10,development,Figure2!448:columns13-14
rate10:row449,rate10,development,Figure2!449:columns13-14
rate10:row450,rate10,development,Figure2!450:columns13-14
rate10:row451,rate10,development,Figure2!451:columns13-14
rate10:row452,rate10,development,Figure2!452:columns13-14
rate10:row453,rate10,development,Figure2!453:columns13-14
rate10:row454,rate10,development,Figure2!454:columns13-14
rate10:row455,rate10,development,Figure2!455:columns13-14
rate10:row456,rate10,development,Figure2!456:columns13-14
rate10:row457,rate10,development,Figure2!457:columns13-14
rate10:row458,rate10,development,Figure2!458:columns13-14
rate10:row459,rate10,development,Figure2!459:columns13-14
rate10:row460,rate10,development,Figure2!460:columns13-14
rate10:row461,rate10,development,Figure2!461:columns13-14
rate10:row462,rate10,development,Figure2!462:columns13-14
rate10:row463,rate10,development,Figure2!463:columns13-14
rate10:row464,rate10,development,Figure2!464:columns13-14
rate10:row465,rate10,development,Figure2!465:columns13-14
rate10:row466,rate10,development,Figure2!466:columns13-14
rate10:row467,rate10,development,Figure2!467:columns13-14
rate10:row468,rate10,development,Figure2!468:columns13-14
rate10:row469,rate10,development,Figure2!469:columns13-14
rate10:row470,rate10,development,Figure2!470:columns13-14
rate10:row471,rate10,development,Figure2!471:columns13-14
rate10:row472,rate10,development,Figure2!472:columns13-14
rate10:row473,rate10,development,Figure2!473:columns13-14
rate10:row474,rate10,development,Figure2!474:columns13-14
rate10:row475,rate10,development,Figure2!475:columns13-14
rate10:row476,rate10,development,Figure2!476:columns13-14
rate10:row477,rate10,development,Figure2!477:columns13-14
rate10:row478,rate10,development,Figure2!478:columns13-14
rate10:row479,rate10,development,Figure2!479:columns13-14
rate10:row480,rate10,development,Figure2!480:columns13-14
rate10:row481,rate10,development,Figure2!481:columns13-14
rate20:row3,rate20,confirmation,Figure2!3:columns17-18
rate20:row4,rate20,confirmation,Figure2!4:columns17-18
rate20:row5,rate20,confirmation,Figure2!5:columns17-18
rate20:row6,rate20,confirmation,Figure2!6:columns17-18
rate20:row7,rate20,confirmation,Figure2!7:columns17-18
rate20:row8,rate20,confirmation,Figure2!8:columns17-18
rate20:row9,rate20,confirmation,Figure2!9:columns17-18
rate20:row10,rate20,confirmation,Figure2!10:columns17-18
rate20:row11,rate20,confirmation,Figure2!11:columns17-18
rate20:row12,rate20,confirmation,Figure2!12:columns17-18
rate20:row13,rate20,confirmation,Figure2!13:columns17-18
rate20:row14,rate20,confirmation,Figure2!14:columns17-18
rate20:row15,rate20,confirmation,Figure2!15:columns17-18
rate20:row16,rate20,confirmation,Figure2!16:columns17-18
rate20:row17,rate20,confirmation,Figure2!17:columns17-18
rate20:row18,rate20,confirmation,Figure2!18:columns17-18
rate20:row19,rate20,confirmation,Figure2!19:columns17-18
rate20:row20,rate20,confirmation,Figure2!20:columns17-18
rate20:row21,rate20,confirmation,Figure2!21:columns17-18
rate20:row22,rate20,confirmation,Figure2!22:columns17-18
rate20:row23,rate20,confirmation,Figure2!23:columns17-18
rate20:row24,rate20,confirmation,Figure2!24:columns17-18
rate20:row25,rate20,confirmation,Figure2!25:columns17-18
rate20:row26,rate20,confirmation,Figure2!26:columns17-18
rate20:row27,rate20,confirmation,Figure2!27:columns17-18
rate20:row28,rate20,confirmation,Figure2!28:columns17-18
rate20:row29,rate20,confirmation,Figure2!29:columns17-18
rate20:row30,rate20,confirmation,Figure2!30:columns17-18
rate20:row31,rate20,confirmation,Figure2!31:columns17-18
rate20:row32,rate20,confirmation,Figure2!32:columns17-18
rate20:row33,rate20,confirmation,Figure2!33:columns17-18
rate20:row34,rate20,confirmation,Figure2!34:columns17-18
rate20:row35,rate20,confirmation,Figure2!35:columns17-18
rate20:row36,rate20,confirmation,Figure2!36:columns17-18
rate20:row37,rate20,confirmation,Figure2!37:columns17-18
rate20:row38,rate20,confirmation,Figure2!38:columns17-18
rate20:row39,rate20,confirmation,Figure2!39:columns17-18
rate20:row40,rate20,confirmation,Figure2!40:columns17-18
rate20:row41,rate20,confirmation,Figure2!41:columns17-18
rate20:row42,rate20,confirmation,Figure2!42:columns17-18
rate20:row43,rate20,confirmation,Figure2!43:columns17-18
rate20:row44,rate20,confirmation,Figure2!44:columns17-18
rate20:row45,rate20,confirmation,Figure2!45:columns17-18
rate20:row46,rate20,confirmation,Figure2!46:columns17-18
rate20:row47,rate20,confirmation,Figure2!47:columns17-18
rate20:row48,rate20,confirmation,Figure2!48:columns17-18
rate20:row49,rate20,confirmation,Figure2!49:columns17-18
rate20:row50,rate20,confirmation,Figure2!50:columns17-18
rate20:row51,rate20,confirmation,Figure2!51:columns17-18
rate20:row52,rate20,confirmation,Figure2!52:columns17-18
rate20:row53,rate20,confirmation,Figure2!53:columns17-18
rate20:row54,rate20,confirmation,Figure2!54:columns17-18
rate20:row55,rate20,confirmation,Figure2!55:columns17-18
rate20:row56,rate20,confirmation,Figure2!56:columns17-18
rate20:row57,rate20,confirmation,Figure2!57:columns17-18
rate20:row58,rate20,confirmation,Figure2!58:columns17-18
rate20:row59,rate20,confirmation,Figure2!59:columns17-18
rate20:row60,rate20,confirmation,Figure2!60:columns17-18
rate20:row61,rate20,confirmation,Figure2!61:columns17-18
rate20:row62,rate20,confirmation,Figure2!62:columns17-18
rate20:row63,rate20,confirmation,Figure2!63:columns17-18
rate20:row64,rate20,confirmation,Figure2!64:columns17-18
rate20:row65,rate20,confirmation,Figure2!65:columns17-18
rate20:row66,rate20,confirmation,Figure2!66:columns17-18
rate20:row67,rate20,confirmation,Figure2!67:columns17-18
rate20:row68,rate20,confirmation,Figure2!68:columns17-18
rate20:row69,rate20,confirmation,Figure2!69:columns17-18
rate20:row70,rate20,confirmation,Figure2!70:columns17-18
rate20:row71,rate20,confirmation,Figure2!71:columns17-18
rate20:row72,rate20,confirmation,Figure2!72:columns17-18
rate20:row73,rate20,confirmation,Figure2!73:columns17-18
rate20:row74,rate20,confirmation,Figure2!74:columns17-18
rate20:row75,rate20,confirmation,Figure2!75:columns17-18
rate20:row76,rate20,confirmation,Figure2!76:columns17-18
rate20:row77,rate20,confirmation,Figure2!77:columns17-18
rate20:row78,rate20,confirmation,Figure2!78:columns17-18
rate20:row79,rate20,confirmation,Figure2!79:columns17-18
rate20:row80,rate20,confirmation,Figure2!80:columns17-18
rate20:row81,rate20,confirmation,Figure2!81:columns17-18
rate20:row82,rate20,confirmation,Figure2!82:columns17-18
rate20:row83,rate20,confirmation,Figure2!83:columns17-18
rate20:row84,rate20,confirmation,Figure2!84:columns17-18
rate20:row85,rate20,confirmation,Figure2!85:columns17-18
rate20:row86,rate20,confirmation,Figure2!86:columns17-18
rate20:row87,rate20,confirmation,Figure2!87:columns17-18
rate20:row88,rate20,confirmation,Figure2!88:columns17-18
rate20:row89,rate20,confirmation,Figure2!89:columns17-18
rate20:row90,rate20,confirmation,Figure2!90:columns17-18
rate20:row91,rate20,confirmation,Figure2!91:columns17-18
rate20:row92,rate20,confirmation,Figure2!92:columns17-18
rate20:row93,rate20,confirmation,Figure2!93:columns17-18
rate20:row94,rate20,confirmation,Figure2!94:columns17-18
rate20:row95,rate20,confirmation,Figure2!95:columns17-18
rate20:row96,rate20,confirmation,Figure2!96:columns17-18
rate20:row97,rate20,confirmation,Figure2!97:columns17-18
rate20:row98,rate20,confirmation,Figure2!98:columns17-18
rate20:row99,rate20,confirmation,Figure2!99:columns17-18
rate20:row100,rate20,confirmation,Figure2!100:columns17-18
rate20:row101,rate20,confirmation,Figure2!101:columns17-18
rate20:row102,rate20,confirmation,Figure2!102:columns17-18
rate20:row103,rate20,confirmation,Figure2!103:columns17-18
rate20:row104,rate20,confirmation,Figure2!104:columns17-18
rate20:row105,rate20,confirmation,Figure2!105:columns17-18
rate20:row106,rate20,confirmation,Figure2!106:columns17-18
rate20:row107,rate20,confirmation,Figure2!107:columns17-18
rate20:row108,rate20,confirmation,Figure2!108:columns17-18
rate20:row109,rate20,confirmation,Figure2!109:columns17-18
rate20:row110,rate20,confirmation,Figure2!110:columns17-18
rate20:row111,rate20,confirmation,Figure2!111:columns17-18
rate20:row112,rate20,confirmation,Figure2!112:columns17-18
rate20:row113,rate20,confirmation,Figure2!113:columns17-18
rate20:row114,rate20,confirmation,Figure2!114:columns17-18
rate20:row115,rate20,confirmation,Figure2!115:columns17-18
rate20:row116,rate20,confirmation,Figure2!116:columns17-18
rate20:row117,rate20,confirmation,Figure2!117:columns17-18
rate20:row118,rate20,confirmation,Figure2!118:columns17-18
rate20:row119,rate20,confirmation,Figure2!119:columns17-18
rate20:row120,rate20,confirmation,Figure2!120:columns17-18
rate20:row121,rate20,confirmation,Figure2!121:columns17-18
rate20:row122,rate20,confirmation,Figure2!122:columns17-18
rate20:row123,rate20,confirmation,Figure2!123:columns17-18
rate20:row124,rate20,confirmation,Figure2!124:columns17-18
rate20:row125,rate20,confirmation,Figure2!125:columns17-18
rate20:row126,rate20,confirmation,Figure2!126:columns17-18
rate20:row127,rate20,confirmation,Figure2!127:columns17-18
rate20:row128,rate20,confirmation,Figure2!128:columns17-18
rate20:row129,rate20,confirmation,Figure2!129:columns17-18
rate20:row130,rate20,confirmation,Figure2!130:columns17-18
rate20:row131,rate20,confirmation,Figure2!131:columns17-18
rate20:row132,rate20,confirmation,Figure2!132:columns17-18
rate20:row133,rate20,confirmation,Figure2!133:columns17-18
rate20:row134,rate20,confirmation,Figure2!134:columns17-18
rate20:row135,rate20,confirmation,Figure2!135:columns17-18
rate20:row136,rate20,confirmation,Figure2!136:columns17-18
rate20:row137,rate20,confirmation,Figure2!137:columns17-18
rate20:row138,rate20,confirmation,Figure2!138:columns17-18
rate20:row139,rate20,confirmation,Figure2!139:columns17-18
rate20:row140,rate20,confirmation,Figure2!140:columns17-18
rate20:row141,rate20,confirmation,Figure2!141:columns17-18
rate20:row142,rate20,confirmation,Figure2!142:columns17-18
rate20:row143,rate20,confirmation,Figure2!143:columns17-18
rate20:row144,rate20,confirmation,Figure2!144:columns17-18
rate20:row145,rate20,confirmation,Figure2!145:columns17-18
rate20:row146,rate20,confirmation,Figure2!146:columns17-18
rate20:row147,rate20,confirmation,Figure2!147:columns17-18
rate20:row148,rate20,confirmation,Figure2!148:columns17-18
rate20:row149,rate20,confirmation,Figure2!149:columns17-18
rate20:row150,rate20,confirmation,Figure2!150:columns17-18
rate20:row151,rate20,confirmation,Figure2!151:columns17-18
rate20:row152,rate20,confirmation,Figure2!152:columns17-18
rate20:row153,rate20,confirmation,Figure2!153:columns17-18
rate20:row154,rate20,confirmation,Figure2!154:columns17-18
rate20:row155,rate20,confirmation,Figure2!155:columns17-18
rate20:row156,rate20,confirmation,Figure2!156:columns17-18
rate20:row157,rate20,confirmation,Figure2!157:columns17-18
rate20:row158,rate20,confirmation,Figure2!158:columns17-18
rate20:row159,rate20,confirmation,Figure2!159:columns17-18
rate20:row160,rate20,confirmation,Figure2!160:columns17-18
rate20:row161,rate20,confirmation,Figure2!161:columns17-18
rate20:row162,rate20,confirmation,Figure2!162:columns17-18
rate20:row163,rate20,confirmation,Figure2!163:columns17-18
rate20:row164,rate20,confirmation,Figure2!164:columns17-18
rate20:row165,rate20,confirmation,Figure2!165:columns17-18
rate20:row166,rate20,confirmation,Figure2!166:columns17-18
rate20:row167,rate20,confirmation,Figure2!167:columns17-18
rate20:row168,rate20,confirmation,Figure2!168:columns17-18
rate20:row169,rate20,confirmation,Figure2!169:columns17-18
rate20:row170,rate20,confirmation,Figure2!170:columns17-18
rate20:row171,rate20,confirmation,Figure2!171:columns17-18
rate20:row172,rate20,confirmation,Figure2!172:columns17-18
rate20:row173,rate20,confirmation,Figure2!173:columns17-18
rate20:row174,rate20,confirmation,Figure2!174:columns17-18
rate20:row175,rate20,confirmation,Figure2!175:columns17-18
rate20:row176,rate20,confirmation,Figure2!176:columns17-18
rate20:row177,rate20,confirmation,Figure2!177:columns17-18
rate20:row178,rate20,confirmation,Figure2!178:columns17-18
rate20:row179,rate20,confirmation,Figure2!179:columns17-18
rate20:row180,rate20,confirmation,Figure2!180:columns17-18
rate20:row181,rate20,confirmation,Figure2!181:columns17-18
rate20:row182,rate20,confirmation,Figure2!182:columns17-18
rate20:row183,rate20,confirmation,Figure2!183:columns17-18
rate20:row184,rate20,confirmation,Figure2!184:columns17-18
rate20:row185,rate20,confirmation,Figure2!185:columns17-18
rate20:row186,rate20,confirmation,Figure2!186:columns17-18
rate20:row187,rate20,confirmation,Figure2!187:columns17-18
rate20:row188,rate20,confirmation,Figure2!188:columns17-18
rate20:row189,rate20,confirmation,Figure2!189:columns17-18
rate20:row190,rate20,confirmation,Figure2!190:columns17-18
rate20:row191,rate20,confirmation,Figure2!191:columns17-18
rate20:row192,rate20,confirmation,Figure2!192:columns17-18
rate20:row193,rate20,confirmation,Figure2!193:columns17-18
rate20:row194,rate20,confirmation,Figure2!194:columns17-18
rate20:row195,rate20,confirmation,Figure2!195:columns17-18
rate20:row196,rate20,confirmation,Figure2!196:columns17-18
rate20:row197,rate20,confirmation,Figure2!197:columns17-18
rate20:row198,rate20,confirmation,Figure2!198:columns17-18
rate20:row199,rate20,confirmation,Figure2!199:columns17-18
rate20:row200,rate20,confirmation,Figure2!200:columns17-18
rate20:row201,rate20,confirmation,Figure2!201:columns17-18
rate20:row202,rate20,confirmation,Figure2!202:columns17-18
rate20:row203,rate20,confirmation,Figure2!203:columns17-18
rate20:row204,rate20,confirmation,Figure2!204:columns17-18
rate20:row205,rate20,confirmation,Figure2!205:columns17-18
rate20:row206,rate20,confirmation,Figure2!206:columns17-18
rate20:row207,rate20,confirmation,Figure2!207:columns17-18
rate20:row208,rate20,confirmation,Figure2!208:columns17-18
rate20:row209,rate20,confirmation,Figure2!209:columns17-18
rate20:row210,rate20,confirmation,Figure2!210:columns17-18
rate20:row211,rate20,confirmation,Figure2!211:columns17-18
rate20:row212,rate20,confirmation,Figure2!212:columns17-18
rate20:row213,rate20,confirmation,Figure2!213:columns17-18
rate20:row214,rate20,confirmation,Figure2!214:columns17-18
rate20:row215,rate20,confirmation,Figure2!215:columns17-18
rate20:row216,rate20,confirmation,Figure2!216:columns17-18
rate20:row217,rate20,confirmation,Figure2!217:columns17-18
rate20:row218,rate20,confirmation,Figure2!218:columns17-18
rate20:row219,rate20,confirmation,Figure2!219:columns17-18
rate20:row220,rate20,confirmation,Figure2!220:columns17-18
rate20:row221,rate20,confirmation,Figure2!221:columns17-18
rate20:row222,rate20,confirmation,Figure2!222:columns17-18
rate20:row223,rate20,confirmation,Figure2!223:columns17-18
rate20:row224,rate20,confirmation,Figure2!224:columns17-18
rate20:row225,rate20,confirmation,Figure2!225:columns17-18
rate20:row226,rate20,confirmation,Figure2!226:columns17-18
rate20:row227,rate20,confirmation,Figure2!227:columns17-18
rate20:row228,rate20,confirmation,Figure2!228:columns17-18
rate20:row229,rate20,confirmation,Figure2!229:columns17-18
rate20:row230,rate20,confirmation,Figure2!230:columns17-18
rate20:row231,rate20,confirmation,Figure2!231:columns17-18
rate20:row232,rate20,confirmation,Figure2!232:columns17-18
rate20:row233,rate20,confirmation,Figure2!233:columns17-18
rate20:row234,rate20,confirmation,Figure2!234:columns17-18
rate20:row235,rate20,confirmation,Figure2!235:columns17-18
rate20:row236,rate20,confirmation,Figure2!236:columns17-18
rate20:row237,rate20,confirmation,Figure2!237:columns17-18
rate20:row238,rate20,confirmation,Figure2!238:columns17-18
rate20:row239,rate20,confirmation,Figure2!239:columns17-18
rate20:row240,rate20,confirmation,Figure2!240:columns17-18
rate20:row241,rate20,confirmation,Figure2!241:columns17-18
rate20:row242,rate20,confirmation,Figure2!242:columns17-18
rate20:row243,rate20,confirmation,Figure2!243:columns17-18
rate20:row244,rate20,confirmation,Figure2!244:columns17-18
rate20:row245,rate20,confirmation,Figure2!245:columns17-18
rate20:row246,rate20,confirmation,Figure2!246:columns17-18
rate20:row247,rate20,confirmation,Figure2!247:columns17-18
rate20:row248,rate20,confirmation,Figure2!248:columns17-18
rate20:row249,rate20,confirmation,Figure2!249:columns17-18
rate20:row250,rate20,confirmation,Figure2!250:columns17-18
rate20:row251,rate20,confirmation,Figure2!251:columns17-18
rate20:row252,rate20,confirmation,Figure2!252:columns17-18
rate20:row253,rate20,confirmation,Figure2!253:columns17-18
rate20:row254,rate20,confirmation,Figure2!254:columns17-18
rate20:row255,rate20,confirmation,Figure2!255:columns17-18
rate20:row256,rate20,confirmation,Figure2!256:columns17-18
rate20:row257,rate20,confirmation,Figure2!257:columns17-18
rate20:row258,rate20,confirmation,Figure2!258:columns17-18
rate20:row259,rate20,confirmation,Figure2!259:columns17-18
rate20:row260,rate20,confirmation,Figure2!260:columns17-18
rate20:row261,rate20,confirmation,Figure2!261:columns17-18
rate20:row262,rate20,confirmation,Figure2!262:columns17-18
rate20:row263,rate20,confirmation,Figure2!263:columns17-18
rate20:row264,rate20,confirmation,Figure2!264:columns17-18
rate20:row265,rate20,confirmation,Figure2!265:columns17-18
rate20:row266,rate20,confirmation,Figure2!266:columns17-18
rate20:row267,rate20,confirmation,Figure2!267:columns17-18
rate20:row268,rate20,confirmation,Figure2!268:columns17-18
rate20:row269,rate20,confirmation,Figure2!269:columns17-18
rate20:row270,rate20,confirmation,Figure2!270:columns17-18
rate20:row271,rate20,confirmation,Figure2!271:columns17-18
rate20:row272,rate20,confirmation,Figure2!272:columns17-18
rate20:row273,rate20,confirmation,Figure2!273:columns17-18
rate20:row274,rate20,confirmation,Figure2!274:columns17-18
rate20:row275,rate20,confirmation,Figure2!275:columns17-18
rate20:row276,rate20,confirmation,Figure2!276:columns17-18
rate20:row277,rate20,confirmation,Figure2!277:columns17-18
rate20:row278,rate20,confirmation,Figure2!278:columns17-18
rate20:row279,rate20,confirmation,Figure2!279:columns17-18
rate20:row280,rate20,confirmation,Figure2!280:columns17-18
rate20:row281,rate20,confirmation,Figure2!281:columns17-18
rate20:row282,rate20,confirmation,Figure2!282:columns17-18
rate20:row283,rate20,confirmation,Figure2!283:columns17-18
rate20:row284,rate20,confirmation,Figure2!284:columns17-18
rate20:row285,rate20,confirmation,Figure2!285:columns17-18
rate20:row286,rate20,confirmation,Figure2!286:columns17-18
rate20:row287,rate20,confirmation,Figure2!287:columns17-18
rate20:row288,rate20,confirmation,Figure2!288:columns17-18
rate20:row289,rate20,confirmation,Figure2!289:columns17-18
rate20:row290,rate20,confirmation,Figure2!290:columns17-18
rate20:row291,rate20,confirmation,Figure2!291:columns17-18
rate20:row292,rate20,confirmation,Figure2!292:columns17-18
rate20:row293,rate20,confirmation,Figure2!293:columns17-18
rate20:row294,rate20,confirmation,Figure2!294:columns17-18
rate20:row295,rate20,confirmation,Figure2!295:columns17-18
rate20:row296,rate20,confirmation,Figure2!296:columns17-18
rate20:row297,rate20,confirmation,Figure2!297:columns17-18
rate20:row298,rate20,confirmation,Figure2!298:columns17-18
rate20:row299,rate20,confirmation,Figure2!299:columns17-18
rate20:row300,rate20,confirmation,Figure2!300:columns17-18
rate20:row301,rate20,confirmation,Figure2!301:columns17-18
rate20:row302,rate20,confirmation,Figure2!302:columns17-18
rate20:row303,rate20,confirmation,Figure2!303:columns17-18
rate20:row304,rate20,confirmation,Figure2!304:columns17-18
rate20:row305,rate20,confirmation,Figure2!305:columns17-18
rate20:row306,rate20,confirmation,Figure2!306:columns17-18
rate20:row307,rate20,confirmation,Figure2!307:columns17-18
rate20:row308,rate20,confirmation,Figure2!308:columns17-18
rate20:row309,rate20,confirmation,Figure2!309:columns17-18
rate20:row310,rate20,confirmation,Figure2!310:columns17-18
rate20:row311,rate20,confirmation,Figure2!311:columns17-18
rate20:row312,rate20,confirmation,Figure2!312:columns17-18
rate20:row313,rate20,confirmation,Figure2!313:columns17-18
rate20:row314,rate20,confirmation,Figure2!314:columns17-18
rate20:row315,rate20,confirmation,Figure2!315:columns17-18
rate20:row316,rate20,confirmation,Figure2!316:columns17-18
rate20:row317,rate20,confirmation,Figure2!317:columns17-18
rate20:row318,rate20,confirmation,Figure2!318:columns17-18
rate20:row319,rate20,confirmation,Figure2!319:columns17-18
rate20:row320,rate20,confirmation,Figure2!320:columns17-18
rate20:row321,rate20,confirmation,Figure2!321:columns17-18
rate20:row322,rate20,confirmation,Figure2!322:columns17-18
rate20:row323,rate20,confirmation,Figure2!323:columns17-18
rate20:row324,rate20,confirmation,Figure2!324:columns17-18
rate20:row325,rate20,confirmation,Figure2!325:columns17-18
rate20:row326,rate20,confirmation,Figure2!326:columns17-18
rate20:row327,rate20,confirmation,Figure2!327:columns17-18
rate20:row328,rate20,confirmation,Figure2!328:columns17-18
rate20:row329,rate20,confirmation,Figure2!329:columns17-18
rate20:row330,rate20,confirmation,Figure2!330:columns17-18
rate20:row331,rate20,confirmation,Figure2!331:columns17-18
rate20:row332,rate20,confirmation,Figure2!332:columns17-18
rate20:row333,rate20,confirmation,Figure2!333:columns17-18
rate20:row334,rate20,confirmation,Figure2!334:columns17-18
rate20:row335,rate20,confirmation,Figure2!335:columns17-18
rate20:row336,rate20,confirmation,Figure2!336:columns17-18
rate20:row337,rate20,confirmation,Figure2!337:columns17-18
rate20:row338,rate20,confirmation,Figure2!338:columns17-18
rate20:row339,rate20,confirmation,Figure2!339:columns17-18
rate20:row340,rate20,confirmation,Figure2!340:columns17-18
rate20:row341,rate20,confirmation,Figure2!341:columns17-18
rate20:row342,rate20,confirmation,Figure2!342:columns17-18
rate20:row343,rate20,confirmation,Figure2!343:columns17-18
rate20:row344,rate20,confirmation,Figure2!344:columns17-18
rate20:row345,rate20,confirmation,Figure2!345:columns17-18
rate20:row346,rate20,confirmation,Figure2!346:columns17-18
rate20:row347,rate20,confirmation,Figure2!347:columns17-18
rate20:row348,rate20,confirmation,Figure2!348:columns17-18
rate20:row349,rate20,confirmation,Figure2!349:columns17-18
rate20:row350,rate20,confirmation,Figure2!350:columns17-18
rate20:row351,rate20,confirmation,Figure2!351:columns17-18
rate20:row352,rate20,confirmation,Figure2!352:columns17-18
rate20:row353,rate20,confirmation,Figure2!353:columns17-18
rate20:row354,rate20,confirmation,Figure2!354:columns17-18
rate20:row355,rate20,confirmation,Figure2!355:columns17-18
rate20:row356,rate20,confirmation,Figure2!356:columns17-18
rate20:row357,rate20,confirmation,Figure2!357:columns17-18
rate20:row358,rate20,confirmation,Figure2!358:columns17-18
rate20:row359,rate20,confirmation,Figure2!359:columns17-18
rate20:row360,rate20,confirmation,Figure2!360:columns17-18
rate20:row361,rate20,confirmation,Figure2!361:columns17-18
rate20:row362,rate20,confirmation,Figure2!362:columns17-18
rate20:row363,rate20,confirmation,Figure2!363:columns17-18
rate20:row364,rate20,confirmation,Figure2!364:columns17-18
rate20:row365,rate20,confirmation,Figure2!365:columns17-18
rate20:row366,rate20,confirmation,Figure2!366:columns17-18
rate20:row367,rate20,confirmation,Figure2!367:columns17-18
rate20:row368,rate20,confirmation,Figure2!368:columns17-18
rate20:row369,rate20,confirmation,Figure2!369:columns17-18
rate20:row370,rate20,confirmation,Figure2!370:columns17-18
rate20:row371,rate20,confirmation,Figure2!371:columns17-18
rate20:row372,rate20,confirmation,Figure2!372:columns17-18
rate20:row373,rate20,confirmation,Figure2!373:columns17-18
rate20:row374,rate20,confirmation,Figure2!374:columns17-18
rate20:row375,rate20,confirmation,Figure2!375:columns17-18
rate20:row376,rate20,confirmation,Figure2!376:columns17-18
rate20:row377,rate20,confirmation,Figure2!377:columns17-18
rate20:row378,rate20,confirmation,Figure2!378:columns17-18
rate20:row379,rate20,confirmation,Figure2!379:columns17-18
rate20:row380,rate20,confirmation,Figure2!380:columns17-18
rate20:row381,rate20,confirmation,Figure2!381:columns17-18
rate20:row382,rate20,confirmation,Figure2!382:columns17-18
rate20:row383,rate20,confirmation,Figure2!383:columns17-18
rate20:row384,rate20,confirmation,Figure2!384:columns17-18
rate20:row385,rate20,confirmation,Figure2!385:columns17-18
rate20:row386,rate20,confirmation,Figure2!386:columns17-18
rate20:row387,rate20,confirmation,Figure2!387:columns17-18
rate20:row388,rate20,confirmation,Figure2!388:columns17-18
rate20:row389,rate20,confirmation,Figure2!389:columns17-18
rate20:row390,rate20,confirmation,Figure2!390:columns17-18
rate20:row391,rate20,confirmation,Figure2!391:columns17-18
rate20:row392,rate20,confirmation,Figure2!392:columns17-18
rate20:row393,rate20,confirmation,Figure2!393:columns17-18
rate20:row394,rate20,confirmation,Figure2!394:columns17-18
rate20:row395,rate20,confirmation,Figure2!395:columns17-18
rate20:row396,rate20,confirmation,Figure2!396:columns17-18
rate20:row397,rate20,confirmation,Figure2!397:columns17-18
rate20:row398,rate20,confirmation,Figure2!398:columns17-18
rate20:row399,rate20,confirmation,Figure2!399:columns17-18
rate20:row400,rate20,confirmation,Figure2!400:columns17-18
rate20:row401,rate20,confirmation,Figure2!401:columns17-18
rate20:row402,rate20,confirmation,Figure2!402:columns17-18
rate20:row403,rate20,confirmation,Figure2!403:columns17-18
rate20:row404,rate20,confirmation,Figure2!404:columns17-18
rate20:row405,rate20,confirmation,Figure2!405:columns17-18
rate20:row406,rate20,confirmation,Figure2!406:columns17-18
rate20:row407,rate20,confirmation,Figure2!407:columns17-18
rate20:row408,rate20,confirmation,Figure2!408:columns17-18
rate20:row409,rate20,confirmation,Figure2!409:columns17-18
rate20:row410,rate20,confirmation,Figure2!410:columns17-18
rate20:row411,rate20,confirmation,Figure2!411:columns17-18
rate20:row412,rate20,confirmation,Figure2!412:columns17-18
rate20:row413,rate20,confirmation,Figure2!413:columns17-18
rate20:row414,rate20,confirmation,Figure2!414:columns17-18
rate20:row415,rate20,confirmation,Figure2!415:columns17-18
rate20:row416,rate20,confirmation,Figure2!416:columns17-18
rate20:row417,rate20,confirmation,Figure2!417:columns17-18
rate20:row418,rate20,confirmation,Figure2!418:columns17-18
rate20:row419,rate20,confirmation,Figure2!419:columns17-18
rate20:row420,rate20,confirmation,Figure2!420:columns17-18
rate20:row421,rate20,confirmation,Figure2!421:columns17-18
rate20:row422,rate20,confirmation,Figure2!422:columns17-18
rate20:row423,rate20,confirmation,Figure2!423:columns17-18
rate20:row424,rate20,confirmation,Figure2!424:columns17-18
rate20:row425,rate20,confirmation,Figure2!425:columns17-18
rate20:row426,rate20,confirmation,Figure2!426:columns17-18
rate20:row427,rate20,confirmation,Figure2!427:columns17-18
rate20:row428,rate20,confirmation,Figure2!428:columns17-18
rate20:row429,rate20,confirmation,Figure2!429:columns17-18
rate20:row430,rate20,confirmation,Figure2!430:columns17-18
rate20:row431,rate20,confirmation,Figure2!431:columns17-18
rate20:row432,rate20,confirmation,Figure2!432:columns17-18
rate20:row433,rate20,confirmation,Figure2!433:columns17-18
rate20:row434,rate20,confirmation,Figure2!434:columns17-18
rate20:row435,rate20,confirmation,Figure2!435:columns17-18
rate20:row436,rate20,confirmation,Figure2!436:columns17-18
rate20:row437,rate20,confirmation,Figure2!437:columns17-18
rate20:row438,rate20,confirmation,Figure2!438:columns17-18
rate20:row439,rate20,confirmation,Figure2!439:columns17-18
rate20:row440,rate20,confirmation,Figure2!440:columns17-18
rate20:row441,rate20,confirmation,Figure2!441:columns17-18
rate20:row442,rate20,confirmation,Figure2!442:columns17-18
rate20:row443,rate20,confirmation,Figure2!443:columns17-18
rate20:row444,rate20,confirmation,Figure2!444:columns17-18
rate20:row445,rate20,confirmation,Figure2!445:columns17-18
rate20:row446,rate20,confirmation,Figure2!446:columns17-18
rate20:row447,rate20,confirmation,Figure2!447:columns17-18
rate20:row448,rate20,confirmation,Figure2!448:columns17-18
rate20:row449,rate20,confirmation,Figure2!449:columns17-18
rate20:row450,rate20,confirmation,Figure2!450:columns17-18
rate20:row451,rate20,confirmation,Figure2!451:columns17-18
rate20:row452,rate20,confirmation,Figure2!452:columns17-18
rate20:row453,rate20,confirmation,Figure2!453:columns17-18
rate20:row454,rate20,confirmation,Figure2!454:columns17-18
rate20:row455,rate20,confirmation,Figure2!455:columns17-18
rate20:row456,rate20,confirmation,Figure2!456:columns17-18
rate20:row457,rate20,confirmation,Figure2!457:columns17-18
rate20:row458,rate20,confirmation,Figure2!458:columns17-18
rate20:row459,rate20,confirmation,Figure2!459:columns17-18
rate20:row460,rate20,confirmation,Figure2!460:columns17-18
rate20:row461,rate20,confirmation,Figure2!461:columns17-18
rate20:row462,rate20,confirmation,Figure2!462:columns17-18
rate20:row463,rate20,confirmation,Figure2!463:columns17-18
rate20:row464,rate20,confirmation,Figure2!464:columns17-18
rate20:row465,rate20,confirmation,Figure2!465:columns17-18
rate20:row466,rate20,confirmation,Figure2!466:columns17-18
rate20:row467,rate20,confirmation,Figure2!467:columns17-18
rate20:row468,rate20,confirmation,Figure2!468:columns17-18
rate20:row469,rate20,confirmation,Figure2!469:columns17-18
rate20:row470,rate20,confirmation,Figure2!470:columns17-18
rate20:row471,rate20,confirmation,Figure2!471:columns17-18
rate20:row472,rate20,confirmation,Figure2!472:columns17-18
rate20:row473,rate20,confirmation,Figure2!473:columns17-18
rate20:row474,rate20,confirmation,Figure2!474:columns17-18
rate20:row475,rate20,confirmation,Figure2!475:columns17-18
rate20:row476,rate20,confirmation,Figure2!476:columns17-18
rate20:row477,rate20,confirmation,Figure2!477:columns17-18
rate20:row478,rate20,confirmation,Figure2!478:columns17-18
rate20:row479,rate20,confirmation,Figure2!479:columns17-18
rate20:row480,rate20,confirmation,Figure2!480:columns17-18
rate20:row481,rate20,confirmation,Figure2!481:columns17-18
rate20:row482,rate20,confirmation,Figure2!482:columns17-18
rate20:row483,rate20,confirmation,Figure2!483:columns17-18
rate20:row484,rate20,confirmation,Figure2!484:columns17-18
rate20:row485,rate20,confirmation,Figure2!485:columns17-18
rate20:row486,rate20,confirmation,Figure2!486:columns17-18
rate20:row487,rate20,confirmation,Figure2!487:columns17-18
rate20:row488,rate20,confirmation,Figure2!488:columns17-18
rate20:row489,rate20,confirmation,Figure2!489:columns17-18
rate20:row490,rate20,confirmation,Figure2!490:columns17-18
rate20:row491,rate20,confirmation,Figure2!491:columns17-18
rate20:row492,rate20,confirmation,Figure2!492:columns17-18
rate20:row493,rate20,confirmation,Figure2!493:columns17-18
rate20:row494,rate20,confirmation,Figure2!494:columns17-18
rate20:row495,rate20,confirmation,Figure2!495:columns17-18
rate20:row496,rate20,confirmation,Figure2!496:columns17-18
rate20:row497,rate20,confirmation,Figure2!497:columns17-18
rate20:row498,rate20,confirmation,Figure2!498:columns17-18
rate20:row499,rate20,confirmation,Figure2!499:columns17-18
rate20:row500,rate20,confirmation,Figure2!500:columns17-18
rate20:row501,rate20,confirmation,Figure2!501:columns17-18
rate20:row502,rate20,confirmation,Figure2!502:columns17-18
rate20:row503,rate20,confirmation,Figure2!503:columns17-18
