model,group,mae,rmse,bias,rows
linear,0044728bdcee1ccc,8.7347172925522791,8.7347172925522791,-8.7347172925522791,1
linear,00e091d496483091,9.8081773727318051,9.8081773727318051,-9.8081773727318051,1
linear,0146b78ef57bcf64,17.812462822118711,17.812462822118711,17.812462822118711,1
linear,02185b833b3f7e46,0.12059764001978657,0.12059764001978657,-0.12059764001978657,1
linear,0283464d5a77682d,3.0886473528295877,3.0886473528295877,-3.0886473528295877,1
linear,02aba283d0ede168,0.01851825384992356,0.01851825384992356,-0.01851825384992356,1
linear,02bd54a445c388f7,19.188363322451671,19.188363322451671,19.188363322451671,1
linear,03412985653e34db,6.8698577066857016,6.8698577066857016,-6.8698577066857016,1
linear,0370362548b1f471,8.8393980760982771,8.8393980760982771,-8.8393980760982771,1
linear,0375e8560a077d47,0.9272580208605441,0.9272580208605441,-0.9272580208605441,1
linear,042fa975ca684d3b,0.76907074042870249,0.76907074042870249,-0.76907074042870249,1
linear,044ca752d5c4c86b,12.458036223316139,12.458036223316139,12.458036223316139,1
linear,04c8fa09cc1795b2,3.9124227656412556,3.9124227656412556,-3.9124227656412556,1
linear,0561fe7b34c8f921,0.64592986415583731,0.64592986415583731,-0.64592986415583731,1
linear,057e4c1e204474c3,10.837844795465443,10.837844795465443,-10.837844795465443,1
linear,05b8808be1811f88,0.15656691535087397,0.15656691535087397,0.15656691535087397,1
linear,05d1421f3aa676b3,0.72213471719901001,0.72213471719901001,-0.72213471719901001,1
linear,0809681d790ac577,2.1420441357877573,2.1420441357877573,2.1420441357877573,1
linear,088744d8857214d3,1.554434144812713,1.554434144812713,1.554434144812713,1
linear,095c0657286c2670,2.6689590764320021,2.6689590764320021,2.6689590764320021,1
linear,0a3723be6d7e8015,1.0749975266538048,1.0749975266538048,1.0749975266538048,1
linear,0aabeaa122622902,0.20303459839101912,0.20303459839101912,-0.20303459839101912,1
linear,0abe8ddbdc76674c,18.713274765450052,18.713274765450052,-18.713274765450052,1
linear,0b1839302dfbecd9,1.7658431926292613,1.7658431926292613,1.7658431926292613,1
linear,0b7552228582926d,5.8252574395289045,5.8252574395289045,-5.8252574395289045,1
linear,0bd468a4feb458c4,4.5196515492490814,4.5196515492490814,-4.5196515492490814,1
linear,0c2effcd2d76718c,0.35434374989879203,0.35434374989879203,-0.35434374989879203,1
linear,0c2f0383d85e77d7,17.695748360282849,17.695748360282849,-17.695748360282849,1
linear,0c5258397f981059,0.19247392695840837,0.19247392695840837,0.19247392695840837,1
linear,0cbfa12424d7c0c3,0.30607923626891953,0.30607923626891953,-0.30607923626891953,1
linear,0d1a69478606100d,1.356937662811907,1.356937662811907,1.356937662811907,1
linear,0d3017d562dd4eca,17.120382136855184,17.120382136855184,-17.120382136855184,1
linear,0dfbf7a8aa92ea87,6.1300578148744513,6.1300578148744513,-6.1300578148744513,1
linear,0e9128d223e92278,3.5383480224399113,3.5383480224399113,-3.5383480224399113,1
linear,0ef764903b18785f,2.8541145182001451,2.8541145182001451,2.8541145182001451,1
linear,0f0d8322e9518056,0,0,0,1
linear,0fa7cdbf435011ab,0.058099563118315878,0.058099563118315878,-0.058099563118315878,1
linear,103dc8054c6809aa,5.4922237789726314,5.4922237789726314,-5.4922237789726314,1
linear,105e5b4c72ffcebb,0.92953595858449667,0.92953595858449667,-0.92953595858449667,1
linear,1076838c0f3dff77,0.1053594975827874,0.1053594975827874,-0.1053594975827874,1
linear,108245ab6eece39e,0,0,0,1
linear,10e78ebbadf09b69,4.7744540973425025,4.7744540973425025,-4.7744540973425025,1
linear,111aa3492a976cda,0.37725355316170539,0.37725355316170539,-0.37725355316170539,1
linear,12039dda732972c5,10.759739835372541,10.759739835372541,-10.759739835372541,1
linear,1247538925d32f08,0.47386658702419382,0.47386658702419382,0.47386658702419382,1
linear,1252c2ac6a2921d9,0.93289535653066835,0.93289535653066835,-0.93289535653066835,1
linear,1253cd5ffd2eea4f,0.24611223503549162,0.24611223503549162,-0.24611223503549162,1
linear,12d41fc28379e309,3.9958485335611282,3.9958485335611282,-3.9958485335611282,1
linear,1327399555209d45,1.3365372240117299,1.3365372240117299,-1.3365372240117299,1
linear,1328f931a3bb25ee,1.4134119507019158,1.4134119507019158,1.4134119507019158,1
linear,143fa8c15e434cb8,2.2129945589098199,2.2129945589098199,-2.2129945589098199,1
linear,1453410305cd22f0,0.008810620182757134,0.008810620182757134,-0.008810620182757134,1
linear,1753d7d5cddf0205,1.1013481339850237,1.1013481339850237,1.1013481339850237,1
linear,1788df09936827c0,1.337333798975969,1.337333798975969,1.337333798975969,1
linear,188e0096a622bc46,0.88137358701954305,0.88137358701954305,-0.88137358701954305,1
linear,1948a9145ba02cd7,0.94646839402987482,0.94646839402987482,-0.94646839402987482,1
linear,1954fa2200741c60,4.5992826969814642,4.5992826969814642,4.5992826969814642,1
linear,19733e25b3773af3,3.7355053443632364,3.7355053443632364,-3.7355053443632364,1
linear,19923d2aee3257bc,0.18605293175200366,0.18605293175200366,-0.18605293175200366,1
linear,1a0bb13d9a5d9fa6,0,0,0,1
linear,1a21a2ceabaea267,3.9337799043402804,3.9337799043402804,-3.9337799043402804,1
linear,1a2688ab9e47122d,0.20824119653892836,0.20824119653892836,0.20824119653892836,1
linear,1befd0176d6f5fd4,2.3597699297994086,2.3597699297994086,2.3597699297994086,1
linear,1c6063eeac7eb829,0.067976322184305715,0.067976322184305715,-0.067976322184305715,1
linear,1c802bcdb8f3c632,4.4256828874095362,4.4256828874095362,-4.4256828874095362,1
linear,1cbf433a4455aa2a,0.10647742685041184,0.10647742685041184,-0.10647742685041184,1
linear,1d750c20f57af221,6.4042026182861678,6.4042026182861678,-6.4042026182861678,1
linear,1e739b9ecad69152,0.21497166363039888,0.21497166363039888,-0.21497166363039888,1
linear,1e84ebc58b8d107b,2.9760861342806444,2.9760861342806444,-2.9760861342806444,1
linear,1f93720697ffc181,3.5842896518613281,3.5842896518613281,3.5842896518613281,1
linear,200bb64dedd145f0,0.14915712649941426,0.14915712649941426,-0.14915712649941426,1
linear,20270d91433a73e1,0.181525450859505,0.181525450859505,-0.181525450859505,1
linear,205c8bc6fa0cd419,1.0850728904387776,1.0850728904387776,1.0850728904387776,1
linear,20b6e06fb3db908c,3.4228740712300132,3.4228740712300132,3.4228740712300132,1
linear,20d4786362ff7b63,38.229584016927518,38.229584016927518,-38.229584016927518,1
linear,22526e47fc6d1c22,0.37481098405325652,0.37481098405325652,-0.37481098405325652,1
linear,228b38b5be777338,0.19302693730768183,0.19302693730768183,-0.19302693730768183,1
linear,2315ab7c0c4098bc,0.37481098405325652,0.37481098405325652,0.37481098405325652,1
linear,239ae2c28321e638,0.17762351260230158,0.17762351260230158,-0.17762351260230158,1
linear,2456848abac304dd,0.33593175558901045,0.33593175558901045,-0.33593175558901045,1
linear,24a3aea72050ec55,0.093326910739134128,0.093326910739134128,-0.093326910739134128,1
linear,24a688e4791749fb,2.0062476513191587,2.0062476513191587,-2.0062476513191587,1
linear,24dcd59e5f044eaf,0.058815029810727282,0.058815029810727282,0.058815029810727282,1
linear,251a21f8679ea430,0.039213170951821752,0.039213170951821752,0.039213170951821752,1
linear,25642a0f403458cc,5.2678277723028621,5.2678277723028621,-5.2678277723028621,1
linear,276ee3d020155083,0.61351115372845566,0.61351115372845566,0.61351115372845566,1
linear,2811bd29ede210eb,0.017241165717319262,0.017241165717319262,0.017241165717319262,1
linear,288d02d8da16c44a,1.1554536085308644,1.1554536085308644,-1.1554536085308644,1
linear,28c7ce4eb54cee7e,0,0,0,1
linear,292d3a65a36e4173,2.9657023477619093,2.9657023477619093,-2.9657023477619093,1
linear,29951084393af017,2.0361764234901294,2.0361764234901294,-2.0361764234901294,1
linear,2b1215df9415c4ba,3.7440235139434428,3.7440235139434428,-3.7440235139434428,1
linear,2b41a785877b71ea,0.82567430182656221,0.82567430182656221,0.82567430182656221,1
linear,2b5c74a3261e6390,6.1858002539029222,6.1858002539029222,-6.1858002539029222,1
linear,2ba65bf42eb08605,1.4411260970308546,1.4411260970308546,1.4411260970308546,1
linear,2bc6e555e9164bb6,0.29334621795110927,0.29334621795110927,0.29334621795110927,1
linear,2c04b6461f2a0f70,8.1917863514964608,8.1917863514964608,-8.1917863514964608,1
linear,2cc152e27584ae06,0,0,0,1
linear,2d9fd3908b46f903,0.10919123093625149,0.10919123093625149,-0.10919123093625149,1
linear,2e975705981d73d4,3.8716347563877314,3.8716347563877314,3.8716347563877314,1
linear,2ef727fd55a311e9,6.2248611069140081,6.2248611069140081,-6.2248611069140081,1
linear,2f4b3618f17ab9f1,8.90968069004116,8.90968069004116,-8.90968069004116,1
linear,2fea6d395fbcb322,0.56226188815926725,0.56226188815926725,-0.56226188815926725,1
linear,30cd40b5db1a9d5a,3.9159327694998289,3.9159327694998289,-3.9159327694998289,1
linear,31003a5fec847475,5.6777444944522628,5.6777444944522628,-5.6777444944522628,1
linear,3172245156716229,1.8168391536250397,1.8168391536250397,-1.8168391536250397,1
linear,32e515b6710947df,1.82366906021376,1.82366906021376,-1.82366906021376,1
linear,338aaf7bd51bc4eb,4.4941487353253002,4.4941487353253002,-4.4941487353253002,1
linear,33bd1dfc2fd11b1c,0.33525463658602295,0.33525463658602295,0.33525463658602295,1
linear,346e22483b4bd8ee,0.095201894110527263,0.095201894110527263,0.095201894110527263,1
linear,34d56de6e80be715,5.134789521465704,5.134789521465704,5.134789521465704,1
linear,35a0f646aeff2f25,1.0727470417902776,1.0727470417902776,-1.0727470417902776,1
linear,3609782e0c57034c,0.33457294769038182,0.33457294769038182,-0.33457294769038182,1
linear,37e39e4b052ed45e,98.99068057792293,98.99068057792293,-98.99068057792293,1
linear,380042f4d4a23ee5,0.77258349986798924,0.77258349986798924,0.77258349986798924,1
linear,380b6b083e82f720,0.43607652781312822,0.43607652781312822,0.43607652781312822,1
linear,385e3389ccbdab7a,1.1603530020243173,1.1603530020243173,-1.1603530020243173,1
linear,38ec5e2a9b2e3457,3.168954385353512,3.168954385353512,-3.168954385353512,1
linear,390e7182b657d51d,0.090325688629930845,0.090325688629930845,-0.090325688629930845,1
linear,397f3fe0c8ab4b5d,0.1926718528642386,0.1926718528642386,-0.1926718528642386,1
linear,3ad58a03f9e9766a,0.32539104406199826,0.32539104406199826,-0.32539104406199826,1
linear,3baddea31857633e,3.2460208422521113,3.2460208422521113,3.2460208422521113,1
linear,3bdcc142d2c817b0,7.9298780646237939,7.9298780646237939,-7.9298780646237939,1
linear,3c35e6e2f32c33be,0.34094827558547802,0.34094827558547802,-0.34094827558547802,1
linear,3c5dd7b0279c4f63,0.64394681780395535,0.64394681780395535,0.64394681780395535,1
linear,3d17e2aeb88c0753,0.019923081719561253,0.019923081719561253,0.019923081719561253,1
linear,3d3e9f9b492bc8e8,0.11954501670177375,0.11954501670177375,-0.11954501670177375,1
linear,3d7f4c82ccf162c2,0.047426313328205794,0.047426313328205794,0.047426313328205794,1
linear,3efdc924d43cf197,3.835368242719035,3.835368242719035,-3.835368242719035,1
linear,40000e849af4d88b,0.18225923084418216,0.18225923084418216,-0.18225923084418216,1
linear,40fca366c650a1dd,10.091225691918803,10.091225691918803,-10.091225691918803,1
linear,4166b38a95a2e178,0.027388693791348118,0.027388693791348118,0.027388693791348118,1
linear,41ae88c2a2d3b667,0.16558039988916917,0.16558039988916917,0.16558039988916917,1
linear,41de3083151e616d,7.0824290008703734,7.0824290008703734,-7.0824290008703734,1
linear,42146998b3ee116c,5.4597541783950767,5.4597541783950767,-5.4597541783950767,1
linear,42dd04a53780a973,4.2207227689810782,4.2207227689810782,-4.2207227689810782,1
linear,42eae62218510290,0.19237187961307178,0.19237187961307178,-0.19237187961307178,1
linear,431af725e9d9cf36,1.0481443774661019,1.0481443774661019,1.0481443774661019,1
linear,437a97355e1b5d17,1.8911668719494998,1.8911668719494998,1.8911668719494998,1
linear,43ea69d95437dcc1,0.087772223199659827,0.087772223199659827,0.087772223199659827,1
linear,43fb8cf7dda6679e,1.519286467398627,1.519286467398627,1.519286467398627,1
linear,44c58ea28b3c982a,1.610100447101372,1.610100447101372,-1.610100447101372,1
linear,45371da82072a708,0.094555640503410032,0.094555640503410032,-0.094555640503410032,1
linear,4541655e38bbd696,0.76327550334434591,0.76327550334434591,-0.76327550334434591,1
linear,45ec8a19f45ae9e9,1.8898421117051825,1.8898421117051825,1.8898421117051825,1
linear,464fe77cb548d241,0.01503780934852017,0.01503780934852017,-0.01503780934852017,1
linear,46d2ba8408ced4a5,4.1894250945222025,4.1894250945222025,-4.1894250945222025,1
linear,48293e9d39532b81,27.933654471246523,27.933654471246523,27.933654471246523,1
linear,48c67edc36fc5736,0.043295181788412407,0.043295181788412407,-0.043295181788412407,1
linear,496a8a3eddea172e,5.3733049621604998,5.3733049621604998,-5.3733049621604998,1
linear,49d1ffd2779d9063,6.6316800161474143,6.6316800161474143,-6.6316800161474143,1
linear,4b6da16826bf9fab,0.15435685459022608,0.15435685459022608,-0.15435685459022608,1
linear,4b9e18e8d3a764da,0.1793415113721597,0.1793415113721597,0.1793415113721597,1
linear,4bdf7d70c7425250,0.045982073138918444,0.045982073138918444,0.045982073138918444,1
linear,4ccf90cb21ac1f22,1.0075321050165975,1.0075321050165975,-1.0075321050165975,1
linear,4da86be7c0ed4685,0.82505299508383345,0.82505299508383345,-0.82505299508383345,1
linear,4e67d68dd4a36262,0.41458573294569767,0.41458573294569767,-0.41458573294569767,1
linear,4e6985d31075e24a,1.4370632331229487,1.4370632331229487,1.4370632331229487,1
linear,4ea0cf4c51b1dbd8,1.5899976746404061,1.5899976746404061,1.5899976746404061,1
linear,509f66fdddeb6bb7,0,0,0,1
linear,50c2fc8fc1733d8a,0.47574363598608294,0.47574363598608294,-0.47574363598608294,1
linear,526424c6c7ba50de,12.527361288388658,12.527361288388658,-12.527361288388658,1
linear,5291299139a2a507,1.3173504370465441,1.3173504370465441,1.3173504370465441,1
linear,530bc5a858c7d4b4,0.84479204437567113,0.84479204437567113,0.84479204437567113,1
linear,53ad740cce42e97c,7.5638202145124778,7.5638202145124778,-7.5638202145124778,1
linear,551d0fc027a751c2,13.376440334000947,13.376440334000947,-13.376440334000947,1
linear,55252981817e250f,0.31015451380617609,0.31015451380617609,-0.31015451380617609,1
linear,5577861e318d74af,1.8650016832475025,1.8650016832475025,-1.8650016832475025,1
linear,5582cb9c46257d3f,0.21130906810492789,0.21130906810492789,-0.21130906810492789,1
linear,55a45b1a7e315a29,1.1648600090018202,1.1648600090018202,1.1648600090018202,1
linear,5674726cd475351e,1.8898421117051825,1.8898421117051825,1.8898421117051825,1
linear,57096bbe0d139c10,8.8133281955010183,8.8133281955010183,-8.8133281955010183,1
linear,5743313fef7461b9,0.46403393945096516,0.46403393945096516,-0.46403393945096516,1
linear,575b77816c26e0e3,0.017143207005737793,0.017143207005737793,-0.017143207005737793,1
linear,57a2cd76adbdff08,10.530739135082587,10.530739135082587,-10.530739135082587,1
linear,57dba21aa4802ce4,4.4169687785910456,4.4169687785910456,-4.4169687785910456,1
linear,57fca562822562f4,6.2383246250395068,6.2383246250395068,-6.2383246250395068,1
linear,5838e1cafed7ec9e,0.58960351446376791,0.58960351446376791,-0.58960351446376791,1
linear,593484d77afa237a,0.1793735087108681,0.1793735087108681,0.1793735087108681,1
linear,5a133a263b0eafa6,1.6676449416053174e-05,1.6676449416053174e-05,-1.6676449416053174e-05,1
linear,5a349f6ef74434ea,6.6327311862110285,6.6327311862110285,-6.6327311862110285,1
linear,5ab19c23cd16fc8e,2.8239729491859444,2.8239729491859444,2.8239729491859444,1
linear,5c2dbd440ca8d71e,9.5374495738667093,9.5374495738667093,-9.5374495738667093,1
linear,5c900716768b5f13,66.342875238007466,66.342875238007466,66.342875238007466,1
linear,5cc868e2e9fa7a4f,0.048732161272637242,0.048732161272637242,0.048732161272637242,1
linear,5d4832277493c656,0.27018826202906787,0.27018826202906787,-0.27018826202906787,1
linear,5de6ca5b3cdb2308,10.725764283408406,10.725764283408406,10.725764283408406,1
linear,5e5cf0838ec04aa7,0.81543284068729704,0.81543284068729704,-0.81543284068729704,1
linear,5e672637ee00da51,5.2955283660056551,5.2955283660056551,-5.2955283660056551,1
linear,5ec3ce50bd1e3f94,0.098034259715671368,0.098034259715671368,-0.098034259715671368,1
linear,5fe4aa4017e3184f,2.7666251264617459,2.7666251264617459,2.7666251264617459,1
linear,609c04e8bbcb8ae9,5.3730868412051294,5.3730868412051294,-5.3730868412051294,1
linear,61512e27503e0c5d,15.422446936118451,15.422446936118451,-15.422446936118451,1
linear,61c859c56cdb9f51,4.1898842314256335,4.1898842314256335,-4.1898842314256335,1
linear,62cc364cf8348017,0.18878081216220721,0.18878081216220721,-0.18878081216220721,1
linear,6368e01c89742033,10.733056659677567,10.733056659677567,-10.733056659677567,1
linear,644eca9ea9e3d529,0.035179507121073428,0.035179507121073428,-0.035179507121073428,1
linear,65ed0077d5265519,0.042333770826702199,0.042333770826702199,0.042333770826702199,1
linear,662f482ba6c543a2,5.2058823271586245,5.2058823271586245,-5.2058823271586245,1
linear,66e5877231ff195b,7.6702057593623216,7.6702057593623216,-7.6702057593623216,1
linear,68dc63126a573982,0.12455698278091631,0.12455698278091631,0.12455698278091631,1
linear,6953ca6de2032137,5.6715652903447911,5.6715652903447911,-5.6715652903447911,1
linear,6971c4a92f397cd5,0,0,0,1
linear,6a88306079e612a9,0.38478993570268294,0.38478993570268294,-0.38478993570268294,1
linear,6b76a5f61943c0d6,0.19044599613675306,0.19044599613675306,-0.19044599613675306,1
linear,6b9cd1f5e2eb5104,1.610406265625369,1.610406265625369,1.610406265625369,1
linear,6e0769094a37b3aa,0.22660271509826124,0.22660271509826124,0.22660271509826124,1
linear,6e2efc86d99b4c08,0.045982073138918444,0.045982073138918444,0.045982073138918444,1
linear,6e9452cd92a1e675,2.2985438051325975,2.2985438051325975,-2.2985438051325975,1
linear,6f1d447affd94478,5.6459159281567448,5.6459159281567448,-5.6459159281567448,1
linear,6fbbd2c83717800c,0.20713848162180337,0.20713848162180337,-0.20713848162180337,1
linear,701114dc9d0a0820,17.519199153694132,17.519199153694132,-17.519199153694132,1
linear,70bf4dd1bfce5642,0.39706730538381096,0.39706730538381096,0.39706730538381096,1
linear,71cc13e1d23971b4,0.13612570920892075,0.13612570920892075,0.13612570920892075,1
linear,71e32c98a2fa4eb0,0.065454071887417697,0.065454071887417697,0.065454071887417697,1
linear,722018578611076f,0.022467182560203192,0.022467182560203192,-0.022467182560203192,1
linear,72a5ce3caed949c4,0.087621556518143073,0.087621556518143073,0.087621556518143073,1
linear,7400cf6ae9f4ad13,0.015267027276537171,0.015267027276537171,-0.015267027276537171,1
linear,74d3c0d02fda4cc0,0,0,0,1
linear,74f95f520284dd1d,0.12168946032960104,0.12168946032960104,-0.12168946032960104,1
linear,7675d8f4d1509a89,0.13857511293066516,0.13857511293066516,-0.13857511293066516,1
linear,76b505a4ce8376ca,0.38462745655115427,0.38462745655115427,-0.38462745655115427,1
linear,7732793724f03849,0,0,0,1
linear,774ecb674fbd485d,0.7448339763436671,0.7448339763436671,0.7448339763436671,1
linear,775bebce2e8069ea,16.943727649997872,16.943727649997872,-16.943727649997872,1
linear,77dc3be003a0e911,18.416680270542688,18.416680270542688,18.416680270542688,1
linear,78f0601042601c75,17.460305560724954,17.460305560724954,-17.460305560724954,1
linear,794324f96cddac1f,4.511923945650393,4.511923945650393,4.511923945650393,1
linear,7a2fb9613b20a5c1,5.7731839305309265,5.7731839305309265,-5.7731839305309265,1
linear,7a7bd5bcd3e65b33,0.76779270361800922,0.76779270361800922,0.76779270361800922,1
linear,7b857d11d0d32f87,0.19965820916495547,0.19965820916495547,-0.19965820916495547,1
linear,7b8ac553132d3eb1,4.3240466604466246,4.3240466604466246,4.3240466604466246,1
linear,7bf35d4cc299c56b,0.1540995276223347,0.1540995276223347,-0.1540995276223347,1
linear,7c37ba7718ebcbf7,1.3385282801378473,1.3385282801378473,-1.3385282801378473,1
linear,7cb10a04d50e0b73,0.20648479901799099,0.20648479901799099,-0.20648479901799099,1
linear,7cc65538b7b35872,0.69306231853052669,0.69306231853052669,-0.69306231853052669,1
linear,7d87536df8bba075,0.33525463658602295,0.33525463658602295,-0.33525463658602295,1
linear,7dd4e5ac7be25901,3.2620819344108769,3.2620819344108769,-3.2620819344108769,1
linear,7ef9cf3282aa5cfd,1.590403117367102,1.590403117367102,1.590403117367102,1
linear,7f2c7c8523e00e06,0.051469032038047757,0.051469032038047757,-0.051469032038047757,1
linear,7f9ebb677b1dcde4,11.262830655046475,11.262830655046475,-11.262830655046475,1
linear,7fbb11a095b6c40b,0.56226188815926725,0.56226188815926725,0.56226188815926725,1
linear,7fee598b25d82fec,0.047540924889207581,0.047540924889207581,0.047540924889207581,1
linear,803469d8a0bf32f3,2.2129700201368827,2.2129700201368827,-2.2129700201368827,1
linear,804f5d131debd233,0.15531676982703857,0.15531676982703857,0.15531676982703857,1
linear,80587dc3d17518b9,0.98303568618989701,0.98303568618989701,-0.98303568618989701,1
linear,80885573b67f74f6,9.1903927003496477,9.1903927003496477,-9.1903927003496477,1
linear,819a91f09387b7ff,0,0,0,1
linear,824795041aa4023c,1.4022642010000439,1.4022642010000439,-1.4022642010000439,1
linear,82ecf90c792c704a,0.57527977118091744,0.57527977118091744,-0.57527977118091744,1
linear,83468bd36acdbaf3,0.60313895779974125,0.60313895779974125,-0.60313895779974125,1
linear,83e0d91f0a7da434,3.9227146371839954,3.9227146371839954,-3.9227146371839954,1
linear,84a4d6cd0408ab51,0.62578873633555432,0.62578873633555432,-0.62578873633555432,1
linear,850884d44ae6d451,0,0,0,1
linear,853b3dd1c82b2adc,0.13654000134641819,0.13654000134641819,-0.13654000134641819,1
linear,869a59d197773261,0.82567430182656221,0.82567430182656221,0.82567430182656221,1
linear,86a805d8689d1d5c,8.2012659953762075,8.2012659953762075,-8.2012659953762075,1
linear,870a07402050ea0d,0.053101498936301894,0.053101498936301894,-0.053101498936301894,1
linear,8749b49e6198cc7b,6.8450573219679374,6.8450573219679374,-6.8450573219679374,1
linear,875650fc71625bbe,5.0181858496414691,5.0181858496414691,-5.0181858496414691,1
linear,87685dd4759df27e,0,0,0,1
linear,87f6ddc717ae5bf5,1.3387533957286877,1.3387533957286877,-1.3387533957286877,1
linear,88271d97e49c34db,6.2632016298227899,6.2632016298227899,6.2632016298227899,1
linear,89e30dc84513080c,1.8184464592320668,1.8184464592320668,-1.8184464592320668,1
linear,8ad55d29e7bb93fb,0.63283182394233162,0.63283182394233162,-0.63283182394233162,1
linear,8b1a1a27c8cfb628,1.9848233391131007,1.9848233391131007,-1.9848233391131007,1
linear,8ba775bbe95b51c1,7.8357143807403915,7.8357143807403915,-7.8357143807403915,1
linear,8d33226e1a3a5ea9,0.12059276997476953,0.12059276997476953,0.12059276997476953,1
linear,8db8d74ecfc737af,8.590127096625725,8.590127096625725,-8.590127096625725,1
linear,8ef29254fa7b340a,1.0733903482137221,1.0733903482137221,1.0733903482137221,1
linear,8f002d0cd17056ac,0.00031435557361980671,0.00031435557361980671,-0.00031435557361980671,1
linear,8f5e2c16b9d01e3a,10.379098014055764,10.379098014055764,-10.379098014055764,1
linear,9060c5dd8eede2f8,0.061939225110210216,0.061939225110210216,-0.061939225110210216,1
linear,90de08615b8ba426,0.064533139867177347,0.064533139867177347,-0.064533139867177347,1
linear,926659ee4c06c9d0,0.31458645672533159,0.31458645672533159,-0.31458645672533159,1
linear,93c2df04145acbc4,0.72181773758940515,0.73924212230233488,-0.72181773758940515,2
linear,93d9b97a6d2642a9,6.4703067027587018,6.4703067027587018,-6.4703067027587018,1
linear,93dd6cc67bcd5ec9,6.0464274065392232,6.0464274065392232,-6.0464274065392232,1
linear,94884b8bbcfbd54c,7.7178304182097435,7.7178304182097435,-7.7178304182097435,1
linear,95683f47f0348db3,1.1901519709912005,1.1901519709912005,-1.1901519709912005,1
linear,959d1c9138fdf1fb,5.7554861858562205,5.7554861858562205,-5.7554861858562205,1
linear,95cfdea7778e1671,0.17431167891088073,0.17431167891088073,-0.17431167891088073,1
linear,969aa1f40d6dc66b,0.15816867386135414,0.15816867386135414,-0.15816867386135414,1
linear,96e70b492b6abbf6,2.7493730672189303,2.7493730672189303,-2.7493730672189303,1
linear,97d71db82cd82f0a,73.093295382713578,73.093295382713578,73.093295382713578,1
linear,97e97a387cc1bd1a,0.052395423026151633,0.052395423026151633,0.052395423026151633,1
linear,99560a9ea3687fe0,5.0744704939672935,5.0744704939672935,5.0744704939672935,1
linear,9a9cbcde4b4d7a22,0.21867064332326969,0.21867064332326969,0.21867064332326969,1
linear,9abc3d2b01c3cc5c,8.0075768164720174,8.0075768164720174,-8.0075768164720174,1
linear,9ac3107d67e59532,2.7403980349677255,2.7403980349677255,-2.7403980349677255,1
linear,9b55b84321f80b2c,0.18952597801371951,0.18952597801371951,-0.18952597801371951,1
linear,9bde9a7e32be7e05,14.578716804861777,14.578716804861777,-14.578716804861777,1
linear,9cc48a5df92274e0,2.4917798526449122,2.4917798526449122,2.4917798526449122,1
linear,9cd93057cf9c8c00,4.1436816648977377,4.1436816648977377,-4.1436816648977377,1
linear,9e08c4f4702c9176,5.1359006137035408,5.1359006137035408,-5.1359006137035408,1
linear,9e98cf4c5d891d2f,7.8294133988054107,7.8294133988054107,-7.8294133988054107,1
linear,9f3056864543d3f6,0.54425855740191587,0.54425855740191587,-0.54425855740191587,1
linear,9ffa5b2dcb6e0751,6.9324299336274713,6.9324299336274713,-6.9324299336274713,1
linear,a0932aefae2399cd,2.804337250422769,2.804337250422769,-2.804337250422769,1
linear,a093cd5e9acd6e6e,0,0,0,2
linear,a094e76271214f19,3.7847057630994327,3.7847057630994327,-3.7847057630994327,1
linear,a1a947740469afec,0.046387184052379737,0.046387184052379737,-0.046387184052379737,1
linear,a1beaac4ea8de6d2,1.1027463422917698,1.1027463422917698,-1.1027463422917698,1
linear,a1ef3ce7ce07e30c,0.82567430182656221,0.82567430182656221,-0.82567430182656221,1
linear,a26ff951b5ebb4a4,6.9126256723942001,6.9126256723942001,6.9126256723942001,1
linear,a2e55b7bdd61cff3,0.55840091298923511,0.55840091298923511,-0.55840091298923511,1
linear,a313d79fcc230548,0.73601145657005418,0.73601145657005418,-0.73601145657005418,1
linear,a3cf484f0f31b544,7.9208477114745577,7.9208477114745577,-7.9208477114745577,1
linear,a45e00fc8ea9b758,19.052841180489175,19.052841180489175,-19.052841180489175,1
linear,a5b9820ac5bf2964,0.1317577897551967,0.1317577897551967,-0.1317577897551967,1
linear,a7201302014ae6ce,0.41397465522420607,0.41397465522420607,0.41397465522420607,1
linear,a76377b7caf4b874,0,0,0,1
linear,a7cec19aef0c55cb,3.1938119282922957,3.1938119282922957,-3.1938119282922957,1
linear,a80977c20588518e,9.372651931193829,9.372651931193829,-9.372651931193829,1
linear,a923f2662aceecd7,0.29041857927427728,0.29041857927427728,-0.29041857927427728,1
linear,a940391648d52575,39.065082607132837,39.065082607132837,-39.065082607132837,1
linear,a954b31b66e0a0f7,0.054065607380107572,0.054065607380107572,0.054065607380107572,1
linear,aa3e13a94fa413b0,0.40997692435081223,0.40997692435081223,-0.40997692435081223,1
linear,aa55fc2e591a3eea,0.18480699801609646,0.18480699801609646,-0.18480699801609646,1
linear,aa84024f362acec7,5.6031522223314996,5.6031522223314996,-5.6031522223314996,1
linear,aabf9bdb77894078,1.5176383957150046,1.5176383957150046,1.5176383957150046,1
linear,ab022eca238edc01,0.56954109535795983,0.56954109535795983,0.56954109535795983,1
linear,ab47df57f6b720d7,0.77560474591470285,0.77560474591470285,-0.77560474591470285,1
linear,ab97f4d059715a0f,2.7230968258613348,2.7230968258613348,-2.7230968258613348,1
linear,acdedc1f1f1677b0,2.4917798526449122,2.4917798526449122,2.4917798526449122,1
linear,ad4c95fe80a66847,6.0732294235857509,6.0732294235857509,-6.0732294235857509,1
linear,ad5948e192ebc2d4,2.3781989692433783,2.3781989692433783,2.3781989692433783,1
linear,ad5c384a6be364aa,0.8676874116210378,0.8676874116210378,-0.8676874116210378,1
linear,addce88f5927e9b7,1.4940575537552307,1.4940575537552307,-1.4940575537552307,1
linear,addfa722b1bb9b7b,10.1630531708992,10.1630531708992,-10.1630531708992,1
linear,af17f6c68ad40f75,0.071413337425025869,0.071413337425025869,-0.071413337425025869,1
linear,af3eaf7a505d27c2,2.4329937496628413,2.4329937496628413,2.4329937496628413,1
linear,b149944913743077,5.3733271871267441,5.3733271871267441,-5.3733271871267441,1
linear,b1e1aebb9420a6c0,0.054455206891397268,0.054455206891397268,0.054455206891397268,1
linear,b3447163870d3003,0.057152574300629588,0.057152574300629588,0.057152574300629588,1
linear,b3907643507df0f6,3.7847057630994327,3.7847057630994327,3.7847057630994327,1
linear,b3b896fac1db6be4,0.91460312889495654,0.91460312889495654,0.91460312889495654,1
linear,b3d9d211a865558e,0.1335127123369233,0.1335127123369233,-0.1335127123369233,1
linear,b56f9cdeecf07967,13.285074086011875,13.285074086011875,-13.285074086011875,1
linear,b6d0f65b30088d8a,9.0863633843202241,9.0863633843202241,-9.0863633843202241,1
linear,b76abebbe3871acf,13.183051445025185,13.183051445025185,-13.183051445025185,1
linear,b7712c125a47a1e7,0.36771921925428508,0.36771921925428508,0.36771921925428508,1
linear,b9bee040d2d25fed,74.33641467497867,74.33641467497867,-74.33641467497867,1
linear,ba5099f54efb4c26,3.1938119282922957,3.1938119282922957,-3.1938119282922957,1
linear,bae03f436761eb2a,11.687036122890291,11.687036122890291,-11.687036122890291,1
linear,bbf26c3d1fe29c0e,0.31799472521470795,0.31799472521470795,-0.31799472521470795,1
linear,bc65c316905e3299,10.386733832315713,10.386733832315713,-10.386733832315713,1
linear,bc8c69f89642761a,0.054311927499192336,0.054311927499192336,0.054311927499192336,1
linear,bdf713200e425ec5,0.062489802153979035,0.062489802153979035,-0.062489802153979035,1
linear,be81446c1506feab,3.376711120502935,3.376711120502935,3.376711120502935,1
linear,c2654fc1cfab58a2,0.091805826094168097,0.091805826094168097,0.091805826094168097,1
linear,c30f10739e8124e8,27.118026159607759,27.118026159607759,-27.118026159607759,1
linear,c30f8147441ce11e,0.2445542280939268,0.2445542280939268,-0.2445542280939268,1
linear,c38e374a53377422,0.67333339341284537,0.67333339341284537,-0.67333339341284537,1
linear,c3ab909658d376dc,3.4023066454805946,3.4023066454805946,3.4023066454805946,1
linear,c41b1ac770551769,0.011975332240846015,0.011975332240846015,-0.011975332240846015,1
linear,c46086c612e8f2b6,1.942106300428049,1.942106300428049,1.942106300428049,1
linear,c5c20db2e333e139,5.0531737025733836,5.0531737025733836,5.0531737025733836,1
linear,c5e74c2c8abec09b,6.3090697154191488,6.3090697154191488,-6.3090697154191488,1
linear,c711ba9d88eca132,0.39706730538381096,0.39706730538381096,0.39706730538381096,1
linear,c79cc278f7af4957,12.893684214097156,12.893684214097156,-12.893684214097156,1
linear,c890452c78a0bde5,2.2832109548595589,2.2832109548595589,-2.2832109548595589,1
linear,c90a2eeb6cfde096,13.754935152616294,13.754935152616294,-13.754935152616294,1
linear,c9725c1b5af63003,0.0044201536397867613,0.0044201536397867613,-0.0044201536397867613,1
linear,c994e67932817306,5.2012687093128811,5.2012687093128811,-5.2012687093128811,1
linear,c9d14f8bba60e13a,25.476903254564835,25.476903254564835,-25.476903254564835,1
linear,cab9196b597deab7,0.64009574162878202,0.64009574162878202,-0.64009574162878202,1
linear,cadebb739ade8eb2,37.851677247751603,37.851677247751603,-37.851677247751603,1
linear,cb9a76267a45a1a0,2.6829765552147578,2.6829765552147578,-2.6829765552147578,1
linear,cc15a46e3fb2cc41,1.0481443774661019,1.0481443774661019,1.0481443774661019,1
linear,cc77959c030f6298,5.1519240461160596,5.1519240461160596,-5.1519240461160596,1
linear,cc986eab7707fc06,0.63085754864949273,0.63085754864949273,0.63085754864949273,1
linear,cd2ee41e0889e8ef,0.20713848162180337,0.20713848162180337,0.20713848162180337,1
linear,ce4323960c84143b,0.76169707400274733,0.76169707400274733,0.76169707400274733,1
linear,ceeed00978253eeb,0.010362230649276327,0.010362230649276327,0.010362230649276327,1
linear,cfb58633d4457471,4.4418584254767799,4.4418584254767799,-4.4418584254767799,1
linear,cfe227d0711edf8d,1.6558243363685108,1.6558243363685108,-1.6558243363685108,1
linear,d041952963b8157f,2.7667540199214393,2.7667540199214393,-2.7667540199214393,1
linear,d101ae93b8d32b0a,0.51995786056874849,0.51995786056874849,-0.51995786056874849,1
linear,d2d5a35610a062b9,0.18976090476468066,0.18976090476468066,-0.18976090476468066,1
linear,d2ea9c99f1ac2546,5.8360766722836424,5.8360766722836424,-5.8360766722836424,1
linear,d356b8a4cf9170ff,5.0457195234135135,5.0457195234135135,-5.0457195234135135,1
linear,d3b5756d7162e9af,0.050643478965727518,0.050643478965727518,0.050643478965727518,1
linear,d42af5fc7b92600f,0.14309333038278549,0.14309333038278549,0.14309333038278549,1
linear,d4895ffe41aa47be,0.30188919542091552,0.30188919542091552,-0.30188919542091552,1
linear,d4a82f98e4a4d8f1,0.54696934469305347,0.54696934469305347,0.54696934469305347,1
linear,d6d99601d2221241,0.87730581719005407,0.87730581719005407,-0.87730581719005407,1
linear,d70688b68979f120,0,0,0,1
linear,d71eacc97f2eac4a,2.4858011990174895,2.4858011990174895,2.4858011990174895,1
linear,d79b513d15f7fd37,4.0946222243305304,4.0946222243305304,-4.0946222243305304,1
linear,d7c5ce4f887af943,1.9391786394356307,1.9391786394356307,1.9391786394356307,1
linear,d7fca0b3134a6789,0.071447549130594368,0.071447549130594368,0.071447549130594368,1
linear,d83cb4267cfd84ca,8.1717077981432116,8.1717077981432116,-8.1717077981432116,1
linear,d84524c950c56654,0.10632012369640087,0.10632012369640087,0.10632012369640087,1
linear,d8fc0a92c8c4a2fa,0.14570573695513289,0.14570573695513289,0.14570573695513289,1
linear,d906b69770601071,85.480246940878587,85.480246940878587,-85.480246940878587,1
linear,d92bf76a610332bf,6.9647369514385584,6.9647369514385584,-6.9647369514385584,1
linear,d932087548ae36e5,1.2454175012627844,1.2454175012627844,1.2454175012627844,1
linear,d98556fd070c0af6,3.0931021950508271,3.0931021950508271,-3.0931021950508271,1
linear,d988e431220e6bc6,0.072747304390643919,0.072747304390643919,-0.072747304390643919,1
linear,d9c550a9c51d35ac,0.30227998194022287,0.30227998194022287,-0.30227998194022287,1
linear,d9df86eb981deb9a,4.4625672202906959,4.4625672202906959,-4.4625672202906959,1
linear,da2b4ba6d53170e0,0.084990671263699191,0.084990671263699191,0.084990671263699191,1
linear,da678ee16b098ae4,5.3724847273301677,5.3724847273301677,-5.3724847273301677,1
linear,da735e4edd7d8acd,3.9421722245409772,3.9421722245409772,-3.9421722245409772,1
linear,dae5d3492aac2245,0.58603593324949976,0.58603593324949976,-0.58603593324949976,1
linear,db5d643b2f9cbfbf,6.1949004810050354,6.1949004810050354,-6.1949004810050354,1
linear,dbb0e6a5907e83b0,4.2748024854169735,4.2748024854169735,-4.2748024854169735,1
linear,dc5b79abd8c32051,3.7768090608469684,3.7768090608469684,-3.7768090608469684,1
linear,dc7b1c1d814df24f,5.1045771180855901,5.1045771180855901,-5.1045771180855901,1
linear,dd94c5772508af28,14.199261101942319,14.199261101942319,-14.199261101942319,1
linear,ddd85b09690827da,10.894263729725214,10.894263729725214,-10.894263729725214,1
linear,ddfc9b179bfb76be,0.35667441291123048,0.35667441291123048,0.35667441291123048,1
linear,de09337452e20032,0.21205336146406761,0.21205336146406761,-0.21205336146406761,1
linear,de12f87c6958e38e,1.4206429129963434,1.4206429129963434,1.4206429129963434,1
linear,deeae8883055b9ee,2.1069460796636847,2.1069460796636847,2.1069460796636847,1
linear,def460708ba7b0ef,2.4574659656047944,2.4574659656047944,2.4574659656047944,1
linear,df336a0a88d676b9,0,0,0,1
linear,df5f216d2d4a9851,0,0,0,1
linear,df8a6c6dd3f3b262,0.41445392901432498,0.41445392901432498,0.41445392901432498,1
linear,dfbe713e68cc63a9,1.0749975266538048,1.0749975266538048,-1.0749975266538048,1
linear,dfeaa1f16aba9b2c,2.2129626520811296,2.2129626521553307,-2.2129626520811296,4
linear,e0096fe5c74ff63f,0.76779270361800922,0.76779270361800922,0.76779270361800922,1
linear,e02e29b116c658e8,1.0889975995742223,1.0889975995742223,-1.0889975995742223,1
linear,e16408e569859d83,0.05650859814552156,0.05650859814552156,0.05650859814552156,1
linear,e4876602e9ba0f2e,0.3085305012458619,0.3085305012458619,0.3085305012458619,1
linear,e586ddcbc365c334,12.544036650698203,12.544036650698203,-12.544036650698203,1
linear,e6831a831160cb9f,8.5176929366326792,8.5176929366326792,-8.5176929366326792,1
linear,e6e4ce0035fb36ab,0.79217361104154094,0.79217361104154094,-0.79217361104154094,1
linear,e7efeb7dc8836c4b,1.0658521939419958,1.0658521939419958,1.0658521939419958,1
linear,e817fe65c2fb9bb3,3.8079899138325706,3.8079899138325706,-3.8079899138325706,1
linear,e827c21b034c420b,0.54407236430421779,0.54407236430421779,0.54407236430421779,1
linear,e94bf0263935b271,0,0,0,1
linear,ea9379eb339d6cbc,0.51067876875156148,0.51067876875156148,0.51067876875156148,1
linear,eab20b0f46956346,1.8710574097568387,1.8710574097568387,-1.8710574097568387,1
linear,eb3b940724dc982d,4.9103465130635353,4.9103465130635353,-4.9103465130635353,1
linear,ec2067430ff6fb6e,0.02564219640060017,0.02564219640060017,0.02564219640060017,1
linear,ecad917fe0f8bc30,4.8166694095300366,4.8166694095300366,-4.8166694095300366,1
linear,ed763ab2ba3e0068,1.1468410201703692,1.1468410201703692,1.1468410201703692,1
linear,eeb9a817e031fe66,4.0877562362374391,4.0877562362374391,-4.0877562362374391,1
linear,ef0516d41dbfe437,0,0,0,1
linear,ef18835f55ee60f5,0.48466240409017303,0.48466240409017303,-0.48466240409017303,1
linear,ef19e6cd14447306,0.35602628210491272,0.35602628210491272,0.35602628210491272,1
linear,ef2fd0959fcb438f,5.1239994083593929,5.1239994083593929,5.1239994083593929,1
linear,efd621027b9eee3c,3.921976229098572,3.921976229098572,3.921976229098572,1
linear,f018b597d7955bde,0.62364526402050835,0.62364526402050835,-0.62364526402050835,1
linear,f16ea570bc36c50a,1.5581443901950847,1.5581443901950847,1.5581443901950847,1
linear,f182ea2ef1d4b772,39.901855683556583,39.901855683556583,39.901855683556583,1
linear,f197a4dda8f05c9d,1.3074925750234363,1.3074925750234363,1.3074925750234363,1
linear,f20d81ce18b75a1c,0.13654000134641819,0.13654000134641819,0.13654000134641819,1
linear,f28d6630733894f3,0.070449122077183901,0.070449122077183901,-0.070449122077183901,1
linear,f291f9c50ad08615,0.69084566597545649,0.69084566597545649,0.69084566597545649,1
linear,f2f434168325f484,1.6768884645467934,1.6768884645467934,1.6768884645467934,1
linear,f3118a80b16b514c,2.7413426342306515,2.7413426342306515,-2.7413426342306515,1
linear,f379f2a83d8b1d5e,11.920426335370587,11.920426335370587,11.920426335370587,1
linear,f3d6f4c526ee2045,6.4377516497261063,6.4377516497261063,-6.4377516497261063,1
linear,f4124699649b4a4a,0.17383516667134202,0.17383516667134202,-0.17383516667134202,1
linear,f4f0befaa83096bf,16.707376878525665,16.707376878525665,-16.707376878525665,1
linear,f52bb8e676e21112,0.49267346268765166,0.49267346268765166,0.49267346268765166,1
linear,f60ce72c8a83d154,1.0946533598361778,1.0946533598361778,-1.0946533598361778,1
linear,f6f7080c144e2394,0.040821049337051996,0.040821049337051996,-0.040821049337051996,1
linear,f7374c8beb60288c,0.11697170516215394,0.11697170516215394,0.11697170516215394,1
linear,f7417f2e9fa24db6,1.9415368397828168,1.9415368397828168,-1.9415368397828168,1
linear,f770391e972a9774,0,0,0,1
linear,f83f515f4a1662ef,0.39378520571473707,0.39378520571473707,-0.39378520571473707,1
linear,f91bd836fd72ca30,3.0931021950508271,3.0931021950508271,3.0931021950508271,1
linear,fbad90682526646a,0.12130483196470632,0.12130483196470632,0.12130483196470632,1
linear,fcc34d7bb321a7ba,0.35962572177612628,0.35962572177612628,-0.35962572177612628,1
linear,fcd157d7ad16d9bd,15.565255665012209,15.565255665012209,-15.565255665012209,1
linear,fd55c8719d3332f2,3.6733467718089354,3.6733467718089354,-3.6733467718089354,1
linear,fde73a5d26460ac7,0.046519665885378814,0.046519665885378814,0.046519665885378814,1
linear,fe6c690122c7f47b,0.12130483196470632,0.12130483196470632,0.12130483196470632,1
linear,fe8bb0245e97303e,0.42917241672450857,0.42917241672450857,-0.42917241672450857,1
linear,ff8c002895cc55c0,1.4310647542532093,1.4310647542532093,1.4310647542532093,1
persist,0044728bdcee1ccc,10.497272081073373,10.497272081073373,-10.497272081073373,1
persist,00e091d496483091,11.51292546497023,11.51292546497023,-11.51292546497023,1
persist,0146b78ef57bcf64,8.5251614004330101,8.5251614004330101,8.5251614004330101,1
persist,02185b833b3f7e46,0.73544951328943498,0.73544951328943498,-0.73544951328943498,1
persist,0283464d5a77682d,4.4561805834499442,4.4561805834499442,-4.4561805834499442,1
persist,02aba283d0ede168,0.027149876981404475,0.027149876981404475,0.027149876981404475,1
persist,02bd54a445c388f7,20.999601802582148,20.999601802582148,20.999601802582148,1
persist,03412985653e34db,2.1168493632784267,2.1168493632784267,-2.1168493632784267,1
persist,0370362548b1f471,10.508201295782683,10.508201295782683,-10.508201295782683,1
persist,0375e8560a077d47,1.8103617160018808,1.8103617160018808,-1.8103617160018808,1
persist,042fa975ca684d3b,1.2920533116033823,1.2920533116033823,-1.2920533116033823,1
persist,044ca752d5c4c86b,14.261234503755809,14.261234503755809,14.261234503755809,1
persist,04c8fa09cc1795b2,3.9124227656412556,3.9124227656412556,-3.9124227656412556,1
persist,0561fe7b34c8f921,2.4366868777783797,2.4366868777783797,-2.4366868777783797,1
persist,057e4c1e204474c3,11.020299890437069,11.020299890437069,-11.020299890437069,1
persist,05b8808be1811f88,0.33195512617608447,0.33195512617608447,-0.33195512617608447,1
persist,05d1421f3aa676b3,1.1192315752649833,1.1192315752649833,-1.1192315752649833,1
persist,0809681d790ac577,0.46403393945096516,0.46403393945096516,0.46403393945096516,1
persist,088744d8857214d3,0,0,0,1
persist,095c0657286c2670,1.3843637266532598,1.3843637266532598,1.3843637266532598,1
persist,0a3723be6d7e8015,0.27626608802903441,0.27626608802903441,0.27626608802903441,1
persist,0aabeaa122622902,0.86304621735093967,0.86304621735093967,-0.86304621735093967,1
persist,0abe8ddbdc76674c,15.164071580965945,15.164071580965945,-15.164071580965945,1
persist,0b1839302dfbecd9,0,0,0,1
persist,0b7552228582926d,1.610406265625369,1.610406265625369,-1.610406265625369,1
persist,0bd468a4feb458c4,0,0,0,1
persist,0c2effcd2d76718c,0.41106972002291542,0.41106972002291542,-0.41106972002291542,1
persist,0c2f0383d85e77d7,0.11947638167483454,0.11947638167483454,-0.11947638167483454,1
persist,0c5258397f981059,0.66200452198456716,0.66200452198456716,-0.66200452198456716,1
persist,0cbfa12424d7c0c3,0.66048271879639842,0.66048271879639842,-0.66048271879639842,1
persist,0d1a69478606100d,0.10107540549911231,0.10107540549911231,-0.10107540549911231,1
persist,0d3017d562dd4eca,0.83183493176217205,0.83183493176217205,-0.83183493176217205,1
persist,0dfbf7a8aa92ea87,1.610406265625369,1.610406265625369,-1.610406265625369,1
persist,0e9128d223e92278,0.56226188815926725,0.56226188815926725,-0.56226188815926725,1
persist,0ef764903b18785f,1.2623341473014005,1.2623341473014005,1.2623341473014005,1
persist,0f0d8322e9518056,0,0,0,1
persist,0fa7cdbf435011ab,0.47964509084685236,0.47964509084685236,-0.47964509084685236,1
persist,103dc8054c6809aa,0.49399188204068567,0.49399188204068567,-0.49399188204068567,1
persist,105e5b4c72ffcebb,2.664137012510281,2.664137012510281,-2.664137012510281,1
persist,1076838c0f3dff77,0.25488936368770521,0.25488936368770521,-0.25488936368770521,1
persist,108245ab6eece39e,0.34424620133006911,0.34424620133006911,-0.34424620133006911,1
persist,10e78ebbadf09b69,6.2963062735678434,6.2963062735678434,-6.2963062735678434,1
persist,111aa3492a976cda,1.0060377728001324,1.0060377728001324,-1.0060377728001324,1
persist,12039dda732972c5,1.595924050418593,1.595924050418593,-1.595924050418593,1
persist,1247538925d32f08,0.58750265945940683,0.58750265945940683,-0.58750265945940683,1
persist,1252c2ac6a2921d9,1.4631096399378478,1.4631096399378478,-1.4631096399378478,1
persist,1253cd5ffd2eea4f,0.63856404304030168,0.63856404304030168,-0.63856404304030168,1
persist,12d41fc28379e309,5.4494073221196757,5.4494073221196757,-5.4494073221196757,1
persist,1327399555209d45,2.4009472335206343,2.4009472335206343,-2.4009472335206343,1
persist,1328f931a3bb25ee,0,0,0,1
persist,143fa8c15e434cb8,3.4657575272907852,3.4657575272907852,-3.4657575272907852,1
persist,1453410305cd22f0,0.054067160248648882,0.054067160248648882,-0.054067160248648882,1
persist,1753d7d5cddf0205,0.63686350756704613,0.63686350756704613,-0.63686350756704613,1
persist,1788df09936827c0,0.28469242807880546,0.28469242807880546,0.28469242807880546,1
persist,188e0096a622bc46,0.88137358701954305,0.88137358701954305,-0.88137358701954305,1
persist,1948a9145ba02cd7,2.0178719121711666,2.0178719121711666,-2.0178719121711666,1
persist,1954fa2200741c60,3.3673256742168176,3.3673256742168176,3.3673256742168176,1
persist,19733e25b3773af3,5.3884151545906214,5.3884151545906214,-5.3884151545906214,1
persist,19923d2aee3257bc,1.0210119358271026,1.0210119358271026,-1.0210119358271026,1
persist,1a0bb13d9a5d9fa6,0,0,0,1
persist,1a21a2ceabaea267,5.4253027972673671,5.4253027972673671,-5.4253027972673671,1
persist,1a2688ab9e47122d,0.33261869825340717,0.33261869825340717,-0.33261869825340717,1
persist,1befd0176d6f5fd4,0.68175973346261642,0.68175973346261642,0.68175973346261642,1
persist,1c6063eeac7eb829,0.5335348477339199,0.5335348477339199,-0.5335348477339199,1
persist,1c802bcdb8f3c632,5.9232372967595879,5.9232372967595879,-5.9232372967595879,1
persist,1cbf433a4455aa2a,0.36098634632126281,0.36098634632126281,-0.36098634632126281,1
persist,1d750c20f57af221,2.4917798526449122,2.4917798526449122,-2.4917798526449122,1
persist,1e739b9ecad69152,0.43789056028274898,0.43789056028274898,-0.43789056028274898,1
persist,1e84ebc58b8d107b,0,0,0,1
persist,1f93720697ffc181,1.8184464592320668,1.8184464592320668,1.8184464592320668,1
persist,200bb64dedd145f0,0.15389178002615189,0.15389178002615189,-0.15389178002615189,1
persist,20270d91433a73e1,0.81642055804808855,0.81642055804808855,-0.81642055804808855,1
persist,205c8bc6fa0cd419,0.65107707208229093,0.65107707208229093,-0.65107707208229093,1
persist,20b6e06fb3db908c,1.7627471740390859,1.7627471740390859,1.7627471740390859,1
persist,20d4786362ff7b63,0,0,0,1
persist,22526e47fc6d1c22,0.37481098405325652,0.37481098405325652,-0.37481098405325652,1
persist,228b38b5be777338,0.83742075877096234,0.83742075877096234,-0.83742075877096234,1
persist,2315ab7c0c4098bc,0.37481098405325652,0.37481098405325652,0.37481098405325652,1
persist,239ae2c28321e638,0.32708804778885536,0.32708804778885536,-0.32708804778885536,1
persist,2456848abac304dd,0.4469349240429743,0.4469349240429743,-0.4469349240429743,1
persist,24a3aea72050ec55,0.33843068250507446,0.33843068250507446,-0.33843068250507446,1
persist,24a688e4791749fb,3.2227017660383943,3.2227017660383943,-3.2227017660383943,1
persist,24dcd59e5f044eaf,0.27746146578437791,0.27746146578437791,-0.27746146578437791,1
persist,251a21f8679ea430,0.17431167891088073,0.17431167891088073,-0.17431167891088073,1
persist,25642a0f403458cc,5.2678277723028621,5.2678277723028621,-5.2678277723028621,1
persist,276ee3d020155083,0.19050625203239058,0.19050625203239058,-0.19050625203239058,1
persist,2811bd29ede210eb,0.27900988493836998,0.27900988493836998,-0.27900988493836998,1
persist,288d02d8da16c44a,2.2187159241545782,2.2187159241545782,-2.2187159241545782,1
persist,28c7ce4eb54cee7e,0,0,0,1
persist,292d3a65a36e4173,1.5886368200457563,1.5886368200457563,-1.5886368200457563,1
persist,29951084393af017,2.778906655813727,2.778906655813727,-2.778906655813727,1
persist,2b1215df9415c4ba,4.8121182248551495,4.8121182248551495,-4.8121182248551495,1
persist,2b41a785877b71ea,0.37481098405325652,0.37481098405325652,-0.37481098405325652,1
persist,2b5c74a3261e6390,7.774945613420055,7.774945613420055,-7.774945613420055,1
persist,2ba65bf42eb08605,0.95802582149165083,0.95802582149165083,0.95802582149165083,1
persist,2bc6e555e9164bb6,0.18687574778915472,0.18687574778915472,-0.18687574778915472,1
persist,2c04b6461f2a0f70,5.8916669361838414,5.8916669361838414,-5.8916669361838414,1
persist,2cc152e27584ae06,0.19655676424894075,0.19655676424894075,-0.19655676424894075,1
persist,2d9fd3908b46f903,0.17543479551618457,0.17543479551618457,-0.17543479551618457,1
persist,2e975705981d73d4,2.0947125472611012,2.0947125472611012,2.0947125472611012,1
persist,2ef727fd55a311e9,2.3124383412727525,2.3124383412727525,-2.3124383412727525,1
persist,2f4b3618f17ab9f1,0.21497166363039888,0.21497166363039888,0.21497166363039888,1
persist,2fea6d395fbcb322,0.56226188815926725,0.56226188815926725,-0.56226188815926725,1
persist,30cd40b5db1a9d5a,5.3710946290317949,5.3710946290317949,-5.3710946290317949,1
persist,31003a5fec847475,7.1769986319563976,7.1769986319563976,-7.1769986319563976,1
persist,3172245156716229,3.0696021221199654,3.0696021221199654,-3.0696021221199654,1
persist,32e515b6710947df,3.4658469459861028,3.4658469459861028,-3.4658469459861028,1
persist,338aaf7bd51bc4eb,5.9985207902938598,5.9985207902938598,-5.9985207902938598,1
persist,33bd1dfc2fd11b1c,0.64005501193156888,0.64005501193156888,0.64005501193156888,1
persist,346e22483b4bd8ee,0.50971843128902661,0.50971843128902661,-0.50971843128902661,1
persist,34d56de6e80be715,3.3673256742168176,3.3673256742168176,3.3673256742168176,1
persist,35a0f646aeff2f25,2.1145015849941711,2.1145015849941711,-2.1145015849941711,1
persist,3609782e0c57034c,0.47665185795791842,0.47665185795791842,-0.47665185795791842,1
persist,37e39e4b052ed45e,59.637759594912012,59.637759594912012,-59.637759594912012,1
persist,380042f4d4a23ee5,0.053988310368210612,0.053988310368210612,0.053988310368210612,1
persist,380b6b083e82f720,0.25111523501711552,0.25111523501711552,-0.25111523501711552,1
persist,385e3389ccbdab7a,2.6653979600009823,2.6653979600009823,-2.6653979600009823,1
persist,38ec5e2a9b2e3457,4.5970519222599329,4.5970519222599329,-4.5970519222599329,1
persist,390e7182b657d51d,0.27521632571643195,0.27521632571643195,-0.27521632571643195,1
persist,397f3fe0c8ab4b5d,0.32619128919615914,0.32619128919615914,-0.32619128919615914,1
persist,3ad58a03f9e9766a,1.0811905883910757,1.0811905883910757,-1.0811905883910757,1
persist,3baddea31857633e,1.610406265625369,1.610406265625369,1.610406265625369,1
persist,3bdcc142d2c817b0,0.91052679283568239,0.91052679283568239,0.91052679283568239,1
persist,3c35e6e2f32c33be,0.43341652108507756,0.43341652108507756,-0.43341652108507756,1
persist,3c5dd7b0279c4f63,0.048732161272637242,0.048732161272637242,-0.048732161272637242,1
persist,3d17e2aeb88c0753,0.81831032350422817,0.81831032350422817,-0.81831032350422817,1
persist,3d3e9f9b492bc8e8,0.70733027067480059,0.70733027067480059,-0.70733027067480059,1
persist,3d7f4c82ccf162c2,0.5443380896116583,0.5443380896116583,-0.5443380896116583,1
persist,3efdc924d43cf197,5.2894499484812663,5.2894499484812663,-5.2894499484812663,1
persist,40000e849af4d88b,0.33633626775001257,0.33633626775001257,-0.33633626775001257,1
persist,40fca366c650a1dd,1.2869534612287721,1.2869534612287721,-1.2869534612287721,1
persist,4166b38a95a2e178,0.28753215863866233,0.28753215863866233,-0.28753215863866233,1
persist,41ae88c2a2d3b667,0.28368531490474957,0.28368531490474957,-0.28368531490474957,1
persist,41de3083151e616d,0.31662991432710941,0.31662991432710941,-0.31662991432710941,1
persist,42146998b3ee116c,7.025329039733144,7.025329039733144,-7.025329039733144,1
persist,42dd04a53780a973,5.7088560937796551,5.7088560937796551,-5.7088560937796551,1
persist,42eae62218510290,1.6094372457681549,1.6094372457681549,-1.6094372457681549,1
persist,431af725e9d9cf36,0.56226188815926725,0.56226188815926725,-0.56226188815926725,1
persist,437a97355e1b5d17,0.48911646704211575,0.48911646704211575,0.48911646704211575,1
persist,43ea69d95437dcc1,0.20270099365531546,0.20270099365531546,-0.20270099365531546,1
persist,43fb8cf7dda6679e,0,0,0,1
persist,44c58ea28b3c982a,2.9915632064265552,2.9915632064265552,-2.9915632064265552,1
persist,45371da82072a708,0.1367544913380554,0.1367544913380554,-0.1367544913380554,1
persist,4541655e38bbd696,1.7689473864085627,1.7689473864085627,-1.7689473864085627,1
persist,45ec8a19f45ae9e9,0.65107707208229093,0.65107707208229093,0.65107707208229093,1
persist,464fe77cb548d241,0.31287038403526957,0.31287038403526957,-0.31287038403526957,1
persist,46d2ba8408ced4a5,1.2133389602415581,1.2133389602415581,-1.2133389602415581,1
persist,48293e9d39532b81,25.864308360238606,25.864308360238606,25.864308360238606,1
persist,48c67edc36fc5736,0.1857090701181594,0.1857090701181594,-0.1857090701181594,1
persist,496a8a3eddea172e,6.9314592171729075,6.9314592171729075,-6.9314592171729075,1
persist,49d1ffd2779d9063,0.79873143862477036,0.79873143862477036,-0.79873143862477036,1
persist,4b6da16826bf9fab,0.48033455142386217,0.48033455142386217,-0.48033455142386217,1
persist,4b9e18e8d3a764da,1.4310647542532093,1.4310647542532093,-1.4310647542532093,1
persist,4bdf7d70c7425250,0.65836711562648187,0.65836711562648187,-0.65836711562648187,1
persist,4ccf90cb21ac1f22,1.6826595439809751,1.6826595439809751,-1.6826595439809751,1
persist,4da86be7c0ed4685,1.8589953235048462,1.8589953235048462,-1.8589953235048462,1
persist,4e67d68dd4a36262,1.1168848870875978,1.1168848870875978,-1.1168848870875978,1
persist,4e6985d31075e24a,0,0,0,1
persist,4ea0cf4c51b1dbd8,0.056087014063784579,0.056087014063784579,0.056087014063784579,1
persist,509f66fdddeb6bb7,0.28307011424055073,0.28307011424055073,-0.28307011424055073,1
persist,50c2fc8fc1733d8a,1.2023383960501013,1.2023383960501013,-1.2023383960501013,1
persist,526424c6c7ba50de,8.9801560427582814,8.9801560427582814,-8.9801560427582814,1
persist,5291299139a2a507,0,0,0,1
persist,530bc5a858c7d4b4,0.19965820916495547,0.19965820916495547,0.19965820916495547,1
persist,53ad740cce42e97c,1.4411260970308546,1.4411260970308546,-1.4411260970308546,1
persist,551d0fc027a751c2,15.058198908014674,15.058198908014674,-15.058198908014674,1
persist,55252981817e250f,0.61824469399963711,0.61824469399963711,-0.61824469399963711,1
persist,5577861e318d74af,2.2073576519558262,2.2073576519558262,-2.2073576519558262,1
persist,5582cb9c46257d3f,0.87971029153192593,0.87971029153192593,-0.87971029153192593,1
persist,55a45b1a7e315a29,0.27626608802903441,0.27626608802903441,-0.27626608802903441,1
persist,5674726cd475351e,0.65107707208229093,0.65107707208229093,0.65107707208229093,1
persist,57096bbe0d139c10,1.2034574088517442,1.2034574088517442,-1.2034574088517442,1
persist,5743313fef7461b9,0.46403393945096516,0.46403393945096516,-0.46403393945096516,1
persist,575b77816c26e0e3,0.24244929881098365,0.24244929881098365,-0.24244929881098365,1
persist,57a2cd76adbdff08,11.783502188727454,11.783502188727454,-11.783502188727454,1
persist,57dba21aa4802ce4,3.8191894131576518,3.8191894131576518,-3.8191894131576518,1
persist,57fca562822562f4,6.2383246250395068,6.2383246250395068,-6.2383246250395068,1
persist,5838e1cafed7ec9e,0.93244229991497996,0.93244229991497996,-0.93244229991497996,1
persist,593484d77afa237a,0.37288758773966979,0.37288758773966979,-0.37288758773966979,1
persist,5a133a263b0eafa6,0.16430562804063698,0.16430562804063698,-0.16430562804063698,1
persist,5a349f6ef74434ea,8.2500908021456425,8.2500908021456425,-8.2500908021456425,1
persist,5ab19c23cd16fc8e,1.1822022428669081,1.1822022428669081,1.1822022428669081,1
persist,5c2dbd440ca8d71e,11.235980614827881,11.235980614827881,-11.235980614827881,1
persist,5c900716768b5f13,64.52906219057293,64.52906219057293,64.52906219057293,1
persist,5cc868e2e9fa7a4f,0.22279283110418069,0.22279283110418069,-0.22279283110418069,1
persist,5d4832277493c656,0.34161530467019041,0.34161530467019041,-0.34161530467019041,1
persist,5de6ca5b3cdb2308,12.556532260594619,12.556532260594619,12.556532260594619,1
persist,5e5cf0838ec04aa7,1.8185598904672702,1.8185598904672702,-1.8185598904672702,1
persist,5e672637ee00da51,6.8493483346709318,6.8493483346709318,-6.8493483346709318,1
persist,5ec3ce50bd1e3f94,0.56354709002733294,0.56354709002733294,-0.56354709002733294,1
persist,5fe4aa4017e3184f,1.0749975266538048,1.0749975266538048,1.0749975266538048,1
persist,609c04e8bbcb8ae9,6.931231494535286,6.931231494535286,-6.931231494535286,1
persist,61512e27503e0c5d,7.8589631813109024,7.8589631813109024,-7.8589631813109024,1
persist,61c859c56cdb9f51,1.4436354751788103,1.4436354751788103,1.4436354751788103,1
persist,62cc364cf8348017,0.32788009054581746,0.32788009054581746,-0.32788009054581746,1
persist,6368e01c89742033,1.7240809752614057,1.7240809752614057,-1.7240809752614057,1
persist,644eca9ea9e3d529,0.29376111852707076,0.29376111852707076,-0.29376111852707076,1
persist,65ed0077d5265519,0.36831760724074325,0.36831760724074325,-0.36831760724074325,1
persist,662f482ba6c543a2,1.4310647542532093,1.4310647542532093,-1.4310647542532093,1
persist,66e5877231ff195b,9.4101909782958053,9.4101909782958053,-9.4101909782958053,1
persist,68dc63126a573982,0.25421688844970713,0.25421688844970713,-0.25421688844970713,1
persist,6953ca6de2032137,1.0850728904387776,1.0850728904387776,-1.0850728904387776,1
persist,6971c4a92f397cd5,0,0,0,1
persist,6a88306079e612a9,0.19910508622345358,0.19910508622345358,-0.19910508622345358,1
persist,6b76a5f61943c0d6,0.42590096942364752,0.42590096942364752,-0.42590096942364752,1
persist,6b9cd1f5e2eb5104,0,0,0,1
persist,6e0769094a37b3aa,0.30909736136623422,0.30909736136623422,-0.30909736136623422,1
persist,6e2efc86d99b4c08,0.073197949027250964,0.073197949027250964,-0.073197949027250964,1
persist,6e9452cd92a1e675,2.3025859930554979,2.3025859930554979,-2.3025859930554979,1
persist,6f1d447affd94478,1.4310647542532093,1.4310647542532093,-1.4310647542532093,1
persist,6fbbd2c83717800c,0.20713848162180337,0.20713848162180337,-0.20713848162180337,1
persist,701114dc9d0a0820,19.289558006812491,19.289558006812491,-19.289558006812491,1
persist,70bf4dd1bfce5642,0.39706730538381096,0.39706730538381096,0.39706730538381096,1
persist,71cc13e1d23971b4,0.24684276208213962,0.24684276208213962,-0.24684276208213962,1
persist,71e32c98a2fa4eb0,0.31549840834831944,0.31549840834831944,-0.31549840834831944,1
persist,722018578611076f,0.28020920623322088,0.28020920623322088,-0.28020920623322088,1
persist,72a5ce3caed949c4,0.47073518710269635,0.47073518710269635,-0.47073518710269635,1
persist,7400cf6ae9f4ad13,0.095307166862231618,0.095307166862231618,-0.095307166862231618,1
persist,74d3c0d02fda4cc0,0,0,0,1
persist,74f95f520284dd1d,0.18230962221496227,0.18230962221496227,-0.18230962221496227,1
persist,7675d8f4d1509a89,0.28374174384187878,0.28374174384187878,-0.28374174384187878,1
persist,76b505a4ce8376ca,0.41073824445413543,0.41073824445413543,-0.41073824445413543,1
persist,7732793724f03849,0,0,0,1
persist,774ecb674fbd485d,0.79873143862477036,0.79873143862477036,-0.79873143862477036,1
persist,775bebce2e8069ea,19.178603729196897,19.178603729196897,-19.178603729196897,1
persist,77dc3be003a0e911,16.624920801315664,16.624920801315664,16.624920801315664,1
persist,78f0601042601c75,19.230854354514264,19.230854354514264,-19.230854354514264,1
persist,794324f96cddac1f,24.627533216062282,24.627533216062282,24.627533216062282,1
persist,7a2fb9613b20a5c1,7.3483176123136609,7.3483176123136609,-7.3483176123136609,1
persist,7a7bd5bcd3e65b33,0.28469242807880546,0.28469242807880546,0.28469242807880546,1
persist,7b857d11d0d32f87,0.19965820916495547,0.19965820916495547,-0.19965820916495547,1
persist,7b8ac553132d3eb1,2.5541239106848863,2.5541239106848863,2.5541239106848863,1
persist,7bf35d4cc299c56b,0.30356406280888848,0.30356406280888848,-0.30356406280888848,1
persist,7c37ba7718ebcbf7,2.4082796152909296,2.4082796152909296,-2.4082796152909296,1
persist,7cb10a04d50e0b73,0.35453064816813384,0.35453064816813384,-0.35453064816813384,1
persist,7cc65538b7b35872,0.80551176289411686,0.80551176289411686,-0.80551176289411686,1
persist,7d87536df8bba075,0.33525463658602295,0.33525463658602295,-0.33525463658602295,1
persist,7dd4e5ac7be25901,0,0,0,1
persist,7ef9cf3282aa5cfd,0.74448602313426182,0.74448602313426182,0.74448602313426182,1
persist,7f2c7c8523e00e06,0.14361458125185145,0.14361458125185145,-0.14361458125185145,1
persist,7f9ebb677b1dcde4,12.932125553400876,12.932125553400876,-12.932125553400876,1
persist,7fbb11a095b6c40b,0.56226188815926725,0.56226188815926725,0.56226188815926725,1
persist,7fee598b25d82fec,0.12766308050095887,0.12766308050095887,-0.12766308050095887,1
persist,803469d8a0bf32f3,3.4657329886010544,3.4657329886010544,-3.4657329886010544,1
persist,804f5d131debd233,0.29040819362004822,0.29040819362004822,-0.29040819362004822,1
persist,80587dc3d17518b9,2.016160076597032,2.016160076597032,-2.016160076597032,1
persist,80885573b67f74f6,1.9362609199636083,1.9362609199636083,-1.9362609199636083,1
persist,819a91f09387b7ff,0,0,0,1
persist,824795041aa4023c,2.4190874085621985,2.4190874085621985,-2.4190874085621985,1
persist,82ecf90c792c704a,0.69303002737970942,0.69303002737970942,-0.69303002737970942,1
persist,83468bd36acdbaf3,0.64498460153363624,0.64498460153363624,-0.64498460153363624,1
persist,83e0d91f0a7da434,0.67669379493188409,0.67669379493188409,-0.67669379493188409,1
persist,84a4d6cd0408ab51,1.5691603865412898,1.5691603865412898,-1.5691603865412898,1
persist,850884d44ae6d451,0,0,0,1
persist,853b3dd1c82b2adc,0.41601350717247865,0.41601350717247865,-0.41601350717247865,1
persist,869a59d197773261,0.37481098405325652,0.37481098405325652,-0.37481098405325652,1
persist,86a805d8689d1d5c,3.2595725562629214,3.2595725562629214,-3.2595725562629214,1
persist,870a07402050ea0d,0.65904227478296651,0.65904227478296651,-0.65904227478296651,1
persist,8749b49e6198cc7b,0.48490229819734054,0.48490229819734054,-0.48490229819734054,1
persist,875650fc71625bbe,6.4845229184348945,6.4845229184348945,-6.4845229184348945,1
persist,87685dd4759df27e,0.14102219411079719,0.14102219411079719,-0.14102219411079719,1
persist,87f6ddc717ae5bf5,2.4065938604715846,2.4065938604715846,-2.4065938604715846,1
persist,88271d97e49c34db,8.0978952813832805,8.0978952813832805,8.0978952813832805,1
persist,89e30dc84513080c,1.8184464592320668,1.8184464592320668,-1.8184464592320668,1
persist,8ad55d29e7bb93fb,1.5130691009743469,1.5130691009743469,-1.5130691009743469,1
persist,8b1a1a27c8cfb628,3.1895736594348154,3.1895736594348154,-3.1895736594348154,1
persist,8ba775bbe95b51c1,9.4196824463975943,9.4196824463975943,-9.4196824463975943,1
persist,8d33226e1a3a5ea9,5.35883950872363,5.35883950872363,5.35883950872363,1
persist,8db8d74ecfc737af,1.9203359196972731,1.9203359196972731,-1.9203359196972731,1
persist,8ef29254fa7b340a,0.2403753918331657,0.2403753918331657,-0.2403753918331657,1
persist,8f002d0cd17056ac,0.0013629217554118611,0.0013629217554118611,-0.0013629217554118611,1
persist,8f5e2c16b9d01e3a,12.09245542597419,12.09245542597419,-12.09245542597419,1
persist,9060c5dd8eede2f8,0.54545118680860138,0.54545118680860138,-0.54545118680860138,1
persist,90de08615b8ba426,0.57527977118091744,0.57527977118091744,-0.57527977118091744,1
persist,926659ee4c06c9d0,1.1901240915820734,1.1901240915820734,-1.1901240915820734,1
persist,93c2df04145acbc4,0.72181773758940515,0.73924212230233488,-0.72181773758940515,2
persist,93d9b97a6d2642a9,7.9982885976544456,7.9982885976544456,-7.9982885976544456,1
persist,93dd6cc67bcd5ec9,0.33168241978587654,0.33168241978587654,-0.33168241978587654,1
persist,94884b8bbcfbd54c,9.3704102539229623,9.3704102539229623,-9.3704102539229623,1
persist,95683f47f0348db3,1.4736708936246625,1.4736708936246625,-1.4736708936246625,1
persist,959d1c9138fdf1fb,7.3272881530555409,7.3272881530555409,-7.3272881530555409,1
persist,95cfdea7778e1671,0.30102251274186731,0.30102251274186731,-0.30102251274186731,1
persist,969aa1f40d6dc66b,0.31224571076718455,0.31224571076718455,-0.31224571076718455,1
persist,96e70b492b6abbf6,3.5556979247173119,3.5556979247173119,-3.5556979247173119,1
persist,97d71db82cd82f0a,71.24836277535303,71.24836277535303,71.24836277535303,1
persist,97e97a387cc1bd1a,0.2422873940955057,0.2422873940955057,-0.2422873940955057,1
persist,99560a9ea3687fe0,3.3085106444060903,3.3085106444060903,3.3085106444060903,1
persist,9a9cbcde4b4d7a22,0.83868573328457252,0.83868573328457252,-0.83868573328457252,1
persist,9abc3d2b01c3cc5c,3.4023066454805946,3.4023066454805946,-3.4023066454805946,1
persist,9ac3107d67e59532,4.4659081186545713,4.4659081186545713,-4.4659081186545713,1
persist,9b55b84321f80b2c,0.51052268534702172,0.51052268534702172,-0.51052268534702172,1
persist,9bde9a7e32be7e05,16.331597192155051,16.331597192155051,-16.331597192155051,1
persist,9cc48a5df92274e0,0.88137358701954305,0.88137358701954305,0.88137358701954305,1
persist,9cd93057cf9c8c00,5.6191277159539759,5.6191277159539759,-5.6191277159539759,1
persist,9e08c4f4702c9176,0.67333339341284537,0.67333339341284537,-0.67333339341284537,1
persist,9e98cf4c5d891d2f,10.22730867160378,10.22730867160378,-10.22730867160378,1
persist,9f3056864543d3f6,0.64961842148830495,0.64961842148830495,-0.64961842148830495,1
persist,9ffa5b2dcb6e0751,8.5612189776093075,8.5612189776093075,-8.5612189776093075,1
persist,a0932aefae2399cd,4.4465650754071948,4.4465650754071948,-4.4465650754071948,1
persist,a093cd5e9acd6e6e,0,0,0,2
persist,a094e76271214f19,1.8184464592320668,1.8184464592320668,1.8184464592320668,1
persist,a1a947740469afec,0.24357391439774734,0.24357391439774734,-0.24357391439774734,1
persist,a1beaac4ea8de6d2,2.2174326961796389,2.2174326961796389,-2.2174326961796389,1
persist,a1ef3ce7ce07e30c,0.82567430182656221,0.82567430182656221,-0.82567430182656221,1
persist,a26ff951b5ebb4a4,5.1249856391629134,5.1249856391629134,5.1249856391629134,1
persist,a2e55b7bdd61cff3,1.2319118906415047,1.2319118906415047,-1.2319118906415047,1
persist,a313d79fcc230548,0.36240261373615645,0.36240261373615645,-0.36240261373615645,1
persist,a3cf484f0f31b544,9.5819487049683794,9.5819487049683794,-9.5819487049683794,1
persist,a45e00fc8ea9b758,3.206646433285691,3.206646433285691,-3.206646433285691,1
persist,a5b9820ac5bf2964,0.063710636417316557,0.063710636417316557,-0.063710636417316557,1
persist,a7201302014ae6ce,0.418365857105508,0.418365857105508,-0.418365857105508,1
persist,a76377b7caf4b874,0,0,0,1
persist,a7cec19aef0c55cb,0.88137358701954305,0.88137358701954305,-0.88137358701954305,1
persist,a80977c20588518e,4.4309584920805429,4.4309584920805429,-4.4309584920805429,1
persist,a923f2662aceecd7,0.66072944553828528,0.66072944553828528,-0.66072944553828528,1
persist,a940391648d52575,37.557179346206631,37.557179346206631,-37.557179346206631,1
persist,a954b31b66e0a0f7,0.41742075806049161,0.41742075806049161,-0.41742075806049161,1
persist,aa3e13a94fa413b0,0.63765267877466858,0.63765267877466858,-0.63765267877466858,1
persist,aa55fc2e591a3eea,0.81764533141198825,0.81764533141198825,-0.81764533141198825,1
persist,aa84024f362acec7,0,0,0,1
persist,aabf9bdb77894078,0.03173270535452577,0.03173270535452577,-0.03173270535452577,1
persist,ab022eca238edc01,0,0,0,1
persist,ab47df57f6b720d7,1.5028673022752819,1.5028673022752819,-1.5028673022752819,1
persist,ab97f4d059715a0f,3.3823099036581716,3.3823099036581716,-3.3823099036581716,1
persist,acdedc1f1f1677b0,0.88137358701954305,0.88137358701954305,0.88137358701954305,1
persist,ad4c95fe80a66847,0.28692560018484592,0.28692560018484592,0.28692560018484592,1
persist,ad5948e192ebc2d4,0.93707287221252378,0.93707287221252378,0.93707287221252378,1
persist,ad5c384a6be364aa,1.903536008385494,1.903536008385494,-1.903536008385494,1
persist,addce88f5927e9b7,2.4613800964748043,2.4613800964748043,-2.4613800964748043,1
persist,addfa722b1bb9b7b,0.93259790923810115,0.93259790923810115,-0.93259790923810115,1
persist,af17f6c68ad40f75,0.27603438014513904,0.27603438014513904,-0.27603438014513904,1
persist,af3eaf7a505d27c2,1.2232050781069606,1.2232050781069606,1.2232050781069606,1
persist,b149944913743077,6.9314718041379351,6.9314718041379351,-6.9314718041379351,1
persist,b1e1aebb9420a6c0,1.4118818619020281,1.4118818619020281,-1.4118818619020281,1
persist,b3447163870d3003,0.26822560515262062,0.26822560515262062,-0.26822560515262062,1
persist,b3907643507df0f6,2.644120761058629,2.644120761058629,2.644120761058629,1
persist,b3b896fac1db6be4,0.27958820740112955,0.27958820740112955,-0.27958820740112955,1
persist,b3d9d211a865558e,0.57523232903048171,0.57523232903048171,-0.57523232903048171,1
persist,b56f9cdeecf07967,15.02738110422758,15.02738110422758,-15.02738110422758,1
persist,b6d0f65b30088d8a,3.0782712283855114,3.0782712283855114,-3.0782712283855114,1
persist,b76abebbe3871acf,14.936060726607487,14.936060726607487,-14.936060726607487,1
persist,b7712c125a47a1e7,0.15523671007603301,0.15523671007603301,-0.15523671007603301,1
persist,b9bee040d2d25fed,45.825006931503815,45.825006931503815,-45.825006931503815,1
persist,ba5099f54efb4c26,0.88137358701954305,0.88137358701954305,-0.88137358701954305,1
persist,bae03f436761eb2a,1.1101429806478116,1.1101429806478116,-1.1101429806478116,1
persist,bbf26c3d1fe29c0e,0.31799472521470795,0.31799472521470795,-0.31799472521470795,1
persist,bc65c316905e3299,12.100267991034009,12.100267991034009,-12.100267991034009,1
persist,bc8c69f89642761a,0.25264382062531077,0.25264382062531077,-0.25264382062531077,1
persist,bdf713200e425ec5,0.23827089534356816,0.23827089534356816,-0.23827089534356816,1
persist,be81446c1506feab,1.7361499625210686,1.7361499625210686,1.7361499625210686,1
persist,c2654fc1cfab58a2,0.21356862631896156,0.21356862631896156,-0.21356862631896156,1
persist,c30f10739e8124e8,28.90611042462259,28.90611042462259,-28.90611042462259,1
persist,c30f8147441ce11e,0.83737862325630452,0.83737862325630452,-0.83737862325630452,1
persist,c38e374a53377422,0.67333339341284537,0.67333339341284537,-0.67333339341284537,1
persist,c3ab909658d376dc,0,0,0,1
persist,c41b1ac770551769,0.28765451920011831,0.28765451920011831,-0.28765451920011831,1
persist,c46086c612e8f2b6,0.69023875716100713,0.69023875716100713,0.69023875716100713,1
persist,c5c20db2e333e139,3.2927688717596877,3.2927688717596877,3.2927688717596877,1
persist,c5e74c2c8abec09b,7.9118788366343296,7.9118788366343296,-7.9118788366343296,1
persist,c711ba9d88eca132,1.2133389602415581,1.2133389602415581,-1.2133389602415581,1
persist,c79cc278f7af4957,14.627400313675267,14.627400313675267,-14.627400313675267,1
persist,c890452c78a0bde5,3.4084648488865774,3.4084648488865774,-3.4084648488865774,1
persist,c90a2eeb6cfde096,2.616608687281504,2.616608687281504,-2.616608687281504,1
persist,c9725c1b5af63003,0.0067544216762556175,0.0067544216762556175,-0.0067544216762556175,1
persist,c994e67932817306,6.7472185779718323,6.7472185779718323,-6.7472185779718323,1
persist,c9d14f8bba60e13a,20.767373535466099,20.767373535466099,-20.767373535466099,1
persist,cab9196b597deab7,2.2211525118406268,2.2211525118406268,-2.2211525118406268,1
persist,cadebb739ade8eb2,15.766480946786206,15.766480946786206,-15.766480946786206,1
persist,cb9a76267a45a1a0,4.3412046576469692,4.3412046576469692,-4.3412046576469692,1
persist,cc15a46e3fb2cc41,0.56226188815926725,0.56226188815926725,-0.56226188815926725,1
persist,cc77959c030f6298,0.93707287221252378,0.93707287221252378,-0.93707287221252378,1
persist,cc986eab7707fc06,0.16383293623629136,0.16383293623629136,-0.16383293623629136,1
persist,cd2ee41e0889e8ef,0.16647036121209435,0.16647036121209435,-0.16647036121209435,1
persist,ce4323960c84143b,0.048732161272637242,0.048732161272637242,-0.048732161272637242,1
persist,ceeed00978253eeb,0.28766097626367415,0.28766097626367415,-0.28766097626367415,1
persist,cfb58633d4457471,1.4436354751788103,1.4436354751788103,-1.4436354751788103,1
persist,cfe227d0711edf8d,1.9552613491959399,1.9552613491959399,-1.9552613491959399,1
persist,d041952963b8157f,3.5485083709148668,3.5485083709148668,-3.5485083709148668,1
persist,d101ae93b8d32b0a,2.2898375553342305,2.2898375553342305,-2.2898375553342305,1
persist,d2d5a35610a062b9,1.2948052385597428,1.2948052385597428,-1.2948052385597428,1
persist,d2ea9c99f1ac2546,7.4151465480316041,7.4151465480316041,-7.4151465480316041,1
persist,d356b8a4cf9170ff,6.584789484624082,6.584789484624082,-6.584789484624082,1
persist,d3b5756d7162e9af,0.27477673727869067,0.27477673727869067,-0.27477673727869067,1
persist,d42af5fc7b92600f,0.26234343618711264,0.26234343618711264,-0.26234343618711264,1
persist,d4895ffe41aa47be,0.64932821392100237,0.64932821392100237,-0.64932821392100237,1
persist,d4a82f98e4a4d8f1,0.41511718911830364,0.41511718911830364,-0.41511718911830364,1
persist,d6d99601d2221241,1.2764057877570014,1.2764057877570014,-1.2764057877570014,1
persist,d70688b68979f120,0,0,0,1
persist,d71eacc97f2eac4a,0.82567430182656221,0.82567430182656221,0.82567430182656221,1
persist,d79b513d15f7fd37,0,0,0,1
persist,d7c5ce4f887af943,0.15234090841371684,0.15234090841371684,0.15234090841371684,1
persist,d7fca0b3134a6789,0.35131052444647182,0.35131052444647182,-0.35131052444647182,1
persist,d83cb4267cfd84ca,1.7087779969678989,1.7087779969678989,-1.7087779969678989,1
persist,d84524c950c56654,0.21196319890503013,0.21196319890503013,-0.21196319890503013,1
persist,d8fc0a92c8c4a2fa,0.40543507510182231,0.40543507510182231,-0.40543507510182231,1
persist,d906b69770601071,50.411517776293607,50.411517776293607,-50.411517776293607,1
persist,d92bf76a610332bf,2.2117286080312839,2.2117286080312839,-2.2117286080312839,1
persist,d932087548ae36e5,0.15394637840021463,0.15394637840021463,-0.15394637840021463,1
persist,d98556fd070c0af6,0.88137358701954305,0.88137358701954305,-0.88137358701954305,1
persist,d988e431220e6bc6,0.5463911548420235,0.5463911548420235,-0.5463911548420235,1
persist,d9c550a9c51d35ac,0.57421227989516499,0.57421227989516499,-0.57421227989516499,1
persist,d9df86eb981deb9a,1.2004852858798187,1.2004852858798187,-1.2004852858798187,1
persist,da2b4ba6d53170e0,0.11979679800446696,0.11979679800446696,-0.11979679800446696,1
persist,da678ee16b098ae4,6.9304725159934755,6.9304725159934755,-6.9304725159934755,1
persist,da735e4edd7d8acd,4.8628496827781049,4.8628496827781049,-4.8628496827781049,1
persist,dae5d3492aac2245,0.66258171864179616,0.66258171864179616,-0.66258171864179616,1
persist,db5d643b2f9cbfbf,7.5690107694856223,7.5690107694856223,-7.5690107694856223,1
persist,dbb0e6a5907e83b0,5.7649185230359024,5.7649185230359024,-5.7649185230359024,1
persist,dc5b79abd8c32051,5.21577113659208,5.21577113659208,-5.21577113659208,1
persist,dc7b1c1d814df24f,6.643728228285628,6.643728228285628,-6.643728228285628,1
persist,dd94c5772508af28,15.948861391695765,15.948861391695765,-15.948861391695765,1
persist,ddd85b09690827da,2.7457700088792745,2.7457700088792745,-2.7457700088792745,1
persist,ddfc9b179bfb76be,0.67294151449761941,0.67294151449761941,-0.67294151449761941,1
persist,de09337452e20032,0.38340527787836098,0.38340527787836098,-0.38340527787836098,1
persist,de12f87c6958e38e,0.1793415113721597,0.1793415113721597,-0.1793415113721597,1
persist,deeae8883055b9ee,0.49215320135877549,0.49215320135877549,0.49215320135877549,1
persist,def460708ba7b0ef,1.0446751019866349,1.0446751019866349,1.0446751019866349,1
persist,df336a0a88d676b9,0.40537833192831219,0.40537833192831219,-0.40537833192831219,1
persist,df5f216d2d4a9851,0,0,0,1
persist,df8a6c6dd3f3b262,0.15867557199810278,0.15867557199810278,-0.15867557199810278,1
persist,dfbe713e68cc63a9,0.11697170516215394,0.11697170516215394,-0.11697170516215394,1
persist,dfeaa1f16aba9b2c,3.4656967605139339,3.4656967612005469,-3.4656967605139339,4
persist,e0096fe5c74ff63f,0.28469242807880546,0.28469242807880546,0.28469242807880546,1
persist,e02e29b116c658e8,1.6485081906220111,1.6485081906220111,-1.6485081906220111,1
persist,e16408e569859d83,0.26466896740581092,0.26466896740581092,-0.26466896740581092,1
persist,e4876602e9ba0f2e,0.27567918695927229,0.27567918695927229,-0.27567918695927229,1
persist,e586ddcbc365c334,1.378394029075019,1.378394029075019,-1.378394029075019,1
persist,e6831a831160cb9f,3.9124227656412556,3.9124227656412556,-3.9124227656412556,1
persist,e6e4ce0035fb36ab,1.0307345898361859,1.0307345898361859,-1.0307345898361859,1
persist,e7efeb7dc8836c4b,0,0,0,1
persist,e817fe65c2fb9bb3,5.1849690385888501,5.1849690385888501,-5.1849690385888501,1
persist,e827c21b034c420b,0.7084664821758091,0.7084664821758091,-0.7084664821758091,1
persist,e94bf0263935b271,0,0,0,1
persist,ea9379eb339d6cbc,0.27746146578437791,0.27746146578437791,-0.27746146578437791,1
persist,eab20b0f46956346,0.91303158826518782,0.91303158826518782,-0.91303158826518782,1
persist,eb3b940724dc982d,1.648264578652658,1.648264578652658,-1.648264578652658,1
persist,ec2067430ff6fb6e,0.59821980942926256,0.59821980942926256,-0.59821980942926256,1
persist,ecad917fe0f8bc30,1.8184464592320668,1.8184464592320668,-1.8184464592320668,1
persist,ed763ab2ba3e0068,0.10521421712757739,0.10521421712757739,-0.10521421712757739,1
persist,eeb9a817e031fe66,0.37481098405325652,0.37481098405325652,0.37481098405325652,1
persist,ef0516d41dbfe437,0.33080773093940152,0.33080773093940152,-0.33080773093940152,1
persist,ef18835f55ee60f5,0.5984139055073836,0.5984139055073836,-0.5984139055073836,1
persist,ef19e6cd14447306,0.33525463658602295,0.33525463658602295,-0.33525463658602295,1
persist,ef2fd0959fcb438f,3.3334775868839928,3.3334775868839928,3.3334775868839928,1
persist,efd621027b9eee3c,2.1874947629915376,2.1874947629915376,2.1874947629915376,1
persist,f018b597d7955bde,2.3286079051334001,2.3286079051334001,-2.3286079051334001,1
persist,f16ea570bc36c50a,0,0,0,1
persist,f182ea2ef1d4b772,37.629034324460271,37.629034324460271,37.629034324460271,1
persist,f197a4dda8f05c9d,0.15234090841371684,0.15234090841371684,-0.15234090841371684,1
persist,f20d81ce18b75a1c,0.24774080047153468,0.24774080047153468,-0.24774080047153468,1
persist,f28d6630733894f3,0.54385656145979056,0.54385656145979056,-0.54385656145979056,1
persist,f291f9c50ad08615,0.11697170516215394,0.11697170516215394,-0.11697170516215394,1
persist,f2f434168325f484,0.33168241978587654,0.33168241978587654,0.33168241978587654,1
persist,f3118a80b16b514c,4.0769621525052351,4.0769621525052351,-4.0769621525052351,1
persist,f379f2a83d8b1d5e,10.128694424107259,10.128694424107259,10.128694424107259,1
persist,f3d6f4c526ee2045,8.0471895621658263,8.0471895621658263,-8.0471895621658263,1
persist,f4124699649b4a4a,0.30916406397602358,0.30916406397602358,-0.30916406397602358,1
persist,f4f0befaa83096bf,18.497049322350545,18.497049322350545,-18.497049322350545,1
persist,f52bb8e676e21112,0.81635306171727073,0.81635306171727073,-0.81635306171727073,1
persist,f60ce72c8a83d154,2.087901681566855,2.087901681566855,-2.087901681566855,1
persist,f6f7080c144e2394,0.11279268243933771,0.11279268243933771,-0.11279268243933771,1
persist,f7374c8beb60288c,0.68175973346261642,0.68175973346261642,-0.68175973346261642,1
persist,f7417f2e9fa24db6,3.1123272663354067,3.1123272663354067,-3.1123272663354067,1
persist,f770391e972a9774,0,0,0,1
persist,f83f515f4a1662ef,1.1862066069415675,1.1862066069415675,-1.1862066069415675,1
persist,f91bd836fd72ca30,2.4917798526449122,2.4917798526449122,2.4917798526449122,1
persist,fbad90682526646a,0.21497166363039888,0.21497166363039888,-0.21497166363039888,1
persist,fcc34d7bb321a7ba,1.1507282898071196,1.1507282898071196,-1.1507282898071196,1
persist,fcd157d7ad16d9bd,17.352684784139043,17.352684784139043,-17.352684784139043,1
persist,fd55c8719d3332f2,4.7420109796572341,4.7420109796572341,-4.7420109796572341,1
persist,fde73a5d26460ac7,0.287679010577647,0.287679010577647,-0.287679010577647,1
persist,fe6c690122c7f47b,0.21497166363039888,0.21497166363039888,-0.21497166363039888,1
persist,fe8bb0245e97303e,1.1630881542089586,1.1630881542089586,-1.1630881542089586,1
persist,ff8c002895cc55c0,0.88137358701954305,0.88137358701954305,-0.88137358701954305,1
rbf,0044728bdcee1ccc,0.16686708035901177,0.16686708035901177,0.16686708035901177,1
rbf,00e091d496483091,4.5425242459374076,4.5425242459374076,4.5425242459374076,1
rbf,0146b78ef57bcf64,10.535624775336744,10.535624775336744,10.535624775336744,1
rbf,02185b833b3f7e46,0.14817963499205611,0.14817963499205611,-0.14817963499205611,1
rbf,0283464d5a77682d,0.42615924716575293,0.42615924716575293,0.42615924716575293,1
rbf,02aba283d0ede168,0.017789898436700646,0.017789898436700646,-0.017789898436700646,1
rbf,02bd54a445c388f7,24.26353577453817,24.26353577453817,24.26353577453817,1
rbf,03412985653e34db,0.90911594214902403,0.90911594214902403,-0.90911594214902403,1
rbf,0370362548b1f471,2.9025164228962232,2.9025164228962232,-2.9025164228962232,1
rbf,0375e8560a077d47,1.8979764543618978,1.8979764543618978,-1.8979764543618978,1
rbf,042fa975ca684d3b,0.049507562105066683,0.049507562105066683,-0.049507562105066683,1
rbf,044ca752d5c4c86b,17.531123372184492,17.531123372184492,17.531123372184492,1
rbf,04c8fa09cc1795b2,3.5588279571673622,3.5588279571673622,-3.5588279571673622,1
rbf,0561fe7b34c8f921,1.1886603587336513,1.1886603587336513,-1.1886603587336513,1
rbf,057e4c1e204474c3,0.032196960817643117,0.032196960817643117,0.032196960817643117,1
rbf,05b8808be1811f88,0.36751707176127102,0.36751707176127102,-0.36751707176127102,1
rbf,05d1421f3aa676b3,0.27622989048943225,0.27622989048943225,-0.27622989048943225,1
rbf,0809681d790ac577,0.50110098503039646,0.50110098503039646,-0.50110098503039646,1
rbf,088744d8857214d3,0.87510873623422292,0.87510873623422292,0.87510873623422292,1
rbf,095c0657286c2670,3.0101641050478651,3.0101641050478651,3.0101641050478651,1
rbf,0a3723be6d7e8015,0.035817826914335882,0.035817826914335882,-0.035817826914335882,1
rbf,0aabeaa122622902,0.55825701498697455,0.55825701498697455,-0.55825701498697455,1
rbf,0abe8ddbdc76674c,12.270304302934024,12.270304302934024,-12.270304302934024,1
rbf,0b1839302dfbecd9,0.25119296904139077,0.25119296904139077,-0.25119296904139077,1
rbf,0b7552228582926d,0.91123592280351229,0.91123592280351229,-0.91123592280351229,1
rbf,0bd468a4feb458c4,0.3885025853693912,0.3885025853693912,0.3885025853693912,1
rbf,0c2effcd2d76718c,0.26219665678471493,0.26219665678471493,0.26219665678471493,1
rbf,0c2f0383d85e77d7,0.44294528526278576,0.44294528526278576,0.44294528526278576,1
rbf,0c5258397f981059,1.8855949794106621,1.8855949794106621,1.8855949794106621,1
rbf,0cbfa12424d7c0c3,0.30993684618411077,0.30993684618411077,-0.30993684618411077,1
rbf,0d1a69478606100d,0.24645234038913966,0.24645234038913966,-0.24645234038913966,1
rbf,0d3017d562dd4eca,0.196581389193069,0.196581389193069,-0.196581389193069,1
rbf,0dfbf7a8aa92ea87,0.027518706657517988,0.027518706657517988,-0.027518706657517988,1
rbf,0e9128d223e92278,0.11595498357910716,0.11595498357910716,-0.11595498357910716,1
rbf,0ef764903b18785f,0.65702219450073152,0.65702219450073152,-0.65702219450073152,1
rbf,0f0d8322e9518056,0.13440868568651254,0.13440868568651254,-0.13440868568651254,1
rbf,0fa7cdbf435011ab,0.24126172077997232,0.24126172077997232,-0.24126172077997232,1
rbf,103dc8054c6809aa,0.89906527436868133,0.89906527436868133,-0.89906527436868133,1
rbf,105e5b4c72ffcebb,2.345554599883565,2.345554599883565,2.345554599883565,1
rbf,1076838c0f3dff77,0.014903866483109596,0.014903866483109596,0.014903866483109596,1
rbf,108245ab6eece39e,0.16196011925789655,0.16196011925789655,-0.16196011925789655,1
rbf,10e78ebbadf09b69,0.080392746045159669,0.080392746045159669,-0.080392746045159669,1
rbf,111aa3492a976cda,0.37167819863565033,0.37167819863565033,0.37167819863565033,1
rbf,12039dda732972c5,0.17309607583985986,0.17309607583985986,0.17309607583985986,1
rbf,1247538925d32f08,0.075553792419615462,0.075553792419615462,-0.075553792419615462,1
rbf,1252c2ac6a2921d9,1.711674647125605,1.711674647125605,1.711674647125605,1
rbf,1253cd5ffd2eea4f,0.17939304698777114,0.17939304698777114,-0.17939304698777114,1
rbf,12d41fc28379e309,0.54008513413456072,0.54008513413456072,0.54008513413456072,1
rbf,1327399555209d45,1.4464907013704273,1.4464907013704273,-1.4464907013704273,1
rbf,1328f931a3bb25ee,1.1579504569804469,1.1579504569804469,1.1579504569804469,1
rbf,143fa8c15e434cb8,0.3515782509826213,0.3515782509826213,0.3515782509826213,1
rbf,1453410305cd22f0,0.57101622894422643,0.57101622894422643,0.57101622894422643,1
rbf,1753d7d5cddf0205,2.4720727677341658,2.4720727677341658,-2.4720727677341658,1
rbf,1788df09936827c0,0.40466680496785079,0.40466680496785079,0.40466680496785079,1
rbf,188e0096a622bc46,1.3818928427036257,1.3818928427036257,-1.3818928427036257,1
rbf,1948a9145ba02cd7,2.2147303686161486,2.2147303686161486,2.2147303686161486,1
rbf,1954fa2200741c60,4.0101501448372661,4.0101501448372661,4.0101501448372661,1
rbf,19733e25b3773af3,4.2605666284979673,4.2605666284979673,-4.2605666284979673,1
rbf,19923d2aee3257bc,0.9800424206150069,0.9800424206150069,-0.9800424206150069,1
rbf,1a0bb13d9a5d9fa6,0.017478851394962192,0.017478851394962192,0.017478851394962192,1
rbf,1a21a2ceabaea267,0.11418170597708155,0.11418170597708155,-0.11418170597708155,1
rbf,1a2688ab9e47122d,0.12863220767218042,0.12863220767218042,-0.12863220767218042,1
rbf,1befd0176d6f5fd4,0.58208993621539662,0.58208993621539662,-0.58208993621539662,1
rbf,1c6063eeac7eb829,0.19754949288748591,0.19754949288748591,-0.19754949288748591,1
rbf,1c802bcdb8f3c632,0.96391735919079835,0.96391735919079835,0.96391735919079835,1
rbf,1cbf433a4455aa2a,0.25945023525871314,0.25945023525871314,-0.25945023525871314,1
rbf,1d750c20f57af221,1.4290094891256597,1.4290094891256597,-1.4290094891256597,1
rbf,1e739b9ecad69152,0.14319508908155187,0.14319508908155187,-0.14319508908155187,1
rbf,1e84ebc58b8d107b,0.40223187743235833,0.40223187743235833,-0.40223187743235833,1
rbf,1f93720697ffc181,1.3001554324553655,1.3001554324553655,1.3001554324553655,1
rbf,200bb64dedd145f0,4.0422039426621463,4.0422039426621463,4.0422039426621463,1
rbf,20270d91433a73e1,0.16794474372580481,0.16794474372580481,0.16794474372580481,1
rbf,205c8bc6fa0cd419,1.3715177100853873,1.3715177100853873,1.3715177100853873,1
rbf,20b6e06fb3db908c,0.19407913188020276,0.19407913188020276,0.19407913188020276,1
rbf,20d4786362ff7b63,3.1427396455900389,3.1427396455900389,3.1427396455900389,1
rbf,22526e47fc6d1c22,0.45869717817292943,0.45869717817292943,-0.45869717817292943,1
rbf,228b38b5be777338,0.24730915379536178,0.24730915379536178,0.24730915379536178,1
rbf,2315ab7c0c4098bc,2.8281179866828747,2.8281179866828747,2.8281179866828747,1
rbf,239ae2c28321e638,0.19992011355254125,0.19992011355254125,-0.19992011355254125,1
rbf,2456848abac304dd,0.11629661537555869,0.11629661537555869,-0.11629661537555869,1
rbf,24a3aea72050ec55,0.35525420855511403,0.35525420855511403,-0.35525420855511403,1
rbf,24a688e4791749fb,0.13134360224785091,0.13134360224785091,-0.13134360224785091,1
rbf,24dcd59e5f044eaf,0.28525856711866115,0.28525856711866115,0.28525856711866115,1
rbf,251a21f8679ea430,0.18763436635838726,0.18763436635838726,-0.18763436635838726,1
rbf,25642a0f403458cc,4.1322716916070537,4.1322716916070537,-4.1322716916070537,1
rbf,276ee3d020155083,0.12409900073100211,0.12409900073100211,-0.12409900073100211,1
rbf,2811bd29ede210eb,0.35124196986831624,0.35124196986831624,-0.35124196986831624,1
rbf,288d02d8da16c44a,0.66490146597454469,0.66490146597454469,0.66490146597454469,1
rbf,28c7ce4eb54cee7e,0.57303352570080435,0.57303352570080435,-0.57303352570080435,1
rbf,292d3a65a36e4173,0.86443051864890386,0.86443051864890386,-0.86443051864890386,1
rbf,29951084393af017,2.5650661690515149,2.5650661690515149,-2.5650661690515149,1
rbf,2b1215df9415c4ba,1.9230958747386673,1.9230958747386673,-1.9230958747386673,1
rbf,2b41a785877b71ea,0.4322302822472428,0.4322302822472428,-0.4322302822472428,1
rbf,2b5c74a3261e6390,0.10191080892692383,0.10191080892692383,-0.10191080892692383,1
rbf,2ba65bf42eb08605,1.2694963339303129,1.2694963339303129,1.2694963339303129,1
rbf,2bc6e555e9164bb6,0.16351796005669783,0.16351796005669783,0.16351796005669783,1
rbf,2c04b6461f2a0f70,2.8752740595433135,2.8752740595433135,-2.8752740595433135,1
rbf,2cc152e27584ae06,0.15040479736253065,0.15040479736253065,-0.15040479736253065,1
rbf,2d9fd3908b46f903,0.09954368344479203,0.09954368344479203,0.09954368344479203,1
rbf,2e975705981d73d4,1.351628989749146,1.351628989749146,1.351628989749146,1
rbf,2ef727fd55a311e9,1.9608551569731461,1.9608551569731461,-1.9608551569731461,1
rbf,2f4b3618f17ab9f1,1.9770558930164173,1.9770558930164173,1.9770558930164173,1
rbf,2fea6d395fbcb322,0.53721624328831907,0.53721624328831907,-0.53721624328831907,1
rbf,30cd40b5db1a9d5a,0.69951001229253151,0.69951001229253151,0.69951001229253151,1
rbf,31003a5fec847475,3.4686490459272843,3.4686490459272843,-3.4686490459272843,1
rbf,3172245156716229,0.27264241629441699,0.27264241629441699,0.27264241629441699,1
rbf,32e515b6710947df,1.6093099497328662,1.6093099497328662,-1.6093099497328662,1
rbf,338aaf7bd51bc4eb,1.7398020748821601,1.7398020748821601,-1.7398020748821601,1
rbf,33bd1dfc2fd11b1c,1.9145716198426919,1.9145716198426919,1.9145716198426919,1
rbf,346e22483b4bd8ee,0.04005986068628653,0.04005986068628653,0.04005986068628653,1
rbf,34d56de6e80be715,1.9509645147732355,1.9509645147732355,1.9509645147732355,1
rbf,35a0f646aeff2f25,0.49896347520739681,0.49896347520739681,0.49896347520739681,1
rbf,3609782e0c57034c,0.38472240983145234,0.38472240983145234,-0.38472240983145234,1
rbf,37e39e4b052ed45e,56.364619623935766,56.364619623935766,-56.364619623935766,1
rbf,380042f4d4a23ee5,0.58414093033755421,0.58414093033755421,-0.58414093033755421,1
rbf,380b6b083e82f720,0.09902465226137025,0.09902465226137025,0.09902465226137025,1
rbf,385e3389ccbdab7a,2.1699383953289644,2.1699383953289644,-2.1699383953289644,1
rbf,38ec5e2a9b2e3457,3.2930165445052104,3.2930165445052104,3.2930165445052104,1
rbf,390e7182b657d51d,0.28331397008520653,0.28331397008520653,0.28331397008520653,1
rbf,397f3fe0c8ab4b5d,0.35481962754469532,0.35481962754469532,-0.35481962754469532,1
rbf,3ad58a03f9e9766a,0.06583714526443174,0.06583714526443174,0.06583714526443174,1
rbf,3baddea31857633e,0.11477676936969694,0.11477676936969694,0.11477676936969694,1
rbf,3bdcc142d2c817b0,0.39380996738323315,0.39380996738323315,0.39380996738323315,1
rbf,3c35e6e2f32c33be,0.42883876370710361,0.42883876370710361,-0.42883876370710361,1
rbf,3c5dd7b0279c4f63,0.21078702726790777,0.21078702726790777,-0.21078702726790777,1
rbf,3d17e2aeb88c0753,0.25341112506339947,0.25341112506339947,-0.25341112506339947,1
rbf,3d3e9f9b492bc8e8,0.4383735767363417,0.4383735767363417,-0.4383735767363417,1
rbf,3d7f4c82ccf162c2,0.59607612441233115,0.59607612441233115,0.59607612441233115,1
rbf,3efdc924d43cf197,0.26479392212554842,0.26479392212554842,-0.26479392212554842,1
rbf,40000e849af4d88b,0.35606957095934977,0.35606957095934977,-0.35606957095934977,1
rbf,40fca366c650a1dd,0.17984424383855568,0.17984424383855568,-0.17984424383855568,1
rbf,4166b38a95a2e178,0.15829895175611064,0.15829895175611064,-0.15829895175611064,1
rbf,41ae88c2a2d3b667,1.3286908294322526,1.3286908294322526,1.3286908294322526,1
rbf,41de3083151e616d,0.54522694567740926,0.54522694567740926,0.54522694567740926,1
rbf,42146998b3ee116c,0.36959868826983922,0.36959868826983922,0.36959868826983922,1
rbf,42dd04a53780a973,0.31754088848213158,0.31754088848213158,-0.31754088848213158,1
rbf,42eae62218510290,0.8584871124677349,0.8584871124677349,0.8584871124677349,1
rbf,431af725e9d9cf36,1.0488569106187606,1.0488569106187606,-1.0488569106187606,1
rbf,437a97355e1b5d17,0.70190329156957132,0.70190329156957132,-0.70190329156957132,1
rbf,43ea69d95437dcc1,0.33917106926805118,0.33917106926805118,-0.33917106926805118,1
rbf,43fb8cf7dda6679e,0.21521629364670058,0.21521629364670058,-0.21521629364670058,1
rbf,44c58ea28b3c982a,0.4843953614727905,0.4843953614727905,-0.4843953614727905,1
rbf,45371da82072a708,0.21431629850166711,0.21431629850166711,-0.21431629850166711,1
rbf,4541655e38bbd696,1.1585475610024645,1.1585475610024645,1.1585475610024645,1
rbf,45ec8a19f45ae9e9,0.26611758775321115,0.26611758775321115,-0.26611758775321115,1
rbf,464fe77cb548d241,0.29756170773368584,0.29756170773368584,-0.29756170773368584,1
rbf,46d2ba8408ced4a5,0.5037611893198819,0.5037611893198819,-0.5037611893198819,1
rbf,48293e9d39532b81,29.127659650372685,29.127659650372685,29.127659650372685,1
rbf,48c67edc36fc5736,0.12317552729531567,0.12317552729531567,0.12317552729531567,1
rbf,496a8a3eddea172e,0.37884694655443241,0.37884694655443241,0.37884694655443241,1
rbf,49d1ffd2779d9063,0.092706958736112455,0.092706958736112455,0.092706958736112455,1
rbf,4b6da16826bf9fab,0.087641847564681186,0.087641847564681186,0.087641847564681186,1
rbf,4b9e18e8d3a764da,3.0539408309863303,3.0539408309863303,-3.0539408309863303,1
rbf,4bdf7d70c7425250,0.087206879811578375,0.087206879811578375,0.087206879811578375,1
rbf,4ccf90cb21ac1f22,1.5027063832979835,1.5027063832979835,1.5027063832979835,1
rbf,4da86be7c0ed4685,1.6599310931166862,1.6599310931166862,1.6599310931166862,1
rbf,4e67d68dd4a36262,0.50884029502575778,0.50884029502575778,-0.50884029502575778,1
rbf,4e6985d31075e24a,0.5011966786491282,0.5011966786491282,0.5011966786491282,1
rbf,4ea0cf4c51b1dbd8,1.5461897180703277,1.5461897180703277,1.5461897180703277,1
rbf,509f66fdddeb6bb7,0.034330381488927308,0.034330381488927308,0.034330381488927308,1
rbf,50c2fc8fc1733d8a,0.86158593637583536,0.86158593637583536,-0.86158593637583536,1
rbf,526424c6c7ba50de,3.7925466392005847,3.7925466392005847,-3.7925466392005847,1
rbf,5291299139a2a507,0.098813125682804426,0.098813125682804426,0.098813125682804426,1
rbf,530bc5a858c7d4b4,0.21429265644467366,0.21429265644467366,-0.21429265644467366,1
rbf,53ad740cce42e97c,0.12596382006914153,0.12596382006914153,-0.12596382006914153,1
rbf,551d0fc027a751c2,4.5381016230798821,4.5381016230798821,-4.5381016230798821,1
rbf,55252981817e250f,0.49343382106509992,0.49343382106509992,-0.49343382106509992,1
rbf,5577861e318d74af,0.54175771929728,0.54175771929728,-0.54175771929728,1
rbf,5582cb9c46257d3f,1.3185263908160039,1.3185263908160039,1.3185263908160039,1
rbf,55a45b1a7e315a29,0.88701494791024871,0.88701494791024871,-0.88701494791024871,1
rbf,5674726cd475351e,0.096101594249829114,0.096101594249829114,-0.096101594249829114,1
rbf,57096bbe0d139c10,0.33514114335239498,0.33514114335239498,0.33514114335239498,1
rbf,5743313fef7461b9,1.134919184091927,1.134919184091927,-1.134919184091927,1
rbf,575b77816c26e0e3,0.69470952160723698,0.69470952160723698,-0.69470952160723698,1
rbf,57a2cd76adbdff08,4.5010442336800018,4.5010442336800018,-4.5010442336800018,1
rbf,57dba21aa4802ce4,2.9798015668683391,2.9798015668683391,-2.9798015668683391,1
rbf,57fca562822562f4,1.2704453790557118,1.2704453790557118,-1.2704453790557118,1
rbf,5838e1cafed7ec9e,0.35512377481043522,0.35512377481043522,0.35512377481043522,1
rbf,593484d77afa237a,0.039150550836343001,0.039150550836343001,0.039150550836343001,1
rbf,5a133a263b0eafa6,2.16028598264948,2.16028598264948,2.16028598264948,1
rbf,5a349f6ef74434ea,1.1793392387887067,1.1793392387887067,1.1793392387887067,1
rbf,5ab19c23cd16fc8e,2.3851851354864868,2.3851851354864868,2.3851851354864868,1
rbf,5c2dbd440ca8d71e,2.6732459906981632,2.6732459906981632,-2.6732459906981632,1
rbf,5c900716768b5f13,67.761880230288497,67.761880230288497,67.761880230288497,1
rbf,5cc868e2e9fa7a4f,0.5555679350302154,0.5555679350302154,-0.5555679350302154,1
rbf,5d4832277493c656,0.40213206894010511,0.40213206894010511,0.40213206894010511,1
rbf,5de6ca5b3cdb2308,15.821661364925784,15.821661364925784,15.821661364925784,1
rbf,5e5cf0838ec04aa7,0.40549701316812659,0.40549701316812659,0.40549701316812659,1
rbf,5e672637ee00da51,1.7646915692285035,1.7646915692285035,-1.7646915692285035,1
rbf,5ec3ce50bd1e3f94,0.022083043540582992,0.022083043540582992,-0.022083043540582992,1
rbf,5fe4aa4017e3184f,0.66169762617422911,0.66169762617422911,0.66169762617422911,1
rbf,609c04e8bbcb8ae9,0.29709636561453223,0.29709636561453223,-0.29709636561453223,1
rbf,61512e27503e0c5d,5.8572412924937955,5.8572412924937955,-5.8572412924937955,1
rbf,61c859c56cdb9f51,1.4218205910994592,1.4218205910994592,1.4218205910994592,1
rbf,62cc364cf8348017,0.28871373169387748,0.28871373169387748,-0.28871373169387748,1
rbf,6368e01c89742033,1.5706151208823234,1.5706151208823234,-1.5706151208823234,1
rbf,644eca9ea9e3d529,1.8764387926360993,1.8764387926360993,1.8764387926360993,1
rbf,65ed0077d5265519,0.36971632869034643,0.36971632869034643,-0.36971632869034643,1
rbf,662f482ba6c543a2,0.70143445736096677,0.70143445736096677,-0.70143445736096677,1
rbf,66e5877231ff195b,1.385054528947272,1.385054528947272,1.385054528947272,1
rbf,68dc63126a573982,0.36569593789645172,0.36569593789645172,-0.36569593789645172,1
rbf,6953ca6de2032137,0.89447651006941742,0.89447651006941742,-0.89447651006941742,1
rbf,6971c4a92f397cd5,0.096799939893775999,0.096799939893775999,-0.096799939893775999,1
rbf,6a88306079e612a9,0.2494560423157699,0.2494560423157699,0.2494560423157699,1
rbf,6b76a5f61943c0d6,0.52942075852797732,0.52942075852797732,-0.52942075852797732,1
rbf,6b9cd1f5e2eb5104,1.5998787178744882,1.5998787178744882,1.5998787178744882,1
rbf,6e0769094a37b3aa,0.22420335263947333,0.22420335263947333,-0.22420335263947333,1
rbf,6e2efc86d99b4c08,0.42915150398077628,0.42915150398077628,0.42915150398077628,1
rbf,6e9452cd92a1e675,0.79130699286840134,0.79130699286840134,0.79130699286840134,1
rbf,6f1d447affd94478,0.75398663024502799,0.75398663024502799,-0.75398663024502799,1
rbf,6fbbd2c83717800c,1.0241141504769651,1.0241141504769651,1.0241141504769651,1
rbf,701114dc9d0a0820,7.3789240453410585,7.3789240453410585,-7.3789240453410585,1
rbf,70bf4dd1bfce5642,0.21447020450122212,0.21447020450122212,0.21447020450122212,1
rbf,71cc13e1d23971b4,0.19723559876150798,0.19723559876150798,-0.19723559876150798,1
rbf,71e32c98a2fa4eb0,0.3705895065696776,0.3705895065696776,-0.3705895065696776,1
rbf,722018578611076f,0.086353277218181645,0.086353277218181645,-0.086353277218181645,1
rbf,72a5ce3caed949c4,0.61443094287703826,0.61443094287703826,-0.61443094287703826,1
rbf,7400cf6ae9f4ad13,0.2677224894080279,0.2677224894080279,-0.2677224894080279,1
rbf,74d3c0d02fda4cc0,0.4081470060573924,0.4081470060573924,-0.4081470060573924,1
rbf,74f95f520284dd1d,0.13330798535014932,0.13330798535014932,0.13330798535014932,1
rbf,7675d8f4d1509a89,0.28230347868962635,0.28230347868962635,-0.28230347868962635,1
rbf,76b505a4ce8376ca,0.0056067190554731638,0.0056067190554731638,-0.0056067190554731638,1
rbf,7732793724f03849,0.82138401690721707,0.82138401690721707,-0.82138401690721707,1
rbf,774ecb674fbd485d,1.0116009542492996,1.0116009542492996,-1.0116009542492996,1
rbf,775bebce2e8069ea,15.914838653192362,15.914838653192362,-15.914838653192362,1
rbf,77dc3be003a0e911,19.943806831363471,19.943806831363471,19.943806831363471,1
rbf,78f0601042601c75,7.550125292521507,7.550125292521507,-7.550125292521507,1
rbf,794324f96cddac1f,27.887014328652661,27.887014328652661,27.887014328652661,1
rbf,7a2fb9613b20a5c1,0.059725253780520404,0.059725253780520404,0.059725253780520404,1
rbf,7a7bd5bcd3e65b33,0.25814659559473752,0.25814659559473752,0.25814659559473752,1
rbf,7b857d11d0d32f87,0.12381013214471315,0.12381013214471315,-0.12381013214471315,1
rbf,7b8ac553132d3eb1,0.45017475080774716,0.45017475080774716,-0.45017475080774716,1
rbf,7bf35d4cc299c56b,0.42398038905395463,0.42398038905395463,-0.42398038905395463,1
rbf,7c37ba7718ebcbf7,0.22419212982135761,0.22419212982135761,-0.22419212982135761,1
rbf,7cb10a04d50e0b73,0.023610552668040796,0.023610552668040796,-0.023610552668040796,1
rbf,7cc65538b7b35872,0.31549675795347287,0.31549675795347287,0.31549675795347287,1
rbf,7d87536df8bba075,0.037616815895486155,0.037616815895486155,0.037616815895486155,1
rbf,7dd4e5ac7be25901,0.082130120875049784,0.082130120875049784,0.082130120875049784,1
rbf,7ef9cf3282aa5cfd,1.0294561601397918,1.0294561601397918,1.0294561601397918,1
rbf,7f2c7c8523e00e06,0.20604934011175136,0.20604934011175136,0.20604934011175136,1
rbf,7f9ebb677b1dcde4,6.2703249503710907,6.2703249503710907,-6.2703249503710907,1
rbf,7fbb11a095b6c40b,0.55939322231601885,0.55939322231601885,0.55939322231601885,1
rbf,7fee598b25d82fec,0.15427112785109731,0.15427112785109731,0.15427112785109731,1
rbf,803469d8a0bf32f3,0.21105059217562783,0.21105059217562783,0.21105059217562783,1
rbf,804f5d131debd233,0.39706134139997662,0.39706134139997662,-0.39706134139997662,1
rbf,80587dc3d17518b9,1.1695314026289569,1.1695314026289569,-1.1695314026289569,1
rbf,80885573b67f74f6,0.9052532970619751,0.9052532970619751,-0.9052532970619751,1
rbf,819a91f09387b7ff,0.0061358639673052551,0.0061358639673052551,0.0061358639673052551,1
rbf,824795041aa4023c,1.4379104901891075,1.4379104901891075,1.4379104901891075,1
rbf,82ecf90c792c704a,0.52783241525618063,0.52783241525618063,-0.52783241525618063,1
rbf,83468bd36acdbaf3,0.6985018166737289,0.6985018166737289,-0.6985018166737289,1
rbf,83e0d91f0a7da434,0.73905557680690048,0.73905557680690048,-0.73905557680690048,1
rbf,84a4d6cd0408ab51,0.30460659281831148,0.30460659281831148,-0.30460659281831148,1
rbf,850884d44ae6d451,0.25826708498507855,0.25826708498507855,-0.25826708498507855,1
rbf,853b3dd1c82b2adc,0.046337506554800179,0.046337506554800179,-0.046337506554800179,1
rbf,869a59d197773261,0.3277248051119821,0.3277248051119821,-0.3277248051119821,1
rbf,86a805d8689d1d5c,1.7925515704535888,1.7925515704535888,-1.7925515704535888,1
rbf,870a07402050ea0d,0.26088996046030744,0.26088996046030744,-0.26088996046030744,1
rbf,8749b49e6198cc7b,0.17983532914075884,0.17983532914075884,-0.17983532914075884,1
rbf,875650fc71625bbe,0.60788009463233905,0.60788009463233905,0.60788009463233905,1
rbf,87685dd4759df27e,0.0065713988366455922,0.0065713988366455922,-0.0065713988366455922,1
rbf,87f6ddc717ae5bf5,0.3080401295921682,0.3080401295921682,-0.3080401295921682,1
rbf,88271d97e49c34db,14.883424149884696,14.883424149884696,14.883424149884696,1
rbf,89e30dc84513080c,2.0002258093876022,2.0002258093876022,-2.0002258093876022,1
rbf,8ad55d29e7bb93fb,0.42477227001796258,0.42477227001796258,-0.42477227001796258,1
rbf,8b1a1a27c8cfb628,0.0085265647630912156,0.0085265647630912156,-0.0085265647630912156,1
rbf,8ba775bbe95b51c1,2.295720126728753,2.295720126728753,2.295720126728753,1
rbf,8d33226e1a3a5ea9,4.7707066480087921,4.7707066480087921,4.7707066480087921,1
rbf,8db8d74ecfc737af,0.53317535280556516,0.53317535280556516,-0.53317535280556516,1
rbf,8ef29254fa7b340a,0.13994023488385254,0.13994023488385254,0.13994023488385254,1
rbf,8f002d0cd17056ac,1.7034647080480898,1.7034647080480898,1.7034647080480898,1
rbf,8f5e2c16b9d01e3a,0.55200559879253319,0.55200559879253319,0.55200559879253319,1
rbf,9060c5dd8eede2f8,0.2256646641829505,0.2256646641829505,0.2256646641829505,1
rbf,90de08615b8ba426,0.48439701975883587,0.48439701975883587,0.48439701975883587,1
rbf,926659ee4c06c9d0,0.38780676431681549,0.38780676431681549,0.38780676431681549,1
rbf,93c2df04145acbc4,0.99870392955968867,1.0049024113053397,-0.99870392955968867,2
rbf,93d9b97a6d2642a9,5.0062774918596702,5.0062774918596702,-5.0062774918596702,1
rbf,93dd6cc67bcd5ec9,0.69101693351392646,0.69101693351392646,0.69101693351392646,1
rbf,94884b8bbcfbd54c,1.2205480052167559,1.2205480052167559,1.2205480052167559,1
rbf,95683f47f0348db3,1.4205965249833454,1.4205965249833454,1.4205965249833454,1
rbf,959d1c9138fdf1fb,0.048557295325434069,0.048557295325434069,0.048557295325434069,1
rbf,95cfdea7778e1671,0.58918271571488123,0.58918271571488123,-0.58918271571488123,1
rbf,969aa1f40d6dc66b,0.44767076285739016,0.44767076285739016,-0.44767076285739016,1
rbf,96e70b492b6abbf6,3.1955299376293524,3.1955299376293524,-3.1955299376293524,1
rbf,97d71db82cd82f0a,74.511197819102591,74.511197819102591,74.511197819102591,1
rbf,97e97a387cc1bd1a,0.20658902179535055,0.20658902179535055,0.20658902179535055,1
rbf,99560a9ea3687fe0,2.5194919108944163,2.5194919108944163,2.5194919108944163,1
rbf,9a9cbcde4b4d7a22,1.9798048394738128,1.9798048394738128,1.9798048394738128,1
rbf,9abc3d2b01c3cc5c,1.3436375479836054,1.3436375479836054,-1.3436375479836054,1
rbf,9ac3107d67e59532,0.43689524131607627,0.43689524131607627,0.43689524131607627,1
rbf,9b55b84321f80b2c,0.29164260454252933,0.29164260454252933,-0.29164260454252933,1
rbf,9bde9a7e32be7e05,6.9648539317703637,6.9648539317703637,-6.9648539317703637,1
rbf,9cc48a5df92274e0,0.4370160657009351,0.4370160657009351,0.4370160657009351,1
rbf,9cd93057cf9c8c00,0.4481929570506189,0.4481929570506189,-0.4481929570506189,1
rbf,9e08c4f4702c9176,0.54212364394479673,0.54212364394479673,-0.54212364394479673,1
rbf,9e98cf4c5d891d2f,7.2029660672688749,7.2029660672688749,-7.2029660672688749,1
rbf,9f3056864543d3f6,0.38841202764368088,0.38841202764368088,-0.38841202764368088,1
rbf,9ffa5b2dcb6e0751,1.517300142256417,1.517300142256417,1.517300142256417,1
rbf,a0932aefae2399cd,1.4308986212885131,1.4308986212885131,1.4308986212885131,1
rbf,a093cd5e9acd6e6e,0.23938883376813003,0.23938883376813003,-0.23938883376813003,2
rbf,a094e76271214f19,2.569182088779598,2.569182088779598,2.569182088779598,1
rbf,a1a947740469afec,0.33115122104669403,0.33115122104669403,0.33115122104669403,1
rbf,a1beaac4ea8de6d2,0.20218434041004585,0.20218434041004585,0.20218434041004585,1
rbf,a1ef3ce7ce07e30c,1.7007946182069147,1.7007946182069147,1.7007946182069147,1
rbf,a26ff951b5ebb4a4,2.377782981358683,2.377782981358683,2.377782981358683,1
rbf,a2e55b7bdd61cff3,0.5855100743958328,0.5855100743958328,0.5855100743958328,1
rbf,a313d79fcc230548,0.47703330243190933,0.47703330243190933,0.47703330243190933,1
rbf,a3cf484f0f31b544,2.009074027082093,2.009074027082093,2.009074027082093,1
rbf,a45e00fc8ea9b758,0.73789682829625569,0.73789682829625569,-0.73789682829625569,1
rbf,a5b9820ac5bf2964,1.4791589034556809,1.4791589034556809,1.4791589034556809,1
rbf,a7201302014ae6ce,0.04507701957653687,0.04507701957653687,0.04507701957653687,1
rbf,a76377b7caf4b874,0.09473069276047319,0.09473069276047319,-0.09473069276047319,1
rbf,a7cec19aef0c55cb,1.4547281226305797,1.4547281226305797,-1.4547281226305797,1
rbf,a80977c20588518e,4.0453991726742151,4.0453991726742151,-4.0453991726742151,1
rbf,a923f2662aceecd7,0.18996251050797675,0.18996251050797675,-0.18996251050797675,1
rbf,a940391648d52575,34.292645292854523,34.292645292854523,-34.292645292854523,1
rbf,a954b31b66e0a0f7,0.37708763751905039,0.37708763751905039,-0.37708763751905039,1
rbf,aa3e13a94fa413b0,0.61454667061350321,0.61454667061350321,0.61454667061350321,1
rbf,aa55fc2e591a3eea,0.2453138562044046,0.2453138562044046,0.2453138562044046,1
rbf,aa84024f362acec7,0.83334592478475145,0.83334592478475145,0.83334592478475145,1
rbf,aabf9bdb77894078,0.82194615426671458,0.82194615426671458,-0.82194615426671458,1
rbf,ab022eca238edc01,0.044868606086654772,0.044868606086654772,-0.044868606086654772,1
rbf,ab47df57f6b720d7,0.58955996564925606,0.58955996564925606,-0.58955996564925606,1
rbf,ab97f4d059715a0f,2.6443984586008389,2.6443984586008389,-2.6443984586008389,1
rbf,acdedc1f1f1677b0,0.34013358255076376,0.34013358255076376,0.34013358255076376,1
rbf,ad4c95fe80a66847,1.6425356506639588,1.6425356506639588,1.6425356506639588,1
rbf,ad5948e192ebc2d4,0.78838633629541433,0.78838633629541433,0.78838633629541433,1
rbf,ad5c384a6be364aa,1.3730964733249813,1.3730964733249813,1.3730964733249813,1
rbf,addce88f5927e9b7,1.2357077360363711,1.2357077360363711,-1.2357077360363711,1
rbf,addfa722b1bb9b7b,0.086637519893294268,0.086637519893294268,0.086637519893294268,1
rbf,af17f6c68ad40f75,0.17149190200037578,0.17149190200037578,-0.17149190200037578,1
rbf,af3eaf7a505d27c2,0.19999783979848429,0.19999783979848429,-0.19999783979848429,1
rbf,b149944913743077,1.3127403192298495,1.3127403192298495,-1.3127403192298495,1
rbf,b1e1aebb9420a6c0,4.5383460503520929,4.5383460503520929,4.5383460503520929,1
rbf,b3447163870d3003,0.061000050170886944,0.061000050170886944,-0.061000050170886944,1
rbf,b3907643507df0f6,0.72078210752862093,0.72078210752862093,0.72078210752862093,1
rbf,b3b896fac1db6be4,1.3121218187638739,1.3121218187638739,1.3121218187638739,1
rbf,b3d9d211a865558e,0.15349696307407434,0.15349696307407434,-0.15349696307407434,1
rbf,b56f9cdeecf07967,0.27251054472213809,0.27251054472213809,-0.27251054472213809,1
rbf,b6d0f65b30088d8a,1.9129260053167156,1.9129260053167156,-1.9129260053167156,1
rbf,b76abebbe3871acf,2.5688136275206688,2.5688136275206688,-2.5688136275206688,1
rbf,b7712c125a47a1e7,0.028465230128522201,0.028465230128522201,-0.028465230128522201,1
rbf,b9bee040d2d25fed,42.101561965814511,42.101561965814511,-42.101561965814511,1
rbf,ba5099f54efb4c26,0.19983218400467606,0.19983218400467606,-0.19983218400467606,1
rbf,bae03f436761eb2a,3.0162925819887754,3.0162925819887754,3.0162925819887754,1
rbf,bbf26c3d1fe29c0e,0.029143129552093416,0.029143129552093416,0.029143129552093416,1
rbf,bc65c316905e3299,3.8427230902347844,3.8427230902347844,3.8427230902347844,1
rbf,bc8c69f89642761a,0.12146622475766389,0.12146622475766389,0.12146622475766389,1
rbf,bdf713200e425ec5,0.40740719708203521,0.40740719708203521,-0.40740719708203521,1
rbf,be81446c1506feab,0.096116945405510856,0.096116945405510856,0.096116945405510856,1
rbf,c2654fc1cfab58a2,0.16447629728209456,0.16447629728209456,-0.16447629728209456,1
rbf,c30f10739e8124e8,25.457953020959586,25.457953020959586,-25.457953020959586,1
rbf,c30f8147441ce11e,0.20850031868324592,0.20850031868324592,-0.20850031868324592,1
rbf,c38e374a53377422,0.7835910398956405,0.7835910398956405,-0.7835910398956405,1
rbf,c3ab909658d376dc,0.091509421581648098,0.091509421581648098,-0.091509421581648098,1
rbf,c41b1ac770551769,0.2735961995147056,0.2735961995147056,-0.2735961995147056,1
rbf,c46086c612e8f2b6,0.012976264172505747,0.012976264172505747,-0.012976264172505747,1
rbf,c5c20db2e333e139,0.64758968359674807,0.64758968359674807,0.64758968359674807,1
rbf,c5e74c2c8abec09b,0.76897344730565464,0.76897344730565464,0.76897344730565464,1
rbf,c711ba9d88eca132,1.6887783939281058,1.6887783939281058,-1.6887783939281058,1
rbf,c79cc278f7af4957,1.3891885061813625,1.3891885061813625,-1.3891885061813625,1
rbf,c890452c78a0bde5,0.47850221424114103,0.47850221424114103,-0.47850221424114103,1
rbf,c90a2eeb6cfde096,3.2381650780504572,3.2381650780504572,-3.2381650780504572,1
rbf,c9725c1b5af63003,1.6918829285071926,1.6918829285071926,1.6918829285071926,1
rbf,c994e67932817306,0.098956925590119482,0.098956925590119482,0.098956925590119482,1
rbf,c9d14f8bba60e13a,18.091205158551432,18.091205158551432,-18.091205158551432,1
rbf,cab9196b597deab7,0.14793974027407941,0.14793974027407941,-0.14793974027407941,1
rbf,cadebb739ade8eb2,6.3899100862287739,6.3899100862287739,-6.3899100862287739,1
rbf,cb9a76267a45a1a0,0.616095029231289,0.616095029231289,0.616095029231289,1
rbf,cc15a46e3fb2cc41,0.63412685506968181,0.63412685506968181,-0.63412685506968181,1
rbf,cc77959c030f6298,0.29884130045524282,0.29884130045524282,-0.29884130045524282,1
rbf,cc986eab7707fc06,0.380086302062697,0.380086302062697,0.380086302062697,1
rbf,cd2ee41e0889e8ef,0.017832104679539107,0.017832104679539107,-0.017832104679539107,1
rbf,ce4323960c84143b,0.16378591101045981,0.16378591101045981,-0.16378591101045981,1
rbf,ceeed00978253eeb,0.25988327084430107,0.25988327084430107,-0.25988327084430107,1
rbf,cfb58633d4457471,1.423504185639066,1.423504185639066,-1.423504185639066,1
rbf,cfe227d0711edf8d,0.81551887903899178,0.81551887903899178,0.81551887903899178,1
rbf,d041952963b8157f,0.21431777495594773,0.21431777495594773,-0.21431777495594773,1
rbf,d101ae93b8d32b0a,0.48375187038587875,0.48375187038587875,0.48375187038587875,1
rbf,d2d5a35610a062b9,1.379847397345431,1.379847397345431,1.379847397345431,1
rbf,d2ea9c99f1ac2546,0.077907992586727204,0.077907992586727204,0.077907992586727204,1
rbf,d356b8a4cf9170ff,0.13539337693003617,0.13539337693003617,-0.13539337693003617,1
rbf,d3b5756d7162e9af,0.5159765858748564,0.5159765858748564,-0.5159765858748564,1
rbf,d42af5fc7b92600f,0.515384078582386,0.515384078582386,-0.515384078582386,1
rbf,d4895ffe41aa47be,0.3149748291655623,0.3149748291655623,-0.3149748291655623,1
rbf,d4a82f98e4a4d8f1,0.38415533685897607,0.38415533685897607,0.38415533685897607,1
rbf,d6d99601d2221241,0.81096142008984984,0.81096142008984984,-0.81096142008984984,1
rbf,d70688b68979f120,0.43001915360571275,0.43001915360571275,-0.43001915360571275,1
rbf,d71eacc97f2eac4a,0.4031615986632735,0.4031615986632735,0.4031615986632735,1
rbf,d79b513d15f7fd37,0.56537562438169964,0.56537562438169964,-0.56537562438169964,1
rbf,d7c5ce4f887af943,0.20356642580923046,0.20356642580923046,-0.20356642580923046,1
rbf,d7fca0b3134a6789,0.18052976383798658,0.18052976383798658,-0.18052976383798658,1
rbf,d83cb4267cfd84ca,0.1318560639666746,0.1318560639666746,0.1318560639666746,1
rbf,d84524c950c56654,0.099852692757352202,0.099852692757352202,0.099852692757352202,1
rbf,d8fc0a92c8c4a2fa,0.23722741933333058,0.23722741933333058,-0.23722741933333058,1
rbf,d906b69770601071,43.488121023951841,43.488121023951841,-43.488121023951841,1
rbf,d92bf76a610332bf,0.75771476575073216,0.75771476575073216,-0.75771476575073216,1
rbf,d932087548ae36e5,0.25772838968496758,0.25772838968496758,0.25772838968496758,1
rbf,d98556fd070c0af6,0.78820814352272073,0.78820814352272073,-0.78820814352272073,1
rbf,d988e431220e6bc6,0.36520797606100697,0.36520797606100697,0.36520797606100697,1
rbf,d9c550a9c51d35ac,0.36784300802659864,0.36784300802659864,-0.36784300802659864,1
rbf,d9df86eb981deb9a,1.4761774917931632,1.4761774917931632,-1.4761774917931632,1
rbf,da2b4ba6d53170e0,0.30653992318213863,0.30653992318213863,-0.30653992318213863,1
rbf,da678ee16b098ae4,1.2221889760719513,1.2221889760719513,-1.2221889760719513,1
rbf,da735e4edd7d8acd,0.72968449329088614,0.72968449329088614,-0.72968449329088614,1
rbf,dae5d3492aac2245,0.12461736276411983,0.12461736276411983,-0.12461736276411983,1
rbf,db5d643b2f9cbfbf,0.87965987084333364,0.87965987084333364,-0.87965987084333364,1
rbf,dbb0e6a5907e83b0,0.14708631055695776,0.14708631055695776,-0.14708631055695776,1
rbf,dc5b79abd8c32051,0.29647975276268212,0.29647975276268212,0.29647975276268212,1
rbf,dc7b1c1d814df24f,0.53605688832308118,0.53605688832308118,0.53605688832308118,1
rbf,dd94c5772508af28,4.7045222848679771,4.7045222848679771,-4.7045222848679771,1
rbf,ddd85b09690827da,2.543100091964531,2.543100091964531,-2.543100091964531,1
rbf,ddfc9b179bfb76be,0.74262625259107384,0.74262625259107384,0.74262625259107384,1
rbf,de09337452e20032,0.54155503033852526,0.54155503033852526,-0.54155503033852526,1
rbf,de12f87c6958e38e,0.19834396020608303,0.19834396020608303,-0.19834396020608303,1
rbf,deeae8883055b9ee,1.2365931285132032,1.2365931285132032,1.2365931285132032,1
rbf,def460708ba7b0ef,1.1756147519028186,1.1756147519028186,1.1756147519028186,1
rbf,df336a0a88d676b9,0.15849490439434888,0.15849490439434888,-0.15849490439434888,1
rbf,df5f216d2d4a9851,0.34173932311417055,0.34173932311417055,0.34173932311417055,1
rbf,df8a6c6dd3f3b262,0.3518335959754566,0.3518335959754566,0.3518335959754566,1
rbf,dfbe713e68cc63a9,0.4089592378890945,0.4089592378890945,-0.4089592378890945,1
rbf,dfeaa1f16aba9b2c,1.0177600281355597,1.2980313089579805,-0.934464144769934,4
rbf,e0096fe5c74ff63f,0.69062021993954081,0.69062021993954081,0.69062021993954081,1
rbf,e02e29b116c658e8,0.60369688785050801,0.60369688785050801,-0.60369688785050801,1
rbf,e16408e569859d83,0.29138277061668738,0.29138277061668738,-0.29138277061668738,1
rbf,e4876602e9ba0f2e,0.2711578594165367,0.2711578594165367,-0.2711578594165367,1
rbf,e586ddcbc365c334,0.61143798692955276,0.61143798692955276,-0.61143798692955276,1
rbf,e6831a831160cb9f,3.7214585972262482,3.7214585972262482,-3.7214585972262482,1
rbf,e6e4ce0035fb36ab,0.47054792780236099,0.47054792780236099,0.47054792780236099,1
rbf,e7efeb7dc8836c4b,0.12493825678915638,0.12493825678915638,-0.12493825678915638,1
rbf,e817fe65c2fb9bb3,4.7860468416423849,4.7860468416423849,-4.7860468416423849,1
rbf,e827c21b034c420b,0.69087090917028515,0.69087090917028515,-0.69087090917028515,1
rbf,e94bf0263935b271,0.2088221724270678,0.2088221724270678,-0.2088221724270678,1
rbf,ea9379eb339d6cbc,0.21133789981038831,0.21133789981038831,-0.21133789981038831,1
rbf,eab20b0f46956346,0.56989380967337055,0.56989380967337055,-0.56989380967337055,1
rbf,eb3b940724dc982d,0.0084334482843191338,0.0084334482843191338,-0.0084334482843191338,1
rbf,ec2067430ff6fb6e,0.16355114053961906,0.16355114053961906,-0.16355114053961906,1
rbf,ecad917fe0f8bc30,1.6944346294397987,1.6944346294397987,-1.6944346294397987,1
rbf,ed763ab2ba3e0068,0.34410771260203799,0.34410771260203799,-0.34410771260203799,1
rbf,eeb9a817e031fe66,1.0652242416249071,1.0652242416249071,1.0652242416249071,1
rbf,ef0516d41dbfe437,0.45227037279165661,0.45227037279165661,-0.45227037279165661,1
rbf,ef18835f55ee60f5,0.43100986620215664,0.43100986620215664,-0.43100986620215664,1
rbf,ef19e6cd14447306,0.47769956956145432,0.47769956956145432,-0.47769956956145432,1
rbf,ef2fd0959fcb438f,1.2739817963104785,1.2739817963104785,1.2739817963104785,1
rbf,efd621027b9eee3c,1.5527953984747285,1.5527953984747285,1.5527953984747285,1
rbf,f018b597d7955bde,4.7657877705483616,4.7657877705483616,-4.7657877705483616,1
rbf,f16ea570bc36c50a,1.5318471803742533,1.5318471803742533,-1.5318471803742533,1
rbf,f182ea2ef1d4b772,40.892561138506338,40.892561138506338,40.892561138506338,1
rbf,f197a4dda8f05c9d,0.23407963452837377,0.23407963452837377,0.23407963452837377,1
rbf,f20d81ce18b75a1c,0.18344960111221642,0.18344960111221642,-0.18344960111221642,1
rbf,f28d6630733894f3,1.9590454886963506,1.9590454886963506,1.9590454886963506,1
rbf,f291f9c50ad08615,0.70555000204464413,0.70555000204464413,-0.70555000204464413,1
rbf,f2f434168325f484,0.016459785351489398,0.016459785351489398,0.016459785351489398,1
rbf,f3118a80b16b514c,0.28565236467434474,0.28565236467434474,-0.28565236467434474,1
rbf,f379f2a83d8b1d5e,6.1488587280949032,6.1488587280949032,6.1488587280949032,1
rbf,f3d6f4c526ee2045,1.2852447465675922,1.2852447465675922,1.2852447465675922,1
rbf,f4124699649b4a4a,0.24386843769614508,0.24386843769614508,-0.24386843769614508,1
rbf,f4f0befaa83096bf,16.856438394107357,16.856438394107357,-16.856438394107357,1
rbf,f52bb8e676e21112,0.34261617687199575,0.34261617687199575,-0.34261617687199575,1
rbf,f60ce72c8a83d154,0.79211932054657552,0.79211932054657552,-0.79211932054657552,1
rbf,f6f7080c144e2394,0.070792227928391682,0.070792227928391682,0.070792227928391682,1
rbf,f7374c8beb60288c,0.28502867409409127,0.28502867409409127,-0.28502867409409127,1
rbf,f7417f2e9fa24db6,0.076720001672502036,0.076720001672502036,-0.076720001672502036,1
rbf,f770391e972a9774,0.98283211276306659,0.98283211276306659,0.98283211276306659,1
rbf,f83f515f4a1662ef,0.32740575476138112,0.32740575476138112,-0.32740575476138112,1
rbf,f91bd836fd72ca30,3.3814286301981253,3.3814286301981253,3.3814286301981253,1
rbf,fbad90682526646a,0.7560300606478636,0.7560300606478636,0.7560300606478636,1
rbf,fcc34d7bb321a7ba,1.5382713065645923,1.5382713065645923,1.5382713065645923,1
rbf,fcd157d7ad16d9bd,13.377615427298778,13.377615427298778,-13.377615427298778,1
rbf,fd55c8719d3332f2,0.37042907486594245,0.37042907486594245,0.37042907486594245,1
rbf,fde73a5d26460ac7,0.16837360035136051,0.16837360035136051,-0.16837360035136051,1
rbf,fe6c690122c7f47b,0.050621231869240724,0.050621231869240724,-0.050621231869240724,1
rbf,fe8bb0245e97303e,0.3705421684190684,0.3705421684190684,-0.3705421684190684,1
rbf,ff8c002895cc55c0,1.468292433694141,1.468292433694141,-1.468292433694141,1
attempt_001,0044728bdcee1ccc,10.497272081073373,10.497272081073373,-10.497272081073373,1
attempt_001,00e091d496483091,11.51292546497023,11.51292546497023,-11.51292546497023,1
attempt_001,0146b78ef57bcf64,8.5251614004330101,8.5251614004330101,8.5251614004330101,1
attempt_001,02185b833b3f7e46,0.73544951328943498,0.73544951328943498,-0.73544951328943498,1
attempt_001,0283464d5a77682d,4.4561805834499442,4.4561805834499442,-4.4561805834499442,1
attempt_001,02aba283d0ede168,0.027149876981404475,0.027149876981404475,0.027149876981404475,1
attempt_001,02bd54a445c388f7,20.999601802582148,20.999601802582148,20.999601802582148,1
attempt_001,03412985653e34db,2.1168493632784267,2.1168493632784267,-2.1168493632784267,1
attempt_001,0370362548b1f471,10.508201295782683,10.508201295782683,-10.508201295782683,1
attempt_001,0375e8560a077d47,1.8103617160018808,1.8103617160018808,-1.8103617160018808,1
attempt_001,042fa975ca684d3b,1.2920533116033823,1.2920533116033823,-1.2920533116033823,1
attempt_001,044ca752d5c4c86b,14.261234503755809,14.261234503755809,14.261234503755809,1
attempt_001,04c8fa09cc1795b2,3.9124227656412556,3.9124227656412556,-3.9124227656412556,1
attempt_001,0561fe7b34c8f921,2.4366868777783797,2.4366868777783797,-2.4366868777783797,1
attempt_001,057e4c1e204474c3,11.020299890437069,11.020299890437069,-11.020299890437069,1
attempt_001,05b8808be1811f88,0.33195512617608447,0.33195512617608447,-0.33195512617608447,1
attempt_001,05d1421f3aa676b3,1.1192315752649833,1.1192315752649833,-1.1192315752649833,1
attempt_001,0809681d790ac577,0.46403393945096516,0.46403393945096516,0.46403393945096516,1
attempt_001,088744d8857214d3,0,0,0,1
attempt_001,095c0657286c2670,1.3843637266532598,1.3843637266532598,1.3843637266532598,1
attempt_001,0a3723be6d7e8015,0.27626608802903441,0.27626608802903441,0.27626608802903441,1
attempt_001,0aabeaa122622902,0,0,0,1
attempt_001,0abe8ddbdc76674c,15.164071580965945,15.164071580965945,-15.164071580965945,1
attempt_001,0b1839302dfbecd9,0,0,0,1
attempt_001,0b7552228582926d,1.610406265625369,1.610406265625369,-1.610406265625369,1
attempt_001,0bd468a4feb458c4,0,0,0,1
attempt_001,0c2effcd2d76718c,0.41106972002291542,0.41106972002291542,-0.41106972002291542,1
attempt_001,0c2f0383d85e77d7,0.11947638167483454,0.11947638167483454,-0.11947638167483454,1
attempt_001,0c5258397f981059,0.66200452198456716,0.66200452198456716,-0.66200452198456716,1
attempt_001,0cbfa12424d7c0c3,0.66048271879639842,0.66048271879639842,-0.66048271879639842,1
attempt_001,0d1a69478606100d,0.10107540549911231,0.10107540549911231,-0.10107540549911231,1
attempt_001,0d3017d562dd4eca,0.83183493176217205,0.83183493176217205,-0.83183493176217205,1
attempt_001,0dfbf7a8aa92ea87,1.610406265625369,1.610406265625369,-1.610406265625369,1
attempt_001,0e9128d223e92278,0.56226188815926725,0.56226188815926725,-0.56226188815926725,1
attempt_001,0ef764903b18785f,1.2623341473014005,1.2623341473014005,1.2623341473014005,1
attempt_001,0f0d8322e9518056,0,0,0,1
attempt_001,0fa7cdbf435011ab,0.47964509084685236,0.47964509084685236,-0.47964509084685236,1
attempt_001,103dc8054c6809aa,0.49399188204068567,0.49399188204068567,-0.49399188204068567,1
attempt_001,105e5b4c72ffcebb,2.664137012510281,2.664137012510281,-2.664137012510281,1
attempt_001,1076838c0f3dff77,0.25488936368770521,0.25488936368770521,-0.25488936368770521,1
attempt_001,108245ab6eece39e,0.34424620133006911,0.34424620133006911,-0.34424620133006911,1
attempt_001,10e78ebbadf09b69,6.2963062735678434,6.2963062735678434,-6.2963062735678434,1
attempt_001,111aa3492a976cda,1.0060377728001324,1.0060377728001324,-1.0060377728001324,1
attempt_001,12039dda732972c5,1.595924050418593,1.595924050418593,-1.595924050418593,1
attempt_001,1247538925d32f08,0.58750265945940683,0.58750265945940683,-0.58750265945940683,1
attempt_001,1252c2ac6a2921d9,1.4631096399378478,1.4631096399378478,-1.4631096399378478,1
attempt_001,1253cd5ffd2eea4f,0.63856404304030168,0.63856404304030168,-0.63856404304030168,1
attempt_001,12d41fc28379e309,5.4494073221196757,5.4494073221196757,-5.4494073221196757,1
attempt_001,1327399555209d45,2.4009472335206343,2.4009472335206343,-2.4009472335206343,1
attempt_001,1328f931a3bb25ee,0,0,0,1
attempt_001,143fa8c15e434cb8,3.4657575272907852,3.4657575272907852,-3.4657575272907852,1
attempt_001,1453410305cd22f0,0.054067160248648882,0.054067160248648882,-0.054067160248648882,1
attempt_001,1753d7d5cddf0205,0.63686350756704613,0.63686350756704613,-0.63686350756704613,1
attempt_001,1788df09936827c0,0.28469242807880546,0.28469242807880546,0.28469242807880546,1
attempt_001,188e0096a622bc46,0.88137358701954305,0.88137358701954305,-0.88137358701954305,1
attempt_001,1948a9145ba02cd7,2.0178719121711666,2.0178719121711666,-2.0178719121711666,1
attempt_001,1954fa2200741c60,3.3673256742168176,3.3673256742168176,3.3673256742168176,1
attempt_001,19733e25b3773af3,5.3884151545906214,5.3884151545906214,-5.3884151545906214,1
attempt_001,19923d2aee3257bc,1.0210119358271026,1.0210119358271026,-1.0210119358271026,1
attempt_001,1a0bb13d9a5d9fa6,0,0,0,1
attempt_001,1a21a2ceabaea267,5.4253027972673671,5.4253027972673671,-5.4253027972673671,1
attempt_001,1a2688ab9e47122d,0.33261869825340717,0.33261869825340717,-0.33261869825340717,1
attempt_001,1befd0176d6f5fd4,0.68175973346261642,0.68175973346261642,0.68175973346261642,1
attempt_001,1c6063eeac7eb829,0,0,0,1
attempt_001,1c802bcdb8f3c632,5.9232372967595879,5.9232372967595879,-5.9232372967595879,1
attempt_001,1cbf433a4455aa2a,0.36098634632126281,0.36098634632126281,-0.36098634632126281,1
attempt_001,1d750c20f57af221,2.4917798526449122,2.4917798526449122,-2.4917798526449122,1
attempt_001,1e739b9ecad69152,0.43789056028274898,0.43789056028274898,-0.43789056028274898,1
attempt_001,1e84ebc58b8d107b,0,0,0,1
attempt_001,1f93720697ffc181,1.8184464592320668,1.8184464592320668,1.8184464592320668,1
attempt_001,200bb64dedd145f0,0.15389178002615189,0.15389178002615189,-0.15389178002615189,1
attempt_001,20270d91433a73e1,0.81642055804808855,0.81642055804808855,-0.81642055804808855,1
attempt_001,205c8bc6fa0cd419,0.65107707208229093,0.65107707208229093,-0.65107707208229093,1
attempt_001,20b6e06fb3db908c,1.7627471740390859,1.7627471740390859,1.7627471740390859,1
attempt_001,20d4786362ff7b63,0,0,0,1
attempt_001,22526e47fc6d1c22,0.37481098405325652,0.37481098405325652,-0.37481098405325652,1
attempt_001,228b38b5be777338,0,0,0,1
attempt_001,2315ab7c0c4098bc,0.37481098405325652,0.37481098405325652,0.37481098405325652,1
attempt_001,239ae2c28321e638,0.32708804778885536,0.32708804778885536,-0.32708804778885536,1
attempt_001,2456848abac304dd,0.4469349240429743,0.4469349240429743,-0.4469349240429743,1
attempt_001,24a3aea72050ec55,0.33843068250507446,0.33843068250507446,-0.33843068250507446,1
attempt_001,24a688e4791749fb,3.2227017660383943,3.2227017660383943,-3.2227017660383943,1
attempt_001,24dcd59e5f044eaf,0.27746146578437791,0.27746146578437791,-0.27746146578437791,1
attempt_001,251a21f8679ea430,0.17431167891088073,0.17431167891088073,-0.17431167891088073,1
attempt_001,25642a0f403458cc,5.2678277723028621,5.2678277723028621,-5.2678277723028621,1
attempt_001,276ee3d020155083,0.19050625203239058,0.19050625203239058,-0.19050625203239058,1
attempt_001,2811bd29ede210eb,0.27900988493836998,0.27900988493836998,-0.27900988493836998,1
attempt_001,288d02d8da16c44a,2.2187159241545782,2.2187159241545782,-2.2187159241545782,1
attempt_001,28c7ce4eb54cee7e,0,0,0,1
attempt_001,292d3a65a36e4173,1.5886368200457563,1.5886368200457563,-1.5886368200457563,1
attempt_001,29951084393af017,2.778906655813727,2.778906655813727,-2.778906655813727,1
attempt_001,2b1215df9415c4ba,4.8121182248551495,4.8121182248551495,-4.8121182248551495,1
attempt_001,2b41a785877b71ea,0.37481098405325652,0.37481098405325652,-0.37481098405325652,1
attempt_001,2b5c74a3261e6390,7.774945613420055,7.774945613420055,-7.774945613420055,1
attempt_001,2ba65bf42eb08605,0.95802582149165083,0.95802582149165083,0.95802582149165083,1
attempt_001,2bc6e555e9164bb6,0.18687574778915472,0.18687574778915472,-0.18687574778915472,1
attempt_001,2c04b6461f2a0f70,5.8916669361838414,5.8916669361838414,-5.8916669361838414,1
attempt_001,2cc152e27584ae06,0.19655676424894075,0.19655676424894075,-0.19655676424894075,1
attempt_001,2d9fd3908b46f903,0.17543479551618457,0.17543479551618457,-0.17543479551618457,1
attempt_001,2e975705981d73d4,2.0947125472611012,2.0947125472611012,2.0947125472611012,1
attempt_001,2ef727fd55a311e9,2.3124383412727525,2.3124383412727525,-2.3124383412727525,1
attempt_001,2f4b3618f17ab9f1,0.21497166363039888,0.21497166363039888,0.21497166363039888,1
attempt_001,2fea6d395fbcb322,0.56226188815926725,0.56226188815926725,-0.56226188815926725,1
attempt_001,30cd40b5db1a9d5a,5.3710946290317949,5.3710946290317949,-5.3710946290317949,1
attempt_001,31003a5fec847475,7.1769986319563976,7.1769986319563976,-7.1769986319563976,1
attempt_001,3172245156716229,3.0696021221199654,3.0696021221199654,-3.0696021221199654,1
attempt_001,32e515b6710947df,3.4658469459861028,3.4658469459861028,-3.4658469459861028,1
attempt_001,338aaf7bd51bc4eb,5.9985207902938598,5.9985207902938598,-5.9985207902938598,1
attempt_001,33bd1dfc2fd11b1c,0.64005501193156888,0.64005501193156888,0.64005501193156888,1
attempt_001,346e22483b4bd8ee,0.50971843128902661,0.50971843128902661,-0.50971843128902661,1
attempt_001,34d56de6e80be715,3.3673256742168176,3.3673256742168176,3.3673256742168176,1
attempt_001,35a0f646aeff2f25,2.1145015849941711,2.1145015849941711,-2.1145015849941711,1
attempt_001,3609782e0c57034c,0.47665185795791842,0.47665185795791842,-0.47665185795791842,1
attempt_001,37e39e4b052ed45e,59.637759594912012,59.637759594912012,-59.637759594912012,1
attempt_001,380042f4d4a23ee5,0.053988310368210612,0.053988310368210612,0.053988310368210612,1
attempt_001,380b6b083e82f720,0.25111523501711552,0.25111523501711552,-0.25111523501711552,1
attempt_001,385e3389ccbdab7a,2.6653979600009823,2.6653979600009823,-2.6653979600009823,1
attempt_001,38ec5e2a9b2e3457,4.5970519222599329,4.5970519222599329,-4.5970519222599329,1
attempt_001,390e7182b657d51d,0.27521632571643195,0.27521632571643195,-0.27521632571643195,1
attempt_001,397f3fe0c8ab4b5d,0.32619128919615914,0.32619128919615914,-0.32619128919615914,1
attempt_001,3ad58a03f9e9766a,1.0811905883910757,1.0811905883910757,-1.0811905883910757,1
attempt_001,3baddea31857633e,1.610406265625369,1.610406265625369,1.610406265625369,1
attempt_001,3bdcc142d2c817b0,0.91052679283568239,0.91052679283568239,0.91052679283568239,1
attempt_001,3c35e6e2f32c33be,0.43341652108507756,0.43341652108507756,-0.43341652108507756,1
attempt_001,3c5dd7b0279c4f63,0.048732161272637242,0.048732161272637242,-0.048732161272637242,1
attempt_001,3d17e2aeb88c0753,0.81831032350422817,0.81831032350422817,-0.81831032350422817,1
attempt_001,3d3e9f9b492bc8e8,0.70733027067480059,0.70733027067480059,-0.70733027067480059,1
attempt_001,3d7f4c82ccf162c2,0.5443380896116583,0.5443380896116583,-0.5443380896116583,1
attempt_001,3efdc924d43cf197,5.2894499484812663,5.2894499484812663,-5.2894499484812663,1
attempt_001,40000e849af4d88b,0.33633626775001257,0.33633626775001257,-0.33633626775001257,1
attempt_001,40fca366c650a1dd,1.2869534612287721,1.2869534612287721,-1.2869534612287721,1
attempt_001,4166b38a95a2e178,0.28753215863866233,0.28753215863866233,-0.28753215863866233,1
attempt_001,41ae88c2a2d3b667,0.28368531490474957,0.28368531490474957,-0.28368531490474957,1
attempt_001,41de3083151e616d,0.31662991432710941,0.31662991432710941,-0.31662991432710941,1
attempt_001,42146998b3ee116c,7.025329039733144,7.025329039733144,-7.025329039733144,1
attempt_001,42dd04a53780a973,5.7088560937796551,5.7088560937796551,-5.7088560937796551,1
attempt_001,42eae62218510290,1.6094372457681549,1.6094372457681549,-1.6094372457681549,1
attempt_001,431af725e9d9cf36,0.56226188815926725,0.56226188815926725,-0.56226188815926725,1
attempt_001,437a97355e1b5d17,0.48911646704211575,0.48911646704211575,0.48911646704211575,1
attempt_001,43ea69d95437dcc1,0.20270099365531546,0.20270099365531546,-0.20270099365531546,1
attempt_001,43fb8cf7dda6679e,0,0,0,1
attempt_001,44c58ea28b3c982a,2.9915632064265552,2.9915632064265552,-2.9915632064265552,1
attempt_001,45371da82072a708,0.1367544913380554,0.1367544913380554,-0.1367544913380554,1
attempt_001,4541655e38bbd696,1.7689473864085627,1.7689473864085627,-1.7689473864085627,1
attempt_001,45ec8a19f45ae9e9,0.65107707208229093,0.65107707208229093,0.65107707208229093,1
attempt_001,464fe77cb548d241,0.31287038403526957,0.31287038403526957,-0.31287038403526957,1
attempt_001,46d2ba8408ced4a5,1.2133389602415581,1.2133389602415581,-1.2133389602415581,1
attempt_001,48293e9d39532b81,25.864308360238606,25.864308360238606,25.864308360238606,1
attempt_001,48c67edc36fc5736,0.1857090701181594,0.1857090701181594,-0.1857090701181594,1
attempt_001,496a8a3eddea172e,6.9314592171729075,6.9314592171729075,-6.9314592171729075,1
attempt_001,49d1ffd2779d9063,0.79873143862477036,0.79873143862477036,-0.79873143862477036,1
attempt_001,4b6da16826bf9fab,0.48033455142386217,0.48033455142386217,-0.48033455142386217,1
attempt_001,4b9e18e8d3a764da,1.4310647542532093,1.4310647542532093,-1.4310647542532093,1
attempt_001,4bdf7d70c7425250,0.65836711562648187,0.65836711562648187,-0.65836711562648187,1
attempt_001,4ccf90cb21ac1f22,1.6826595439809751,1.6826595439809751,-1.6826595439809751,1
attempt_001,4da86be7c0ed4685,1.8589953235048462,1.8589953235048462,-1.8589953235048462,1
attempt_001,4e67d68dd4a36262,1.1168848870875978,1.1168848870875978,-1.1168848870875978,1
attempt_001,4e6985d31075e24a,0,0,0,1
attempt_001,4ea0cf4c51b1dbd8,0.056087014063784579,0.056087014063784579,0.056087014063784579,1
attempt_001,509f66fdddeb6bb7,0.28307011424055073,0.28307011424055073,-0.28307011424055073,1
attempt_001,50c2fc8fc1733d8a,1.2023383960501013,1.2023383960501013,-1.2023383960501013,1
attempt_001,526424c6c7ba50de,8.9801560427582814,8.9801560427582814,-8.9801560427582814,1
attempt_001,5291299139a2a507,0,0,0,1
attempt_001,530bc5a858c7d4b4,0.19965820916495547,0.19965820916495547,0.19965820916495547,1
attempt_001,53ad740cce42e97c,1.4411260970308546,1.4411260970308546,-1.4411260970308546,1
attempt_001,551d0fc027a751c2,15.058198908014674,15.058198908014674,-15.058198908014674,1
attempt_001,55252981817e250f,0.61824469399963711,0.61824469399963711,-0.61824469399963711,1
attempt_001,5577861e318d74af,2.2073576519558262,2.2073576519558262,-2.2073576519558262,1
attempt_001,5582cb9c46257d3f,0.87971029153192593,0.87971029153192593,-0.87971029153192593,1
attempt_001,55a45b1a7e315a29,0.27626608802903441,0.27626608802903441,-0.27626608802903441,1
attempt_001,5674726cd475351e,0.65107707208229093,0.65107707208229093,0.65107707208229093,1
attempt_001,57096bbe0d139c10,1.2034574088517442,1.2034574088517442,-1.2034574088517442,1
attempt_001,5743313fef7461b9,0.46403393945096516,0.46403393945096516,-0.46403393945096516,1
attempt_001,575b77816c26e0e3,0.24244929881098365,0.24244929881098365,-0.24244929881098365,1
attempt_001,57a2cd76adbdff08,11.783502188727454,11.783502188727454,-11.783502188727454,1
attempt_001,57dba21aa4802ce4,3.8191894131576518,3.8191894131576518,-3.8191894131576518,1
attempt_001,57fca562822562f4,6.2383246250395068,6.2383246250395068,-6.2383246250395068,1
attempt_001,5838e1cafed7ec9e,0.93244229991497996,0.93244229991497996,-0.93244229991497996,1
attempt_001,593484d77afa237a,0.37288758773966979,0.37288758773966979,-0.37288758773966979,1
attempt_001,5a133a263b0eafa6,0.16430562804063698,0.16430562804063698,-0.16430562804063698,1
attempt_001,5a349f6ef74434ea,8.2500908021456425,8.2500908021456425,-8.2500908021456425,1
attempt_001,5ab19c23cd16fc8e,1.1822022428669081,1.1822022428669081,1.1822022428669081,1
attempt_001,5c2dbd440ca8d71e,11.235980614827881,11.235980614827881,-11.235980614827881,1
attempt_001,5c900716768b5f13,64.52906219057293,64.52906219057293,64.52906219057293,1
attempt_001,5cc868e2e9fa7a4f,0.22279283110418069,0.22279283110418069,-0.22279283110418069,1
attempt_001,5d4832277493c656,0.34161530467019041,0.34161530467019041,-0.34161530467019041,1
attempt_001,5de6ca5b3cdb2308,12.556532260594619,12.556532260594619,12.556532260594619,1
attempt_001,5e5cf0838ec04aa7,1.8185598904672702,1.8185598904672702,-1.8185598904672702,1
attempt_001,5e672637ee00da51,6.8493483346709318,6.8493483346709318,-6.8493483346709318,1
attempt_001,5ec3ce50bd1e3f94,0.56354709002733294,0.56354709002733294,-0.56354709002733294,1
attempt_001,5fe4aa4017e3184f,1.0749975266538048,1.0749975266538048,1.0749975266538048,1
attempt_001,609c04e8bbcb8ae9,6.931231494535286,6.931231494535286,-6.931231494535286,1
attempt_001,61512e27503e0c5d,7.8589631813109024,7.8589631813109024,-7.8589631813109024,1
attempt_001,61c859c56cdb9f51,1.4436354751788103,1.4436354751788103,1.4436354751788103,1
attempt_001,62cc364cf8348017,0.32788009054581746,0.32788009054581746,-0.32788009054581746,1
attempt_001,6368e01c89742033,1.7240809752614057,1.7240809752614057,-1.7240809752614057,1
attempt_001,644eca9ea9e3d529,0.29376111852707076,0.29376111852707076,-0.29376111852707076,1
attempt_001,65ed0077d5265519,0.36831760724074325,0.36831760724074325,-0.36831760724074325,1
attempt_001,662f482ba6c543a2,1.4310647542532093,1.4310647542532093,-1.4310647542532093,1
attempt_001,66e5877231ff195b,9.4101909782958053,9.4101909782958053,-9.4101909782958053,1
attempt_001,68dc63126a573982,0.25421688844970713,0.25421688844970713,-0.25421688844970713,1
attempt_001,6953ca6de2032137,1.0850728904387776,1.0850728904387776,-1.0850728904387776,1
attempt_001,6971c4a92f397cd5,0,0,0,1
attempt_001,6a88306079e612a9,0.19910508622345358,0.19910508622345358,-0.19910508622345358,1
attempt_001,6b76a5f61943c0d6,0.42590096942364752,0.42590096942364752,-0.42590096942364752,1
attempt_001,6b9cd1f5e2eb5104,0,0,0,1
attempt_001,6e0769094a37b3aa,0.30909736136623422,0.30909736136623422,-0.30909736136623422,1
attempt_001,6e2efc86d99b4c08,0.073197949027250964,0.073197949027250964,-0.073197949027250964,1
attempt_001,6e9452cd92a1e675,2.3025859930554979,2.3025859930554979,-2.3025859930554979,1
attempt_001,6f1d447affd94478,1.4310647542532093,1.4310647542532093,-1.4310647542532093,1
attempt_001,6fbbd2c83717800c,0.20713848162180337,0.20713848162180337,-0.20713848162180337,1
attempt_001,701114dc9d0a0820,19.289558006812491,19.289558006812491,-19.289558006812491,1
attempt_001,70bf4dd1bfce5642,0.39706730538381096,0.39706730538381096,0.39706730538381096,1
attempt_001,71cc13e1d23971b4,0.24684276208213962,0.24684276208213962,-0.24684276208213962,1
attempt_001,71e32c98a2fa4eb0,0.31549840834831944,0.31549840834831944,-0.31549840834831944,1
attempt_001,722018578611076f,0.28020920623322088,0.28020920623322088,-0.28020920623322088,1
attempt_001,72a5ce3caed949c4,0.47073518710269635,0.47073518710269635,-0.47073518710269635,1
attempt_001,7400cf6ae9f4ad13,0.095307166862231618,0.095307166862231618,-0.095307166862231618,1
attempt_001,74d3c0d02fda4cc0,0,0,0,1
attempt_001,74f95f520284dd1d,0.18230962221496227,0.18230962221496227,-0.18230962221496227,1
attempt_001,7675d8f4d1509a89,0.28374174384187878,0.28374174384187878,-0.28374174384187878,1
attempt_001,76b505a4ce8376ca,0.41073824445413543,0.41073824445413543,-0.41073824445413543,1
attempt_001,7732793724f03849,0,0,0,1
attempt_001,774ecb674fbd485d,0.79873143862477036,0.79873143862477036,-0.79873143862477036,1
attempt_001,775bebce2e8069ea,19.178603729196897,19.178603729196897,-19.178603729196897,1
attempt_001,77dc3be003a0e911,16.624920801315664,16.624920801315664,16.624920801315664,1
attempt_001,78f0601042601c75,19.230854354514264,19.230854354514264,-19.230854354514264,1
attempt_001,794324f96cddac1f,24.627533216062282,24.627533216062282,24.627533216062282,1
attempt_001,7a2fb9613b20a5c1,7.3483176123136609,7.3483176123136609,-7.3483176123136609,1
attempt_001,7a7bd5bcd3e65b33,0.28469242807880546,0.28469242807880546,0.28469242807880546,1
attempt_001,7b857d11d0d32f87,0.19965820916495547,0.19965820916495547,-0.19965820916495547,1
attempt_001,7b8ac553132d3eb1,2.5541239106848863,2.5541239106848863,2.5541239106848863,1
attempt_001,7bf35d4cc299c56b,0.30356406280888848,0.30356406280888848,-0.30356406280888848,1
attempt_001,7c37ba7718ebcbf7,2.4082796152909296,2.4082796152909296,-2.4082796152909296,1
attempt_001,7cb10a04d50e0b73,0.35453064816813384,0.35453064816813384,-0.35453064816813384,1
attempt_001,7cc65538b7b35872,0.80551176289411686,0.80551176289411686,-0.80551176289411686,1
attempt_001,7d87536df8bba075,0.33525463658602295,0.33525463658602295,-0.33525463658602295,1
attempt_001,7dd4e5ac7be25901,0,0,0,1
attempt_001,7ef9cf3282aa5cfd,0.74448602313426182,0.74448602313426182,0.74448602313426182,1
attempt_001,7f2c7c8523e00e06,0.14361458125185145,0.14361458125185145,-0.14361458125185145,1
attempt_001,7f9ebb677b1dcde4,12.932125553400876,12.932125553400876,-12.932125553400876,1
attempt_001,7fbb11a095b6c40b,0.56226188815926725,0.56226188815926725,0.56226188815926725,1
attempt_001,7fee598b25d82fec,0.12766308050095887,0.12766308050095887,-0.12766308050095887,1
attempt_001,803469d8a0bf32f3,3.4657329886010544,3.4657329886010544,-3.4657329886010544,1
attempt_001,804f5d131debd233,0.29040819362004822,0.29040819362004822,-0.29040819362004822,1
attempt_001,80587dc3d17518b9,2.016160076597032,2.016160076597032,-2.016160076597032,1
attempt_001,80885573b67f74f6,1.9362609199636083,1.9362609199636083,-1.9362609199636083,1
attempt_001,819a91f09387b7ff,0,0,0,1
attempt_001,824795041aa4023c,2.4190874085621985,2.4190874085621985,-2.4190874085621985,1
attempt_001,82ecf90c792c704a,0.69303002737970942,0.69303002737970942,-0.69303002737970942,1
attempt_001,83468bd36acdbaf3,0.64498460153363624,0.64498460153363624,-0.64498460153363624,1
attempt_001,83e0d91f0a7da434,0.67669379493188409,0.67669379493188409,-0.67669379493188409,1
attempt_001,84a4d6cd0408ab51,1.5691603865412898,1.5691603865412898,-1.5691603865412898,1
attempt_001,850884d44ae6d451,0,0,0,1
attempt_001,853b3dd1c82b2adc,0.41601350717247865,0.41601350717247865,-0.41601350717247865,1
attempt_001,869a59d197773261,0.37481098405325652,0.37481098405325652,-0.37481098405325652,1
attempt_001,86a805d8689d1d5c,3.2595725562629214,3.2595725562629214,-3.2595725562629214,1
attempt_001,870a07402050ea0d,0.65904227478296651,0.65904227478296651,-0.65904227478296651,1
attempt_001,8749b49e6198cc7b,0.48490229819734054,0.48490229819734054,-0.48490229819734054,1
attempt_001,875650fc71625bbe,6.4845229184348945,6.4845229184348945,-6.4845229184348945,1
attempt_001,87685dd4759df27e,0.14102219411079719,0.14102219411079719,-0.14102219411079719,1
attempt_001,87f6ddc717ae5bf5,2.4065938604715846,2.4065938604715846,-2.4065938604715846,1
attempt_001,88271d97e49c34db,8.0978952813832805,8.0978952813832805,8.0978952813832805,1
attempt_001,89e30dc84513080c,1.8184464592320668,1.8184464592320668,-1.8184464592320668,1
attempt_001,8ad55d29e7bb93fb,1.5130691009743469,1.5130691009743469,-1.5130691009743469,1
attempt_001,8b1a1a27c8cfb628,3.1895736594348154,3.1895736594348154,-3.1895736594348154,1
attempt_001,8ba775bbe95b51c1,9.4196824463975943,9.4196824463975943,-9.4196824463975943,1
attempt_001,8d33226e1a3a5ea9,5.35883950872363,5.35883950872363,5.35883950872363,1
attempt_001,8db8d74ecfc737af,1.9203359196972731,1.9203359196972731,-1.9203359196972731,1
attempt_001,8ef29254fa7b340a,0.2403753918331657,0.2403753918331657,-0.2403753918331657,1
attempt_001,8f002d0cd17056ac,0.0013629217554118611,0.0013629217554118611,-0.0013629217554118611,1
attempt_001,8f5e2c16b9d01e3a,12.09245542597419,12.09245542597419,-12.09245542597419,1
attempt_001,9060c5dd8eede2f8,0.54545118680860138,0.54545118680860138,-0.54545118680860138,1
attempt_001,90de08615b8ba426,0.57527977118091744,0.57527977118091744,-0.57527977118091744,1
attempt_001,926659ee4c06c9d0,1.1901240915820734,1.1901240915820734,-1.1901240915820734,1
attempt_001,93c2df04145acbc4,0.72181773758940515,0.73924212230233488,-0.72181773758940515,2
attempt_001,93d9b97a6d2642a9,7.9982885976544456,7.9982885976544456,-7.9982885976544456,1
attempt_001,93dd6cc67bcd5ec9,0.33168241978587654,0.33168241978587654,-0.33168241978587654,1
attempt_001,94884b8bbcfbd54c,9.3704102539229623,9.3704102539229623,-9.3704102539229623,1
attempt_001,95683f47f0348db3,1.4736708936246625,1.4736708936246625,-1.4736708936246625,1
attempt_001,959d1c9138fdf1fb,7.3272881530555409,7.3272881530555409,-7.3272881530555409,1
attempt_001,95cfdea7778e1671,0.30102251274186731,0.30102251274186731,-0.30102251274186731,1
attempt_001,969aa1f40d6dc66b,0.31224571076718455,0.31224571076718455,-0.31224571076718455,1
attempt_001,96e70b492b6abbf6,3.5556979247173119,3.5556979247173119,-3.5556979247173119,1
attempt_001,97d71db82cd82f0a,71.24836277535303,71.24836277535303,71.24836277535303,1
attempt_001,97e97a387cc1bd1a,0.2422873940955057,0.2422873940955057,-0.2422873940955057,1
attempt_001,99560a9ea3687fe0,3.3085106444060903,3.3085106444060903,3.3085106444060903,1
attempt_001,9a9cbcde4b4d7a22,0.83868573328457252,0.83868573328457252,-0.83868573328457252,1
attempt_001,9abc3d2b01c3cc5c,3.4023066454805946,3.4023066454805946,-3.4023066454805946,1
attempt_001,9ac3107d67e59532,4.4659081186545713,4.4659081186545713,-4.4659081186545713,1
attempt_001,9b55b84321f80b2c,0.51052268534702172,0.51052268534702172,-0.51052268534702172,1
attempt_001,9bde9a7e32be7e05,16.331597192155051,16.331597192155051,-16.331597192155051,1
attempt_001,9cc48a5df92274e0,0.88137358701954305,0.88137358701954305,0.88137358701954305,1
attempt_001,9cd93057cf9c8c00,5.6191277159539759,5.6191277159539759,-5.6191277159539759,1
attempt_001,9e08c4f4702c9176,0.67333339341284537,0.67333339341284537,-0.67333339341284537,1
attempt_001,9e98cf4c5d891d2f,10.22730867160378,10.22730867160378,-10.22730867160378,1
attempt_001,9f3056864543d3f6,0.64961842148830495,0.64961842148830495,-0.64961842148830495,1
attempt_001,9ffa5b2dcb6e0751,8.5612189776093075,8.5612189776093075,-8.5612189776093075,1
attempt_001,a0932aefae2399cd,4.4465650754071948,4.4465650754071948,-4.4465650754071948,1
attempt_001,a093cd5e9acd6e6e,0,0,0,2
attempt_001,a094e76271214f19,1.8184464592320668,1.8184464592320668,1.8184464592320668,1
attempt_001,a1a947740469afec,0.24357391439774734,0.24357391439774734,-0.24357391439774734,1
attempt_001,a1beaac4ea8de6d2,2.2174326961796389,2.2174326961796389,-2.2174326961796389,1
attempt_001,a1ef3ce7ce07e30c,0.82567430182656221,0.82567430182656221,-0.82567430182656221,1
attempt_001,a26ff951b5ebb4a4,5.1249856391629134,5.1249856391629134,5.1249856391629134,1
attempt_001,a2e55b7bdd61cff3,1.2319118906415047,1.2319118906415047,-1.2319118906415047,1
attempt_001,a313d79fcc230548,0.36240261373615645,0.36240261373615645,-0.36240261373615645,1
attempt_001,a3cf484f0f31b544,9.5819487049683794,9.5819487049683794,-9.5819487049683794,1
attempt_001,a45e00fc8ea9b758,3.206646433285691,3.206646433285691,-3.206646433285691,1
attempt_001,a5b9820ac5bf2964,0.063710636417316557,0.063710636417316557,-0.063710636417316557,1
attempt_001,a7201302014ae6ce,0.418365857105508,0.418365857105508,-0.418365857105508,1
attempt_001,a76377b7caf4b874,0,0,0,1
attempt_001,a7cec19aef0c55cb,0.88137358701954305,0.88137358701954305,-0.88137358701954305,1
attempt_001,a80977c20588518e,4.4309584920805429,4.4309584920805429,-4.4309584920805429,1
attempt_001,a923f2662aceecd7,0.66072944553828528,0.66072944553828528,-0.66072944553828528,1
attempt_001,a940391648d52575,37.557179346206631,37.557179346206631,-37.557179346206631,1
attempt_001,a954b31b66e0a0f7,0.41742075806049161,0.41742075806049161,-0.41742075806049161,1
attempt_001,aa3e13a94fa413b0,0.63765267877466858,0.63765267877466858,-0.63765267877466858,1
attempt_001,aa55fc2e591a3eea,0.81764533141198825,0.81764533141198825,-0.81764533141198825,1
attempt_001,aa84024f362acec7,0,0,0,1
attempt_001,aabf9bdb77894078,0.03173270535452577,0.03173270535452577,-0.03173270535452577,1
attempt_001,ab022eca238edc01,0,0,0,1
attempt_001,ab47df57f6b720d7,1.5028673022752819,1.5028673022752819,-1.5028673022752819,1
attempt_001,ab97f4d059715a0f,3.3823099036581716,3.3823099036581716,-3.3823099036581716,1
attempt_001,acdedc1f1f1677b0,0.88137358701954305,0.88137358701954305,0.88137358701954305,1
attempt_001,ad4c95fe80a66847,0.28692560018484592,0.28692560018484592,0.28692560018484592,1
attempt_001,ad5948e192ebc2d4,0.93707287221252378,0.93707287221252378,0.93707287221252378,1
attempt_001,ad5c384a6be364aa,1.903536008385494,1.903536008385494,-1.903536008385494,1
attempt_001,addce88f5927e9b7,2.4613800964748043,2.4613800964748043,-2.4613800964748043,1
attempt_001,addfa722b1bb9b7b,0.93259790923810115,0.93259790923810115,-0.93259790923810115,1
attempt_001,af17f6c68ad40f75,0.27603438014513904,0.27603438014513904,-0.27603438014513904,1
attempt_001,af3eaf7a505d27c2,1.2232050781069606,1.2232050781069606,1.2232050781069606,1
attempt_001,b149944913743077,6.9314718041379351,6.9314718041379351,-6.9314718041379351,1
attempt_001,b1e1aebb9420a6c0,1.4118818619020281,1.4118818619020281,-1.4118818619020281,1
attempt_001,b3447163870d3003,0.26822560515262062,0.26822560515262062,-0.26822560515262062,1
attempt_001,b3907643507df0f6,2.644120761058629,2.644120761058629,2.644120761058629,1
attempt_001,b3b896fac1db6be4,0.27958820740112955,0.27958820740112955,-0.27958820740112955,1
attempt_001,b3d9d211a865558e,0.57523232903048171,0.57523232903048171,-0.57523232903048171,1
attempt_001,b56f9cdeecf07967,15.02738110422758,15.02738110422758,-15.02738110422758,1
attempt_001,b6d0f65b30088d8a,3.0782712283855114,3.0782712283855114,-3.0782712283855114,1
attempt_001,b76abebbe3871acf,14.936060726607487,14.936060726607487,-14.936060726607487,1
attempt_001,b7712c125a47a1e7,0.15523671007603301,0.15523671007603301,-0.15523671007603301,1
attempt_001,b9bee040d2d25fed,45.825006931503815,45.825006931503815,-45.825006931503815,1
attempt_001,ba5099f54efb4c26,0.88137358701954305,0.88137358701954305,-0.88137358701954305,1
attempt_001,bae03f436761eb2a,1.1101429806478116,1.1101429806478116,-1.1101429806478116,1
attempt_001,bbf26c3d1fe29c0e,0.31799472521470795,0.31799472521470795,-0.31799472521470795,1
attempt_001,bc65c316905e3299,12.100267991034009,12.100267991034009,-12.100267991034009,1
attempt_001,bc8c69f89642761a,0.25264382062531077,0.25264382062531077,-0.25264382062531077,1
attempt_001,bdf713200e425ec5,0.23827089534356816,0.23827089534356816,-0.23827089534356816,1
attempt_001,be81446c1506feab,1.7361499625210686,1.7361499625210686,1.7361499625210686,1
attempt_001,c2654fc1cfab58a2,0.21356862631896156,0.21356862631896156,-0.21356862631896156,1
attempt_001,c30f10739e8124e8,28.90611042462259,28.90611042462259,-28.90611042462259,1
attempt_001,c30f8147441ce11e,0.83737862325630452,0.83737862325630452,-0.83737862325630452,1
attempt_001,c38e374a53377422,0.67333339341284537,0.67333339341284537,-0.67333339341284537,1
attempt_001,c3ab909658d376dc,0,0,0,1
attempt_001,c41b1ac770551769,0.28765451920011831,0.28765451920011831,-0.28765451920011831,1
attempt_001,c46086c612e8f2b6,0.69023875716100713,0.69023875716100713,0.69023875716100713,1
attempt_001,c5c20db2e333e139,3.2927688717596877,3.2927688717596877,3.2927688717596877,1
attempt_001,c5e74c2c8abec09b,7.9118788366343296,7.9118788366343296,-7.9118788366343296,1
attempt_001,c711ba9d88eca132,1.2133389602415581,1.2133389602415581,-1.2133389602415581,1
attempt_001,c79cc278f7af4957,14.627400313675267,14.627400313675267,-14.627400313675267,1
attempt_001,c890452c78a0bde5,3.4084648488865774,3.4084648488865774,-3.4084648488865774,1
attempt_001,c90a2eeb6cfde096,2.616608687281504,2.616608687281504,-2.616608687281504,1
attempt_001,c9725c1b5af63003,0.0067544216762556175,0.0067544216762556175,-0.0067544216762556175,1
attempt_001,c994e67932817306,6.7472185779718323,6.7472185779718323,-6.7472185779718323,1
attempt_001,c9d14f8bba60e13a,20.767373535466099,20.767373535466099,-20.767373535466099,1
attempt_001,cab9196b597deab7,2.2211525118406268,2.2211525118406268,-2.2211525118406268,1
attempt_001,cadebb739ade8eb2,15.766480946786206,15.766480946786206,-15.766480946786206,1
attempt_001,cb9a76267a45a1a0,4.3412046576469692,4.3412046576469692,-4.3412046576469692,1
attempt_001,cc15a46e3fb2cc41,0.56226188815926725,0.56226188815926725,-0.56226188815926725,1
attempt_001,cc77959c030f6298,0.93707287221252378,0.93707287221252378,-0.93707287221252378,1
attempt_001,cc986eab7707fc06,0.16383293623629136,0.16383293623629136,-0.16383293623629136,1
attempt_001,cd2ee41e0889e8ef,0.16647036121209435,0.16647036121209435,-0.16647036121209435,1
attempt_001,ce4323960c84143b,0.048732161272637242,0.048732161272637242,-0.048732161272637242,1
attempt_001,ceeed00978253eeb,0.28766097626367415,0.28766097626367415,-0.28766097626367415,1
attempt_001,cfb58633d4457471,1.4436354751788103,1.4436354751788103,-1.4436354751788103,1
attempt_001,cfe227d0711edf8d,1.9552613491959399,1.9552613491959399,-1.9552613491959399,1
attempt_001,d041952963b8157f,3.5485083709148668,3.5485083709148668,-3.5485083709148668,1
attempt_001,d101ae93b8d32b0a,2.2898375553342305,2.2898375553342305,-2.2898375553342305,1
attempt_001,d2d5a35610a062b9,1.2948052385597428,1.2948052385597428,-1.2948052385597428,1
attempt_001,d2ea9c99f1ac2546,7.4151465480316041,7.4151465480316041,-7.4151465480316041,1
attempt_001,d356b8a4cf9170ff,6.584789484624082,6.584789484624082,-6.584789484624082,1
attempt_001,d3b5756d7162e9af,0.27477673727869067,0.27477673727869067,-0.27477673727869067,1
attempt_001,d42af5fc7b92600f,0.26234343618711264,0.26234343618711264,-0.26234343618711264,1
attempt_001,d4895ffe41aa47be,0.64932821392100237,0.64932821392100237,-0.64932821392100237,1
attempt_001,d4a82f98e4a4d8f1,0.41511718911830364,0.41511718911830364,-0.41511718911830364,1
attempt_001,d6d99601d2221241,1.2764057877570014,1.2764057877570014,-1.2764057877570014,1
attempt_001,d70688b68979f120,0,0,0,1
attempt_001,d71eacc97f2eac4a,0.82567430182656221,0.82567430182656221,0.82567430182656221,1
attempt_001,d79b513d15f7fd37,0,0,0,1
attempt_001,d7c5ce4f887af943,0.15234090841371684,0.15234090841371684,0.15234090841371684,1
attempt_001,d7fca0b3134a6789,0.35131052444647182,0.35131052444647182,-0.35131052444647182,1
attempt_001,d83cb4267cfd84ca,1.7087779969678989,1.7087779969678989,-1.7087779969678989,1
attempt_001,d84524c950c56654,0.21196319890503013,0.21196319890503013,-0.21196319890503013,1
attempt_001,d8fc0a92c8c4a2fa,0.40543507510182231,0.40543507510182231,-0.40543507510182231,1
attempt_001,d906b69770601071,50.411517776293607,50.411517776293607,-50.411517776293607,1
attempt_001,d92bf76a610332bf,2.2117286080312839,2.2117286080312839,-2.2117286080312839,1
attempt_001,d932087548ae36e5,0.15394637840021463,0.15394637840021463,-0.15394637840021463,1
attempt_001,d98556fd070c0af6,0.88137358701954305,0.88137358701954305,-0.88137358701954305,1
attempt_001,d988e431220e6bc6,0.5463911548420235,0.5463911548420235,-0.5463911548420235,1
attempt_001,d9c550a9c51d35ac,0.57421227989516499,0.57421227989516499,-0.57421227989516499,1
attempt_001,d9df86eb981deb9a,1.2004852858798187,1.2004852858798187,-1.2004852858798187,1
attempt_001,da2b4ba6d53170e0,0.11979679800446696,0.11979679800446696,-0.11979679800446696,1
attempt_001,da678ee16b098ae4,6.9304725159934755,6.9304725159934755,-6.9304725159934755,1
attempt_001,da735e4edd7d8acd,4.8628496827781049,4.8628496827781049,-4.8628496827781049,1
attempt_001,dae5d3492aac2245,0.66258171864179616,0.66258171864179616,-0.66258171864179616,1
attempt_001,db5d643b2f9cbfbf,7.5690107694856223,7.5690107694856223,-7.5690107694856223,1
attempt_001,dbb0e6a5907e83b0,5.7649185230359024,5.7649185230359024,-5.7649185230359024,1
attempt_001,dc5b79abd8c32051,5.21577113659208,5.21577113659208,-5.21577113659208,1
attempt_001,dc7b1c1d814df24f,6.643728228285628,6.643728228285628,-6.643728228285628,1
attempt_001,dd94c5772508af28,15.948861391695765,15.948861391695765,-15.948861391695765,1
attempt_001,ddd85b09690827da,2.7457700088792745,2.7457700088792745,-2.7457700088792745,1
attempt_001,ddfc9b179bfb76be,0.67294151449761941,0.67294151449761941,-0.67294151449761941,1
attempt_001,de09337452e20032,0.38340527787836098,0.38340527787836098,-0.38340527787836098,1
attempt_001,de12f87c6958e38e,0.1793415113721597,0.1793415113721597,-0.1793415113721597,1
attempt_001,deeae8883055b9ee,0.49215320135877549,0.49215320135877549,0.49215320135877549,1
attempt_001,def460708ba7b0ef,1.0446751019866349,1.0446751019866349,1.0446751019866349,1
attempt_001,df336a0a88d676b9,0.40537833192831219,0.40537833192831219,-0.40537833192831219,1
attempt_001,df5f216d2d4a9851,0,0,0,1
attempt_001,df8a6c6dd3f3b262,0.15867557199810278,0.15867557199810278,-0.15867557199810278,1
attempt_001,dfbe713e68cc63a9,0.11697170516215394,0.11697170516215394,-0.11697170516215394,1
attempt_001,dfeaa1f16aba9b2c,3.4656967605139339,3.4656967612005469,-3.4656967605139339,4
attempt_001,e0096fe5c74ff63f,0.28469242807880546,0.28469242807880546,0.28469242807880546,1
attempt_001,e02e29b116c658e8,1.6485081906220111,1.6485081906220111,-1.6485081906220111,1
attempt_001,e16408e569859d83,0.26466896740581092,0.26466896740581092,-0.26466896740581092,1
attempt_001,e4876602e9ba0f2e,0.27567918695927229,0.27567918695927229,-0.27567918695927229,1
attempt_001,e586ddcbc365c334,1.378394029075019,1.378394029075019,-1.378394029075019,1
attempt_001,e6831a831160cb9f,3.9124227656412556,3.9124227656412556,-3.9124227656412556,1
attempt_001,e6e4ce0035fb36ab,1.0307345898361859,1.0307345898361859,-1.0307345898361859,1
attempt_001,e7efeb7dc8836c4b,0,0,0,1
attempt_001,e817fe65c2fb9bb3,5.1849690385888501,5.1849690385888501,-5.1849690385888501,1
attempt_001,e827c21b034c420b,0.7084664821758091,0.7084664821758091,-0.7084664821758091,1
attempt_001,e94bf0263935b271,0,0,0,1
attempt_001,ea9379eb339d6cbc,0.27746146578437791,0.27746146578437791,-0.27746146578437791,1
attempt_001,eab20b0f46956346,0.91303158826518782,0.91303158826518782,-0.91303158826518782,1
attempt_001,eb3b940724dc982d,1.648264578652658,1.648264578652658,-1.648264578652658,1
attempt_001,ec2067430ff6fb6e,0.59821980942926256,0.59821980942926256,-0.59821980942926256,1
attempt_001,ecad917fe0f8bc30,1.8184464592320668,1.8184464592320668,-1.8184464592320668,1
attempt_001,ed763ab2ba3e0068,0.10521421712757739,0.10521421712757739,-0.10521421712757739,1
attempt_001,eeb9a817e031fe66,0.37481098405325652,0.37481098405325652,0.37481098405325652,1
attempt_001,ef0516d41dbfe437,0.33080773093940152,0.33080773093940152,-0.33080773093940152,1
attempt_001,ef18835f55ee60f5,0.5984139055073836,0.5984139055073836,-0.5984139055073836,1
attempt_001,ef19e6cd14447306,0.33525463658602295,0.33525463658602295,-0.33525463658602295,1
attempt_001,ef2fd0959fcb438f,3.3334775868839928,3.3334775868839928,3.3334775868839928,1
attempt_001,efd621027b9eee3c,2.1874947629915376,2.1874947629915376,2.1874947629915376,1
attempt_001,f018b597d7955bde,2.3286079051334001,2.3286079051334001,-2.3286079051334001,1
attempt_001,f16ea570bc36c50a,0,0,0,1
attempt_001,f182ea2ef1d4b772,37.629034324460271,37.629034324460271,37.629034324460271,1
attempt_001,f197a4dda8f05c9d,0.15234090841371684,0.15234090841371684,-0.15234090841371684,1
attempt_001,f20d81ce18b75a1c,0.24774080047153468,0.24774080047153468,-0.24774080047153468,1
attempt_001,f28d6630733894f3,0,0,0,1
attempt_001,f291f9c50ad08615,0.11697170516215394,0.11697170516215394,-0.11697170516215394,1
attempt_001,f2f434168325f484,0.33168241978587654,0.33168241978587654,0.33168241978587654,1
attempt_001,f3118a80b16b514c,4.0769621525052351,4.0769621525052351,-4.0769621525052351,1
attempt_001,f379f2a83d8b1d5e,10.128694424107259,10.128694424107259,10.128694424107259,1
attempt_001,f3d6f4c526ee2045,8.0471895621658263,8.0471895621658263,-8.0471895621658263,1
attempt_001,f4124699649b4a4a,0.30916406397602358,0.30916406397602358,-0.30916406397602358,1
attempt_001,f4f0befaa83096bf,18.497049322350545,18.497049322350545,-18.497049322350545,1
attempt_001,f52bb8e676e21112,0.81635306171727073,0.81635306171727073,-0.81635306171727073,1
attempt_001,f60ce72c8a83d154,2.087901681566855,2.087901681566855,-2.087901681566855,1
attempt_001,f6f7080c144e2394,0.11279268243933771,0.11279268243933771,-0.11279268243933771,1
attempt_001,f7374c8beb60288c,0.68175973346261642,0.68175973346261642,-0.68175973346261642,1
attempt_001,f7417f2e9fa24db6,3.1123272663354067,3.1123272663354067,-3.1123272663354067,1
attempt_001,f770391e972a9774,0,0,0,1
attempt_001,f83f515f4a1662ef,1.1862066069415675,1.1862066069415675,-1.1862066069415675,1
attempt_001,f91bd836fd72ca30,2.4917798526449122,2.4917798526449122,2.4917798526449122,1
attempt_001,fbad90682526646a,0.21497166363039888,0.21497166363039888,-0.21497166363039888,1
attempt_001,fcc34d7bb321a7ba,0,0,0,1
attempt_001,fcd157d7ad16d9bd,17.352684784139043,17.352684784139043,-17.352684784139043,1
attempt_001,fd55c8719d3332f2,4.7420109796572341,4.7420109796572341,-4.7420109796572341,1
attempt_001,fde73a5d26460ac7,0.287679010577647,0.287679010577647,-0.287679010577647,1
attempt_001,fe6c690122c7f47b,0.21497166363039888,0.21497166363039888,-0.21497166363039888,1
attempt_001,fe8bb0245e97303e,1.1630881542089586,1.1630881542089586,-1.1630881542089586,1
attempt_001,ff8c002895cc55c0,0.88137358701954305,0.88137358701954305,-0.88137358701954305,1
attempt_002,0044728bdcee1ccc,10.497272081073373,10.497272081073373,-10.497272081073373,1
attempt_002,00e091d496483091,11.51292546497023,11.51292546497023,-11.51292546497023,1
attempt_002,0146b78ef57bcf64,8.5251614004330101,8.5251614004330101,8.5251614004330101,1
attempt_002,02185b833b3f7e46,0.73544951328943498,0.73544951328943498,-0.73544951328943498,1
attempt_002,0283464d5a77682d,4.4561805834499442,4.4561805834499442,-4.4561805834499442,1
attempt_002,02aba283d0ede168,0.027149876981404475,0.027149876981404475,0.027149876981404475,1
attempt_002,02bd54a445c388f7,20.999601802582148,20.999601802582148,20.999601802582148,1
attempt_002,03412985653e34db,2.1168493632784267,2.1168493632784267,-2.1168493632784267,1
attempt_002,0370362548b1f471,10.508201295782683,10.508201295782683,-10.508201295782683,1
attempt_002,0375e8560a077d47,1.8103617160018808,1.8103617160018808,-1.8103617160018808,1
attempt_002,042fa975ca684d3b,1.2920533116033823,1.2920533116033823,-1.2920533116033823,1
attempt_002,044ca752d5c4c86b,14.261234503755809,14.261234503755809,14.261234503755809,1
attempt_002,04c8fa09cc1795b2,3.9124227656412556,3.9124227656412556,-3.9124227656412556,1
attempt_002,0561fe7b34c8f921,2.4366868777783797,2.4366868777783797,-2.4366868777783797,1
attempt_002,057e4c1e204474c3,11.020299890437069,11.020299890437069,-11.020299890437069,1
attempt_002,05b8808be1811f88,0.33195512617608447,0.33195512617608447,-0.33195512617608447,1
attempt_002,05d1421f3aa676b3,1.1192315752649833,1.1192315752649833,-1.1192315752649833,1
attempt_002,0809681d790ac577,0.46403393945096516,0.46403393945096516,0.46403393945096516,1
attempt_002,088744d8857214d3,0,0,0,1
attempt_002,095c0657286c2670,1.3843637266532598,1.3843637266532598,1.3843637266532598,1
attempt_002,0a3723be6d7e8015,0.27626608802903441,0.27626608802903441,0.27626608802903441,1
attempt_002,0aabeaa122622902,0,0,0,1
attempt_002,0abe8ddbdc76674c,15.164071580965945,15.164071580965945,-15.164071580965945,1
attempt_002,0b1839302dfbecd9,0,0,0,1
attempt_002,0b7552228582926d,1.610406265625369,1.610406265625369,-1.610406265625369,1
attempt_002,0bd468a4feb458c4,0,0,0,1
attempt_002,0c2effcd2d76718c,0.41106972002291542,0.41106972002291542,-0.41106972002291542,1
attempt_002,0c2f0383d85e77d7,0.11947638167483454,0.11947638167483454,-0.11947638167483454,1
attempt_002,0c5258397f981059,0.66200452198456716,0.66200452198456716,-0.66200452198456716,1
attempt_002,0cbfa12424d7c0c3,0.66048271879639842,0.66048271879639842,-0.66048271879639842,1
attempt_002,0d1a69478606100d,0.10107540549911231,0.10107540549911231,-0.10107540549911231,1
attempt_002,0d3017d562dd4eca,0.83183493176217205,0.83183493176217205,-0.83183493176217205,1
attempt_002,0dfbf7a8aa92ea87,1.610406265625369,1.610406265625369,-1.610406265625369,1
attempt_002,0e9128d223e92278,0.56226188815926725,0.56226188815926725,-0.56226188815926725,1
attempt_002,0ef764903b18785f,1.2623341473014005,1.2623341473014005,1.2623341473014005,1
attempt_002,0f0d8322e9518056,0,0,0,1
attempt_002,0fa7cdbf435011ab,0.47964509084685236,0.47964509084685236,-0.47964509084685236,1
attempt_002,103dc8054c6809aa,0.49399188204068567,0.49399188204068567,-0.49399188204068567,1
attempt_002,105e5b4c72ffcebb,2.664137012510281,2.664137012510281,-2.664137012510281,1
attempt_002,1076838c0f3dff77,0.25488936368770521,0.25488936368770521,-0.25488936368770521,1
attempt_002,108245ab6eece39e,0.34424620133006911,0.34424620133006911,-0.34424620133006911,1
attempt_002,10e78ebbadf09b69,6.2963062735678434,6.2963062735678434,-6.2963062735678434,1
attempt_002,111aa3492a976cda,1.0060377728001324,1.0060377728001324,-1.0060377728001324,1
attempt_002,12039dda732972c5,1.595924050418593,1.595924050418593,-1.595924050418593,1
attempt_002,1247538925d32f08,0.58750265945940683,0.58750265945940683,-0.58750265945940683,1
attempt_002,1252c2ac6a2921d9,1.4631096399378478,1.4631096399378478,-1.4631096399378478,1
attempt_002,1253cd5ffd2eea4f,0.63856404304030168,0.63856404304030168,-0.63856404304030168,1
attempt_002,12d41fc28379e309,5.4494073221196757,5.4494073221196757,-5.4494073221196757,1
attempt_002,1327399555209d45,2.4009472335206343,2.4009472335206343,-2.4009472335206343,1
attempt_002,1328f931a3bb25ee,0,0,0,1
attempt_002,143fa8c15e434cb8,3.4657575272907852,3.4657575272907852,-3.4657575272907852,1
attempt_002,1453410305cd22f0,0.054067160248648882,0.054067160248648882,-0.054067160248648882,1
attempt_002,1753d7d5cddf0205,0.63686350756704613,0.63686350756704613,-0.63686350756704613,1
attempt_002,1788df09936827c0,0.28469242807880546,0.28469242807880546,0.28469242807880546,1
attempt_002,188e0096a622bc46,0.88137358701954305,0.88137358701954305,-0.88137358701954305,1
attempt_002,1948a9145ba02cd7,2.0178719121711666,2.0178719121711666,-2.0178719121711666,1
attempt_002,1954fa2200741c60,3.3673256742168176,3.3673256742168176,3.3673256742168176,1
attempt_002,19733e25b3773af3,5.3884151545906214,5.3884151545906214,-5.3884151545906214,1
attempt_002,19923d2aee3257bc,1.0210119358271026,1.0210119358271026,-1.0210119358271026,1
attempt_002,1a0bb13d9a5d9fa6,0,0,0,1
attempt_002,1a21a2ceabaea267,5.4253027972673671,5.4253027972673671,-5.4253027972673671,1
attempt_002,1a2688ab9e47122d,0.33261869825340717,0.33261869825340717,-0.33261869825340717,1
attempt_002,1befd0176d6f5fd4,0.68175973346261642,0.68175973346261642,0.68175973346261642,1
attempt_002,1c6063eeac7eb829,0,0,0,1
attempt_002,1c802bcdb8f3c632,5.9232372967595879,5.9232372967595879,-5.9232372967595879,1
attempt_002,1cbf433a4455aa2a,0.36098634632126281,0.36098634632126281,-0.36098634632126281,1
attempt_002,1d750c20f57af221,2.4917798526449122,2.4917798526449122,-2.4917798526449122,1
attempt_002,1e739b9ecad69152,0.43789056028274898,0.43789056028274898,-0.43789056028274898,1
attempt_002,1e84ebc58b8d107b,0,0,0,1
attempt_002,1f93720697ffc181,1.8184464592320668,1.8184464592320668,1.8184464592320668,1
attempt_002,200bb64dedd145f0,0.15389178002615189,0.15389178002615189,-0.15389178002615189,1
attempt_002,20270d91433a73e1,0.81642055804808855,0.81642055804808855,-0.81642055804808855,1
attempt_002,205c8bc6fa0cd419,0.65107707208229093,0.65107707208229093,-0.65107707208229093,1
attempt_002,20b6e06fb3db908c,1.7627471740390859,1.7627471740390859,1.7627471740390859,1
attempt_002,20d4786362ff7b63,0,0,0,1
attempt_002,22526e47fc6d1c22,0.37481098405325652,0.37481098405325652,-0.37481098405325652,1
attempt_002,228b38b5be777338,0,0,0,1
attempt_002,2315ab7c0c4098bc,0.37481098405325652,0.37481098405325652,0.37481098405325652,1
attempt_002,239ae2c28321e638,0.32708804778885536,0.32708804778885536,-0.32708804778885536,1
attempt_002,2456848abac304dd,0.4469349240429743,0.4469349240429743,-0.4469349240429743,1
attempt_002,24a3aea72050ec55,0.33843068250507446,0.33843068250507446,-0.33843068250507446,1
attempt_002,24a688e4791749fb,3.2227017660383943,3.2227017660383943,-3.2227017660383943,1
attempt_002,24dcd59e5f044eaf,0.27746146578437791,0.27746146578437791,-0.27746146578437791,1
attempt_002,251a21f8679ea430,0.17431167891088073,0.17431167891088073,-0.17431167891088073,1
attempt_002,25642a0f403458cc,5.2678277723028621,5.2678277723028621,-5.2678277723028621,1
attempt_002,276ee3d020155083,0.19050625203239058,0.19050625203239058,-0.19050625203239058,1
attempt_002,2811bd29ede210eb,0.27900988493836998,0.27900988493836998,-0.27900988493836998,1
attempt_002,288d02d8da16c44a,2.2187159241545782,2.2187159241545782,-2.2187159241545782,1
attempt_002,28c7ce4eb54cee7e,0,0,0,1
attempt_002,292d3a65a36e4173,1.5886368200457563,1.5886368200457563,-1.5886368200457563,1
attempt_002,29951084393af017,2.778906655813727,2.778906655813727,-2.778906655813727,1
attempt_002,2b1215df9415c4ba,4.8121182248551495,4.8121182248551495,-4.8121182248551495,1
attempt_002,2b41a785877b71ea,0.37481098405325652,0.37481098405325652,-0.37481098405325652,1
attempt_002,2b5c74a3261e6390,7.774945613420055,7.774945613420055,-7.774945613420055,1
attempt_002,2ba65bf42eb08605,0.95802582149165083,0.95802582149165083,0.95802582149165083,1
attempt_002,2bc6e555e9164bb6,0.18687574778915472,0.18687574778915472,-0.18687574778915472,1
attempt_002,2c04b6461f2a0f70,5.8916669361838414,5.8916669361838414,-5.8916669361838414,1
attempt_002,2cc152e27584ae06,0.19655676424894075,0.19655676424894075,-0.19655676424894075,1
attempt_002,2d9fd3908b46f903,0.17543479551618457,0.17543479551618457,-0.17543479551618457,1
attempt_002,2e975705981d73d4,2.0947125472611012,2.0947125472611012,2.0947125472611012,1
attempt_002,2ef727fd55a311e9,2.3124383412727525,2.3124383412727525,-2.3124383412727525,1
attempt_002,2f4b3618f17ab9f1,0.21497166363039888,0.21497166363039888,0.21497166363039888,1
attempt_002,2fea6d395fbcb322,0.56226188815926725,0.56226188815926725,-0.56226188815926725,1
attempt_002,30cd40b5db1a9d5a,5.3710946290317949,5.3710946290317949,-5.3710946290317949,1
attempt_002,31003a5fec847475,7.1769986319563976,7.1769986319563976,-7.1769986319563976,1
attempt_002,3172245156716229,3.0696021221199654,3.0696021221199654,-3.0696021221199654,1
attempt_002,32e515b6710947df,3.4658469459861028,3.4658469459861028,-3.4658469459861028,1
attempt_002,338aaf7bd51bc4eb,5.9985207902938598,5.9985207902938598,-5.9985207902938598,1
attempt_002,33bd1dfc2fd11b1c,0.64005501193156888,0.64005501193156888,0.64005501193156888,1
attempt_002,346e22483b4bd8ee,0.50971843128902661,0.50971843128902661,-0.50971843128902661,1
attempt_002,34d56de6e80be715,3.3673256742168176,3.3673256742168176,3.3673256742168176,1
attempt_002,35a0f646aeff2f25,2.1145015849941711,2.1145015849941711,-2.1145015849941711,1
attempt_002,3609782e0c57034c,0.47665185795791842,0.47665185795791842,-0.47665185795791842,1
attempt_002,37e39e4b052ed45e,59.637759594912012,59.637759594912012,-59.637759594912012,1
attempt_002,380042f4d4a23ee5,0.053988310368210612,0.053988310368210612,0.053988310368210612,1
attempt_002,380b6b083e82f720,0.25111523501711552,0.25111523501711552,-0.25111523501711552,1
attempt_002,385e3389ccbdab7a,2.6653979600009823,2.6653979600009823,-2.6653979600009823,1
attempt_002,38ec5e2a9b2e3457,4.5970519222599329,4.5970519222599329,-4.5970519222599329,1
attempt_002,390e7182b657d51d,0.27521632571643195,0.27521632571643195,-0.27521632571643195,1
attempt_002,397f3fe0c8ab4b5d,0.32619128919615914,0.32619128919615914,-0.32619128919615914,1
attempt_002,3ad58a03f9e9766a,1.0811905883910757,1.0811905883910757,-1.0811905883910757,1
attempt_002,3baddea31857633e,1.610406265625369,1.610406265625369,1.610406265625369,1
attempt_002,3bdcc142d2c817b0,0.91052679283568239,0.91052679283568239,0.91052679283568239,1
attempt_002,3c35e6e2f32c33be,0.43341652108507756,0.43341652108507756,-0.43341652108507756,1
attempt_002,3c5dd7b0279c4f63,0.048732161272637242,0.048732161272637242,-0.048732161272637242,1
attempt_002,3d17e2aeb88c0753,0.81831032350422817,0.81831032350422817,-0.81831032350422817,1
attempt_002,3d3e9f9b492bc8e8,0.70733027067480059,0.70733027067480059,-0.70733027067480059,1
attempt_002,3d7f4c82ccf162c2,0.5443380896116583,0.5443380896116583,-0.5443380896116583,1
attempt_002,3efdc924d43cf197,5.2894499484812663,5.2894499484812663,-5.2894499484812663,1
attempt_002,40000e849af4d88b,0.33633626775001257,0.33633626775001257,-0.33633626775001257,1
attempt_002,40fca366c650a1dd,1.2869534612287721,1.2869534612287721,-1.2869534612287721,1
attempt_002,4166b38a95a2e178,0.28753215863866233,0.28753215863866233,-0.28753215863866233,1
attempt_002,41ae88c2a2d3b667,0.28368531490474957,0.28368531490474957,-0.28368531490474957,1
attempt_002,41de3083151e616d,0.64513383521071566,0.64513383521071566,0.64513383521071566,1
attempt_002,42146998b3ee116c,7.025329039733144,7.025329039733144,-7.025329039733144,1
attempt_002,42dd04a53780a973,5.7088560937796551,5.7088560937796551,-5.7088560937796551,1
attempt_002,42eae62218510290,1.6094372457681549,1.6094372457681549,-1.6094372457681549,1
attempt_002,431af725e9d9cf36,0.56226188815926725,0.56226188815926725,-0.56226188815926725,1
attempt_002,437a97355e1b5d17,0.48911646704211575,0.48911646704211575,0.48911646704211575,1
attempt_002,43ea69d95437dcc1,0.20270099365531546,0.20270099365531546,-0.20270099365531546,1
attempt_002,43fb8cf7dda6679e,0,0,0,1
attempt_002,44c58ea28b3c982a,2.9915632064265552,2.9915632064265552,-2.9915632064265552,1
attempt_002,45371da82072a708,0.1367544913380554,0.1367544913380554,-0.1367544913380554,1
attempt_002,4541655e38bbd696,1.7689473864085627,1.7689473864085627,-1.7689473864085627,1
attempt_002,45ec8a19f45ae9e9,0.65107707208229093,0.65107707208229093,0.65107707208229093,1
attempt_002,464fe77cb548d241,0.31287038403526957,0.31287038403526957,-0.31287038403526957,1
attempt_002,46d2ba8408ced4a5,1.2133389602415581,1.2133389602415581,-1.2133389602415581,1
attempt_002,48293e9d39532b81,25.864308360238606,25.864308360238606,25.864308360238606,1
attempt_002,48c67edc36fc5736,0.1857090701181594,0.1857090701181594,-0.1857090701181594,1
attempt_002,496a8a3eddea172e,0,0,0,1
attempt_002,49d1ffd2779d9063,0.79873143862477036,0.79873143862477036,-0.79873143862477036,1
attempt_002,4b6da16826bf9fab,0.48033455142386217,0.48033455142386217,-0.48033455142386217,1
attempt_002,4b9e18e8d3a764da,1.4310647542532093,1.4310647542532093,-1.4310647542532093,1
attempt_002,4bdf7d70c7425250,0.65836711562648187,0.65836711562648187,-0.65836711562648187,1
attempt_002,4ccf90cb21ac1f22,1.6826595439809751,1.6826595439809751,-1.6826595439809751,1
attempt_002,4da86be7c0ed4685,1.8589953235048462,1.8589953235048462,-1.8589953235048462,1
attempt_002,4e67d68dd4a36262,1.1168848870875978,1.1168848870875978,-1.1168848870875978,1
attempt_002,4e6985d31075e24a,0,0,0,1
attempt_002,4ea0cf4c51b1dbd8,0.056087014063784579,0.056087014063784579,0.056087014063784579,1
attempt_002,509f66fdddeb6bb7,0.28307011424055073,0.28307011424055073,-0.28307011424055073,1
attempt_002,50c2fc8fc1733d8a,1.2023383960501013,1.2023383960501013,-1.2023383960501013,1
attempt_002,526424c6c7ba50de,8.9801560427582814,8.9801560427582814,-8.9801560427582814,1
attempt_002,5291299139a2a507,0,0,0,1
attempt_002,530bc5a858c7d4b4,0.19965820916495547,0.19965820916495547,0.19965820916495547,1
attempt_002,53ad740cce42e97c,1.4411260970308546,1.4411260970308546,-1.4411260970308546,1
attempt_002,551d0fc027a751c2,15.058198908014674,15.058198908014674,-15.058198908014674,1
attempt_002,55252981817e250f,0.61824469399963711,0.61824469399963711,-0.61824469399963711,1
attempt_002,5577861e318d74af,2.2073576519558262,2.2073576519558262,-2.2073576519558262,1
attempt_002,5582cb9c46257d3f,0.87971029153192593,0.87971029153192593,-0.87971029153192593,1
attempt_002,55a45b1a7e315a29,0.27626608802903441,0.27626608802903441,-0.27626608802903441,1
attempt_002,5674726cd475351e,0.65107707208229093,0.65107707208229093,0.65107707208229093,1
attempt_002,57096bbe0d139c10,1.2034574088517442,1.2034574088517442,-1.2034574088517442,1
attempt_002,5743313fef7461b9,0.46403393945096516,0.46403393945096516,-0.46403393945096516,1
attempt_002,575b77816c26e0e3,0.24244929881098365,0.24244929881098365,-0.24244929881098365,1
attempt_002,57a2cd76adbdff08,11.783502188727454,11.783502188727454,-11.783502188727454,1
attempt_002,57dba21aa4802ce4,3.8191894131576518,3.8191894131576518,-3.8191894131576518,1
attempt_002,57fca562822562f4,0,0,0,1
attempt_002,5838e1cafed7ec9e,0.93244229991497996,0.93244229991497996,-0.93244229991497996,1
attempt_002,593484d77afa237a,0.37288758773966979,0.37288758773966979,-0.37288758773966979,1
attempt_002,5a133a263b0eafa6,0.16430562804063698,0.16430562804063698,-0.16430562804063698,1
attempt_002,5a349f6ef74434ea,8.2500908021456425,8.2500908021456425,-8.2500908021456425,1
attempt_002,5ab19c23cd16fc8e,1.1822022428669081,1.1822022428669081,1.1822022428669081,1
attempt_002,5c2dbd440ca8d71e,11.235980614827881,11.235980614827881,-11.235980614827881,1
attempt_002,5c900716768b5f13,64.52906219057293,64.52906219057293,64.52906219057293,1
attempt_002,5cc868e2e9fa7a4f,0.22279283110418069,0.22279283110418069,-0.22279283110418069,1
attempt_002,5d4832277493c656,0.34161530467019041,0.34161530467019041,-0.34161530467019041,1
attempt_002,5de6ca5b3cdb2308,12.556532260594619,12.556532260594619,12.556532260594619,1
attempt_002,5e5cf0838ec04aa7,1.8185598904672702,1.8185598904672702,-1.8185598904672702,1
attempt_002,5e672637ee00da51,6.8493483346709318,6.8493483346709318,-6.8493483346709318,1
attempt_002,5ec3ce50bd1e3f94,0.56354709002733294,0.56354709002733294,-0.56354709002733294,1
attempt_002,5fe4aa4017e3184f,1.0749975266538048,1.0749975266538048,1.0749975266538048,1
attempt_002,609c04e8bbcb8ae9,6.931231494535286,6.931231494535286,-6.931231494535286,1
attempt_002,61512e27503e0c5d,7.8589631813109024,7.8589631813109024,-7.8589631813109024,1
attempt_002,61c859c56cdb9f51,1.4436354751788103,1.4436354751788103,1.4436354751788103,1
attempt_002,62cc364cf8348017,0.32788009054581746,0.32788009054581746,-0.32788009054581746,1
attempt_002,6368e01c89742033,1.7240809752614057,1.7240809752614057,-1.7240809752614057,1
attempt_002,644eca9ea9e3d529,0.29376111852707076,0.29376111852707076,-0.29376111852707076,1
attempt_002,65ed0077d5265519,0.36831760724074325,0.36831760724074325,-0.36831760724074325,1
attempt_002,662f482ba6c543a2,1.4310647542532093,1.4310647542532093,-1.4310647542532093,1
attempt_002,66e5877231ff195b,9.4101909782958053,9.4101909782958053,-9.4101909782958053,1
attempt_002,68dc63126a573982,0.25421688844970713,0.25421688844970713,-0.25421688844970713,1
attempt_002,6953ca6de2032137,1.0850728904387776,1.0850728904387776,-1.0850728904387776,1
attempt_002,6971c4a92f397cd5,0,0,0,1
attempt_002,6a88306079e612a9,0.19910508622345358,0.19910508622345358,-0.19910508622345358,1
attempt_002,6b76a5f61943c0d6,0.42590096942364752,0.42590096942364752,-0.42590096942364752,1
attempt_002,6b9cd1f5e2eb5104,0,0,0,1
attempt_002,6e0769094a37b3aa,0.30909736136623422,0.30909736136623422,-0.30909736136623422,1
attempt_002,6e2efc86d99b4c08,0.073197949027250964,0.073197949027250964,-0.073197949027250964,1
attempt_002,6e9452cd92a1e675,2.3025859930554979,2.3025859930554979,-2.3025859930554979,1
attempt_002,6f1d447affd94478,1.4310647542532093,1.4310647542532093,-1.4310647542532093,1
attempt_002,6fbbd2c83717800c,0.20713848162180337,0.20713848162180337,-0.20713848162180337,1
attempt_002,701114dc9d0a0820,19.289558006812491,19.289558006812491,-19.289558006812491,1
attempt_002,70bf4dd1bfce5642,0.39706730538381096,0.39706730538381096,0.39706730538381096,1
attempt_002,71cc13e1d23971b4,0.24684276208213962,0.24684276208213962,-0.24684276208213962,1
attempt_002,71e32c98a2fa4eb0,0.31549840834831944,0.31549840834831944,-0.31549840834831944,1
attempt_002,722018578611076f,0.28020920623322088,0.28020920623322088,-0.28020920623322088,1
attempt_002,72a5ce3caed949c4,0.47073518710269635,0.47073518710269635,-0.47073518710269635,1
attempt_002,7400cf6ae9f4ad13,0.095307166862231618,0.095307166862231618,-0.095307166862231618,1
attempt_002,74d3c0d02fda4cc0,0,0,0,1
attempt_002,74f95f520284dd1d,0.18230962221496227,0.18230962221496227,-0.18230962221496227,1
attempt_002,7675d8f4d1509a89,0.28374174384187878,0.28374174384187878,-0.28374174384187878,1
attempt_002,76b505a4ce8376ca,0.41073824445413543,0.41073824445413543,-0.41073824445413543,1
attempt_002,7732793724f03849,0,0,0,1
attempt_002,774ecb674fbd485d,0.79873143862477036,0.79873143862477036,-0.79873143862477036,1
attempt_002,775bebce2e8069ea,19.178603729196897,19.178603729196897,-19.178603729196897,1
attempt_002,77dc3be003a0e911,16.624920801315664,16.624920801315664,16.624920801315664,1
attempt_002,78f0601042601c75,19.230854354514264,19.230854354514264,-19.230854354514264,1
attempt_002,794324f96cddac1f,24.627533216062282,24.627533216062282,24.627533216062282,1
attempt_002,7a2fb9613b20a5c1,7.3483176123136609,7.3483176123136609,-7.3483176123136609,1
attempt_002,7a7bd5bcd3e65b33,0.28469242807880546,0.28469242807880546,0.28469242807880546,1
attempt_002,7b857d11d0d32f87,0.19965820916495547,0.19965820916495547,-0.19965820916495547,1
attempt_002,7b8ac553132d3eb1,2.5541239106848863,2.5541239106848863,2.5541239106848863,1
attempt_002,7bf35d4cc299c56b,0.30356406280888848,0.30356406280888848,-0.30356406280888848,1
attempt_002,7c37ba7718ebcbf7,2.4082796152909296,2.4082796152909296,-2.4082796152909296,1
attempt_002,7cb10a04d50e0b73,0.35453064816813384,0.35453064816813384,-0.35453064816813384,1
attempt_002,7cc65538b7b35872,0.80551176289411686,0.80551176289411686,-0.80551176289411686,1
attempt_002,7d87536df8bba075,0.33525463658602295,0.33525463658602295,-0.33525463658602295,1
attempt_002,7dd4e5ac7be25901,0,0,0,1
attempt_002,7ef9cf3282aa5cfd,0.74448602313426182,0.74448602313426182,0.74448602313426182,1
attempt_002,7f2c7c8523e00e06,0.14361458125185145,0.14361458125185145,-0.14361458125185145,1
attempt_002,7f9ebb677b1dcde4,12.932125553400876,12.932125553400876,-12.932125553400876,1
attempt_002,7fbb11a095b6c40b,0.56226188815926725,0.56226188815926725,0.56226188815926725,1
attempt_002,7fee598b25d82fec,0.12766308050095887,0.12766308050095887,-0.12766308050095887,1
attempt_002,803469d8a0bf32f3,3.4657329886010544,3.4657329886010544,-3.4657329886010544,1
attempt_002,804f5d131debd233,0.29040819362004822,0.29040819362004822,-0.29040819362004822,1
attempt_002,80587dc3d17518b9,2.016160076597032,2.016160076597032,-2.016160076597032,1
attempt_002,80885573b67f74f6,1.9362609199636083,1.9362609199636083,-1.9362609199636083,1
attempt_002,819a91f09387b7ff,0,0,0,1
attempt_002,824795041aa4023c,2.4190874085621985,2.4190874085621985,-2.4190874085621985,1
attempt_002,82ecf90c792c704a,0.69303002737970942,0.69303002737970942,-0.69303002737970942,1
attempt_002,83468bd36acdbaf3,0.64498460153363624,0.64498460153363624,-0.64498460153363624,1
attempt_002,83e0d91f0a7da434,0.67669379493188409,0.67669379493188409,-0.67669379493188409,1
attempt_002,84a4d6cd0408ab51,1.5691603865412898,1.5691603865412898,-1.5691603865412898,1
attempt_002,850884d44ae6d451,0,0,0,1
attempt_002,853b3dd1c82b2adc,0.41601350717247865,0.41601350717247865,-0.41601350717247865,1
attempt_002,869a59d197773261,0.37481098405325652,0.37481098405325652,-0.37481098405325652,1
attempt_002,86a805d8689d1d5c,3.2595725562629214,3.2595725562629214,-3.2595725562629214,1
attempt_002,870a07402050ea0d,0.65904227478296651,0.65904227478296651,-0.65904227478296651,1
attempt_002,8749b49e6198cc7b,0.48490229819734054,0.48490229819734054,-0.48490229819734054,1
attempt_002,875650fc71625bbe,6.4845229184348945,6.4845229184348945,-6.4845229184348945,1
attempt_002,87685dd4759df27e,0.14102219411079719,0.14102219411079719,-0.14102219411079719,1
attempt_002,87f6ddc717ae5bf5,0,0,0,1
attempt_002,88271d97e49c34db,8.0978952813832805,8.0978952813832805,8.0978952813832805,1
attempt_002,89e30dc84513080c,1.8184464592320668,1.8184464592320668,-1.8184464592320668,1
attempt_002,8ad55d29e7bb93fb,1.5130691009743469,1.5130691009743469,-1.5130691009743469,1
attempt_002,8b1a1a27c8cfb628,3.1895736594348154,3.1895736594348154,-3.1895736594348154,1
attempt_002,8ba775bbe95b51c1,0,0,0,1
attempt_002,8d33226e1a3a5ea9,5.35883950872363,5.35883950872363,5.35883950872363,1
attempt_002,8db8d74ecfc737af,1.9203359196972731,1.9203359196972731,-1.9203359196972731,1
attempt_002,8ef29254fa7b340a,0.2403753918331657,0.2403753918331657,-0.2403753918331657,1
attempt_002,8f002d0cd17056ac,0.0013629217554118611,0.0013629217554118611,-0.0013629217554118611,1
attempt_002,8f5e2c16b9d01e3a,12.09245542597419,12.09245542597419,-12.09245542597419,1
attempt_002,9060c5dd8eede2f8,0.54545118680860138,0.54545118680860138,-0.54545118680860138,1
attempt_002,90de08615b8ba426,0.57527977118091744,0.57527977118091744,-0.57527977118091744,1
attempt_002,926659ee4c06c9d0,1.1901240915820734,1.1901240915820734,-1.1901240915820734,1
attempt_002,93c2df04145acbc4,0.72181773758940515,0.73924212230233488,-0.72181773758940515,2
attempt_002,93d9b97a6d2642a9,7.9982885976544456,7.9982885976544456,-7.9982885976544456,1
attempt_002,93dd6cc67bcd5ec9,0.33168241978587654,0.33168241978587654,-0.33168241978587654,1
attempt_002,94884b8bbcfbd54c,9.3704102539229623,9.3704102539229623,-9.3704102539229623,1
attempt_002,95683f47f0348db3,1.4736708936246625,1.4736708936246625,-1.4736708936246625,1
attempt_002,959d1c9138fdf1fb,7.3272881530555409,7.3272881530555409,-7.3272881530555409,1
attempt_002,95cfdea7778e1671,0.30102251274186731,0.30102251274186731,-0.30102251274186731,1
attempt_002,969aa1f40d6dc66b,0.31224571076718455,0.31224571076718455,-0.31224571076718455,1
attempt_002,96e70b492b6abbf6,3.5556979247173119,3.5556979247173119,-3.5556979247173119,1
attempt_002,97d71db82cd82f0a,71.24836277535303,71.24836277535303,71.24836277535303,1
attempt_002,97e97a387cc1bd1a,0.2422873940955057,0.2422873940955057,-0.2422873940955057,1
attempt_002,99560a9ea3687fe0,3.3085106444060903,3.3085106444060903,3.3085106444060903,1
attempt_002,9a9cbcde4b4d7a22,0.83868573328457252,0.83868573328457252,-0.83868573328457252,1
attempt_002,9abc3d2b01c3cc5c,3.4023066454805946,3.4023066454805946,-3.4023066454805946,1
attempt_002,9ac3107d67e59532,4.4659081186545713,4.4659081186545713,-4.4659081186545713,1
attempt_002,9b55b84321f80b2c,0.51052268534702172,0.51052268534702172,-0.51052268534702172,1
attempt_002,9bde9a7e32be7e05,16.331597192155051,16.331597192155051,-16.331597192155051,1
attempt_002,9cc48a5df92274e0,0.88137358701954305,0.88137358701954305,0.88137358701954305,1
attempt_002,9cd93057cf9c8c00,5.6191277159539759,5.6191277159539759,-5.6191277159539759,1
attempt_002,9e08c4f4702c9176,0.67333339341284537,0.67333339341284537,-0.67333339341284537,1
attempt_002,9e98cf4c5d891d2f,10.22730867160378,10.22730867160378,-10.22730867160378,1
attempt_002,9f3056864543d3f6,0.64961842148830495,0.64961842148830495,-0.64961842148830495,1
attempt_002,9ffa5b2dcb6e0751,0,0,0,1
attempt_002,a0932aefae2399cd,0,0,0,1
attempt_002,a093cd5e9acd6e6e,0,0,0,2
attempt_002,a094e76271214f19,1.8184464592320668,1.8184464592320668,1.8184464592320668,1
attempt_002,a1a947740469afec,0.24357391439774734,0.24357391439774734,-0.24357391439774734,1
attempt_002,a1beaac4ea8de6d2,2.2174326961796389,2.2174326961796389,-2.2174326961796389,1
attempt_002,a1ef3ce7ce07e30c,0.82567430182656221,0.82567430182656221,-0.82567430182656221,1
attempt_002,a26ff951b5ebb4a4,5.1249856391629134,5.1249856391629134,5.1249856391629134,1
attempt_002,a2e55b7bdd61cff3,1.2319118906415047,1.2319118906415047,-1.2319118906415047,1
attempt_002,a313d79fcc230548,0.36240261373615645,0.36240261373615645,-0.36240261373615645,1
attempt_002,a3cf484f0f31b544,9.5819487049683794,9.5819487049683794,-9.5819487049683794,1
attempt_002,a45e00fc8ea9b758,3.206646433285691,3.206646433285691,-3.206646433285691,1
attempt_002,a5b9820ac5bf2964,0.063710636417316557,0.063710636417316557,-0.063710636417316557,1
attempt_002,a7201302014ae6ce,0.418365857105508,0.418365857105508,-0.418365857105508,1
attempt_002,a76377b7caf4b874,0,0,0,1
attempt_002,a7cec19aef0c55cb,0.88137358701954305,0.88137358701954305,-0.88137358701954305,1
attempt_002,a80977c20588518e,4.4309584920805429,4.4309584920805429,-4.4309584920805429,1
attempt_002,a923f2662aceecd7,0.66072944553828528,0.66072944553828528,-0.66072944553828528,1
attempt_002,a940391648d52575,0,0,0,1
attempt_002,a954b31b66e0a0f7,0.41742075806049161,0.41742075806049161,-0.41742075806049161,1
attempt_002,aa3e13a94fa413b0,0.63765267877466858,0.63765267877466858,-0.63765267877466858,1
attempt_002,aa55fc2e591a3eea,0.81764533141198825,0.81764533141198825,-0.81764533141198825,1
attempt_002,aa84024f362acec7,0,0,0,1
attempt_002,aabf9bdb77894078,0.03173270535452577,0.03173270535452577,-0.03173270535452577,1
attempt_002,ab022eca238edc01,0,0,0,1
attempt_002,ab47df57f6b720d7,1.5028673022752819,1.5028673022752819,-1.5028673022752819,1
attempt_002,ab97f4d059715a0f,3.3823099036581716,3.3823099036581716,-3.3823099036581716,1
attempt_002,acdedc1f1f1677b0,0.88137358701954305,0.88137358701954305,0.88137358701954305,1
attempt_002,ad4c95fe80a66847,0.28692560018484592,0.28692560018484592,0.28692560018484592,1
attempt_002,ad5948e192ebc2d4,0.93707287221252378,0.93707287221252378,0.93707287221252378,1
attempt_002,ad5c384a6be364aa,1.903536008385494,1.903536008385494,-1.903536008385494,1
attempt_002,addce88f5927e9b7,2.4613800964748043,2.4613800964748043,-2.4613800964748043,1
attempt_002,addfa722b1bb9b7b,0.93259790923810115,0.93259790923810115,-0.93259790923810115,1
attempt_002,af17f6c68ad40f75,0.27603438014513904,0.27603438014513904,-0.27603438014513904,1
attempt_002,af3eaf7a505d27c2,1.2232050781069606,1.2232050781069606,1.2232050781069606,1
attempt_002,b149944913743077,0,0,0,1
attempt_002,b1e1aebb9420a6c0,4.0811795814385157,4.0811795814385157,4.0811795814385157,1
attempt_002,b3447163870d3003,0.26822560515262062,0.26822560515262062,-0.26822560515262062,1
attempt_002,b3907643507df0f6,2.644120761058629,2.644120761058629,2.644120761058629,1
attempt_002,b3b896fac1db6be4,0.27958820740112955,0.27958820740112955,-0.27958820740112955,1
attempt_002,b3d9d211a865558e,0.57523232903048171,0.57523232903048171,-0.57523232903048171,1
attempt_002,b56f9cdeecf07967,15.02738110422758,15.02738110422758,-15.02738110422758,1
attempt_002,b6d0f65b30088d8a,3.0782712283855114,3.0782712283855114,-3.0782712283855114,1
attempt_002,b76abebbe3871acf,14.936060726607487,14.936060726607487,-14.936060726607487,1
attempt_002,b7712c125a47a1e7,0.15523671007603301,0.15523671007603301,-0.15523671007603301,1
attempt_002,b9bee040d2d25fed,45.825006931503815,45.825006931503815,-45.825006931503815,1
attempt_002,ba5099f54efb4c26,0.88137358701954305,0.88137358701954305,-0.88137358701954305,1
attempt_002,bae03f436761eb2a,1.1101429806478116,1.1101429806478116,-1.1101429806478116,1
attempt_002,bbf26c3d1fe29c0e,0.31799472521470795,0.31799472521470795,-0.31799472521470795,1
attempt_002,bc65c316905e3299,12.100267991034009,12.100267991034009,-12.100267991034009,1
attempt_002,bc8c69f89642761a,0.25264382062531077,0.25264382062531077,-0.25264382062531077,1
attempt_002,bdf713200e425ec5,0.23827089534356816,0.23827089534356816,-0.23827089534356816,1
attempt_002,be81446c1506feab,1.7361499625210686,1.7361499625210686,1.7361499625210686,1
attempt_002,c2654fc1cfab58a2,0.21356862631896156,0.21356862631896156,-0.21356862631896156,1
attempt_002,c30f10739e8124e8,28.90611042462259,28.90611042462259,-28.90611042462259,1
attempt_002,c30f8147441ce11e,0.83737862325630452,0.83737862325630452,-0.83737862325630452,1
attempt_002,c38e374a53377422,0.67333339341284537,0.67333339341284537,-0.67333339341284537,1
attempt_002,c3ab909658d376dc,0,0,0,1
attempt_002,c41b1ac770551769,0.28765451920011831,0.28765451920011831,-0.28765451920011831,1
attempt_002,c46086c612e8f2b6,0.69023875716100713,0.69023875716100713,0.69023875716100713,1
attempt_002,c5c20db2e333e139,3.2927688717596877,3.2927688717596877,3.2927688717596877,1
attempt_002,c5e74c2c8abec09b,7.9118788366343296,7.9118788366343296,-7.9118788366343296,1
attempt_002,c711ba9d88eca132,1.2133389602415581,1.2133389602415581,-1.2133389602415581,1
attempt_002,c79cc278f7af4957,14.627400313675267,14.627400313675267,-14.627400313675267,1
attempt_002,c890452c78a0bde5,3.4084648488865774,3.4084648488865774,-3.4084648488865774,1
attempt_002,c90a2eeb6cfde096,2.616608687281504,2.616608687281504,-2.616608687281504,1
attempt_002,c9725c1b5af63003,0.0067544216762556175,0.0067544216762556175,-0.0067544216762556175,1
attempt_002,c994e67932817306,6.7472185779718323,6.7472185779718323,-6.7472185779718323,1
attempt_002,c9d14f8bba60e13a,20.767373535466099,20.767373535466099,-20.767373535466099,1
attempt_002,cab9196b597deab7,2.2211525118406268,2.2211525118406268,-2.2211525118406268,1
attempt_002,cadebb739ade8eb2,15.766480946786206,15.766480946786206,-15.766480946786206,1
attempt_002,cb9a76267a45a1a0,0,0,0,1
attempt_002,cc15a46e3fb2cc41,0.56226188815926725,0.56226188815926725,-0.56226188815926725,1
attempt_002,cc77959c030f6298,0.93707287221252378,0.93707287221252378,-0.93707287221252378,1
attempt_002,cc986eab7707fc06,0.16383293623629136,0.16383293623629136,-0.16383293623629136,1
attempt_002,cd2ee41e0889e8ef,0.16647036121209435,0.16647036121209435,-0.16647036121209435,1
attempt_002,ce4323960c84143b,0.048732161272637242,0.048732161272637242,-0.048732161272637242,1
attempt_002,ceeed00978253eeb,0.28766097626367415,0.28766097626367415,-0.28766097626367415,1
attempt_002,cfb58633d4457471,1.4436354751788103,1.4436354751788103,-1.4436354751788103,1
attempt_002,cfe227d0711edf8d,1.9552613491959399,1.9552613491959399,-1.9552613491959399,1
attempt_002,d041952963b8157f,3.5485083709148668,3.5485083709148668,-3.5485083709148668,1
attempt_002,d101ae93b8d32b0a,2.2898375553342305,2.2898375553342305,-2.2898375553342305,1
attempt_002,d2d5a35610a062b9,1.2948052385597428,1.2948052385597428,-1.2948052385597428,1
attempt_002,d2ea9c99f1ac2546,7.4151465480316041,7.4151465480316041,-7.4151465480316041,1
attempt_002,d356b8a4cf9170ff,0,0,0,1
attempt_002,d3b5756d7162e9af,0.27477673727869067,0.27477673727869067,-0.27477673727869067,1
attempt_002,d42af5fc7b92600f,0.26234343618711264,0.26234343618711264,-0.26234343618711264,1
attempt_002,d4895ffe41aa47be,0.64932821392100237,0.64932821392100237,-0.64932821392100237,1
attempt_002,d4a82f98e4a4d8f1,0.41511718911830364,0.41511718911830364,-0.41511718911830364,1
attempt_002,d6d99601d2221241,1.2764057877570014,1.2764057877570014,-1.2764057877570014,1
attempt_002,d70688b68979f120,0,0,0,1
attempt_002,d71eacc97f2eac4a,0.82567430182656221,0.82567430182656221,0.82567430182656221,1
attempt_002,d79b513d15f7fd37,0,0,0,1
attempt_002,d7c5ce4f887af943,0.15234090841371684,0.15234090841371684,0.15234090841371684,1
attempt_002,d7fca0b3134a6789,0.35131052444647182,0.35131052444647182,-0.35131052444647182,1
attempt_002,d83cb4267cfd84ca,1.7087779969678989,1.7087779969678989,-1.7087779969678989,1
attempt_002,d84524c950c56654,0.21196319890503013,0.21196319890503013,-0.21196319890503013,1
attempt_002,d8fc0a92c8c4a2fa,0.40543507510182231,0.40543507510182231,-0.40543507510182231,1
attempt_002,d906b69770601071,50.411517776293607,50.411517776293607,-50.411517776293607,1
attempt_002,d92bf76a610332bf,2.2117286080312839,2.2117286080312839,-2.2117286080312839,1
attempt_002,d932087548ae36e5,0.15394637840021463,0.15394637840021463,-0.15394637840021463,1
attempt_002,d98556fd070c0af6,0.88137358701954305,0.88137358701954305,-0.88137358701954305,1
attempt_002,d988e431220e6bc6,0.5463911548420235,0.5463911548420235,-0.5463911548420235,1
attempt_002,d9c550a9c51d35ac,0.57421227989516499,0.57421227989516499,-0.57421227989516499,1
attempt_002,d9df86eb981deb9a,1.2004852858798187,1.2004852858798187,-1.2004852858798187,1
attempt_002,da2b4ba6d53170e0,0.11979679800446696,0.11979679800446696,-0.11979679800446696,1
attempt_002,da678ee16b098ae4,6.9304725159934755,6.9304725159934755,-6.9304725159934755,1
attempt_002,da735e4edd7d8acd,4.8628496827781049,4.8628496827781049,-4.8628496827781049,1
attempt_002,dae5d3492aac2245,0.66258171864179616,0.66258171864179616,-0.66258171864179616,1
attempt_002,db5d643b2f9cbfbf,7.5690107694856223,7.5690107694856223,-7.5690107694856223,1
attempt_002,dbb0e6a5907e83b0,5.7649185230359024,5.7649185230359024,-5.7649185230359024,1
attempt_002,dc5b79abd8c32051,5.21577113659208,5.21577113659208,-5.21577113659208,1
attempt_002,dc7b1c1d814df24f,6.643728228285628,6.643728228285628,-6.643728228285628,1
attempt_002,dd94c5772508af28,15.948861391695765,15.948861391695765,-15.948861391695765,1
attempt_002,ddd85b09690827da,2.7457700088792745,2.7457700088792745,-2.7457700088792745,1
attempt_002,ddfc9b179bfb76be,0.67294151449761941,0.67294151449761941,-0.67294151449761941,1
attempt_002,de09337452e20032,0.38340527787836098,0.38340527787836098,-0.38340527787836098,1
attempt_002,de12f87c6958e38e,0.1793415113721597,0.1793415113721597,-0.1793415113721597,1
attempt_002,deeae8883055b9ee,0.49215320135877549,0.49215320135877549,0.49215320135877549,1
attempt_002,def460708ba7b0ef,1.0446751019866349,1.0446751019866349,1.0446751019866349,1
attempt_002,df336a0a88d676b9,0.40537833192831219,0.40537833192831219,-0.40537833192831219,1
attempt_002,df5f216d2d4a9851,0,0,0,1
attempt_002,df8a6c6dd3f3b262,0.15867557199810278,0.15867557199810278,-0.15867557199810278,1
attempt_002,dfbe713e68cc63a9,0,0,0,1
attempt_002,dfeaa1f16aba9b2c,0,0,0,4
attempt_002,e0096fe5c74ff63f,0.28469242807880546,0.28469242807880546,0.28469242807880546,1
attempt_002,e02e29b116c658e8,1.6485081906220111,1.6485081906220111,-1.6485081906220111,1
attempt_002,e16408e569859d83,0.26466896740581092,0.26466896740581092,-0.26466896740581092,1
attempt_002,e4876602e9ba0f2e,0.27567918695927229,0.27567918695927229,-0.27567918695927229,1
attempt_002,e586ddcbc365c334,1.378394029075019,1.378394029075019,-1.378394029075019,1
attempt_002,e6831a831160cb9f,3.9124227656412556,3.9124227656412556,-3.9124227656412556,1
attempt_002,e6e4ce0035fb36ab,1.0307345898361859,1.0307345898361859,-1.0307345898361859,1
attempt_002,e7efeb7dc8836c4b,0,0,0,1
attempt_002,e817fe65c2fb9bb3,5.1849690385888501,5.1849690385888501,-5.1849690385888501,1
attempt_002,e827c21b034c420b,0.7084664821758091,0.7084664821758091,-0.7084664821758091,1
attempt_002,e94bf0263935b271,0,0,0,1
attempt_002,ea9379eb339d6cbc,0.27746146578437791,0.27746146578437791,-0.27746146578437791,1
attempt_002,eab20b0f46956346,0.91303158826518782,0.91303158826518782,-0.91303158826518782,1
attempt_002,eb3b940724dc982d,1.648264578652658,1.648264578652658,-1.648264578652658,1
attempt_002,ec2067430ff6fb6e,0.59821980942926256,0.59821980942926256,-0.59821980942926256,1
attempt_002,ecad917fe0f8bc30,1.8184464592320668,1.8184464592320668,-1.8184464592320668,1
attempt_002,ed763ab2ba3e0068,0.10521421712757739,0.10521421712757739,-0.10521421712757739,1
attempt_002,eeb9a817e031fe66,0.37481098405325652,0.37481098405325652,0.37481098405325652,1
attempt_002,ef0516d41dbfe437,0.33080773093940152,0.33080773093940152,-0.33080773093940152,1
attempt_002,ef18835f55ee60f5,0.5984139055073836,0.5984139055073836,-0.5984139055073836,1
attempt_002,ef19e6cd14447306,0.33525463658602295,0.33525463658602295,-0.33525463658602295,1
attempt_002,ef2fd0959fcb438f,3.3334775868839928,3.3334775868839928,3.3334775868839928,1
attempt_002,efd621027b9eee3c,2.1874947629915376,2.1874947629915376,2.1874947629915376,1
attempt_002,f018b597d7955bde,2.3286079051334001,2.3286079051334001,-2.3286079051334001,1
attempt_002,f16ea570bc36c50a,0,0,0,1
attempt_002,f182ea2ef1d4b772,37.629034324460271,37.629034324460271,37.629034324460271,1
attempt_002,f197a4dda8f05c9d,0.15234090841371684,0.15234090841371684,-0.15234090841371684,1
attempt_002,f20d81ce18b75a1c,0.24774080047153468,0.24774080047153468,-0.24774080047153468,1
attempt_002,f28d6630733894f3,0,0,0,1
attempt_002,f291f9c50ad08615,0.11697170516215394,0.11697170516215394,-0.11697170516215394,1
attempt_002,f2f434168325f484,0.33168241978587654,0.33168241978587654,0.33168241978587654,1
attempt_002,f3118a80b16b514c,4.0769621525052351,4.0769621525052351,-4.0769621525052351,1
attempt_002,f379f2a83d8b1d5e,10.128694424107259,10.128694424107259,10.128694424107259,1
attempt_002,f3d6f4c526ee2045,0,0,0,1
attempt_002,f4124699649b4a4a,0.30916406397602358,0.30916406397602358,-0.30916406397602358,1
attempt_002,f4f0befaa83096bf,18.497049322350545,18.497049322350545,-18.497049322350545,1
attempt_002,f52bb8e676e21112,0.81635306171727073,0.81635306171727073,-0.81635306171727073,1
attempt_002,f60ce72c8a83d154,2.087901681566855,2.087901681566855,-2.087901681566855,1
attempt_002,f6f7080c144e2394,0.11279268243933771,0.11279268243933771,-0.11279268243933771,1
attempt_002,f7374c8beb60288c,0.68175973346261642,0.68175973346261642,-0.68175973346261642,1
attempt_002,f7417f2e9fa24db6,3.1123272663354067,3.1123272663354067,-3.1123272663354067,1
attempt_002,f770391e972a9774,0,0,0,1
attempt_002,f83f515f4a1662ef,1.1862066069415675,1.1862066069415675,-1.1862066069415675,1
attempt_002,f91bd836fd72ca30,2.4917798526449122,2.4917798526449122,2.4917798526449122,1
attempt_002,fbad90682526646a,0.21497166363039888,0.21497166363039888,-0.21497166363039888,1
attempt_002,fcc34d7bb321a7ba,1.1507282898071196,1.1507282898071196,-1.1507282898071196,1
attempt_002,fcd157d7ad16d9bd,17.352684784139043,17.352684784139043,-17.352684784139043,1
attempt_002,fd55c8719d3332f2,4.7420109796572341,4.7420109796572341,-4.7420109796572341,1
attempt_002,fde73a5d26460ac7,0.287679010577647,0.287679010577647,-0.287679010577647,1
attempt_002,fe6c690122c7f47b,0.21497166363039888,0.21497166363039888,-0.21497166363039888,1
attempt_002,fe8bb0245e97303e,1.1630881542089586,1.1630881542089586,-1.1630881542089586,1
attempt_002,ff8c002895cc55c0,0.88137358701954305,0.88137358701954305,-0.88137358701954305,1
attempt_003,0044728bdcee1ccc,10.497272081073373,10.497272081073373,-10.497272081073373,1
attempt_003,00e091d496483091,11.51292546497023,11.51292546497023,-11.51292546497023,1
attempt_003,0146b78ef57bcf64,8.5251614004330101,8.5251614004330101,8.5251614004330101,1
attempt_003,02185b833b3f7e46,0.73544951328943498,0.73544951328943498,-0.73544951328943498,1
attempt_003,0283464d5a77682d,4.4561805834499442,4.4561805834499442,-4.4561805834499442,1
attempt_003,02aba283d0ede168,0.027149876981404475,0.027149876981404475,0.027149876981404475,1
attempt_003,02bd54a445c388f7,20.999601802582148,20.999601802582148,20.999601802582148,1
attempt_003,03412985653e34db,2.1168493632784267,2.1168493632784267,-2.1168493632784267,1
attempt_003,0370362548b1f471,10.508201295782683,10.508201295782683,-10.508201295782683,1
attempt_003,0375e8560a077d47,1.8103617160018808,1.8103617160018808,-1.8103617160018808,1
attempt_003,042fa975ca684d3b,1.2920533116033823,1.2920533116033823,-1.2920533116033823,1
attempt_003,044ca752d5c4c86b,14.261234503755809,14.261234503755809,14.261234503755809,1
attempt_003,04c8fa09cc1795b2,3.9124227656412556,3.9124227656412556,-3.9124227656412556,1
attempt_003,0561fe7b34c8f921,2.4366868777783797,2.4366868777783797,-2.4366868777783797,1
attempt_003,057e4c1e204474c3,11.020299890437069,11.020299890437069,-11.020299890437069,1
attempt_003,05b8808be1811f88,0.33195512617608447,0.33195512617608447,-0.33195512617608447,1
attempt_003,05d1421f3aa676b3,1.1192315752649833,1.1192315752649833,-1.1192315752649833,1
attempt_003,0809681d790ac577,0.46403393945096516,0.46403393945096516,0.46403393945096516,1
attempt_003,088744d8857214d3,0,0,0,1
attempt_003,095c0657286c2670,1.3843637266532598,1.3843637266532598,1.3843637266532598,1
attempt_003,0a3723be6d7e8015,0.27626608802903441,0.27626608802903441,0.27626608802903441,1
attempt_003,0aabeaa122622902,0.86304621735093967,0.86304621735093967,-0.86304621735093967,1
attempt_003,0abe8ddbdc76674c,15.164071580965945,15.164071580965945,-15.164071580965945,1
attempt_003,0b1839302dfbecd9,0,0,0,1
attempt_003,0b7552228582926d,1.610406265625369,1.610406265625369,-1.610406265625369,1
attempt_003,0bd468a4feb458c4,0,0,0,1
attempt_003,0c2effcd2d76718c,0.41106972002291542,0.41106972002291542,-0.41106972002291542,1
attempt_003,0c2f0383d85e77d7,0.11947638167483454,0.11947638167483454,-0.11947638167483454,1
attempt_003,0c5258397f981059,0.66200452198456716,0.66200452198456716,-0.66200452198456716,1
attempt_003,0cbfa12424d7c0c3,0.66048271879639842,0.66048271879639842,-0.66048271879639842,1
attempt_003,0d1a69478606100d,0.10107540549911231,0.10107540549911231,-0.10107540549911231,1
attempt_003,0d3017d562dd4eca,0.83183493176217205,0.83183493176217205,-0.83183493176217205,1
attempt_003,0dfbf7a8aa92ea87,1.610406265625369,1.610406265625369,-1.610406265625369,1
attempt_003,0e9128d223e92278,0.56226188815926725,0.56226188815926725,-0.56226188815926725,1
attempt_003,0ef764903b18785f,1.2623341473014005,1.2623341473014005,1.2623341473014005,1
attempt_003,0f0d8322e9518056,0,0,0,1
attempt_003,0fa7cdbf435011ab,0.47964509084685236,0.47964509084685236,-0.47964509084685236,1
attempt_003,103dc8054c6809aa,0.49399188204068567,0.49399188204068567,-0.49399188204068567,1
attempt_003,105e5b4c72ffcebb,2.664137012510281,2.664137012510281,-2.664137012510281,1
attempt_003,1076838c0f3dff77,0.25488936368770521,0.25488936368770521,-0.25488936368770521,1
attempt_003,108245ab6eece39e,0.34424620133006911,0.34424620133006911,-0.34424620133006911,1
attempt_003,10e78ebbadf09b69,6.2963062735678434,6.2963062735678434,-6.2963062735678434,1
attempt_003,111aa3492a976cda,1.0060377728001324,1.0060377728001324,-1.0060377728001324,1
attempt_003,12039dda732972c5,1.595924050418593,1.595924050418593,-1.595924050418593,1
attempt_003,1247538925d32f08,0.58750265945940683,0.58750265945940683,-0.58750265945940683,1
attempt_003,1252c2ac6a2921d9,1.4631096399378478,1.4631096399378478,-1.4631096399378478,1
attempt_003,1253cd5ffd2eea4f,0.63856404304030168,0.63856404304030168,-0.63856404304030168,1
attempt_003,12d41fc28379e309,5.4494073221196757,5.4494073221196757,-5.4494073221196757,1
attempt_003,1327399555209d45,2.4009472335206343,2.4009472335206343,-2.4009472335206343,1
attempt_003,1328f931a3bb25ee,0,0,0,1
attempt_003,143fa8c15e434cb8,3.4657575272907852,3.4657575272907852,-3.4657575272907852,1
attempt_003,1453410305cd22f0,0.054067160248648882,0.054067160248648882,-0.054067160248648882,1
attempt_003,1753d7d5cddf0205,0.63686350756704613,0.63686350756704613,-0.63686350756704613,1
attempt_003,1788df09936827c0,0.28469242807880546,0.28469242807880546,0.28469242807880546,1
attempt_003,188e0096a622bc46,0.88137358701954305,0.88137358701954305,-0.88137358701954305,1
attempt_003,1948a9145ba02cd7,2.0178719121711666,2.0178719121711666,-2.0178719121711666,1
attempt_003,1954fa2200741c60,3.3673256742168176,3.3673256742168176,3.3673256742168176,1
attempt_003,19733e25b3773af3,5.3884151545906214,5.3884151545906214,-5.3884151545906214,1
attempt_003,19923d2aee3257bc,1.0210119358271026,1.0210119358271026,-1.0210119358271026,1
attempt_003,1a0bb13d9a5d9fa6,0,0,0,1
attempt_003,1a21a2ceabaea267,5.4253027972673671,5.4253027972673671,-5.4253027972673671,1
attempt_003,1a2688ab9e47122d,0.33261869825340717,0.33261869825340717,-0.33261869825340717,1
attempt_003,1befd0176d6f5fd4,0.68175973346261642,0.68175973346261642,0.68175973346261642,1
attempt_003,1c6063eeac7eb829,0,0,0,1
attempt_003,1c802bcdb8f3c632,5.9232372967595879,5.9232372967595879,-5.9232372967595879,1
attempt_003,1cbf433a4455aa2a,0.36098634632126281,0.36098634632126281,-0.36098634632126281,1
attempt_003,1d750c20f57af221,2.4917798526449122,2.4917798526449122,-2.4917798526449122,1
attempt_003,1e739b9ecad69152,0.43789056028274898,0.43789056028274898,-0.43789056028274898,1
attempt_003,1e84ebc58b8d107b,0,0,0,1
attempt_003,1f93720697ffc181,1.8184464592320668,1.8184464592320668,1.8184464592320668,1
attempt_003,200bb64dedd145f0,0.15389178002615189,0.15389178002615189,-0.15389178002615189,1
attempt_003,20270d91433a73e1,0.81642055804808855,0.81642055804808855,-0.81642055804808855,1
attempt_003,205c8bc6fa0cd419,0.65107707208229093,0.65107707208229093,-0.65107707208229093,1
attempt_003,20b6e06fb3db908c,1.7627471740390859,1.7627471740390859,1.7627471740390859,1
attempt_003,20d4786362ff7b63,0,0,0,1
attempt_003,22526e47fc6d1c22,0.37481098405325652,0.37481098405325652,-0.37481098405325652,1
attempt_003,228b38b5be777338,0.83742075877096234,0.83742075877096234,-0.83742075877096234,1
attempt_003,2315ab7c0c4098bc,0.37481098405325652,0.37481098405325652,0.37481098405325652,1
attempt_003,239ae2c28321e638,0.32708804778885536,0.32708804778885536,-0.32708804778885536,1
attempt_003,2456848abac304dd,0.4469349240429743,0.4469349240429743,-0.4469349240429743,1
attempt_003,24a3aea72050ec55,0.33843068250507446,0.33843068250507446,-0.33843068250507446,1
attempt_003,24a688e4791749fb,3.2227017660383943,3.2227017660383943,-3.2227017660383943,1
attempt_003,24dcd59e5f044eaf,0.27746146578437791,0.27746146578437791,-0.27746146578437791,1
attempt_003,251a21f8679ea430,0.17431167891088073,0.17431167891088073,-0.17431167891088073,1
attempt_003,25642a0f403458cc,5.2678277723028621,5.2678277723028621,-5.2678277723028621,1
attempt_003,276ee3d020155083,0.19050625203239058,0.19050625203239058,-0.19050625203239058,1
attempt_003,2811bd29ede210eb,0.27900988493836998,0.27900988493836998,-0.27900988493836998,1
attempt_003,288d02d8da16c44a,2.2187159241545782,2.2187159241545782,-2.2187159241545782,1
attempt_003,28c7ce4eb54cee7e,0,0,0,1
attempt_003,292d3a65a36e4173,1.5886368200457563,1.5886368200457563,-1.5886368200457563,1
attempt_003,29951084393af017,2.778906655813727,2.778906655813727,-2.778906655813727,1
attempt_003,2b1215df9415c4ba,4.8121182248551495,4.8121182248551495,-4.8121182248551495,1
attempt_003,2b41a785877b71ea,0.37481098405325652,0.37481098405325652,-0.37481098405325652,1
attempt_003,2b5c74a3261e6390,7.774945613420055,7.774945613420055,-7.774945613420055,1
attempt_003,2ba65bf42eb08605,0.95802582149165083,0.95802582149165083,0.95802582149165083,1
attempt_003,2bc6e555e9164bb6,0.18687574778915472,0.18687574778915472,-0.18687574778915472,1
attempt_003,2c04b6461f2a0f70,5.8916669361838414,5.8916669361838414,-5.8916669361838414,1
attempt_003,2cc152e27584ae06,0.19655676424894075,0.19655676424894075,-0.19655676424894075,1
attempt_003,2d9fd3908b46f903,0.17543479551618457,0.17543479551618457,-0.17543479551618457,1
attempt_003,2e975705981d73d4,2.0947125472611012,2.0947125472611012,2.0947125472611012,1
attempt_003,2ef727fd55a311e9,2.3124383412727525,2.3124383412727525,-2.3124383412727525,1
attempt_003,2f4b3618f17ab9f1,0.21497166363039888,0.21497166363039888,0.21497166363039888,1
attempt_003,2fea6d395fbcb322,0.56226188815926725,0.56226188815926725,-0.56226188815926725,1
attempt_003,30cd40b5db1a9d5a,5.3710946290317949,5.3710946290317949,-5.3710946290317949,1
attempt_003,31003a5fec847475,7.1769986319563976,7.1769986319563976,-7.1769986319563976,1
attempt_003,3172245156716229,3.0696021221199654,3.0696021221199654,-3.0696021221199654,1
attempt_003,32e515b6710947df,3.4658469459861028,3.4658469459861028,-3.4658469459861028,1
attempt_003,338aaf7bd51bc4eb,5.9985207902938598,5.9985207902938598,-5.9985207902938598,1
attempt_003,33bd1dfc2fd11b1c,0.64005501193156888,0.64005501193156888,0.64005501193156888,1
attempt_003,346e22483b4bd8ee,0.50971843128902661,0.50971843128902661,-0.50971843128902661,1
attempt_003,34d56de6e80be715,3.3673256742168176,3.3673256742168176,3.3673256742168176,1
attempt_003,35a0f646aeff2f25,2.1145015849941711,2.1145015849941711,-2.1145015849941711,1
attempt_003,3609782e0c57034c,0.47665185795791842,0.47665185795791842,-0.47665185795791842,1
attempt_003,37e39e4b052ed45e,59.637759594912012,59.637759594912012,-59.637759594912012,1
attempt_003,380042f4d4a23ee5,0.053988310368210612,0.053988310368210612,0.053988310368210612,1
attempt_003,380b6b083e82f720,0.25111523501711552,0.25111523501711552,-0.25111523501711552,1
attempt_003,385e3389ccbdab7a,2.6653979600009823,2.6653979600009823,-2.6653979600009823,1
attempt_003,38ec5e2a9b2e3457,4.5970519222599329,4.5970519222599329,-4.5970519222599329,1
attempt_003,390e7182b657d51d,0.27521632571643195,0.27521632571643195,-0.27521632571643195,1
attempt_003,397f3fe0c8ab4b5d,0.32619128919615914,0.32619128919615914,-0.32619128919615914,1
attempt_003,3ad58a03f9e9766a,1.0811905883910757,1.0811905883910757,-1.0811905883910757,1
attempt_003,3baddea31857633e,1.610406265625369,1.610406265625369,1.610406265625369,1
attempt_003,3bdcc142d2c817b0,0,0,0,1
attempt_003,3c35e6e2f32c33be,0.43341652108507756,0.43341652108507756,-0.43341652108507756,1
attempt_003,3c5dd7b0279c4f63,0.048732161272637242,0.048732161272637242,-0.048732161272637242,1
attempt_003,3d17e2aeb88c0753,0.81831032350422817,0.81831032350422817,-0.81831032350422817,1
attempt_003,3d3e9f9b492bc8e8,0.70733027067480059,0.70733027067480059,-0.70733027067480059,1
attempt_003,3d7f4c82ccf162c2,0.5443380896116583,0.5443380896116583,-0.5443380896116583,1
attempt_003,3efdc924d43cf197,5.2894499484812663,5.2894499484812663,-5.2894499484812663,1
attempt_003,40000e849af4d88b,0.33633626775001257,0.33633626775001257,-0.33633626775001257,1
attempt_003,40fca366c650a1dd,1.2869534612287721,1.2869534612287721,-1.2869534612287721,1
attempt_003,4166b38a95a2e178,0.28753215863866233,0.28753215863866233,-0.28753215863866233,1
attempt_003,41ae88c2a2d3b667,0.28368531490474957,0.28368531490474957,-0.28368531490474957,1
attempt_003,41de3083151e616d,0.64513383521071566,0.64513383521071566,0.64513383521071566,1
attempt_003,42146998b3ee116c,7.025329039733144,7.025329039733144,-7.025329039733144,1
attempt_003,42dd04a53780a973,5.7088560937796551,5.7088560937796551,-5.7088560937796551,1
attempt_003,42eae62218510290,1.6094372457681549,1.6094372457681549,-1.6094372457681549,1
attempt_003,431af725e9d9cf36,0.56226188815926725,0.56226188815926725,-0.56226188815926725,1
attempt_003,437a97355e1b5d17,0.48911646704211575,0.48911646704211575,0.48911646704211575,1
attempt_003,43ea69d95437dcc1,0.20270099365531546,0.20270099365531546,-0.20270099365531546,1
attempt_003,43fb8cf7dda6679e,0,0,0,1
attempt_003,44c58ea28b3c982a,2.9915632064265552,2.9915632064265552,-2.9915632064265552,1
attempt_003,45371da82072a708,0.1367544913380554,0.1367544913380554,-0.1367544913380554,1
attempt_003,4541655e38bbd696,1.7689473864085627,1.7689473864085627,-1.7689473864085627,1
attempt_003,45ec8a19f45ae9e9,0.65107707208229093,0.65107707208229093,0.65107707208229093,1
attempt_003,464fe77cb548d241,0.31287038403526957,0.31287038403526957,-0.31287038403526957,1
attempt_003,46d2ba8408ced4a5,1.2133389602415581,1.2133389602415581,-1.2133389602415581,1
attempt_003,48293e9d39532b81,25.864308360238606,25.864308360238606,25.864308360238606,1
attempt_003,48c67edc36fc5736,0.1857090701181594,0.1857090701181594,-0.1857090701181594,1
attempt_003,496a8a3eddea172e,6.9314592171729075,6.9314592171729075,-6.9314592171729075,1
attempt_003,49d1ffd2779d9063,0.79873143862477036,0.79873143862477036,-0.79873143862477036,1
attempt_003,4b6da16826bf9fab,0.48033455142386217,0.48033455142386217,-0.48033455142386217,1
attempt_003,4b9e18e8d3a764da,1.4310647542532093,1.4310647542532093,-1.4310647542532093,1
attempt_003,4bdf7d70c7425250,0.65836711562648187,0.65836711562648187,-0.65836711562648187,1
attempt_003,4ccf90cb21ac1f22,1.6826595439809751,1.6826595439809751,-1.6826595439809751,1
attempt_003,4da86be7c0ed4685,1.8589953235048462,1.8589953235048462,-1.8589953235048462,1
attempt_003,4e67d68dd4a36262,1.1168848870875978,1.1168848870875978,-1.1168848870875978,1
attempt_003,4e6985d31075e24a,0,0,0,1
attempt_003,4ea0cf4c51b1dbd8,0.056087014063784579,0.056087014063784579,0.056087014063784579,1
attempt_003,509f66fdddeb6bb7,0.28307011424055073,0.28307011424055073,-0.28307011424055073,1
attempt_003,50c2fc8fc1733d8a,1.2023383960501013,1.2023383960501013,-1.2023383960501013,1
attempt_003,526424c6c7ba50de,8.9801560427582814,8.9801560427582814,-8.9801560427582814,1
attempt_003,5291299139a2a507,0,0,0,1
attempt_003,530bc5a858c7d4b4,0.19965820916495547,0.19965820916495547,0.19965820916495547,1
attempt_003,53ad740cce42e97c,1.4411260970308546,1.4411260970308546,-1.4411260970308546,1
attempt_003,551d0fc027a751c2,15.058198908014674,15.058198908014674,-15.058198908014674,1
attempt_003,55252981817e250f,0.61824469399963711,0.61824469399963711,-0.61824469399963711,1
attempt_003,5577861e318d74af,2.2073576519558262,2.2073576519558262,-2.2073576519558262,1
attempt_003,5582cb9c46257d3f,0.87971029153192593,0.87971029153192593,-0.87971029153192593,1
attempt_003,55a45b1a7e315a29,0.27626608802903441,0.27626608802903441,-0.27626608802903441,1
attempt_003,5674726cd475351e,0.65107707208229093,0.65107707208229093,0.65107707208229093,1
attempt_003,57096bbe0d139c10,1.2034574088517442,1.2034574088517442,-1.2034574088517442,1
attempt_003,5743313fef7461b9,0.46403393945096516,0.46403393945096516,-0.46403393945096516,1
attempt_003,575b77816c26e0e3,0.24244929881098365,0.24244929881098365,-0.24244929881098365,1
attempt_003,57a2cd76adbdff08,11.783502188727454,11.783502188727454,-11.783502188727454,1
attempt_003,57dba21aa4802ce4,3.8191894131576518,3.8191894131576518,-3.8191894131576518,1
attempt_003,57fca562822562f4,6.2383246250395068,6.2383246250395068,-6.2383246250395068,1
attempt_003,5838e1cafed7ec9e,0.93244229991497996,0.93244229991497996,-0.93244229991497996,1
attempt_003,593484d77afa237a,0.37288758773966979,0.37288758773966979,-0.37288758773966979,1
attempt_003,5a133a263b0eafa6,0.16430562804063698,0.16430562804063698,-0.16430562804063698,1
attempt_003,5a349f6ef74434ea,8.2500908021456425,8.2500908021456425,-8.2500908021456425,1
attempt_003,5ab19c23cd16fc8e,1.1822022428669081,1.1822022428669081,1.1822022428669081,1
attempt_003,5c2dbd440ca8d71e,11.235980614827881,11.235980614827881,-11.235980614827881,1
attempt_003,5c900716768b5f13,64.52906219057293,64.52906219057293,64.52906219057293,1
attempt_003,5cc868e2e9fa7a4f,0.22279283110418069,0.22279283110418069,-0.22279283110418069,1
attempt_003,5d4832277493c656,0.34161530467019041,0.34161530467019041,-0.34161530467019041,1
attempt_003,5de6ca5b3cdb2308,12.556532260594619,12.556532260594619,12.556532260594619,1
attempt_003,5e5cf0838ec04aa7,1.8185598904672702,1.8185598904672702,-1.8185598904672702,1
attempt_003,5e672637ee00da51,6.8493483346709318,6.8493483346709318,-6.8493483346709318,1
attempt_003,5ec3ce50bd1e3f94,0.56354709002733294,0.56354709002733294,-0.56354709002733294,1
attempt_003,5fe4aa4017e3184f,1.0749975266538048,1.0749975266538048,1.0749975266538048,1
attempt_003,609c04e8bbcb8ae9,6.931231494535286,6.931231494535286,-6.931231494535286,1
attempt_003,61512e27503e0c5d,7.8589631813109024,7.8589631813109024,-7.8589631813109024,1
attempt_003,61c859c56cdb9f51,1.4436354751788103,1.4436354751788103,1.4436354751788103,1
attempt_003,62cc364cf8348017,0.32788009054581746,0.32788009054581746,-0.32788009054581746,1
attempt_003,6368e01c89742033,1.7240809752614057,1.7240809752614057,-1.7240809752614057,1
attempt_003,644eca9ea9e3d529,0.29376111852707076,0.29376111852707076,-0.29376111852707076,1
attempt_003,65ed0077d5265519,0.36831760724074325,0.36831760724074325,-0.36831760724074325,1
attempt_003,662f482ba6c543a2,1.4310647542532093,1.4310647542532093,-1.4310647542532093,1
attempt_003,66e5877231ff195b,9.4101909782958053,9.4101909782958053,-9.4101909782958053,1
attempt_003,68dc63126a573982,0.25421688844970713,0.25421688844970713,-0.25421688844970713,1
attempt_003,6953ca6de2032137,1.0850728904387776,1.0850728904387776,-1.0850728904387776,1
attempt_003,6971c4a92f397cd5,0,0,0,1
attempt_003,6a88306079e612a9,0.19910508622345358,0.19910508622345358,-0.19910508622345358,1
attempt_003,6b76a5f61943c0d6,0.42590096942364752,0.42590096942364752,-0.42590096942364752,1
attempt_003,6b9cd1f5e2eb5104,0,0,0,1
attempt_003,6e0769094a37b3aa,0.30909736136623422,0.30909736136623422,-0.30909736136623422,1
attempt_003,6e2efc86d99b4c08,0.073197949027250964,0.073197949027250964,-0.073197949027250964,1
attempt_003,6e9452cd92a1e675,2.3025859930554979,2.3025859930554979,-2.3025859930554979,1
attempt_003,6f1d447affd94478,1.4310647542532093,1.4310647542532093,-1.4310647542532093,1
attempt_003,6fbbd2c83717800c,0.20713848162180337,0.20713848162180337,-0.20713848162180337,1
attempt_003,701114dc9d0a0820,19.289558006812491,19.289558006812491,-19.289558006812491,1
attempt_003,70bf4dd1bfce5642,0.39706730538381096,0.39706730538381096,0.39706730538381096,1
attempt_003,71cc13e1d23971b4,0.24684276208213962,0.24684276208213962,-0.24684276208213962,1
attempt_003,71e32c98a2fa4eb0,0.31549840834831944,0.31549840834831944,-0.31549840834831944,1
attempt_003,722018578611076f,0.28020920623322088,0.28020920623322088,-0.28020920623322088,1
attempt_003,72a5ce3caed949c4,0.47073518710269635,0.47073518710269635,-0.47073518710269635,1
attempt_003,7400cf6ae9f4ad13,0.095307166862231618,0.095307166862231618,-0.095307166862231618,1
attempt_003,74d3c0d02fda4cc0,0,0,0,1
attempt_003,74f95f520284dd1d,0.18230962221496227,0.18230962221496227,-0.18230962221496227,1
attempt_003,7675d8f4d1509a89,0.28374174384187878,0.28374174384187878,-0.28374174384187878,1
attempt_003,76b505a4ce8376ca,0.41073824445413543,0.41073824445413543,-0.41073824445413543,1
attempt_003,7732793724f03849,0,0,0,1
attempt_003,774ecb674fbd485d,0.79873143862477036,0.79873143862477036,-0.79873143862477036,1
attempt_003,775bebce2e8069ea,19.178603729196897,19.178603729196897,-19.178603729196897,1
attempt_003,77dc3be003a0e911,16.624920801315664,16.624920801315664,16.624920801315664,1
attempt_003,78f0601042601c75,19.230854354514264,19.230854354514264,-19.230854354514264,1
attempt_003,794324f96cddac1f,24.627533216062282,24.627533216062282,24.627533216062282,1
attempt_003,7a2fb9613b20a5c1,7.3483176123136609,7.3483176123136609,-7.3483176123136609,1
attempt_003,7a7bd5bcd3e65b33,0.28469242807880546,0.28469242807880546,0.28469242807880546,1
attempt_003,7b857d11d0d32f87,0.19965820916495547,0.19965820916495547,-0.19965820916495547,1
attempt_003,7b8ac553132d3eb1,2.5541239106848863,2.5541239106848863,2.5541239106848863,1
attempt_003,7bf35d4cc299c56b,0.30356406280888848,0.30356406280888848,-0.30356406280888848,1
attempt_003,7c37ba7718ebcbf7,2.4082796152909296,2.4082796152909296,-2.4082796152909296,1
attempt_003,7cb10a04d50e0b73,0.35453064816813384,0.35453064816813384,-0.35453064816813384,1
attempt_003,7cc65538b7b35872,0.80551176289411686,0.80551176289411686,-0.80551176289411686,1
attempt_003,7d87536df8bba075,0.33525463658602295,0.33525463658602295,-0.33525463658602295,1
attempt_003,7dd4e5ac7be25901,0,0,0,1
attempt_003,7ef9cf3282aa5cfd,0.74448602313426182,0.74448602313426182,0.74448602313426182,1
attempt_003,7f2c7c8523e00e06,0.14361458125185145,0.14361458125185145,-0.14361458125185145,1
attempt_003,7f9ebb677b1dcde4,12.932125553400876,12.932125553400876,-12.932125553400876,1
attempt_003,7fbb11a095b6c40b,0.56226188815926725,0.56226188815926725,0.56226188815926725,1
attempt_003,7fee598b25d82fec,0.12766308050095887,0.12766308050095887,-0.12766308050095887,1
attempt_003,803469d8a0bf32f3,3.4657329886010544,3.4657329886010544,-3.4657329886010544,1
attempt_003,804f5d131debd233,0.29040819362004822,0.29040819362004822,-0.29040819362004822,1
attempt_003,80587dc3d17518b9,2.016160076597032,2.016160076597032,-2.016160076597032,1
attempt_003,80885573b67f74f6,1.9362609199636083,1.9362609199636083,-1.9362609199636083,1
attempt_003,819a91f09387b7ff,0,0,0,1
attempt_003,824795041aa4023c,2.4190874085621985,2.4190874085621985,-2.4190874085621985,1
attempt_003,82ecf90c792c704a,0.69303002737970942,0.69303002737970942,-0.69303002737970942,1
attempt_003,83468bd36acdbaf3,0.64498460153363624,0.64498460153363624,-0.64498460153363624,1
attempt_003,83e0d91f0a7da434,0.67669379493188409,0.67669379493188409,-0.67669379493188409,1
attempt_003,84a4d6cd0408ab51,1.5691603865412898,1.5691603865412898,-1.5691603865412898,1
attempt_003,850884d44ae6d451,0,0,0,1
attempt_003,853b3dd1c82b2adc,0.41601350717247865,0.41601350717247865,-0.41601350717247865,1
attempt_003,869a59d197773261,0.37481098405325652,0.37481098405325652,-0.37481098405325652,1
attempt_003,86a805d8689d1d5c,3.2595725562629214,3.2595725562629214,-3.2595725562629214,1
attempt_003,870a07402050ea0d,0.65904227478296651,0.65904227478296651,-0.65904227478296651,1
attempt_003,8749b49e6198cc7b,0.48490229819734054,0.48490229819734054,-0.48490229819734054,1
attempt_003,875650fc71625bbe,6.4845229184348945,6.4845229184348945,-6.4845229184348945,1
attempt_003,87685dd4759df27e,0.14102219411079719,0.14102219411079719,-0.14102219411079719,1
attempt_003,87f6ddc717ae5bf5,2.4065938604715846,2.4065938604715846,-2.4065938604715846,1
attempt_003,88271d97e49c34db,8.0978952813832805,8.0978952813832805,8.0978952813832805,1
attempt_003,89e30dc84513080c,1.8184464592320668,1.8184464592320668,-1.8184464592320668,1
attempt_003,8ad55d29e7bb93fb,1.5130691009743469,1.5130691009743469,-1.5130691009743469,1
attempt_003,8b1a1a27c8cfb628,3.1895736594348154,3.1895736594348154,-3.1895736594348154,1
attempt_003,8ba775bbe95b51c1,9.4196824463975943,9.4196824463975943,-9.4196824463975943,1
attempt_003,8d33226e1a3a5ea9,5.35883950872363,5.35883950872363,5.35883950872363,1
attempt_003,8db8d74ecfc737af,1.9203359196972731,1.9203359196972731,-1.9203359196972731,1
attempt_003,8ef29254fa7b340a,0.2403753918331657,0.2403753918331657,-0.2403753918331657,1
attempt_003,8f002d0cd17056ac,0.0013629217554118611,0.0013629217554118611,-0.0013629217554118611,1
attempt_003,8f5e2c16b9d01e3a,12.09245542597419,12.09245542597419,-12.09245542597419,1
attempt_003,9060c5dd8eede2f8,0.54545118680860138,0.54545118680860138,-0.54545118680860138,1
attempt_003,90de08615b8ba426,0.57527977118091744,0.57527977118091744,-0.57527977118091744,1
attempt_003,926659ee4c06c9d0,1.1901240915820734,1.1901240915820734,-1.1901240915820734,1
attempt_003,93c2df04145acbc4,0.72181773758940515,0.73924212230233488,-0.72181773758940515,2
attempt_003,93d9b97a6d2642a9,7.9982885976544456,7.9982885976544456,-7.9982885976544456,1
attempt_003,93dd6cc67bcd5ec9,0.33168241978587654,0.33168241978587654,-0.33168241978587654,1
attempt_003,94884b8bbcfbd54c,9.3704102539229623,9.3704102539229623,-9.3704102539229623,1
attempt_003,95683f47f0348db3,1.4736708936246625,1.4736708936246625,-1.4736708936246625,1
attempt_003,959d1c9138fdf1fb,7.3272881530555409,7.3272881530555409,-7.3272881530555409,1
attempt_003,95cfdea7778e1671,0.30102251274186731,0.30102251274186731,-0.30102251274186731,1
attempt_003,969aa1f40d6dc66b,0.31224571076718455,0.31224571076718455,-0.31224571076718455,1
attempt_003,96e70b492b6abbf6,3.5556979247173119,3.5556979247173119,-3.5556979247173119,1
attempt_003,97d71db82cd82f0a,71.24836277535303,71.24836277535303,71.24836277535303,1
attempt_003,97e97a387cc1bd1a,0.2422873940955057,0.2422873940955057,-0.2422873940955057,1
attempt_003,99560a9ea3687fe0,3.3085106444060903,3.3085106444060903,3.3085106444060903,1
attempt_003,9a9cbcde4b4d7a22,0.83868573328457252,0.83868573328457252,-0.83868573328457252,1
attempt_003,9abc3d2b01c3cc5c,3.4023066454805946,3.4023066454805946,-3.4023066454805946,1
attempt_003,9ac3107d67e59532,4.4659081186545713,4.4659081186545713,-4.4659081186545713,1
attempt_003,9b55b84321f80b2c,0.51052268534702172,0.51052268534702172,-0.51052268534702172,1
attempt_003,9bde9a7e32be7e05,16.331597192155051,16.331597192155051,-16.331597192155051,1
attempt_003,9cc48a5df92274e0,0.88137358701954305,0.88137358701954305,0.88137358701954305,1
attempt_003,9cd93057cf9c8c00,5.6191277159539759,5.6191277159539759,-5.6191277159539759,1
attempt_003,9e08c4f4702c9176,0.67333339341284537,0.67333339341284537,-0.67333339341284537,1
attempt_003,9e98cf4c5d891d2f,10.22730867160378,10.22730867160378,-10.22730867160378,1
attempt_003,9f3056864543d3f6,0.64961842148830495,0.64961842148830495,-0.64961842148830495,1
attempt_003,9ffa5b2dcb6e0751,8.5612189776093075,8.5612189776093075,-8.5612189776093075,1
attempt_003,a0932aefae2399cd,4.4465650754071948,4.4465650754071948,-4.4465650754071948,1
attempt_003,a093cd5e9acd6e6e,0,0,0,2
attempt_003,a094e76271214f19,1.8184464592320668,1.8184464592320668,1.8184464592320668,1
attempt_003,a1a947740469afec,0.24357391439774734,0.24357391439774734,-0.24357391439774734,1
attempt_003,a1beaac4ea8de6d2,2.2174326961796389,2.2174326961796389,-2.2174326961796389,1
attempt_003,a1ef3ce7ce07e30c,0.82567430182656221,0.82567430182656221,-0.82567430182656221,1
attempt_003,a26ff951b5ebb4a4,5.1249856391629134,5.1249856391629134,5.1249856391629134,1
attempt_003,a2e55b7bdd61cff3,1.2319118906415047,1.2319118906415047,-1.2319118906415047,1
attempt_003,a313d79fcc230548,0.36240261373615645,0.36240261373615645,-0.36240261373615645,1
attempt_003,a3cf484f0f31b544,9.5819487049683794,9.5819487049683794,-9.5819487049683794,1
attempt_003,a45e00fc8ea9b758,3.206646433285691,3.206646433285691,-3.206646433285691,1
attempt_003,a5b9820ac5bf2964,0.063710636417316557,0.063710636417316557,-0.063710636417316557,1
attempt_003,a7201302014ae6ce,0.418365857105508,0.418365857105508,-0.418365857105508,1
attempt_003,a76377b7caf4b874,0,0,0,1
attempt_003,a7cec19aef0c55cb,0.88137358701954305,0.88137358701954305,-0.88137358701954305,1
attempt_003,a80977c20588518e,4.4309584920805429,4.4309584920805429,-4.4309584920805429,1
attempt_003,a923f2662aceecd7,0.66072944553828528,0.66072944553828528,-0.66072944553828528,1
attempt_003,a940391648d52575,37.557179346206631,37.557179346206631,-37.557179346206631,1
attempt_003,a954b31b66e0a0f7,0.41742075806049161,0.41742075806049161,-0.41742075806049161,1
attempt_003,aa3e13a94fa413b0,0.63765267877466858,0.63765267877466858,-0.63765267877466858,1
attempt_003,aa55fc2e591a3eea,0.81764533141198825,0.81764533141198825,-0.81764533141198825,1
attempt_003,aa84024f362acec7,0,0,0,1
attempt_003,aabf9bdb77894078,0.03173270535452577,0.03173270535452577,-0.03173270535452577,1
attempt_003,ab022eca238edc01,0,0,0,1
attempt_003,ab47df57f6b720d7,1.5028673022752819,1.5028673022752819,-1.5028673022752819,1
attempt_003,ab97f4d059715a0f,3.3823099036581716,3.3823099036581716,-3.3823099036581716,1
attempt_003,acdedc1f1f1677b0,0.88137358701954305,0.88137358701954305,0.88137358701954305,1
attempt_003,ad4c95fe80a66847,0.28692560018484592,0.28692560018484592,0.28692560018484592,1
attempt_003,ad5948e192ebc2d4,0.93707287221252378,0.93707287221252378,0.93707287221252378,1
attempt_003,ad5c384a6be364aa,1.903536008385494,1.903536008385494,-1.903536008385494,1
attempt_003,addce88f5927e9b7,2.4613800964748043,2.4613800964748043,-2.4613800964748043,1
attempt_003,addfa722b1bb9b7b,0.93259790923810115,0.93259790923810115,-0.93259790923810115,1
attempt_003,af17f6c68ad40f75,0.27603438014513904,0.27603438014513904,-0.27603438014513904,1
attempt_003,af3eaf7a505d27c2,1.2232050781069606,1.2232050781069606,1.2232050781069606,1
attempt_003,b149944913743077,6.9314718041379351,6.9314718041379351,-6.9314718041379351,1
attempt_003,b1e1aebb9420a6c0,1.4118818619020281,1.4118818619020281,-1.4118818619020281,1
attempt_003,b3447163870d3003,0.26822560515262062,0.26822560515262062,-0.26822560515262062,1
attempt_003,b3907643507df0f6,2.644120761058629,2.644120761058629,2.644120761058629,1
attempt_003,b3b896fac1db6be4,0.27958820740112955,0.27958820740112955,-0.27958820740112955,1
attempt_003,b3d9d211a865558e,0.57523232903048171,0.57523232903048171,-0.57523232903048171,1
attempt_003,b56f9cdeecf07967,15.02738110422758,15.02738110422758,-15.02738110422758,1
attempt_003,b6d0f65b30088d8a,3.0782712283855114,3.0782712283855114,-3.0782712283855114,1
attempt_003,b76abebbe3871acf,14.936060726607487,14.936060726607487,-14.936060726607487,1
attempt_003,b7712c125a47a1e7,0.15523671007603301,0.15523671007603301,-0.15523671007603301,1
attempt_003,b9bee040d2d25fed,45.825006931503815,45.825006931503815,-45.825006931503815,1
attempt_003,ba5099f54efb4c26,0.88137358701954305,0.88137358701954305,-0.88137358701954305,1
attempt_003,bae03f436761eb2a,1.1101429806478116,1.1101429806478116,-1.1101429806478116,1
attempt_003,bbf26c3d1fe29c0e,0.31799472521470795,0.31799472521470795,-0.31799472521470795,1
attempt_003,bc65c316905e3299,12.100267991034009,12.100267991034009,-12.100267991034009,1
attempt_003,bc8c69f89642761a,0.25264382062531077,0.25264382062531077,-0.25264382062531077,1
attempt_003,bdf713200e425ec5,0.23827089534356816,0.23827089534356816,-0.23827089534356816,1
attempt_003,be81446c1506feab,1.7361499625210686,1.7361499625210686,1.7361499625210686,1
attempt_003,c2654fc1cfab58a2,0.21356862631896156,0.21356862631896156,-0.21356862631896156,1
attempt_003,c30f10739e8124e8,28.90611042462259,28.90611042462259,-28.90611042462259,1
attempt_003,c30f8147441ce11e,0.83737862325630452,0.83737862325630452,-0.83737862325630452,1
attempt_003,c38e374a53377422,0.67333339341284537,0.67333339341284537,-0.67333339341284537,1
attempt_003,c3ab909658d376dc,0,0,0,1
attempt_003,c41b1ac770551769,0.28765451920011831,0.28765451920011831,-0.28765451920011831,1
attempt_003,c46086c612e8f2b6,0.69023875716100713,0.69023875716100713,0.69023875716100713,1
attempt_003,c5c20db2e333e139,3.2927688717596877,3.2927688717596877,3.2927688717596877,1
attempt_003,c5e74c2c8abec09b,7.9118788366343296,7.9118788366343296,-7.9118788366343296,1
attempt_003,c711ba9d88eca132,1.2133389602415581,1.2133389602415581,-1.2133389602415581,1
attempt_003,c79cc278f7af4957,14.627400313675267,14.627400313675267,-14.627400313675267,1
attempt_003,c890452c78a0bde5,3.4084648488865774,3.4084648488865774,-3.4084648488865774,1
attempt_003,c90a2eeb6cfde096,2.616608687281504,2.616608687281504,-2.616608687281504,1
attempt_003,c9725c1b5af63003,0.0067544216762556175,0.0067544216762556175,-0.0067544216762556175,1
attempt_003,c994e67932817306,6.7472185779718323,6.7472185779718323,-6.7472185779718323,1
attempt_003,c9d14f8bba60e13a,20.767373535466099,20.767373535466099,-20.767373535466099,1
attempt_003,cab9196b597deab7,2.2211525118406268,2.2211525118406268,-2.2211525118406268,1
attempt_003,cadebb739ade8eb2,15.766480946786206,15.766480946786206,-15.766480946786206,1
attempt_003,cb9a76267a45a1a0,4.3412046576469692,4.3412046576469692,-4.3412046576469692,1
attempt_003,cc15a46e3fb2cc41,0.56226188815926725,0.56226188815926725,-0.56226188815926725,1
attempt_003,cc77959c030f6298,0.93707287221252378,0.93707287221252378,-0.93707287221252378,1
attempt_003,cc986eab7707fc06,0.16383293623629136,0.16383293623629136,-0.16383293623629136,1
attempt_003,cd2ee41e0889e8ef,0.16647036121209435,0.16647036121209435,-0.16647036121209435,1
attempt_003,ce4323960c84143b,0.048732161272637242,0.048732161272637242,-0.048732161272637242,1
attempt_003,ceeed00978253eeb,0.28766097626367415,0.28766097626367415,-0.28766097626367415,1
attempt_003,cfb58633d4457471,1.4436354751788103,1.4436354751788103,-1.4436354751788103,1
attempt_003,cfe227d0711edf8d,1.9552613491959399,1.9552613491959399,-1.9552613491959399,1
attempt_003,d041952963b8157f,3.5485083709148668,3.5485083709148668,-3.5485083709148668,1
attempt_003,d101ae93b8d32b0a,2.2898375553342305,2.2898375553342305,-2.2898375553342305,1
attempt_003,d2d5a35610a062b9,1.2948052385597428,1.2948052385597428,-1.2948052385597428,1
attempt_003,d2ea9c99f1ac2546,7.4151465480316041,7.4151465480316041,-7.4151465480316041,1
attempt_003,d356b8a4cf9170ff,6.584789484624082,6.584789484624082,-6.584789484624082,1
attempt_003,d3b5756d7162e9af,0.27477673727869067,0.27477673727869067,-0.27477673727869067,1
attempt_003,d42af5fc7b92600f,0.26234343618711264,0.26234343618711264,-0.26234343618711264,1
attempt_003,d4895ffe41aa47be,0.64932821392100237,0.64932821392100237,-0.64932821392100237,1
attempt_003,d4a82f98e4a4d8f1,0.41511718911830364,0.41511718911830364,-0.41511718911830364,1
attempt_003,d6d99601d2221241,1.2764057877570014,1.2764057877570014,-1.2764057877570014,1
attempt_003,d70688b68979f120,0,0,0,1
attempt_003,d71eacc97f2eac4a,0.82567430182656221,0.82567430182656221,0.82567430182656221,1
attempt_003,d79b513d15f7fd37,0,0,0,1
attempt_003,d7c5ce4f887af943,0.15234090841371684,0.15234090841371684,0.15234090841371684,1
attempt_003,d7fca0b3134a6789,0.35131052444647182,0.35131052444647182,-0.35131052444647182,1
attempt_003,d83cb4267cfd84ca,1.7087779969678989,1.7087779969678989,-1.7087779969678989,1
attempt_003,d84524c950c56654,0.21196319890503013,0.21196319890503013,-0.21196319890503013,1
attempt_003,d8fc0a92c8c4a2fa,0.40543507510182231,0.40543507510182231,-0.40543507510182231,1
attempt_003,d906b69770601071,50.411517776293607,50.411517776293607,-50.411517776293607,1
attempt_003,d92bf76a610332bf,2.2117286080312839,2.2117286080312839,-2.2117286080312839,1
attempt_003,d932087548ae36e5,0.15394637840021463,0.15394637840021463,-0.15394637840021463,1
attempt_003,d98556fd070c0af6,0.88137358701954305,0.88137358701954305,-0.88137358701954305,1
attempt_003,d988e431220e6bc6,0.5463911548420235,0.5463911548420235,-0.5463911548420235,1
attempt_003,d9c550a9c51d35ac,0.57421227989516499,0.57421227989516499,-0.57421227989516499,1
attempt_003,d9df86eb981deb9a,1.2004852858798187,1.2004852858798187,-1.2004852858798187,1
attempt_003,da2b4ba6d53170e0,0.11979679800446696,0.11979679800446696,-0.11979679800446696,1
attempt_003,da678ee16b098ae4,6.9304725159934755,6.9304725159934755,-6.9304725159934755,1
attempt_003,da735e4edd7d8acd,4.8628496827781049,4.8628496827781049,-4.8628496827781049,1
attempt_003,dae5d3492aac2245,0.66258171864179616,0.66258171864179616,-0.66258171864179616,1
attempt_003,db5d643b2f9cbfbf,7.5690107694856223,7.5690107694856223,-7.5690107694856223,1
attempt_003,dbb0e6a5907e83b0,5.7649185230359024,5.7649185230359024,-5.7649185230359024,1
attempt_003,dc5b79abd8c32051,5.21577113659208,5.21577113659208,-5.21577113659208,1
attempt_003,dc7b1c1d814df24f,6.643728228285628,6.643728228285628,-6.643728228285628,1
attempt_003,dd94c5772508af28,15.948861391695765,15.948861391695765,-15.948861391695765,1
attempt_003,ddd85b09690827da,2.7457700088792745,2.7457700088792745,-2.7457700088792745,1
attempt_003,ddfc9b179bfb76be,0.67294151449761941,0.67294151449761941,-0.67294151449761941,1
attempt_003,de09337452e20032,0.38340527787836098,0.38340527787836098,-0.38340527787836098,1
attempt_003,de12f87c6958e38e,0.1793415113721597,0.1793415113721597,-0.1793415113721597,1
attempt_003,deeae8883055b9ee,0.49215320135877549,0.49215320135877549,0.49215320135877549,1
attempt_003,def460708ba7b0ef,1.0446751019866349,1.0446751019866349,1.0446751019866349,1
attempt_003,df336a0a88d676b9,0.40537833192831219,0.40537833192831219,-0.40537833192831219,1
attempt_003,df5f216d2d4a9851,0,0,0,1
attempt_003,df8a6c6dd3f3b262,0.15867557199810278,0.15867557199810278,-0.15867557199810278,1
attempt_003,dfbe713e68cc63a9,0.11697170516215394,0.11697170516215394,-0.11697170516215394,1
attempt_003,dfeaa1f16aba9b2c,3.4656967605139339,3.4656967612005469,-3.4656967605139339,4
attempt_003,e0096fe5c74ff63f,0.28469242807880546,0.28469242807880546,0.28469242807880546,1
attempt_003,e02e29b116c658e8,1.6485081906220111,1.6485081906220111,-1.6485081906220111,1
attempt_003,e16408e569859d83,0.26466896740581092,0.26466896740581092,-0.26466896740581092,1
attempt_003,e4876602e9ba0f2e,0.27567918695927229,0.27567918695927229,-0.27567918695927229,1
attempt_003,e586ddcbc365c334,1.378394029075019,1.378394029075019,-1.378394029075019,1
attempt_003,e6831a831160cb9f,3.9124227656412556,3.9124227656412556,-3.9124227656412556,1
attempt_003,e6e4ce0035fb36ab,1.0307345898361859,1.0307345898361859,-1.0307345898361859,1
attempt_003,e7efeb7dc8836c4b,0,0,0,1
attempt_003,e817fe65c2fb9bb3,5.1849690385888501,5.1849690385888501,-5.1849690385888501,1
attempt_003,e827c21b034c420b,0.7084664821758091,0.7084664821758091,-0.7084664821758091,1
attempt_003,e94bf0263935b271,0,0,0,1
attempt_003,ea9379eb339d6cbc,0.27746146578437791,0.27746146578437791,-0.27746146578437791,1
attempt_003,eab20b0f46956346,0.91303158826518782,0.91303158826518782,-0.91303158826518782,1
attempt_003,eb3b940724dc982d,1.648264578652658,1.648264578652658,-1.648264578652658,1
attempt_003,ec2067430ff6fb6e,0.59821980942926256,0.59821980942926256,-0.59821980942926256,1
attempt_003,ecad917fe0f8bc30,1.8184464592320668,1.8184464592320668,-1.8184464592320668,1
attempt_003,ed763ab2ba3e0068,0.10521421712757739,0.10521421712757739,-0.10521421712757739,1
attempt_003,eeb9a817e031fe66,0.37481098405325652,0.37481098405325652,0.37481098405325652,1
attempt_003,ef0516d41dbfe437,0.33080773093940152,0.33080773093940152,-0.33080773093940152,1
attempt_003,ef18835f55ee60f5,0.5984139055073836,0.5984139055073836,-0.5984139055073836,1
attempt_003,ef19e6cd14447306,0.33525463658602295,0.33525463658602295,-0.33525463658602295,1
attempt_003,ef2fd0959fcb438f,3.3334775868839928,3.3334775868839928,3.3334775868839928,1
attempt_003,efd621027b9eee3c,2.1874947629915376,2.1874947629915376,2.1874947629915376,1
attempt_003,f018b597d7955bde,2.3286079051334001,2.3286079051334001,-2.3286079051334001,1
attempt_003,f16ea570bc36c50a,0,0,0,1
attempt_003,f182ea2ef1d4b772,37.629034324460271,37.629034324460271,37.629034324460271,1
attempt_003,f197a4dda8f05c9d,0.15234090841371684,0.15234090841371684,-0.15234090841371684,1
attempt_003,f20d81ce18b75a1c,0.24774080047153468,0.24774080047153468,-0.24774080047153468,1
attempt_003,f28d6630733894f3,0,0,0,1
attempt_003,f291f9c50ad08615,0.11697170516215394,0.11697170516215394,-0.11697170516215394,1
attempt_003,f2f434168325f484,0.33168241978587654,0.33168241978587654,0.33168241978587654,1
attempt_003,f3118a80b16b514c,4.0769621525052351,4.0769621525052351,-4.0769621525052351,1
attempt_003,f379f2a83d8b1d5e,10.128694424107259,10.128694424107259,10.128694424107259,1
attempt_003,f3d6f4c526ee2045,8.0471895621658263,8.0471895621658263,-8.0471895621658263,1
attempt_003,f4124699649b4a4a,0.30916406397602358,0.30916406397602358,-0.30916406397602358,1
attempt_003,f4f0befaa83096bf,18.497049322350545,18.497049322350545,-18.497049322350545,1
attempt_003,f52bb8e676e21112,0.81635306171727073,0.81635306171727073,-0.81635306171727073,1
attempt_003,f60ce72c8a83d154,2.087901681566855,2.087901681566855,-2.087901681566855,1
attempt_003,f6f7080c144e2394,0.11279268243933771,0.11279268243933771,-0.11279268243933771,1
attempt_003,f7374c8beb60288c,0.68175973346261642,0.68175973346261642,-0.68175973346261642,1
attempt_003,f7417f2e9fa24db6,3.1123272663354067,3.1123272663354067,-3.1123272663354067,1
attempt_003,f770391e972a9774,0,0,0,1
attempt_003,f83f515f4a1662ef,1.1862066069415675,1.1862066069415675,-1.1862066069415675,1
attempt_003,f91bd836fd72ca30,2.4917798526449122,2.4917798526449122,2.4917798526449122,1
attempt_003,fbad90682526646a,0.21497166363039888,0.21497166363039888,-0.21497166363039888,1
attempt_003,fcc34d7bb321a7ba,1.1507282898071196,1.1507282898071196,-1.1507282898071196,1
attempt_003,fcd157d7ad16d9bd,17.352684784139043,17.352684784139043,-17.352684784139043,1
attempt_003,fd55c8719d3332f2,4.7420109796572341,4.7420109796572341,-4.7420109796572341,1
attempt_003,fde73a5d26460ac7,0.287679010577647,0.287679010577647,-0.287679010577647,1
attempt_003,fe6c690122c7f47b,0.21497166363039888,0.21497166363039888,-0.21497166363039888,1
attempt_003,fe8bb0245e97303e,1.1630881542089586,1.1630881542089586,-1.1630881542089586,1
attempt_003,ff8c002895cc55c0,0.88137358701954305,0.88137358701954305,-0.88137358701954305,1
attempt_004,0044728bdcee1ccc,10.497272081073373,10.497272081073373,-10.497272081073373,1
attempt_004,00e091d496483091,11.51292546497023,11.51292546497023,-11.51292546497023,1
attempt_004,0146b78ef57bcf64,8.5251614004330101,8.5251614004330101,8.5251614004330101,1
attempt_004,02185b833b3f7e46,0.73544951328943498,0.73544951328943498,-0.73544951328943498,1
attempt_004,0283464d5a77682d,4.4561805834499442,4.4561805834499442,-4.4561805834499442,1
attempt_004,02aba283d0ede168,0.027149876981404475,0.027149876981404475,0.027149876981404475,1
attempt_004,02bd54a445c388f7,20.999601802582148,20.999601802582148,20.999601802582148,1
attempt_004,03412985653e34db,2.1168493632784267,2.1168493632784267,-2.1168493632784267,1
attempt_004,0370362548b1f471,10.508201295782683,10.508201295782683,-10.508201295782683,1
attempt_004,0375e8560a077d47,1.8103617160018808,1.8103617160018808,-1.8103617160018808,1
attempt_004,042fa975ca684d3b,1.2920533116033823,1.2920533116033823,-1.2920533116033823,1
attempt_004,044ca752d5c4c86b,14.261234503755809,14.261234503755809,14.261234503755809,1
attempt_004,04c8fa09cc1795b2,3.9124227656412556,3.9124227656412556,-3.9124227656412556,1
attempt_004,0561fe7b34c8f921,2.4366868777783797,2.4366868777783797,-2.4366868777783797,1
attempt_004,057e4c1e204474c3,11.020299890437069,11.020299890437069,-11.020299890437069,1
attempt_004,05b8808be1811f88,0.33195512617608447,0.33195512617608447,-0.33195512617608447,1
attempt_004,05d1421f3aa676b3,1.1192315752649833,1.1192315752649833,-1.1192315752649833,1
attempt_004,0809681d790ac577,0.46403393945096516,0.46403393945096516,0.46403393945096516,1
attempt_004,088744d8857214d3,0,0,0,1
attempt_004,095c0657286c2670,1.3843637266532598,1.3843637266532598,1.3843637266532598,1
attempt_004,0a3723be6d7e8015,0.27626608802903441,0.27626608802903441,0.27626608802903441,1
attempt_004,0aabeaa122622902,0.86304621735093967,0.86304621735093967,-0.86304621735093967,1
attempt_004,0abe8ddbdc76674c,15.164071580965945,15.164071580965945,-15.164071580965945,1
attempt_004,0b1839302dfbecd9,0,0,0,1
attempt_004,0b7552228582926d,1.610406265625369,1.610406265625369,-1.610406265625369,1
attempt_004,0bd468a4feb458c4,0,0,0,1
attempt_004,0c2effcd2d76718c,0.41106972002291542,0.41106972002291542,-0.41106972002291542,1
attempt_004,0c2f0383d85e77d7,0.11947638167483454,0.11947638167483454,-0.11947638167483454,1
attempt_004,0c5258397f981059,0.66200452198456716,0.66200452198456716,-0.66200452198456716,1
attempt_004,0cbfa12424d7c0c3,0.66048271879639842,0.66048271879639842,-0.66048271879639842,1
attempt_004,0d1a69478606100d,0.10107540549911231,0.10107540549911231,-0.10107540549911231,1
attempt_004,0d3017d562dd4eca,0.83183493176217205,0.83183493176217205,-0.83183493176217205,1
attempt_004,0dfbf7a8aa92ea87,1.610406265625369,1.610406265625369,-1.610406265625369,1
attempt_004,0e9128d223e92278,0.56226188815926725,0.56226188815926725,-0.56226188815926725,1
attempt_004,0ef764903b18785f,1.2623341473014005,1.2623341473014005,1.2623341473014005,1
attempt_004,0f0d8322e9518056,0,0,0,1
attempt_004,0fa7cdbf435011ab,0.47964509084685236,0.47964509084685236,-0.47964509084685236,1
attempt_004,103dc8054c6809aa,0.49399188204068567,0.49399188204068567,-0.49399188204068567,1
attempt_004,105e5b4c72ffcebb,2.664137012510281,2.664137012510281,-2.664137012510281,1
attempt_004,1076838c0f3dff77,0.25488936368770521,0.25488936368770521,-0.25488936368770521,1
attempt_004,108245ab6eece39e,0.34424620133006911,0.34424620133006911,-0.34424620133006911,1
attempt_004,10e78ebbadf09b69,6.2963062735678434,6.2963062735678434,-6.2963062735678434,1
attempt_004,111aa3492a976cda,1.0060377728001324,1.0060377728001324,-1.0060377728001324,1
attempt_004,12039dda732972c5,1.595924050418593,1.595924050418593,-1.595924050418593,1
attempt_004,1247538925d32f08,0.58750265945940683,0.58750265945940683,-0.58750265945940683,1
attempt_004,1252c2ac6a2921d9,1.4631096399378478,1.4631096399378478,-1.4631096399378478,1
attempt_004,1253cd5ffd2eea4f,0.63856404304030168,0.63856404304030168,-0.63856404304030168,1
attempt_004,12d41fc28379e309,5.4494073221196757,5.4494073221196757,-5.4494073221196757,1
attempt_004,1327399555209d45,2.4009472335206343,2.4009472335206343,-2.4009472335206343,1
attempt_004,1328f931a3bb25ee,0,0,0,1
attempt_004,143fa8c15e434cb8,3.4657575272907852,3.4657575272907852,-3.4657575272907852,1
attempt_004,1453410305cd22f0,0.054067160248648882,0.054067160248648882,-0.054067160248648882,1
attempt_004,1753d7d5cddf0205,0.63686350756704613,0.63686350756704613,-0.63686350756704613,1
attempt_004,1788df09936827c0,0.28469242807880546,0.28469242807880546,0.28469242807880546,1
attempt_004,188e0096a622bc46,0.88137358701954305,0.88137358701954305,-0.88137358701954305,1
attempt_004,1948a9145ba02cd7,2.0178719121711666,2.0178719121711666,-2.0178719121711666,1
attempt_004,1954fa2200741c60,3.3673256742168176,3.3673256742168176,3.3673256742168176,1
attempt_004,19733e25b3773af3,5.3884151545906214,5.3884151545906214,-5.3884151545906214,1
attempt_004,19923d2aee3257bc,1.0210119358271026,1.0210119358271026,-1.0210119358271026,1
attempt_004,1a0bb13d9a5d9fa6,0,0,0,1
attempt_004,1a21a2ceabaea267,5.4253027972673671,5.4253027972673671,-5.4253027972673671,1
attempt_004,1a2688ab9e47122d,0.33261869825340717,0.33261869825340717,-0.33261869825340717,1
attempt_004,1befd0176d6f5fd4,0.68175973346261642,0.68175973346261642,0.68175973346261642,1
attempt_004,1c6063eeac7eb829,0.5335348477339199,0.5335348477339199,-0.5335348477339199,1
attempt_004,1c802bcdb8f3c632,5.9232372967595879,5.9232372967595879,-5.9232372967595879,1
attempt_004,1cbf433a4455aa2a,0.36098634632126281,0.36098634632126281,-0.36098634632126281,1
attempt_004,1d750c20f57af221,2.4917798526449122,2.4917798526449122,-2.4917798526449122,1
attempt_004,1e739b9ecad69152,0.43789056028274898,0.43789056028274898,-0.43789056028274898,1
attempt_004,1e84ebc58b8d107b,0,0,0,1
attempt_004,1f93720697ffc181,1.8184464592320668,1.8184464592320668,1.8184464592320668,1
attempt_004,200bb64dedd145f0,0.15389178002615189,0.15389178002615189,-0.15389178002615189,1
attempt_004,20270d91433a73e1,0.81642055804808855,0.81642055804808855,-0.81642055804808855,1
attempt_004,205c8bc6fa0cd419,0.65107707208229093,0.65107707208229093,-0.65107707208229093,1
attempt_004,20b6e06fb3db908c,1.7627471740390859,1.7627471740390859,1.7627471740390859,1
attempt_004,20d4786362ff7b63,0,0,0,1
attempt_004,22526e47fc6d1c22,0.37481098405325652,0.37481098405325652,-0.37481098405325652,1
attempt_004,228b38b5be777338,0.83742075877096234,0.83742075877096234,-0.83742075877096234,1
attempt_004,2315ab7c0c4098bc,0.37481098405325652,0.37481098405325652,0.37481098405325652,1
attempt_004,239ae2c28321e638,0.32708804778885536,0.32708804778885536,-0.32708804778885536,1
attempt_004,2456848abac304dd,0.4469349240429743,0.4469349240429743,-0.4469349240429743,1
attempt_004,24a3aea72050ec55,0.33843068250507446,0.33843068250507446,-0.33843068250507446,1
attempt_004,24a688e4791749fb,3.2227017660383943,3.2227017660383943,-3.2227017660383943,1
attempt_004,24dcd59e5f044eaf,0.27746146578437791,0.27746146578437791,-0.27746146578437791,1
attempt_004,251a21f8679ea430,0.17431167891088073,0.17431167891088073,-0.17431167891088073,1
attempt_004,25642a0f403458cc,5.2678277723028621,5.2678277723028621,-5.2678277723028621,1
attempt_004,276ee3d020155083,0.19050625203239058,0.19050625203239058,-0.19050625203239058,1
attempt_004,2811bd29ede210eb,0.27900988493836998,0.27900988493836998,-0.27900988493836998,1
attempt_004,288d02d8da16c44a,2.2187159241545782,2.2187159241545782,-2.2187159241545782,1
attempt_004,28c7ce4eb54cee7e,0,0,0,1
attempt_004,292d3a65a36e4173,1.5886368200457563,1.5886368200457563,-1.5886368200457563,1
attempt_004,29951084393af017,2.778906655813727,2.778906655813727,-2.778906655813727,1
attempt_004,2b1215df9415c4ba,4.8121182248551495,4.8121182248551495,-4.8121182248551495,1
attempt_004,2b41a785877b71ea,0.37481098405325652,0.37481098405325652,-0.37481098405325652,1
attempt_004,2b5c74a3261e6390,7.774945613420055,7.774945613420055,-7.774945613420055,1
attempt_004,2ba65bf42eb08605,0.95802582149165083,0.95802582149165083,0.95802582149165083,1
attempt_004,2bc6e555e9164bb6,0.18687574778915472,0.18687574778915472,-0.18687574778915472,1
attempt_004,2c04b6461f2a0f70,5.8916669361838414,5.8916669361838414,-5.8916669361838414,1
attempt_004,2cc152e27584ae06,0.19655676424894075,0.19655676424894075,-0.19655676424894075,1
attempt_004,2d9fd3908b46f903,0.17543479551618457,0.17543479551618457,-0.17543479551618457,1
attempt_004,2e975705981d73d4,2.0947125472611012,2.0947125472611012,2.0947125472611012,1
attempt_004,2ef727fd55a311e9,2.3124383412727525,2.3124383412727525,-2.3124383412727525,1
attempt_004,2f4b3618f17ab9f1,0.21497166363039888,0.21497166363039888,0.21497166363039888,1
attempt_004,2fea6d395fbcb322,0.56226188815926725,0.56226188815926725,-0.56226188815926725,1
attempt_004,30cd40b5db1a9d5a,5.3710946290317949,5.3710946290317949,-5.3710946290317949,1
attempt_004,31003a5fec847475,7.1769986319563976,7.1769986319563976,-7.1769986319563976,1
attempt_004,3172245156716229,3.0696021221199654,3.0696021221199654,-3.0696021221199654,1
attempt_004,32e515b6710947df,3.4658469459861028,3.4658469459861028,-3.4658469459861028,1
attempt_004,338aaf7bd51bc4eb,5.9985207902938598,5.9985207902938598,-5.9985207902938598,1
attempt_004,33bd1dfc2fd11b1c,0.64005501193156888,0.64005501193156888,0.64005501193156888,1
attempt_004,346e22483b4bd8ee,0.50971843128902661,0.50971843128902661,-0.50971843128902661,1
attempt_004,34d56de6e80be715,3.3673256742168176,3.3673256742168176,3.3673256742168176,1
attempt_004,35a0f646aeff2f25,2.1145015849941711,2.1145015849941711,-2.1145015849941711,1
attempt_004,3609782e0c57034c,0.47665185795791842,0.47665185795791842,-0.47665185795791842,1
attempt_004,37e39e4b052ed45e,59.637759594912012,59.637759594912012,-59.637759594912012,1
attempt_004,380042f4d4a23ee5,0.053988310368210612,0.053988310368210612,0.053988310368210612,1
attempt_004,380b6b083e82f720,0.25111523501711552,0.25111523501711552,-0.25111523501711552,1
attempt_004,385e3389ccbdab7a,2.6653979600009823,2.6653979600009823,-2.6653979600009823,1
attempt_004,38ec5e2a9b2e3457,4.5970519222599329,4.5970519222599329,-4.5970519222599329,1
attempt_004,390e7182b657d51d,0.27521632571643195,0.27521632571643195,-0.27521632571643195,1
attempt_004,397f3fe0c8ab4b5d,0.32619128919615914,0.32619128919615914,-0.32619128919615914,1
attempt_004,3ad58a03f9e9766a,1.0811905883910757,1.0811905883910757,-1.0811905883910757,1
attempt_004,3baddea31857633e,1.610406265625369,1.610406265625369,1.610406265625369,1
attempt_004,3bdcc142d2c817b0,0.91052679283568239,0.91052679283568239,0.91052679283568239,1
attempt_004,3c35e6e2f32c33be,0.43341652108507756,0.43341652108507756,-0.43341652108507756,1
attempt_004,3c5dd7b0279c4f63,0.048732161272637242,0.048732161272637242,-0.048732161272637242,1
attempt_004,3d17e2aeb88c0753,0.81831032350422817,0.81831032350422817,-0.81831032350422817,1
attempt_004,3d3e9f9b492bc8e8,0.70733027067480059,0.70733027067480059,-0.70733027067480059,1
attempt_004,3d7f4c82ccf162c2,0.5443380896116583,0.5443380896116583,-0.5443380896116583,1
attempt_004,3efdc924d43cf197,5.2894499484812663,5.2894499484812663,-5.2894499484812663,1
attempt_004,40000e849af4d88b,0.33633626775001257,0.33633626775001257,-0.33633626775001257,1
attempt_004,40fca366c650a1dd,1.2869534612287721,1.2869534612287721,-1.2869534612287721,1
attempt_004,4166b38a95a2e178,0.28753215863866233,0.28753215863866233,-0.28753215863866233,1
attempt_004,41ae88c2a2d3b667,0.28368531490474957,0.28368531490474957,-0.28368531490474957,1
attempt_004,41de3083151e616d,0.31662991432710941,0.31662991432710941,-0.31662991432710941,1
attempt_004,42146998b3ee116c,7.025329039733144,7.025329039733144,-7.025329039733144,1
attempt_004,42dd04a53780a973,5.7088560937796551,5.7088560937796551,-5.7088560937796551,1
attempt_004,42eae62218510290,1.6094372457681549,1.6094372457681549,-1.6094372457681549,1
attempt_004,431af725e9d9cf36,0.56226188815926725,0.56226188815926725,-0.56226188815926725,1
attempt_004,437a97355e1b5d17,0.48911646704211575,0.48911646704211575,0.48911646704211575,1
attempt_004,43ea69d95437dcc1,0.20270099365531546,0.20270099365531546,-0.20270099365531546,1
attempt_004,43fb8cf7dda6679e,0,0,0,1
attempt_004,44c58ea28b3c982a,2.9915632064265552,2.9915632064265552,-2.9915632064265552,1
attempt_004,45371da82072a708,0.1367544913380554,0.1367544913380554,-0.1367544913380554,1
attempt_004,4541655e38bbd696,1.7689473864085627,1.7689473864085627,-1.7689473864085627,1
attempt_004,45ec8a19f45ae9e9,0.65107707208229093,0.65107707208229093,0.65107707208229093,1
attempt_004,464fe77cb548d241,0.31287038403526957,0.31287038403526957,-0.31287038403526957,1
attempt_004,46d2ba8408ced4a5,1.2133389602415581,1.2133389602415581,-1.2133389602415581,1
attempt_004,48293e9d39532b81,25.864308360238606,25.864308360238606,25.864308360238606,1
attempt_004,48c67edc36fc5736,0.1857090701181594,0.1857090701181594,-0.1857090701181594,1
attempt_004,496a8a3eddea172e,6.9314592171729075,6.9314592171729075,-6.9314592171729075,1
attempt_004,49d1ffd2779d9063,0.79873143862477036,0.79873143862477036,-0.79873143862477036,1
attempt_004,4b6da16826bf9fab,0.48033455142386217,0.48033455142386217,-0.48033455142386217,1
attempt_004,4b9e18e8d3a764da,1.4310647542532093,1.4310647542532093,-1.4310647542532093,1
attempt_004,4bdf7d70c7425250,0.65836711562648187,0.65836711562648187,-0.65836711562648187,1
attempt_004,4ccf90cb21ac1f22,1.6826595439809751,1.6826595439809751,-1.6826595439809751,1
attempt_004,4da86be7c0ed4685,1.8589953235048462,1.8589953235048462,-1.8589953235048462,1
attempt_004,4e67d68dd4a36262,1.1168848870875978,1.1168848870875978,-1.1168848870875978,1
attempt_004,4e6985d31075e24a,0,0,0,1
attempt_004,4ea0cf4c51b1dbd8,0.056087014063784579,0.056087014063784579,0.056087014063784579,1
attempt_004,509f66fdddeb6bb7,0.28307011424055073,0.28307011424055073,-0.28307011424055073,1
attempt_004,50c2fc8fc1733d8a,1.2023383960501013,1.2023383960501013,-1.2023383960501013,1
attempt_004,526424c6c7ba50de,8.9801560427582814,8.9801560427582814,-8.9801560427582814,1
attempt_004,5291299139a2a507,0,0,0,1
attempt_004,530bc5a858c7d4b4,0.19965820916495547,0.19965820916495547,0.19965820916495547,1
attempt_004,53ad740cce42e97c,1.4411260970308546,1.4411260970308546,-1.4411260970308546,1
attempt_004,551d0fc027a751c2,15.058198908014674,15.058198908014674,-15.058198908014674,1
attempt_004,55252981817e250f,0.61824469399963711,0.61824469399963711,-0.61824469399963711,1
attempt_004,5577861e318d74af,2.2073576519558262,2.2073576519558262,-2.2073576519558262,1
attempt_004,5582cb9c46257d3f,0.87971029153192593,0.87971029153192593,-0.87971029153192593,1
attempt_004,55a45b1a7e315a29,0.27626608802903441,0.27626608802903441,-0.27626608802903441,1
attempt_004,5674726cd475351e,0.65107707208229093,0.65107707208229093,0.65107707208229093,1
attempt_004,57096bbe0d139c10,1.2034574088517442,1.2034574088517442,-1.2034574088517442,1
attempt_004,5743313fef7461b9,0.46403393945096516,0.46403393945096516,-0.46403393945096516,1
attempt_004,575b77816c26e0e3,0.24244929881098365,0.24244929881098365,-0.24244929881098365,1
attempt_004,57a2cd76adbdff08,11.783502188727454,11.783502188727454,-11.783502188727454,1
attempt_004,57dba21aa4802ce4,3.8191894131576518,3.8191894131576518,-3.8191894131576518,1
attempt_004,57fca562822562f4,6.2383246250395068,6.2383246250395068,-6.2383246250395068,1
attempt_004,5838e1cafed7ec9e,0.93244229991497996,0.93244229991497996,-0.93244229991497996,1
attempt_004,593484d77afa237a,0.37288758773966979,0.37288758773966979,-0.37288758773966979,1
attempt_004,5a133a263b0eafa6,0.16430562804063698,0.16430562804063698,-0.16430562804063698,1
attempt_004,5a349f6ef74434ea,8.2500908021456425,8.2500908021456425,-8.2500908021456425,1
attempt_004,5ab19c23cd16fc8e,1.1822022428669081,1.1822022428669081,1.1822022428669081,1
attempt_004,5c2dbd440ca8d71e,11.235980614827881,11.235980614827881,-11.235980614827881,1
attempt_004,5c900716768b5f13,64.52906219057293,64.52906219057293,64.52906219057293,1
attempt_004,5cc868e2e9fa7a4f,0.22279283110418069,0.22279283110418069,-0.22279283110418069,1
attempt_004,5d4832277493c656,0.34161530467019041,0.34161530467019041,-0.34161530467019041,1
attempt_004,5de6ca5b3cdb2308,12.556532260594619,12.556532260594619,12.556532260594619,1
attempt_004,5e5cf0838ec04aa7,1.8185598904672702,1.8185598904672702,-1.8185598904672702,1
attempt_004,5e672637ee00da51,6.8493483346709318,6.8493483346709318,-6.8493483346709318,1
attempt_004,5ec3ce50bd1e3f94,0.56354709002733294,0.56354709002733294,-0.56354709002733294,1
attempt_004,5fe4aa4017e3184f,1.0749975266538048,1.0749975266538048,1.0749975266538048,1
attempt_004,609c04e8bbcb8ae9,6.931231494535286,6.931231494535286,-6.931231494535286,1
attempt_004,61512e27503e0c5d,7.8589631813109024,7.8589631813109024,-7.8589631813109024,1
attempt_004,61c859c56cdb9f51,1.4436354751788103,1.4436354751788103,1.4436354751788103,1
attempt_004,62cc364cf8348017,0.32788009054581746,0.32788009054581746,-0.32788009054581746,1
attempt_004,6368e01c89742033,1.7240809752614057,1.7240809752614057,-1.7240809752614057,1
attempt_004,644eca9ea9e3d529,0.29376111852707076,0.29376111852707076,-0.29376111852707076,1
attempt_004,65ed0077d5265519,0.36831760724074325,0.36831760724074325,-0.36831760724074325,1
attempt_004,662f482ba6c543a2,1.4310647542532093,1.4310647542532093,-1.4310647542532093,1
attempt_004,66e5877231ff195b,9.4101909782958053,9.4101909782958053,-9.4101909782958053,1
attempt_004,68dc63126a573982,0.25421688844970713,0.25421688844970713,-0.25421688844970713,1
attempt_004,6953ca6de2032137,1.0850728904387776,1.0850728904387776,-1.0850728904387776,1
attempt_004,6971c4a92f397cd5,0,0,0,1
attempt_004,6a88306079e612a9,0.19910508622345358,0.19910508622345358,-0.19910508622345358,1
attempt_004,6b76a5f61943c0d6,0.42590096942364752,0.42590096942364752,-0.42590096942364752,1
attempt_004,6b9cd1f5e2eb5104,0,0,0,1
attempt_004,6e0769094a37b3aa,0.30909736136623422,0.30909736136623422,-0.30909736136623422,1
attempt_004,6e2efc86d99b4c08,0.073197949027250964,0.073197949027250964,-0.073197949027250964,1
attempt_004,6e9452cd92a1e675,2.3025859930554979,2.3025859930554979,-2.3025859930554979,1
attempt_004,6f1d447affd94478,1.4310647542532093,1.4310647542532093,-1.4310647542532093,1
attempt_004,6fbbd2c83717800c,0.20713848162180337,0.20713848162180337,-0.20713848162180337,1
attempt_004,701114dc9d0a0820,19.289558006812491,19.289558006812491,-19.289558006812491,1
attempt_004,70bf4dd1bfce5642,0.39706730538381096,0.39706730538381096,0.39706730538381096,1
attempt_004,71cc13e1d23971b4,0.24684276208213962,0.24684276208213962,-0.24684276208213962,1
attempt_004,71e32c98a2fa4eb0,0.31549840834831944,0.31549840834831944,-0.31549840834831944,1
attempt_004,722018578611076f,0.28020920623322088,0.28020920623322088,-0.28020920623322088,1
attempt_004,72a5ce3caed949c4,0.47073518710269635,0.47073518710269635,-0.47073518710269635,1
attempt_004,7400cf6ae9f4ad13,0.095307166862231618,0.095307166862231618,-0.095307166862231618,1
attempt_004,74d3c0d02fda4cc0,0,0,0,1
attempt_004,74f95f520284dd1d,0.18230962221496227,0.18230962221496227,-0.18230962221496227,1
attempt_004,7675d8f4d1509a89,0.28374174384187878,0.28374174384187878,-0.28374174384187878,1
attempt_004,76b505a4ce8376ca,0.41073824445413543,0.41073824445413543,-0.41073824445413543,1
attempt_004,7732793724f03849,0,0,0,1
attempt_004,774ecb674fbd485d,0.79873143862477036,0.79873143862477036,-0.79873143862477036,1
attempt_004,775bebce2e8069ea,19.178603729196897,19.178603729196897,-19.178603729196897,1
attempt_004,77dc3be003a0e911,16.624920801315664,16.624920801315664,16.624920801315664,1
attempt_004,78f0601042601c75,19.230854354514264,19.230854354514264,-19.230854354514264,1
attempt_004,794324f96cddac1f,24.627533216062282,24.627533216062282,24.627533216062282,1
attempt_004,7a2fb9613b20a5c1,7.3483176123136609,7.3483176123136609,-7.3483176123136609,1
attempt_004,7a7bd5bcd3e65b33,0.28469242807880546,0.28469242807880546,0.28469242807880546,1
attempt_004,7b857d11d0d32f87,0.19965820916495547,0.19965820916495547,-0.19965820916495547,1
attempt_004,7b8ac553132d3eb1,2.5541239106848863,2.5541239106848863,2.5541239106848863,1
attempt_004,7bf35d4cc299c56b,0.30356406280888848,0.30356406280888848,-0.30356406280888848,1
attempt_004,7c37ba7718ebcbf7,2.4082796152909296,2.4082796152909296,-2.4082796152909296,1
attempt_004,7cb10a04d50e0b73,0.35453064816813384,0.35453064816813384,-0.35453064816813384,1
attempt_004,7cc65538b7b35872,0.80551176289411686,0.80551176289411686,-0.80551176289411686,1
attempt_004,7d87536df8bba075,0.33525463658602295,0.33525463658602295,-0.33525463658602295,1
attempt_004,7dd4e5ac7be25901,0,0,0,1
attempt_004,7ef9cf3282aa5cfd,0.74448602313426182,0.74448602313426182,0.74448602313426182,1
attempt_004,7f2c7c8523e00e06,0.14361458125185145,0.14361458125185145,-0.14361458125185145,1
attempt_004,7f9ebb677b1dcde4,12.932125553400876,12.932125553400876,-12.932125553400876,1
attempt_004,7fbb11a095b6c40b,0.56226188815926725,0.56226188815926725,0.56226188815926725,1
attempt_004,7fee598b25d82fec,0.12766308050095887,0.12766308050095887,-0.12766308050095887,1
attempt_004,803469d8a0bf32f3,3.4657329886010544,3.4657329886010544,-3.4657329886010544,1
attempt_004,804f5d131debd233,0.29040819362004822,0.29040819362004822,-0.29040819362004822,1
attempt_004,80587dc3d17518b9,2.016160076597032,2.016160076597032,-2.016160076597032,1
attempt_004,80885573b67f74f6,1.9362609199636083,1.9362609199636083,-1.9362609199636083,1
attempt_004,819a91f09387b7ff,0,0,0,1
attempt_004,824795041aa4023c,2.4190874085621985,2.4190874085621985,-2.4190874085621985,1
attempt_004,82ecf90c792c704a,0.69303002737970942,0.69303002737970942,-0.69303002737970942,1
attempt_004,83468bd36acdbaf3,0.64498460153363624,0.64498460153363624,-0.64498460153363624,1
attempt_004,83e0d91f0a7da434,0.67669379493188409,0.67669379493188409,-0.67669379493188409,1
attempt_004,84a4d6cd0408ab51,1.5691603865412898,1.5691603865412898,-1.5691603865412898,1
attempt_004,850884d44ae6d451,0,0,0,1
attempt_004,853b3dd1c82b2adc,0.41601350717247865,0.41601350717247865,-0.41601350717247865,1
attempt_004,869a59d197773261,0.37481098405325652,0.37481098405325652,-0.37481098405325652,1
attempt_004,86a805d8689d1d5c,3.2595725562629214,3.2595725562629214,-3.2595725562629214,1
attempt_004,870a07402050ea0d,0.65904227478296651,0.65904227478296651,-0.65904227478296651,1
attempt_004,8749b49e6198cc7b,0.48490229819734054,0.48490229819734054,-0.48490229819734054,1
attempt_004,875650fc71625bbe,6.4845229184348945,6.4845229184348945,-6.4845229184348945,1
attempt_004,87685dd4759df27e,0.14102219411079719,0.14102219411079719,-0.14102219411079719,1
attempt_004,87f6ddc717ae5bf5,2.4065938604715846,2.4065938604715846,-2.4065938604715846,1
attempt_004,88271d97e49c34db,8.0978952813832805,8.0978952813832805,8.0978952813832805,1
attempt_004,89e30dc84513080c,1.8184464592320668,1.8184464592320668,-1.8184464592320668,1
attempt_004,8ad55d29e7bb93fb,1.5130691009743469,1.5130691009743469,-1.5130691009743469,1
attempt_004,8b1a1a27c8cfb628,3.1895736594348154,3.1895736594348154,-3.1895736594348154,1
attempt_004,8ba775bbe95b51c1,9.4196824463975943,9.4196824463975943,-9.4196824463975943,1
attempt_004,8d33226e1a3a5ea9,5.35883950872363,5.35883950872363,5.35883950872363,1
attempt_004,8db8d74ecfc737af,1.9203359196972731,1.9203359196972731,-1.9203359196972731,1
attempt_004,8ef29254fa7b340a,0.2403753918331657,0.2403753918331657,-0.2403753918331657,1
attempt_004,8f002d0cd17056ac,0.0013629217554118611,0.0013629217554118611,-0.0013629217554118611,1
attempt_004,8f5e2c16b9d01e3a,12.09245542597419,12.09245542597419,-12.09245542597419,1
attempt_004,9060c5dd8eede2f8,0.54545118680860138,0.54545118680860138,-0.54545118680860138,1
attempt_004,90de08615b8ba426,0.57527977118091744,0.57527977118091744,-0.57527977118091744,1
attempt_004,926659ee4c06c9d0,1.1901240915820734,1.1901240915820734,-1.1901240915820734,1
attempt_004,93c2df04145acbc4,0.72181773758940515,0.73924212230233488,-0.72181773758940515,2
attempt_004,93d9b97a6d2642a9,7.9982885976544456,7.9982885976544456,-7.9982885976544456,1
attempt_004,93dd6cc67bcd5ec9,0.33168241978587654,0.33168241978587654,-0.33168241978587654,1
attempt_004,94884b8bbcfbd54c,9.3704102539229623,9.3704102539229623,-9.3704102539229623,1
attempt_004,95683f47f0348db3,1.4736708936246625,1.4736708936246625,-1.4736708936246625,1
attempt_004,959d1c9138fdf1fb,7.3272881530555409,7.3272881530555409,-7.3272881530555409,1
attempt_004,95cfdea7778e1671,0.30102251274186731,0.30102251274186731,-0.30102251274186731,1
attempt_004,969aa1f40d6dc66b,0.31224571076718455,0.31224571076718455,-0.31224571076718455,1
attempt_004,96e70b492b6abbf6,3.5556979247173119,3.5556979247173119,-3.5556979247173119,1
attempt_004,97d71db82cd82f0a,71.24836277535303,71.24836277535303,71.24836277535303,1
attempt_004,97e97a387cc1bd1a,0.2422873940955057,0.2422873940955057,-0.2422873940955057,1
attempt_004,99560a9ea3687fe0,3.3085106444060903,3.3085106444060903,3.3085106444060903,1
attempt_004,9a9cbcde4b4d7a22,0.83868573328457252,0.83868573328457252,-0.83868573328457252,1
attempt_004,9abc3d2b01c3cc5c,3.4023066454805946,3.4023066454805946,-3.4023066454805946,1
attempt_004,9ac3107d67e59532,4.4659081186545713,4.4659081186545713,-4.4659081186545713,1
attempt_004,9b55b84321f80b2c,0.51052268534702172,0.51052268534702172,-0.51052268534702172,1
attempt_004,9bde9a7e32be7e05,16.331597192155051,16.331597192155051,-16.331597192155051,1
attempt_004,9cc48a5df92274e0,0.88137358701954305,0.88137358701954305,0.88137358701954305,1
attempt_004,9cd93057cf9c8c00,5.6191277159539759,5.6191277159539759,-5.6191277159539759,1
attempt_004,9e08c4f4702c9176,0.67333339341284537,0.67333339341284537,-0.67333339341284537,1
attempt_004,9e98cf4c5d891d2f,10.22730867160378,10.22730867160378,-10.22730867160378,1
attempt_004,9f3056864543d3f6,0.64961842148830495,0.64961842148830495,-0.64961842148830495,1
attempt_004,9ffa5b2dcb6e0751,8.5612189776093075,8.5612189776093075,-8.5612189776093075,1
attempt_004,a0932aefae2399cd,4.4465650754071948,4.4465650754071948,-4.4465650754071948,1
attempt_004,a093cd5e9acd6e6e,0,0,0,2
attempt_004,a094e76271214f19,1.8184464592320668,1.8184464592320668,1.8184464592320668,1
attempt_004,a1a947740469afec,0.24357391439774734,0.24357391439774734,-0.24357391439774734,1
attempt_004,a1beaac4ea8de6d2,2.2174326961796389,2.2174326961796389,-2.2174326961796389,1
attempt_004,a1ef3ce7ce07e30c,0.82567430182656221,0.82567430182656221,-0.82567430182656221,1
attempt_004,a26ff951b5ebb4a4,5.1249856391629134,5.1249856391629134,5.1249856391629134,1
attempt_004,a2e55b7bdd61cff3,1.2319118906415047,1.2319118906415047,-1.2319118906415047,1
attempt_004,a313d79fcc230548,0.36240261373615645,0.36240261373615645,-0.36240261373615645,1
attempt_004,a3cf484f0f31b544,9.5819487049683794,9.5819487049683794,-9.5819487049683794,1
attempt_004,a45e00fc8ea9b758,3.206646433285691,3.206646433285691,-3.206646433285691,1
attempt_004,a5b9820ac5bf2964,0.063710636417316557,0.063710636417316557,-0.063710636417316557,1
attempt_004,a7201302014ae6ce,0.418365857105508,0.418365857105508,-0.418365857105508,1
attempt_004,a76377b7caf4b874,0,0,0,1
attempt_004,a7cec19aef0c55cb,0.88137358701954305,0.88137358701954305,-0.88137358701954305,1
attempt_004,a80977c20588518e,4.4309584920805429,4.4309584920805429,-4.4309584920805429,1
attempt_004,a923f2662aceecd7,0.66072944553828528,0.66072944553828528,-0.66072944553828528,1
attempt_004,a940391648d52575,37.557179346206631,37.557179346206631,-37.557179346206631,1
attempt_004,a954b31b66e0a0f7,0.41742075806049161,0.41742075806049161,-0.41742075806049161,1
attempt_004,aa3e13a94fa413b0,0.63765267877466858,0.63765267877466858,-0.63765267877466858,1
attempt_004,aa55fc2e591a3eea,0.81764533141198825,0.81764533141198825,-0.81764533141198825,1
attempt_004,aa84024f362acec7,0,0,0,1
attempt_004,aabf9bdb77894078,0.03173270535452577,0.03173270535452577,-0.03173270535452577,1
attempt_004,ab022eca238edc01,0,0,0,1
attempt_004,ab47df57f6b720d7,1.5028673022752819,1.5028673022752819,-1.5028673022752819,1
attempt_004,ab97f4d059715a0f,3.3823099036581716,3.3823099036581716,-3.3823099036581716,1
attempt_004,acdedc1f1f1677b0,0.88137358701954305,0.88137358701954305,0.88137358701954305,1
attempt_004,ad4c95fe80a66847,0.28692560018484592,0.28692560018484592,0.28692560018484592,1
attempt_004,ad5948e192ebc2d4,0.93707287221252378,0.93707287221252378,0.93707287221252378,1
attempt_004,ad5c384a6be364aa,1.903536008385494,1.903536008385494,-1.903536008385494,1
attempt_004,addce88f5927e9b7,2.4613800964748043,2.4613800964748043,-2.4613800964748043,1
attempt_004,addfa722b1bb9b7b,0.93259790923810115,0.93259790923810115,-0.93259790923810115,1
attempt_004,af17f6c68ad40f75,0.27603438014513904,0.27603438014513904,-0.27603438014513904,1
attempt_004,af3eaf7a505d27c2,1.2232050781069606,1.2232050781069606,1.2232050781069606,1
attempt_004,b149944913743077,6.9314718041379351,6.9314718041379351,-6.9314718041379351,1
attempt_004,b1e1aebb9420a6c0,1.4118818619020281,1.4118818619020281,-1.4118818619020281,1
attempt_004,b3447163870d3003,0.26822560515262062,0.26822560515262062,-0.26822560515262062,1
attempt_004,b3907643507df0f6,2.644120761058629,2.644120761058629,2.644120761058629,1
attempt_004,b3b896fac1db6be4,0.27958820740112955,0.27958820740112955,-0.27958820740112955,1
attempt_004,b3d9d211a865558e,0.57523232903048171,0.57523232903048171,-0.57523232903048171,1
attempt_004,b56f9cdeecf07967,15.02738110422758,15.02738110422758,-15.02738110422758,1
attempt_004,b6d0f65b30088d8a,3.0782712283855114,3.0782712283855114,-3.0782712283855114,1
attempt_004,b76abebbe3871acf,14.936060726607487,14.936060726607487,-14.936060726607487,1
attempt_004,b7712c125a47a1e7,0.15523671007603301,0.15523671007603301,-0.15523671007603301,1
attempt_004,b9bee040d2d25fed,45.825006931503815,45.825006931503815,-45.825006931503815,1
attempt_004,ba5099f54efb4c26,0.88137358701954305,0.88137358701954305,-0.88137358701954305,1
attempt_004,bae03f436761eb2a,1.1101429806478116,1.1101429806478116,-1.1101429806478116,1
attempt_004,bbf26c3d1fe29c0e,0.31799472521470795,0.31799472521470795,-0.31799472521470795,1
attempt_004,bc65c316905e3299,12.100267991034009,12.100267991034009,-12.100267991034009,1
attempt_004,bc8c69f89642761a,0.25264382062531077,0.25264382062531077,-0.25264382062531077,1
attempt_004,bdf713200e425ec5,0.23827089534356816,0.23827089534356816,-0.23827089534356816,1
attempt_004,be81446c1506feab,1.7361499625210686,1.7361499625210686,1.7361499625210686,1
attempt_004,c2654fc1cfab58a2,0.21356862631896156,0.21356862631896156,-0.21356862631896156,1
attempt_004,c30f10739e8124e8,28.90611042462259,28.90611042462259,-28.90611042462259,1
attempt_004,c30f8147441ce11e,0.83737862325630452,0.83737862325630452,-0.83737862325630452,1
attempt_004,c38e374a53377422,0.67333339341284537,0.67333339341284537,-0.67333339341284537,1
attempt_004,c3ab909658d376dc,0,0,0,1
attempt_004,c41b1ac770551769,0.28765451920011831,0.28765451920011831,-0.28765451920011831,1
attempt_004,c46086c612e8f2b6,0.69023875716100713,0.69023875716100713,0.69023875716100713,1
attempt_004,c5c20db2e333e139,3.2927688717596877,3.2927688717596877,3.2927688717596877,1
attempt_004,c5e74c2c8abec09b,7.9118788366343296,7.9118788366343296,-7.9118788366343296,1
attempt_004,c711ba9d88eca132,1.2133389602415581,1.2133389602415581,-1.2133389602415581,1
attempt_004,c79cc278f7af4957,14.627400313675267,14.627400313675267,-14.627400313675267,1
attempt_004,c890452c78a0bde5,3.4084648488865774,3.4084648488865774,-3.4084648488865774,1
attempt_004,c90a2eeb6cfde096,2.616608687281504,2.616608687281504,-2.616608687281504,1
attempt_004,c9725c1b5af63003,0.0067544216762556175,0.0067544216762556175,-0.0067544216762556175,1
attempt_004,c994e67932817306,6.7472185779718323,6.7472185779718323,-6.7472185779718323,1
attempt_004,c9d14f8bba60e13a,20.767373535466099,20.767373535466099,-20.767373535466099,1
attempt_004,cab9196b597deab7,2.2211525118406268,2.2211525118406268,-2.2211525118406268,1
attempt_004,cadebb739ade8eb2,15.766480946786206,15.766480946786206,-15.766480946786206,1
attempt_004,cb9a76267a45a1a0,4.3412046576469692,4.3412046576469692,-4.3412046576469692,1
attempt_004,cc15a46e3fb2cc41,0.56226188815926725,0.56226188815926725,-0.56226188815926725,1
attempt_004,cc77959c030f6298,0.93707287221252378,0.93707287221252378,-0.93707287221252378,1
attempt_004,cc986eab7707fc06,0.16383293623629136,0.16383293623629136,-0.16383293623629136,1
attempt_004,cd2ee41e0889e8ef,0.16647036121209435,0.16647036121209435,-0.16647036121209435,1
attempt_004,ce4323960c84143b,0.048732161272637242,0.048732161272637242,-0.048732161272637242,1
attempt_004,ceeed00978253eeb,0.28766097626367415,0.28766097626367415,-0.28766097626367415,1
attempt_004,cfb58633d4457471,1.4436354751788103,1.4436354751788103,-1.4436354751788103,1
attempt_004,cfe227d0711edf8d,1.9552613491959399,1.9552613491959399,-1.9552613491959399,1
attempt_004,d041952963b8157f,3.5485083709148668,3.5485083709148668,-3.5485083709148668,1
attempt_004,d101ae93b8d32b0a,2.2898375553342305,2.2898375553342305,-2.2898375553342305,1
attempt_004,d2d5a35610a062b9,1.2948052385597428,1.2948052385597428,-1.2948052385597428,1
attempt_004,d2ea9c99f1ac2546,7.4151465480316041,7.4151465480316041,-7.4151465480316041,1
attempt_004,d356b8a4cf9170ff,6.584789484624082,6.584789484624082,-6.584789484624082,1
attempt_004,d3b5756d7162e9af,0.27477673727869067,0.27477673727869067,-0.27477673727869067,1
attempt_004,d42af5fc7b92600f,0.26234343618711264,0.26234343618711264,-0.26234343618711264,1
attempt_004,d4895ffe41aa47be,0.64932821392100237,0.64932821392100237,-0.64932821392100237,1
attempt_004,d4a82f98e4a4d8f1,0.41511718911830364,0.41511718911830364,-0.41511718911830364,1
attempt_004,d6d99601d2221241,1.2764057877570014,1.2764057877570014,-1.2764057877570014,1
attempt_004,d70688b68979f120,0,0,0,1
attempt_004,d71eacc97f2eac4a,0.82567430182656221,0.82567430182656221,0.82567430182656221,1
attempt_004,d79b513d15f7fd37,0,0,0,1
attempt_004,d7c5ce4f887af943,0.15234090841371684,0.15234090841371684,0.15234090841371684,1
attempt_004,d7fca0b3134a6789,0.35131052444647182,0.35131052444647182,-0.35131052444647182,1
attempt_004,d83cb4267cfd84ca,1.7087779969678989,1.7087779969678989,-1.7087779969678989,1
attempt_004,d84524c950c56654,0.21196319890503013,0.21196319890503013,-0.21196319890503013,1
attempt_004,d8fc0a92c8c4a2fa,0.40543507510182231,0.40543507510182231,-0.40543507510182231,1
attempt_004,d906b69770601071,50.411517776293607,50.411517776293607,-50.411517776293607,1
attempt_004,d92bf76a610332bf,2.2117286080312839,2.2117286080312839,-2.2117286080312839,1
attempt_004,d932087548ae36e5,0.15394637840021463,0.15394637840021463,-0.15394637840021463,1
attempt_004,d98556fd070c0af6,0.88137358701954305,0.88137358701954305,-0.88137358701954305,1
attempt_004,d988e431220e6bc6,0.5463911548420235,0.5463911548420235,-0.5463911548420235,1
attempt_004,d9c550a9c51d35ac,0.57421227989516499,0.57421227989516499,-0.57421227989516499,1
attempt_004,d9df86eb981deb9a,1.2004852858798187,1.2004852858798187,-1.2004852858798187,1
attempt_004,da2b4ba6d53170e0,0.11979679800446696,0.11979679800446696,-0.11979679800446696,1
attempt_004,da678ee16b098ae4,6.9304725159934755,6.9304725159934755,-6.9304725159934755,1
attempt_004,da735e4edd7d8acd,4.8628496827781049,4.8628496827781049,-4.8628496827781049,1
attempt_004,dae5d3492aac2245,0.66258171864179616,0.66258171864179616,-0.66258171864179616,1
attempt_004,db5d643b2f9cbfbf,7.5690107694856223,7.5690107694856223,-7.5690107694856223,1
attempt_004,dbb0e6a5907e83b0,5.7649185230359024,5.7649185230359024,-5.7649185230359024,1
attempt_004,dc5b79abd8c32051,5.21577113659208,5.21577113659208,-5.21577113659208,1
attempt_004,dc7b1c1d814df24f,6.643728228285628,6.643728228285628,-6.643728228285628,1
attempt_004,dd94c5772508af28,15.948861391695765,15.948861391695765,-15.948861391695765,1
attempt_004,ddd85b09690827da,2.7457700088792745,2.7457700088792745,-2.7457700088792745,1
attempt_004,ddfc9b179bfb76be,0.67294151449761941,0.67294151449761941,-0.67294151449761941,1
attempt_004,de09337452e20032,0.38340527787836098,0.38340527787836098,-0.38340527787836098,1
attempt_004,de12f87c6958e38e,0.1793415113721597,0.1793415113721597,-0.1793415113721597,1
attempt_004,deeae8883055b9ee,0.49215320135877549,0.49215320135877549,0.49215320135877549,1
attempt_004,def460708ba7b0ef,1.0446751019866349,1.0446751019866349,1.0446751019866349,1
attempt_004,df336a0a88d676b9,0.40537833192831219,0.40537833192831219,-0.40537833192831219,1
attempt_004,df5f216d2d4a9851,0,0,0,1
attempt_004,df8a6c6dd3f3b262,0.15867557199810278,0.15867557199810278,-0.15867557199810278,1
attempt_004,dfbe713e68cc63a9,0.11697170516215394,0.11697170516215394,-0.11697170516215394,1
attempt_004,dfeaa1f16aba9b2c,3.4656967605139339,3.4656967612005469,-3.4656967605139339,4
attempt_004,e0096fe5c74ff63f,0.28469242807880546,0.28469242807880546,0.28469242807880546,1
attempt_004,e02e29b116c658e8,1.6485081906220111,1.6485081906220111,-1.6485081906220111,1
attempt_004,e16408e569859d83,0.26466896740581092,0.26466896740581092,-0.26466896740581092,1
attempt_004,e4876602e9ba0f2e,0.27567918695927229,0.27567918695927229,-0.27567918695927229,1
attempt_004,e586ddcbc365c334,1.378394029075019,1.378394029075019,-1.378394029075019,1
attempt_004,e6831a831160cb9f,3.9124227656412556,3.9124227656412556,-3.9124227656412556,1
attempt_004,e6e4ce0035fb36ab,1.0307345898361859,1.0307345898361859,-1.0307345898361859,1
attempt_004,e7efeb7dc8836c4b,0,0,0,1
attempt_004,e817fe65c2fb9bb3,5.1849690385888501,5.1849690385888501,-5.1849690385888501,1
attempt_004,e827c21b034c420b,0.7084664821758091,0.7084664821758091,-0.7084664821758091,1
attempt_004,e94bf0263935b271,0,0,0,1
attempt_004,ea9379eb339d6cbc,0.27746146578437791,0.27746146578437791,-0.27746146578437791,1
attempt_004,eab20b0f46956346,0.91303158826518782,0.91303158826518782,-0.91303158826518782,1
attempt_004,eb3b940724dc982d,1.648264578652658,1.648264578652658,-1.648264578652658,1
attempt_004,ec2067430ff6fb6e,0.59821980942926256,0.59821980942926256,-0.59821980942926256,1
attempt_004,ecad917fe0f8bc30,1.8184464592320668,1.8184464592320668,-1.8184464592320668,1
attempt_004,ed763ab2ba3e0068,0.10521421712757739,0.10521421712757739,-0.10521421712757739,1
attempt_004,eeb9a817e031fe66,0.37481098405325652,0.37481098405325652,0.37481098405325652,1
attempt_004,ef0516d41dbfe437,0.33080773093940152,0.33080773093940152,-0.33080773093940152,1
attempt_004,ef18835f55ee60f5,0.5984139055073836,0.5984139055073836,-0.5984139055073836,1
attempt_004,ef19e6cd14447306,0.33525463658602295,0.33525463658602295,-0.33525463658602295,1
attempt_004,ef2fd0959fcb438f,3.3334775868839928,3.3334775868839928,3.3334775868839928,1
attempt_004,efd621027b9eee3c,2.1874947629915376,2.1874947629915376,2.1874947629915376,1
attempt_004,f018b597d7955bde,2.3286079051334001,2.3286079051334001,-2.3286079051334001,1
attempt_004,f16ea570bc36c50a,0,0,0,1
attempt_004,f182ea2ef1d4b772,37.629034324460271,37.629034324460271,37.629034324460271,1
attempt_004,f197a4dda8f05c9d,0.15234090841371684,0.15234090841371684,-0.15234090841371684,1
attempt_004,f20d81ce18b75a1c,0.24774080047153468,0.24774080047153468,-0.24774080047153468,1
attempt_004,f28d6630733894f3,0.54385656145979056,0.54385656145979056,-0.54385656145979056,1
attempt_004,f291f9c50ad08615,0.11697170516215394,0.11697170516215394,-0.11697170516215394,1
attempt_004,f2f434168325f484,0.33168241978587654,0.33168241978587654,0.33168241978587654,1
attempt_004,f3118a80b16b514c,4.0769621525052351,4.0769621525052351,-4.0769621525052351,1
attempt_004,f379f2a83d8b1d5e,10.128694424107259,10.128694424107259,10.128694424107259,1
attempt_004,f3d6f4c526ee2045,8.0471895621658263,8.0471895621658263,-8.0471895621658263,1
attempt_004,f4124699649b4a4a,0.30916406397602358,0.30916406397602358,-0.30916406397602358,1
attempt_004,f4f0befaa83096bf,18.497049322350545,18.497049322350545,-18.497049322350545,1
attempt_004,f52bb8e676e21112,0.81635306171727073,0.81635306171727073,-0.81635306171727073,1
attempt_004,f60ce72c8a83d154,2.087901681566855,2.087901681566855,-2.087901681566855,1
attempt_004,f6f7080c144e2394,0.11279268243933771,0.11279268243933771,-0.11279268243933771,1
attempt_004,f7374c8beb60288c,0.68175973346261642,0.68175973346261642,-0.68175973346261642,1
attempt_004,f7417f2e9fa24db6,3.1123272663354067,3.1123272663354067,-3.1123272663354067,1
attempt_004,f770391e972a9774,0,0,0,1
attempt_004,f83f515f4a1662ef,1.1862066069415675,1.1862066069415675,-1.1862066069415675,1
attempt_004,f91bd836fd72ca30,2.4917798526449122,2.4917798526449122,2.4917798526449122,1
attempt_004,fbad90682526646a,0.21497166363039888,0.21497166363039888,-0.21497166363039888,1
attempt_004,fcc34d7bb321a7ba,1.1507282898071196,1.1507282898071196,-1.1507282898071196,1
attempt_004,fcd157d7ad16d9bd,17.352684784139043,17.352684784139043,-17.352684784139043,1
attempt_004,fd55c8719d3332f2,4.7420109796572341,4.7420109796572341,-4.7420109796572341,1
attempt_004,fde73a5d26460ac7,0.287679010577647,0.287679010577647,-0.287679010577647,1
attempt_004,fe6c690122c7f47b,0.21497166363039888,0.21497166363039888,-0.21497166363039888,1
attempt_004,fe8bb0245e97303e,1.1630881542089586,1.1630881542089586,-1.1630881542089586,1
attempt_004,ff8c002895cc55c0,0.88137358701954305,0.88137358701954305,-0.88137358701954305,1
attempt_005,0044728bdcee1ccc,10.497272081073373,10.497272081073373,-10.497272081073373,1
attempt_005,00e091d496483091,11.51292546497023,11.51292546497023,-11.51292546497023,1
attempt_005,0146b78ef57bcf64,8.5251614004330101,8.5251614004330101,8.5251614004330101,1
attempt_005,02185b833b3f7e46,0.73544951328943498,0.73544951328943498,-0.73544951328943498,1
attempt_005,0283464d5a77682d,4.4561805834499442,4.4561805834499442,-4.4561805834499442,1
attempt_005,02aba283d0ede168,0.027149876981404475,0.027149876981404475,0.027149876981404475,1
attempt_005,02bd54a445c388f7,20.999601802582148,20.999601802582148,20.999601802582148,1
attempt_005,03412985653e34db,2.1168493632784267,2.1168493632784267,-2.1168493632784267,1
attempt_005,0370362548b1f471,10.508201295782683,10.508201295782683,-10.508201295782683,1
attempt_005,0375e8560a077d47,1.8103617160018808,1.8103617160018808,-1.8103617160018808,1
attempt_005,042fa975ca684d3b,1.2920533116033823,1.2920533116033823,-1.2920533116033823,1
attempt_005,044ca752d5c4c86b,14.261234503755809,14.261234503755809,14.261234503755809,1
attempt_005,04c8fa09cc1795b2,3.9124227656412556,3.9124227656412556,-3.9124227656412556,1
attempt_005,0561fe7b34c8f921,2.4366868777783797,2.4366868777783797,-2.4366868777783797,1
attempt_005,057e4c1e204474c3,11.020299890437069,11.020299890437069,-11.020299890437069,1
attempt_005,05b8808be1811f88,0.33195512617608447,0.33195512617608447,-0.33195512617608447,1
attempt_005,05d1421f3aa676b3,1.1192315752649833,1.1192315752649833,-1.1192315752649833,1
attempt_005,0809681d790ac577,0.46403393945096516,0.46403393945096516,0.46403393945096516,1
attempt_005,088744d8857214d3,0,0,0,1
attempt_005,095c0657286c2670,1.3843637266532598,1.3843637266532598,1.3843637266532598,1
attempt_005,0a3723be6d7e8015,0.27626608802903441,0.27626608802903441,0.27626608802903441,1
attempt_005,0aabeaa122622902,0,0,0,1
attempt_005,0abe8ddbdc76674c,15.164071580965945,15.164071580965945,-15.164071580965945,1
attempt_005,0b1839302dfbecd9,0,0,0,1
attempt_005,0b7552228582926d,1.610406265625369,1.610406265625369,-1.610406265625369,1
attempt_005,0bd468a4feb458c4,0,0,0,1
attempt_005,0c2effcd2d76718c,0.41106972002291542,0.41106972002291542,-0.41106972002291542,1
attempt_005,0c2f0383d85e77d7,0.11947638167483454,0.11947638167483454,-0.11947638167483454,1
attempt_005,0c5258397f981059,0.66200452198456716,0.66200452198456716,-0.66200452198456716,1
attempt_005,0cbfa12424d7c0c3,0.66048271879639842,0.66048271879639842,-0.66048271879639842,1
attempt_005,0d1a69478606100d,0.10107540549911231,0.10107540549911231,-0.10107540549911231,1
attempt_005,0d3017d562dd4eca,0.83183493176217205,0.83183493176217205,-0.83183493176217205,1
attempt_005,0dfbf7a8aa92ea87,1.610406265625369,1.610406265625369,-1.610406265625369,1
attempt_005,0e9128d223e92278,0.56226188815926725,0.56226188815926725,-0.56226188815926725,1
attempt_005,0ef764903b18785f,1.2623341473014005,1.2623341473014005,1.2623341473014005,1
attempt_005,0f0d8322e9518056,0,0,0,1
attempt_005,0fa7cdbf435011ab,0.47964509084685236,0.47964509084685236,-0.47964509084685236,1
attempt_005,103dc8054c6809aa,0.49399188204068567,0.49399188204068567,-0.49399188204068567,1
attempt_005,105e5b4c72ffcebb,2.664137012510281,2.664137012510281,-2.664137012510281,1
attempt_005,1076838c0f3dff77,0.25488936368770521,0.25488936368770521,-0.25488936368770521,1
attempt_005,108245ab6eece39e,0.34424620133006911,0.34424620133006911,-0.34424620133006911,1
attempt_005,10e78ebbadf09b69,6.2963062735678434,6.2963062735678434,-6.2963062735678434,1
attempt_005,111aa3492a976cda,1.0060377728001324,1.0060377728001324,-1.0060377728001324,1
attempt_005,12039dda732972c5,1.595924050418593,1.595924050418593,-1.595924050418593,1
attempt_005,1247538925d32f08,0.58750265945940683,0.58750265945940683,-0.58750265945940683,1
attempt_005,1252c2ac6a2921d9,1.4631096399378478,1.4631096399378478,-1.4631096399378478,1
attempt_005,1253cd5ffd2eea4f,0.63856404304030168,0.63856404304030168,-0.63856404304030168,1
attempt_005,12d41fc28379e309,5.4494073221196757,5.4494073221196757,-5.4494073221196757,1
attempt_005,1327399555209d45,2.4009472335206343,2.4009472335206343,-2.4009472335206343,1
attempt_005,1328f931a3bb25ee,0,0,0,1
attempt_005,143fa8c15e434cb8,3.4657575272907852,3.4657575272907852,-3.4657575272907852,1
attempt_005,1453410305cd22f0,0.054067160248648882,0.054067160248648882,-0.054067160248648882,1
attempt_005,1753d7d5cddf0205,0.63686350756704613,0.63686350756704613,-0.63686350756704613,1
attempt_005,1788df09936827c0,0.28469242807880546,0.28469242807880546,0.28469242807880546,1
attempt_005,188e0096a622bc46,0.88137358701954305,0.88137358701954305,-0.88137358701954305,1
attempt_005,1948a9145ba02cd7,2.0178719121711666,2.0178719121711666,-2.0178719121711666,1
attempt_005,1954fa2200741c60,3.3673256742168176,3.3673256742168176,3.3673256742168176,1
attempt_005,19733e25b3773af3,5.3884151545906214,5.3884151545906214,-5.3884151545906214,1
attempt_005,19923d2aee3257bc,1.0210119358271026,1.0210119358271026,-1.0210119358271026,1
attempt_005,1a0bb13d9a5d9fa6,0,0,0,1
attempt_005,1a21a2ceabaea267,5.4253027972673671,5.4253027972673671,-5.4253027972673671,1
attempt_005,1a2688ab9e47122d,0.33261869825340717,0.33261869825340717,-0.33261869825340717,1
attempt_005,1befd0176d6f5fd4,0.68175973346261642,0.68175973346261642,0.68175973346261642,1
attempt_005,1c6063eeac7eb829,0,0,0,1
attempt_005,1c802bcdb8f3c632,5.9232372967595879,5.9232372967595879,-5.9232372967595879,1
attempt_005,1cbf433a4455aa2a,0.36098634632126281,0.36098634632126281,-0.36098634632126281,1
attempt_005,1d750c20f57af221,2.4917798526449122,2.4917798526449122,-2.4917798526449122,1
attempt_005,1e739b9ecad69152,0.43789056028274898,0.43789056028274898,-0.43789056028274898,1
attempt_005,1e84ebc58b8d107b,0,0,0,1
attempt_005,1f93720697ffc181,1.8184464592320668,1.8184464592320668,1.8184464592320668,1
attempt_005,200bb64dedd145f0,0.15389178002615189,0.15389178002615189,-0.15389178002615189,1
attempt_005,20270d91433a73e1,0.81642055804808855,0.81642055804808855,-0.81642055804808855,1
attempt_005,205c8bc6fa0cd419,0.65107707208229093,0.65107707208229093,-0.65107707208229093,1
attempt_005,20b6e06fb3db908c,1.7627471740390859,1.7627471740390859,1.7627471740390859,1
attempt_005,20d4786362ff7b63,0,0,0,1
attempt_005,22526e47fc6d1c22,0.37481098405325652,0.37481098405325652,-0.37481098405325652,1
attempt_005,228b38b5be777338,0,0,0,1
attempt_005,2315ab7c0c4098bc,0.37481098405325652,0.37481098405325652,0.37481098405325652,1
attempt_005,239ae2c28321e638,0.32708804778885536,0.32708804778885536,-0.32708804778885536,1
attempt_005,2456848abac304dd,0.4469349240429743,0.4469349240429743,-0.4469349240429743,1
attempt_005,24a3aea72050ec55,0.33843068250507446,0.33843068250507446,-0.33843068250507446,1
attempt_005,24a688e4791749fb,3.2227017660383943,3.2227017660383943,-3.2227017660383943,1
attempt_005,24dcd59e5f044eaf,0.27746146578437791,0.27746146578437791,-0.27746146578437791,1
attempt_005,251a21f8679ea430,0.17431167891088073,0.17431167891088073,-0.17431167891088073,1
attempt_005,25642a0f403458cc,5.2678277723028621,5.2678277723028621,-5.2678277723028621,1
attempt_005,276ee3d020155083,0.19050625203239058,0.19050625203239058,-0.19050625203239058,1
attempt_005,2811bd29ede210eb,0.27900988493836998,0.27900988493836998,-0.27900988493836998,1
attempt_005,288d02d8da16c44a,2.2187159241545782,2.2187159241545782,-2.2187159241545782,1
attempt_005,28c7ce4eb54cee7e,0,0,0,1
attempt_005,292d3a65a36e4173,1.5886368200457563,1.5886368200457563,-1.5886368200457563,1
attempt_005,29951084393af017,2.778906655813727,2.778906655813727,-2.778906655813727,1
attempt_005,2b1215df9415c4ba,4.8121182248551495,4.8121182248551495,-4.8121182248551495,1
attempt_005,2b41a785877b71ea,0.37481098405325652,0.37481098405325652,-0.37481098405325652,1
attempt_005,2b5c74a3261e6390,7.774945613420055,7.774945613420055,-7.774945613420055,1
attempt_005,2ba65bf42eb08605,0.95802582149165083,0.95802582149165083,0.95802582149165083,1
attempt_005,2bc6e555e9164bb6,0.18687574778915472,0.18687574778915472,-0.18687574778915472,1
attempt_005,2c04b6461f2a0f70,5.8916669361838414,5.8916669361838414,-5.8916669361838414,1
attempt_005,2cc152e27584ae06,0.19655676424894075,0.19655676424894075,-0.19655676424894075,1
attempt_005,2d9fd3908b46f903,0.17543479551618457,0.17543479551618457,-0.17543479551618457,1
attempt_005,2e975705981d73d4,2.0947125472611012,2.0947125472611012,2.0947125472611012,1
attempt_005,2ef727fd55a311e9,2.3124383412727525,2.3124383412727525,-2.3124383412727525,1
attempt_005,2f4b3618f17ab9f1,0.21497166363039888,0.21497166363039888,0.21497166363039888,1
attempt_005,2fea6d395fbcb322,0.56226188815926725,0.56226188815926725,-0.56226188815926725,1
attempt_005,30cd40b5db1a9d5a,5.3710946290317949,5.3710946290317949,-5.3710946290317949,1
attempt_005,31003a5fec847475,7.1769986319563976,7.1769986319563976,-7.1769986319563976,1
attempt_005,3172245156716229,3.0696021221199654,3.0696021221199654,-3.0696021221199654,1
attempt_005,32e515b6710947df,3.4658469459861028,3.4658469459861028,-3.4658469459861028,1
attempt_005,338aaf7bd51bc4eb,5.9985207902938598,5.9985207902938598,-5.9985207902938598,1
attempt_005,33bd1dfc2fd11b1c,0.64005501193156888,0.64005501193156888,0.64005501193156888,1
attempt_005,346e22483b4bd8ee,0.50971843128902661,0.50971843128902661,-0.50971843128902661,1
attempt_005,34d56de6e80be715,3.3673256742168176,3.3673256742168176,3.3673256742168176,1
attempt_005,35a0f646aeff2f25,2.1145015849941711,2.1145015849941711,-2.1145015849941711,1
attempt_005,3609782e0c57034c,0.47665185795791842,0.47665185795791842,-0.47665185795791842,1
attempt_005,37e39e4b052ed45e,59.637759594912012,59.637759594912012,-59.637759594912012,1
attempt_005,380042f4d4a23ee5,0.053988310368210612,0.053988310368210612,0.053988310368210612,1
attempt_005,380b6b083e82f720,0.25111523501711552,0.25111523501711552,-0.25111523501711552,1
attempt_005,385e3389ccbdab7a,2.6653979600009823,2.6653979600009823,-2.6653979600009823,1
attempt_005,38ec5e2a9b2e3457,4.5970519222599329,4.5970519222599329,-4.5970519222599329,1
attempt_005,390e7182b657d51d,0.27521632571643195,0.27521632571643195,-0.27521632571643195,1
attempt_005,397f3fe0c8ab4b5d,0.32619128919615914,0.32619128919615914,-0.32619128919615914,1
attempt_005,3ad58a03f9e9766a,1.0811905883910757,1.0811905883910757,-1.0811905883910757,1
attempt_005,3baddea31857633e,1.610406265625369,1.610406265625369,1.610406265625369,1
attempt_005,3bdcc142d2c817b0,0.91052679283568239,0.91052679283568239,0.91052679283568239,1
attempt_005,3c35e6e2f32c33be,0.43341652108507756,0.43341652108507756,-0.43341652108507756,1
attempt_005,3c5dd7b0279c4f63,0.048732161272637242,0.048732161272637242,-0.048732161272637242,1
attempt_005,3d17e2aeb88c0753,0.81831032350422817,0.81831032350422817,-0.81831032350422817,1
attempt_005,3d3e9f9b492bc8e8,0.70733027067480059,0.70733027067480059,-0.70733027067480059,1
attempt_005,3d7f4c82ccf162c2,0.5443380896116583,0.5443380896116583,-0.5443380896116583,1
attempt_005,3efdc924d43cf197,5.2894499484812663,5.2894499484812663,-5.2894499484812663,1
attempt_005,40000e849af4d88b,0.33633626775001257,0.33633626775001257,-0.33633626775001257,1
attempt_005,40fca366c650a1dd,1.2869534612287721,1.2869534612287721,-1.2869534612287721,1
attempt_005,4166b38a95a2e178,0.28753215863866233,0.28753215863866233,-0.28753215863866233,1
attempt_005,41ae88c2a2d3b667,0.28368531490474957,0.28368531490474957,-0.28368531490474957,1
attempt_005,41de3083151e616d,0.64513383521071566,0.64513383521071566,0.64513383521071566,1
attempt_005,42146998b3ee116c,7.025329039733144,7.025329039733144,-7.025329039733144,1
attempt_005,42dd04a53780a973,5.7088560937796551,5.7088560937796551,-5.7088560937796551,1
attempt_005,42eae62218510290,1.6094372457681549,1.6094372457681549,-1.6094372457681549,1
attempt_005,431af725e9d9cf36,0.56226188815926725,0.56226188815926725,-0.56226188815926725,1
attempt_005,437a97355e1b5d17,0.48911646704211575,0.48911646704211575,0.48911646704211575,1
attempt_005,43ea69d95437dcc1,0.20270099365531546,0.20270099365531546,-0.20270099365531546,1
attempt_005,43fb8cf7dda6679e,0,0,0,1
attempt_005,44c58ea28b3c982a,2.9915632064265552,2.9915632064265552,-2.9915632064265552,1
attempt_005,45371da82072a708,0.1367544913380554,0.1367544913380554,-0.1367544913380554,1
attempt_005,4541655e38bbd696,1.7689473864085627,1.7689473864085627,-1.7689473864085627,1
attempt_005,45ec8a19f45ae9e9,0.65107707208229093,0.65107707208229093,0.65107707208229093,1
attempt_005,464fe77cb548d241,0.31287038403526957,0.31287038403526957,-0.31287038403526957,1
attempt_005,46d2ba8408ced4a5,1.2133389602415581,1.2133389602415581,-1.2133389602415581,1
attempt_005,48293e9d39532b81,25.864308360238606,25.864308360238606,25.864308360238606,1
attempt_005,48c67edc36fc5736,0.1857090701181594,0.1857090701181594,-0.1857090701181594,1
attempt_005,496a8a3eddea172e,0,0,0,1
attempt_005,49d1ffd2779d9063,0.79873143862477036,0.79873143862477036,-0.79873143862477036,1
attempt_005,4b6da16826bf9fab,0.48033455142386217,0.48033455142386217,-0.48033455142386217,1
attempt_005,4b9e18e8d3a764da,1.4310647542532093,1.4310647542532093,-1.4310647542532093,1
attempt_005,4bdf7d70c7425250,0.65836711562648187,0.65836711562648187,-0.65836711562648187,1
attempt_005,4ccf90cb21ac1f22,1.6826595439809751,1.6826595439809751,-1.6826595439809751,1
attempt_005,4da86be7c0ed4685,1.8589953235048462,1.8589953235048462,-1.8589953235048462,1
attempt_005,4e67d68dd4a36262,1.1168848870875978,1.1168848870875978,-1.1168848870875978,1
attempt_005,4e6985d31075e24a,0,0,0,1
attempt_005,4ea0cf4c51b1dbd8,0.056087014063784579,0.056087014063784579,0.056087014063784579,1
attempt_005,509f66fdddeb6bb7,0.28307011424055073,0.28307011424055073,-0.28307011424055073,1
attempt_005,50c2fc8fc1733d8a,1.2023383960501013,1.2023383960501013,-1.2023383960501013,1
attempt_005,526424c6c7ba50de,8.9801560427582814,8.9801560427582814,-8.9801560427582814,1
attempt_005,5291299139a2a507,0,0,0,1
attempt_005,530bc5a858c7d4b4,0.19965820916495547,0.19965820916495547,0.19965820916495547,1
attempt_005,53ad740cce42e97c,1.4411260970308546,1.4411260970308546,-1.4411260970308546,1
attempt_005,551d0fc027a751c2,15.058198908014674,15.058198908014674,-15.058198908014674,1
attempt_005,55252981817e250f,0.61824469399963711,0.61824469399963711,-0.61824469399963711,1
attempt_005,5577861e318d74af,2.2073576519558262,2.2073576519558262,-2.2073576519558262,1
attempt_005,5582cb9c46257d3f,0.87971029153192593,0.87971029153192593,-0.87971029153192593,1
attempt_005,55a45b1a7e315a29,0.27626608802903441,0.27626608802903441,-0.27626608802903441,1
attempt_005,5674726cd475351e,0.65107707208229093,0.65107707208229093,0.65107707208229093,1
attempt_005,57096bbe0d139c10,1.2034574088517442,1.2034574088517442,-1.2034574088517442,1
attempt_005,5743313fef7461b9,0.46403393945096516,0.46403393945096516,-0.46403393945096516,1
attempt_005,575b77816c26e0e3,0.24244929881098365,0.24244929881098365,-0.24244929881098365,1
attempt_005,57a2cd76adbdff08,11.783502188727454,11.783502188727454,-11.783502188727454,1
attempt_005,57dba21aa4802ce4,3.8191894131576518,3.8191894131576518,-3.8191894131576518,1
attempt_005,57fca562822562f4,0,0,0,1
attempt_005,5838e1cafed7ec9e,0.93244229991497996,0.93244229991497996,-0.93244229991497996,1
attempt_005,593484d77afa237a,0.37288758773966979,0.37288758773966979,-0.37288758773966979,1
attempt_005,5a133a263b0eafa6,0.16430562804063698,0.16430562804063698,-0.16430562804063698,1
attempt_005,5a349f6ef74434ea,8.2500908021456425,8.2500908021456425,-8.2500908021456425,1
attempt_005,5ab19c23cd16fc8e,1.1822022428669081,1.1822022428669081,1.1822022428669081,1
attempt_005,5c2dbd440ca8d71e,11.235980614827881,11.235980614827881,-11.235980614827881,1
attempt_005,5c900716768b5f13,64.52906219057293,64.52906219057293,64.52906219057293,1
attempt_005,5cc868e2e9fa7a4f,0.22279283110418069,0.22279283110418069,-0.22279283110418069,1
attempt_005,5d4832277493c656,0.34161530467019041,0.34161530467019041,-0.34161530467019041,1
attempt_005,5de6ca5b3cdb2308,12.556532260594619,12.556532260594619,12.556532260594619,1
attempt_005,5e5cf0838ec04aa7,1.8185598904672702,1.8185598904672702,-1.8185598904672702,1
attempt_005,5e672637ee00da51,6.8493483346709318,6.8493483346709318,-6.8493483346709318,1
attempt_005,5ec3ce50bd1e3f94,0.56354709002733294,0.56354709002733294,-0.56354709002733294,1
attempt_005,5fe4aa4017e3184f,1.0749975266538048,1.0749975266538048,1.0749975266538048,1
attempt_005,609c04e8bbcb8ae9,6.931231494535286,6.931231494535286,-6.931231494535286,1
attempt_005,61512e27503e0c5d,7.8589631813109024,7.8589631813109024,-7.8589631813109024,1
attempt_005,61c859c56cdb9f51,1.4436354751788103,1.4436354751788103,1.4436354751788103,1
attempt_005,62cc364cf8348017,0.32788009054581746,0.32788009054581746,-0.32788009054581746,1
attempt_005,6368e01c89742033,1.7240809752614057,1.7240809752614057,-1.7240809752614057,1
attempt_005,644eca9ea9e3d529,0.29376111852707076,0.29376111852707076,-0.29376111852707076,1
attempt_005,65ed0077d5265519,0.36831760724074325,0.36831760724074325,-0.36831760724074325,1
attempt_005,662f482ba6c543a2,1.4310647542532093,1.4310647542532093,-1.4310647542532093,1
attempt_005,66e5877231ff195b,9.4101909782958053,9.4101909782958053,-9.4101909782958053,1
attempt_005,68dc63126a573982,0.25421688844970713,0.25421688844970713,-0.25421688844970713,1
attempt_005,6953ca6de2032137,1.0850728904387776,1.0850728904387776,-1.0850728904387776,1
attempt_005,6971c4a92f397cd5,0,0,0,1
attempt_005,6a88306079e612a9,0.19910508622345358,0.19910508622345358,-0.19910508622345358,1
attempt_005,6b76a5f61943c0d6,0.42590096942364752,0.42590096942364752,-0.42590096942364752,1
attempt_005,6b9cd1f5e2eb5104,0,0,0,1
attempt_005,6e0769094a37b3aa,0.30909736136623422,0.30909736136623422,-0.30909736136623422,1
attempt_005,6e2efc86d99b4c08,0.073197949027250964,0.073197949027250964,-0.073197949027250964,1
attempt_005,6e9452cd92a1e675,2.3025859930554979,2.3025859930554979,-2.3025859930554979,1
attempt_005,6f1d447affd94478,1.4310647542532093,1.4310647542532093,-1.4310647542532093,1
attempt_005,6fbbd2c83717800c,0.20713848162180337,0.20713848162180337,-0.20713848162180337,1
attempt_005,701114dc9d0a0820,19.289558006812491,19.289558006812491,-19.289558006812491,1
attempt_005,70bf4dd1bfce5642,0.39706730538381096,0.39706730538381096,0.39706730538381096,1
attempt_005,71cc13e1d23971b4,0.24684276208213962,0.24684276208213962,-0.24684276208213962,1
attempt_005,71e32c98a2fa4eb0,0.31549840834831944,0.31549840834831944,-0.31549840834831944,1
attempt_005,722018578611076f,0.28020920623322088,0.28020920623322088,-0.28020920623322088,1
attempt_005,72a5ce3caed949c4,0.47073518710269635,0.47073518710269635,-0.47073518710269635,1
attempt_005,7400cf6ae9f4ad13,0.095307166862231618,0.095307166862231618,-0.095307166862231618,1
attempt_005,74d3c0d02fda4cc0,0,0,0,1
attempt_005,74f95f520284dd1d,0.18230962221496227,0.18230962221496227,-0.18230962221496227,1
attempt_005,7675d8f4d1509a89,0.28374174384187878,0.28374174384187878,-0.28374174384187878,1
attempt_005,76b505a4ce8376ca,0.41073824445413543,0.41073824445413543,-0.41073824445413543,1
attempt_005,7732793724f03849,0,0,0,1
attempt_005,774ecb674fbd485d,0.79873143862477036,0.79873143862477036,-0.79873143862477036,1
attempt_005,775bebce2e8069ea,19.178603729196897,19.178603729196897,-19.178603729196897,1
attempt_005,77dc3be003a0e911,16.624920801315664,16.624920801315664,16.624920801315664,1
attempt_005,78f0601042601c75,19.230854354514264,19.230854354514264,-19.230854354514264,1
attempt_005,794324f96cddac1f,24.627533216062282,24.627533216062282,24.627533216062282,1
attempt_005,7a2fb9613b20a5c1,7.3483176123136609,7.3483176123136609,-7.3483176123136609,1
attempt_005,7a7bd5bcd3e65b33,0.28469242807880546,0.28469242807880546,0.28469242807880546,1
attempt_005,7b857d11d0d32f87,0.19965820916495547,0.19965820916495547,-0.19965820916495547,1
attempt_005,7b8ac553132d3eb1,2.5541239106848863,2.5541239106848863,2.5541239106848863,1
attempt_005,7bf35d4cc299c56b,0.30356406280888848,0.30356406280888848,-0.30356406280888848,1
attempt_005,7c37ba7718ebcbf7,0,0,0,1
attempt_005,7cb10a04d50e0b73,0.35453064816813384,0.35453064816813384,-0.35453064816813384,1
attempt_005,7cc65538b7b35872,0.80551176289411686,0.80551176289411686,-0.80551176289411686,1
attempt_005,7d87536df8bba075,0.33525463658602295,0.33525463658602295,-0.33525463658602295,1
attempt_005,7dd4e5ac7be25901,0,0,0,1
attempt_005,7ef9cf3282aa5cfd,0.74448602313426182,0.74448602313426182,0.74448602313426182,1
attempt_005,7f2c7c8523e00e06,0.14361458125185145,0.14361458125185145,-0.14361458125185145,1
attempt_005,7f9ebb677b1dcde4,12.932125553400876,12.932125553400876,-12.932125553400876,1
attempt_005,7fbb11a095b6c40b,0.56226188815926725,0.56226188815926725,0.56226188815926725,1
attempt_005,7fee598b25d82fec,0.12766308050095887,0.12766308050095887,-0.12766308050095887,1
attempt_005,803469d8a0bf32f3,3.4657329886010544,3.4657329886010544,-3.4657329886010544,1
attempt_005,804f5d131debd233,0.29040819362004822,0.29040819362004822,-0.29040819362004822,1
attempt_005,80587dc3d17518b9,2.016160076597032,2.016160076597032,-2.016160076597032,1
attempt_005,80885573b67f74f6,1.9362609199636083,1.9362609199636083,-1.9362609199636083,1
attempt_005,819a91f09387b7ff,0,0,0,1
attempt_005,824795041aa4023c,2.4190874085621985,2.4190874085621985,-2.4190874085621985,1
attempt_005,82ecf90c792c704a,0.69303002737970942,0.69303002737970942,-0.69303002737970942,1
attempt_005,83468bd36acdbaf3,0.64498460153363624,0.64498460153363624,-0.64498460153363624,1
attempt_005,83e0d91f0a7da434,0.67669379493188409,0.67669379493188409,-0.67669379493188409,1
attempt_005,84a4d6cd0408ab51,1.5691603865412898,1.5691603865412898,-1.5691603865412898,1
attempt_005,850884d44ae6d451,0,0,0,1
attempt_005,853b3dd1c82b2adc,0.41601350717247865,0.41601350717247865,-0.41601350717247865,1
attempt_005,869a59d197773261,0.37481098405325652,0.37481098405325652,-0.37481098405325652,1
attempt_005,86a805d8689d1d5c,3.2595725562629214,3.2595725562629214,-3.2595725562629214,1
attempt_005,870a07402050ea0d,0.65904227478296651,0.65904227478296651,-0.65904227478296651,1
attempt_005,8749b49e6198cc7b,0.48490229819734054,0.48490229819734054,-0.48490229819734054,1
attempt_005,875650fc71625bbe,6.4845229184348945,6.4845229184348945,-6.4845229184348945,1
attempt_005,87685dd4759df27e,0.14102219411079719,0.14102219411079719,-0.14102219411079719,1
attempt_005,87f6ddc717ae5bf5,0,0,0,1
attempt_005,88271d97e49c34db,8.0978952813832805,8.0978952813832805,8.0978952813832805,1
attempt_005,89e30dc84513080c,1.8184464592320668,1.8184464592320668,-1.8184464592320668,1
attempt_005,8ad55d29e7bb93fb,1.5130691009743469,1.5130691009743469,-1.5130691009743469,1
attempt_005,8b1a1a27c8cfb628,3.1895736594348154,3.1895736594348154,-3.1895736594348154,1
attempt_005,8ba775bbe95b51c1,0,0,0,1
attempt_005,8d33226e1a3a5ea9,5.35883950872363,5.35883950872363,5.35883950872363,1
attempt_005,8db8d74ecfc737af,1.9203359196972731,1.9203359196972731,-1.9203359196972731,1
attempt_005,8ef29254fa7b340a,0.2403753918331657,0.2403753918331657,-0.2403753918331657,1
attempt_005,8f002d0cd17056ac,0.0013629217554118611,0.0013629217554118611,-0.0013629217554118611,1
attempt_005,8f5e2c16b9d01e3a,12.09245542597419,12.09245542597419,-12.09245542597419,1
attempt_005,9060c5dd8eede2f8,0.54545118680860138,0.54545118680860138,-0.54545118680860138,1
attempt_005,90de08615b8ba426,0.57527977118091744,0.57527977118091744,-0.57527977118091744,1
attempt_005,926659ee4c06c9d0,1.1901240915820734,1.1901240915820734,-1.1901240915820734,1
attempt_005,93c2df04145acbc4,0.72181773758940515,0.73924212230233488,-0.72181773758940515,2
attempt_005,93d9b97a6d2642a9,7.9982885976544456,7.9982885976544456,-7.9982885976544456,1
attempt_005,93dd6cc67bcd5ec9,0.33168241978587654,0.33168241978587654,-0.33168241978587654,1
attempt_005,94884b8bbcfbd54c,9.3704102539229623,9.3704102539229623,-9.3704102539229623,1
attempt_005,95683f47f0348db3,1.4736708936246625,1.4736708936246625,-1.4736708936246625,1
attempt_005,959d1c9138fdf1fb,7.3272881530555409,7.3272881530555409,-7.3272881530555409,1
attempt_005,95cfdea7778e1671,0.30102251274186731,0.30102251274186731,-0.30102251274186731,1
attempt_005,969aa1f40d6dc66b,0.31224571076718455,0.31224571076718455,-0.31224571076718455,1
attempt_005,96e70b492b6abbf6,3.5556979247173119,3.5556979247173119,-3.5556979247173119,1
attempt_005,97d71db82cd82f0a,71.24836277535303,71.24836277535303,71.24836277535303,1
attempt_005,97e97a387cc1bd1a,0.2422873940955057,0.2422873940955057,-0.2422873940955057,1
attempt_005,99560a9ea3687fe0,3.3085106444060903,3.3085106444060903,3.3085106444060903,1
attempt_005,9a9cbcde4b4d7a22,0.83868573328457252,0.83868573328457252,-0.83868573328457252,1
attempt_005,9abc3d2b01c3cc5c,3.4023066454805946,3.4023066454805946,-3.4023066454805946,1
attempt_005,9ac3107d67e59532,4.4659081186545713,4.4659081186545713,-4.4659081186545713,1
attempt_005,9b55b84321f80b2c,0.51052268534702172,0.51052268534702172,-0.51052268534702172,1
attempt_005,9bde9a7e32be7e05,16.331597192155051,16.331597192155051,-16.331597192155051,1
attempt_005,9cc48a5df92274e0,0.88137358701954305,0.88137358701954305,0.88137358701954305,1
attempt_005,9cd93057cf9c8c00,5.6191277159539759,5.6191277159539759,-5.6191277159539759,1
attempt_005,9e08c4f4702c9176,0.67333339341284537,0.67333339341284537,-0.67333339341284537,1
attempt_005,9e98cf4c5d891d2f,10.22730867160378,10.22730867160378,-10.22730867160378,1
attempt_005,9f3056864543d3f6,0.64961842148830495,0.64961842148830495,-0.64961842148830495,1
attempt_005,9ffa5b2dcb6e0751,0,0,0,1
attempt_005,a0932aefae2399cd,0,0,0,1
attempt_005,a093cd5e9acd6e6e,0,0,0,2
attempt_005,a094e76271214f19,1.8184464592320668,1.8184464592320668,1.8184464592320668,1
attempt_005,a1a947740469afec,0.24357391439774734,0.24357391439774734,-0.24357391439774734,1
attempt_005,a1beaac4ea8de6d2,2.2174326961796389,2.2174326961796389,-2.2174326961796389,1
attempt_005,a1ef3ce7ce07e30c,0.82567430182656221,0.82567430182656221,-0.82567430182656221,1
attempt_005,a26ff951b5ebb4a4,5.1249856391629134,5.1249856391629134,5.1249856391629134,1
attempt_005,a2e55b7bdd61cff3,1.2319118906415047,1.2319118906415047,-1.2319118906415047,1
attempt_005,a313d79fcc230548,0.36240261373615645,0.36240261373615645,-0.36240261373615645,1
attempt_005,a3cf484f0f31b544,9.5819487049683794,9.5819487049683794,-9.5819487049683794,1
attempt_005,a45e00fc8ea9b758,3.206646433285691,3.206646433285691,-3.206646433285691,1
attempt_005,a5b9820ac5bf2964,0.063710636417316557,0.063710636417316557,-0.063710636417316557,1
attempt_005,a7201302014ae6ce,0.418365857105508,0.418365857105508,-0.418365857105508,1
attempt_005,a76377b7caf4b874,0,0,0,1
attempt_005,a7cec19aef0c55cb,0.88137358701954305,0.88137358701954305,-0.88137358701954305,1
attempt_005,a80977c20588518e,4.4309584920805429,4.4309584920805429,-4.4309584920805429,1
attempt_005,a923f2662aceecd7,0.66072944553828528,0.66072944553828528,-0.66072944553828528,1
attempt_005,a940391648d52575,0,0,0,1
attempt_005,a954b31b66e0a0f7,0.41742075806049161,0.41742075806049161,-0.41742075806049161,1
attempt_005,aa3e13a94fa413b0,0.63765267877466858,0.63765267877466858,-0.63765267877466858,1
attempt_005,aa55fc2e591a3eea,0.81764533141198825,0.81764533141198825,-0.81764533141198825,1
attempt_005,aa84024f362acec7,0,0,0,1
attempt_005,aabf9bdb77894078,0.03173270535452577,0.03173270535452577,-0.03173270535452577,1
attempt_005,ab022eca238edc01,0,0,0,1
attempt_005,ab47df57f6b720d7,1.5028673022752819,1.5028673022752819,-1.5028673022752819,1
attempt_005,ab97f4d059715a0f,3.3823099036581716,3.3823099036581716,-3.3823099036581716,1
attempt_005,acdedc1f1f1677b0,0.88137358701954305,0.88137358701954305,0.88137358701954305,1
attempt_005,ad4c95fe80a66847,0.28692560018484592,0.28692560018484592,0.28692560018484592,1
attempt_005,ad5948e192ebc2d4,0.93707287221252378,0.93707287221252378,0.93707287221252378,1
attempt_005,ad5c384a6be364aa,1.903536008385494,1.903536008385494,-1.903536008385494,1
attempt_005,addce88f5927e9b7,2.4613800964748043,2.4613800964748043,-2.4613800964748043,1
attempt_005,addfa722b1bb9b7b,0.93259790923810115,0.93259790923810115,-0.93259790923810115,1
attempt_005,af17f6c68ad40f75,0.27603438014513904,0.27603438014513904,-0.27603438014513904,1
attempt_005,af3eaf7a505d27c2,1.2232050781069606,1.2232050781069606,1.2232050781069606,1
attempt_005,b149944913743077,0,0,0,1
attempt_005,b1e1aebb9420a6c0,4.0811795814385157,4.0811795814385157,4.0811795814385157,1
attempt_005,b3447163870d3003,0.26822560515262062,0.26822560515262062,-0.26822560515262062,1
attempt_005,b3907643507df0f6,2.644120761058629,2.644120761058629,2.644120761058629,1
attempt_005,b3b896fac1db6be4,0.27958820740112955,0.27958820740112955,-0.27958820740112955,1
attempt_005,b3d9d211a865558e,0.57523232903048171,0.57523232903048171,-0.57523232903048171,1
attempt_005,b56f9cdeecf07967,15.02738110422758,15.02738110422758,-15.02738110422758,1
attempt_005,b6d0f65b30088d8a,3.0782712283855114,3.0782712283855114,-3.0782712283855114,1
attempt_005,b76abebbe3871acf,14.936060726607487,14.936060726607487,-14.936060726607487,1
attempt_005,b7712c125a47a1e7,0.15523671007603301,0.15523671007603301,-0.15523671007603301,1
attempt_005,b9bee040d2d25fed,45.825006931503815,45.825006931503815,-45.825006931503815,1
attempt_005,ba5099f54efb4c26,0.88137358701954305,0.88137358701954305,-0.88137358701954305,1
attempt_005,bae03f436761eb2a,1.1101429806478116,1.1101429806478116,-1.1101429806478116,1
attempt_005,bbf26c3d1fe29c0e,0.31799472521470795,0.31799472521470795,-0.31799472521470795,1
attempt_005,bc65c316905e3299,12.100267991034009,12.100267991034009,-12.100267991034009,1
attempt_005,bc8c69f89642761a,0.25264382062531077,0.25264382062531077,-0.25264382062531077,1
attempt_005,bdf713200e425ec5,0.23827089534356816,0.23827089534356816,-0.23827089534356816,1
attempt_005,be81446c1506feab,1.7361499625210686,1.7361499625210686,1.7361499625210686,1
attempt_005,c2654fc1cfab58a2,0.21356862631896156,0.21356862631896156,-0.21356862631896156,1
attempt_005,c30f10739e8124e8,28.90611042462259,28.90611042462259,-28.90611042462259,1
attempt_005,c30f8147441ce11e,0.83737862325630452,0.83737862325630452,-0.83737862325630452,1
attempt_005,c38e374a53377422,0.67333339341284537,0.67333339341284537,-0.67333339341284537,1
attempt_005,c3ab909658d376dc,0,0,0,1
attempt_005,c41b1ac770551769,0.28765451920011831,0.28765451920011831,-0.28765451920011831,1
attempt_005,c46086c612e8f2b6,0.69023875716100713,0.69023875716100713,0.69023875716100713,1
attempt_005,c5c20db2e333e139,3.2927688717596877,3.2927688717596877,3.2927688717596877,1
attempt_005,c5e74c2c8abec09b,7.9118788366343296,7.9118788366343296,-7.9118788366343296,1
attempt_005,c711ba9d88eca132,1.2133389602415581,1.2133389602415581,-1.2133389602415581,1
attempt_005,c79cc278f7af4957,14.627400313675267,14.627400313675267,-14.627400313675267,1
attempt_005,c890452c78a0bde5,3.4084648488865774,3.4084648488865774,-3.4084648488865774,1
attempt_005,c90a2eeb6cfde096,2.616608687281504,2.616608687281504,-2.616608687281504,1
attempt_005,c9725c1b5af63003,0.0067544216762556175,0.0067544216762556175,-0.0067544216762556175,1
attempt_005,c994e67932817306,6.7472185779718323,6.7472185779718323,-6.7472185779718323,1
attempt_005,c9d14f8bba60e13a,20.767373535466099,20.767373535466099,-20.767373535466099,1
attempt_005,cab9196b597deab7,2.2211525118406268,2.2211525118406268,-2.2211525118406268,1
attempt_005,cadebb739ade8eb2,15.766480946786206,15.766480946786206,-15.766480946786206,1
attempt_005,cb9a76267a45a1a0,0,0,0,1
attempt_005,cc15a46e3fb2cc41,0.56226188815926725,0.56226188815926725,-0.56226188815926725,1
attempt_005,cc77959c030f6298,0.93707287221252378,0.93707287221252378,-0.93707287221252378,1
attempt_005,cc986eab7707fc06,0.16383293623629136,0.16383293623629136,-0.16383293623629136,1
attempt_005,cd2ee41e0889e8ef,0.16647036121209435,0.16647036121209435,-0.16647036121209435,1
attempt_005,ce4323960c84143b,0.048732161272637242,0.048732161272637242,-0.048732161272637242,1
attempt_005,ceeed00978253eeb,0.28766097626367415,0.28766097626367415,-0.28766097626367415,1
attempt_005,cfb58633d4457471,1.4436354751788103,1.4436354751788103,-1.4436354751788103,1
attempt_005,cfe227d0711edf8d,1.9552613491959399,1.9552613491959399,-1.9552613491959399,1
attempt_005,d041952963b8157f,3.5485083709148668,3.5485083709148668,-3.5485083709148668,1
attempt_005,d101ae93b8d32b0a,2.2898375553342305,2.2898375553342305,-2.2898375553342305,1
attempt_005,d2d5a35610a062b9,1.2948052385597428,1.2948052385597428,-1.2948052385597428,1
attempt_005,d2ea9c99f1ac2546,7.4151465480316041,7.4151465480316041,-7.4151465480316041,1
attempt_005,d356b8a4cf9170ff,0,0,0,1
attempt_005,d3b5756d7162e9af,0.27477673727869067,0.27477673727869067,-0.27477673727869067,1
attempt_005,d42af5fc7b92600f,0.26234343618711264,0.26234343618711264,-0.26234343618711264,1
attempt_005,d4895ffe41aa47be,0.64932821392100237,0.64932821392100237,-0.64932821392100237,1
attempt_005,d4a82f98e4a4d8f1,0.41511718911830364,0.41511718911830364,-0.41511718911830364,1
attempt_005,d6d99601d2221241,1.2764057877570014,1.2764057877570014,-1.2764057877570014,1
attempt_005,d70688b68979f120,0,0,0,1
attempt_005,d71eacc97f2eac4a,0.82567430182656221,0.82567430182656221,0.82567430182656221,1
attempt_005,d79b513d15f7fd37,0,0,0,1
attempt_005,d7c5ce4f887af943,0.15234090841371684,0.15234090841371684,0.15234090841371684,1
attempt_005,d7fca0b3134a6789,0.35131052444647182,0.35131052444647182,-0.35131052444647182,1
attempt_005,d83cb4267cfd84ca,1.7087779969678989,1.7087779969678989,-1.7087779969678989,1
attempt_005,d84524c950c56654,0.21196319890503013,0.21196319890503013,-0.21196319890503013,1
attempt_005,d8fc0a92c8c4a2fa,0.40543507510182231,0.40543507510182231,-0.40543507510182231,1
attempt_005,d906b69770601071,50.411517776293607,50.411517776293607,-50.411517776293607,1
attempt_005,d92bf76a610332bf,2.2117286080312839,2.2117286080312839,-2.2117286080312839,1
attempt_005,d932087548ae36e5,0.15394637840021463,0.15394637840021463,-0.15394637840021463,1
attempt_005,d98556fd070c0af6,0.88137358701954305,0.88137358701954305,-0.88137358701954305,1
attempt_005,d988e431220e6bc6,0.5463911548420235,0.5463911548420235,-0.5463911548420235,1
attempt_005,d9c550a9c51d35ac,0.57421227989516499,0.57421227989516499,-0.57421227989516499,1
attempt_005,d9df86eb981deb9a,1.2004852858798187,1.2004852858798187,-1.2004852858798187,1
attempt_005,da2b4ba6d53170e0,0.11979679800446696,0.11979679800446696,-0.11979679800446696,1
attempt_005,da678ee16b098ae4,6.9304725159934755,6.9304725159934755,-6.9304725159934755,1
attempt_005,da735e4edd7d8acd,4.8628496827781049,4.8628496827781049,-4.8628496827781049,1
attempt_005,dae5d3492aac2245,0.66258171864179616,0.66258171864179616,-0.66258171864179616,1
attempt_005,db5d643b2f9cbfbf,7.5690107694856223,7.5690107694856223,-7.5690107694856223,1
attempt_005,dbb0e6a5907e83b0,5.7649185230359024,5.7649185230359024,-5.7649185230359024,1
attempt_005,dc5b79abd8c32051,5.21577113659208,5.21577113659208,-5.21577113659208,1
attempt_005,dc7b1c1d814df24f,6.643728228285628,6.643728228285628,-6.643728228285628,1
attempt_005,dd94c5772508af28,15.948861391695765,15.948861391695765,-15.948861391695765,1
attempt_005,ddd85b09690827da,2.7457700088792745,2.7457700088792745,-2.7457700088792745,1
attempt_005,ddfc9b179bfb76be,0.67294151449761941,0.67294151449761941,-0.67294151449761941,1
attempt_005,de09337452e20032,0.38340527787836098,0.38340527787836098,-0.38340527787836098,1
attempt_005,de12f87c6958e38e,0.1793415113721597,0.1793415113721597,-0.1793415113721597,1
attempt_005,deeae8883055b9ee,0.49215320135877549,0.49215320135877549,0.49215320135877549,1
attempt_005,def460708ba7b0ef,1.0446751019866349,1.0446751019866349,1.0446751019866349,1
attempt_005,df336a0a88d676b9,0.40537833192831219,0.40537833192831219,-0.40537833192831219,1
attempt_005,df5f216d2d4a9851,0,0,0,1
attempt_005,df8a6c6dd3f3b262,0.15867557199810278,0.15867557199810278,-0.15867557199810278,1
attempt_005,dfbe713e68cc63a9,0,0,0,1
attempt_005,dfeaa1f16aba9b2c,0,0,0,4
attempt_005,e0096fe5c74ff63f,0.28469242807880546,0.28469242807880546,0.28469242807880546,1
attempt_005,e02e29b116c658e8,1.6485081906220111,1.6485081906220111,-1.6485081906220111,1
attempt_005,e16408e569859d83,0.26466896740581092,0.26466896740581092,-0.26466896740581092,1
attempt_005,e4876602e9ba0f2e,0.27567918695927229,0.27567918695927229,-0.27567918695927229,1
attempt_005,e586ddcbc365c334,1.378394029075019,1.378394029075019,-1.378394029075019,1
attempt_005,e6831a831160cb9f,3.9124227656412556,3.9124227656412556,-3.9124227656412556,1
attempt_005,e6e4ce0035fb36ab,1.0307345898361859,1.0307345898361859,-1.0307345898361859,1
attempt_005,e7efeb7dc8836c4b,0,0,0,1
attempt_005,e817fe65c2fb9bb3,5.1849690385888501,5.1849690385888501,-5.1849690385888501,1
attempt_005,e827c21b034c420b,0.7084664821758091,0.7084664821758091,-0.7084664821758091,1
attempt_005,e94bf0263935b271,0,0,0,1
attempt_005,ea9379eb339d6cbc,0.27746146578437791,0.27746146578437791,-0.27746146578437791,1
attempt_005,eab20b0f46956346,0.91303158826518782,0.91303158826518782,-0.91303158826518782,1
attempt_005,eb3b940724dc982d,1.648264578652658,1.648264578652658,-1.648264578652658,1
attempt_005,ec2067430ff6fb6e,0.59821980942926256,0.59821980942926256,-0.59821980942926256,1
attempt_005,ecad917fe0f8bc30,1.8184464592320668,1.8184464592320668,-1.8184464592320668,1
attempt_005,ed763ab2ba3e0068,0.10521421712757739,0.10521421712757739,-0.10521421712757739,1
attempt_005,eeb9a817e031fe66,0.37481098405325652,0.37481098405325652,0.37481098405325652,1
attempt_005,ef0516d41dbfe437,0.33080773093940152,0.33080773093940152,-0.33080773093940152,1
attempt_005,ef18835f55ee60f5,0.5984139055073836,0.5984139055073836,-0.5984139055073836,1
attempt_005,ef19e6cd14447306,0.33525463658602295,0.33525463658602295,-0.33525463658602295,1
attempt_005,ef2fd0959fcb438f,3.3334775868839928,3.3334775868839928,3.3334775868839928,1
attempt_005,efd621027b9eee3c,2.1874947629915376,2.1874947629915376,2.1874947629915376,1
attempt_005,f018b597d7955bde,2.3286079051334001,2.3286079051334001,-2.3286079051334001,1
attempt_005,f16ea570bc36c50a,0,0,0,1
attempt_005,f182ea2ef1d4b772,37.629034324460271,37.629034324460271,37.629034324460271,1
attempt_005,f197a4dda8f05c9d,0.15234090841371684,0.15234090841371684,-0.15234090841371684,1
attempt_005,f20d81ce18b75a1c,0.24774080047153468,0.24774080047153468,-0.24774080047153468,1
attempt_005,f28d6630733894f3,0,0,0,1
attempt_005,f291f9c50ad08615,0.11697170516215394,0.11697170516215394,-0.11697170516215394,1
attempt_005,f2f434168325f484,0.33168241978587654,0.33168241978587654,0.33168241978587654,1
attempt_005,f3118a80b16b514c,4.0769621525052351,4.0769621525052351,-4.0769621525052351,1
attempt_005,f379f2a83d8b1d5e,10.128694424107259,10.128694424107259,10.128694424107259,1
attempt_005,f3d6f4c526ee2045,0,0,0,1
attempt_005,f4124699649b4a4a,0.30916406397602358,0.30916406397602358,-0.30916406397602358,1
attempt_005,f4f0befaa83096bf,18.497049322350545,18.497049322350545,-18.497049322350545,1
attempt_005,f52bb8e676e21112,0.81635306171727073,0.81635306171727073,-0.81635306171727073,1
attempt_005,f60ce72c8a83d154,2.087901681566855,2.087901681566855,-2.087901681566855,1
attempt_005,f6f7080c144e2394,0.11279268243933771,0.11279268243933771,-0.11279268243933771,1
attempt_005,f7374c8beb60288c,0.68175973346261642,0.68175973346261642,-0.68175973346261642,1
attempt_005,f7417f2e9fa24db6,3.1123272663354067,3.1123272663354067,-3.1123272663354067,1
attempt_005,f770391e972a9774,0,0,0,1
attempt_005,f83f515f4a1662ef,1.1862066069415675,1.1862066069415675,-1.1862066069415675,1
attempt_005,f91bd836fd72ca30,2.4917798526449122,2.4917798526449122,2.4917798526449122,1
attempt_005,fbad90682526646a,0.21497166363039888,0.21497166363039888,-0.21497166363039888,1
attempt_005,fcc34d7bb321a7ba,0,0,0,1
attempt_005,fcd157d7ad16d9bd,17.352684784139043,17.352684784139043,-17.352684784139043,1
attempt_005,fd55c8719d3332f2,4.7420109796572341,4.7420109796572341,-4.7420109796572341,1
attempt_005,fde73a5d26460ac7,0.287679010577647,0.287679010577647,-0.287679010577647,1
attempt_005,fe6c690122c7f47b,0.21497166363039888,0.21497166363039888,-0.21497166363039888,1
attempt_005,fe8bb0245e97303e,1.1630881542089586,1.1630881542089586,-1.1630881542089586,1
attempt_005,ff8c002895cc55c0,0.88137358701954305,0.88137358701954305,-0.88137358701954305,1
attempt_006,0044728bdcee1ccc,10.497272081073373,10.497272081073373,-10.497272081073373,1
attempt_006,00e091d496483091,11.51292546497023,11.51292546497023,-11.51292546497023,1
attempt_006,0146b78ef57bcf64,8.5251614004330101,8.5251614004330101,8.5251614004330101,1
attempt_006,02185b833b3f7e46,0.73544951328943498,0.73544951328943498,-0.73544951328943498,1
attempt_006,0283464d5a77682d,4.4561805834499442,4.4561805834499442,-4.4561805834499442,1
attempt_006,02aba283d0ede168,0.027149876981404475,0.027149876981404475,0.027149876981404475,1
attempt_006,02bd54a445c388f7,20.999601802582148,20.999601802582148,20.999601802582148,1
attempt_006,03412985653e34db,2.1168493632784267,2.1168493632784267,-2.1168493632784267,1
attempt_006,0370362548b1f471,10.508201295782683,10.508201295782683,-10.508201295782683,1
attempt_006,0375e8560a077d47,1.8103617160018808,1.8103617160018808,-1.8103617160018808,1
attempt_006,042fa975ca684d3b,1.2920533116033823,1.2920533116033823,-1.2920533116033823,1
attempt_006,044ca752d5c4c86b,14.261234503755809,14.261234503755809,14.261234503755809,1
attempt_006,04c8fa09cc1795b2,3.9124227656412556,3.9124227656412556,-3.9124227656412556,1
attempt_006,0561fe7b34c8f921,2.4366868777783797,2.4366868777783797,-2.4366868777783797,1
attempt_006,057e4c1e204474c3,11.020299890437069,11.020299890437069,-11.020299890437069,1
attempt_006,05b8808be1811f88,0.33195512617608447,0.33195512617608447,-0.33195512617608447,1
attempt_006,05d1421f3aa676b3,1.1192315752649833,1.1192315752649833,-1.1192315752649833,1
attempt_006,0809681d790ac577,0.46403393945096516,0.46403393945096516,0.46403393945096516,1
attempt_006,088744d8857214d3,0,0,0,1
attempt_006,095c0657286c2670,1.3843637266532598,1.3843637266532598,1.3843637266532598,1
attempt_006,0a3723be6d7e8015,0.27626608802903441,0.27626608802903441,0.27626608802903441,1
attempt_006,0aabeaa122622902,0,0,0,1
attempt_006,0abe8ddbdc76674c,15.164071580965945,15.164071580965945,-15.164071580965945,1
attempt_006,0b1839302dfbecd9,0,0,0,1
attempt_006,0b7552228582926d,1.610406265625369,1.610406265625369,-1.610406265625369,1
attempt_006,0bd468a4feb458c4,0,0,0,1
attempt_006,0c2effcd2d76718c,0.41106972002291542,0.41106972002291542,-0.41106972002291542,1
attempt_006,0c2f0383d85e77d7,0.11947638167483454,0.11947638167483454,-0.11947638167483454,1
attempt_006,0c5258397f981059,0.66200452198456716,0.66200452198456716,-0.66200452198456716,1
attempt_006,0cbfa12424d7c0c3,0.66048271879639842,0.66048271879639842,-0.66048271879639842,1
attempt_006,0d1a69478606100d,0.10107540549911231,0.10107540549911231,-0.10107540549911231,1
attempt_006,0d3017d562dd4eca,0.83183493176217205,0.83183493176217205,-0.83183493176217205,1
attempt_006,0dfbf7a8aa92ea87,1.610406265625369,1.610406265625369,-1.610406265625369,1
attempt_006,0e9128d223e92278,0.56226188815926725,0.56226188815926725,-0.56226188815926725,1
attempt_006,0ef764903b18785f,1.2623341473014005,1.2623341473014005,1.2623341473014005,1
attempt_006,0f0d8322e9518056,0,0,0,1
attempt_006,0fa7cdbf435011ab,0.47964509084685236,0.47964509084685236,-0.47964509084685236,1
attempt_006,103dc8054c6809aa,0.49399188204068567,0.49399188204068567,-0.49399188204068567,1
attempt_006,105e5b4c72ffcebb,2.664137012510281,2.664137012510281,-2.664137012510281,1
attempt_006,1076838c0f3dff77,0.25488936368770521,0.25488936368770521,-0.25488936368770521,1
attempt_006,108245ab6eece39e,0.34424620133006911,0.34424620133006911,-0.34424620133006911,1
attempt_006,10e78ebbadf09b69,6.2963062735678434,6.2963062735678434,-6.2963062735678434,1
attempt_006,111aa3492a976cda,1.0060377728001324,1.0060377728001324,-1.0060377728001324,1
attempt_006,12039dda732972c5,1.595924050418593,1.595924050418593,-1.595924050418593,1
attempt_006,1247538925d32f08,0.58750265945940683,0.58750265945940683,-0.58750265945940683,1
attempt_006,1252c2ac6a2921d9,1.4631096399378478,1.4631096399378478,-1.4631096399378478,1
attempt_006,1253cd5ffd2eea4f,0.63856404304030168,0.63856404304030168,-0.63856404304030168,1
attempt_006,12d41fc28379e309,5.4494073221196757,5.4494073221196757,-5.4494073221196757,1
attempt_006,1327399555209d45,2.4009472335206343,2.4009472335206343,-2.4009472335206343,1
attempt_006,1328f931a3bb25ee,0,0,0,1
attempt_006,143fa8c15e434cb8,3.4657575272907852,3.4657575272907852,-3.4657575272907852,1
attempt_006,1453410305cd22f0,0.054067160248648882,0.054067160248648882,-0.054067160248648882,1
attempt_006,1753d7d5cddf0205,0.63686350756704613,0.63686350756704613,-0.63686350756704613,1
attempt_006,1788df09936827c0,0.28469242807880546,0.28469242807880546,0.28469242807880546,1
attempt_006,188e0096a622bc46,0.88137358701954305,0.88137358701954305,-0.88137358701954305,1
attempt_006,1948a9145ba02cd7,2.0178719121711666,2.0178719121711666,-2.0178719121711666,1
attempt_006,1954fa2200741c60,3.3673256742168176,3.3673256742168176,3.3673256742168176,1
attempt_006,19733e25b3773af3,5.3884151545906214,5.3884151545906214,-5.3884151545906214,1
attempt_006,19923d2aee3257bc,1.0210119358271026,1.0210119358271026,-1.0210119358271026,1
attempt_006,1a0bb13d9a5d9fa6,0,0,0,1
attempt_006,1a21a2ceabaea267,5.4253027972673671,5.4253027972673671,-5.4253027972673671,1
attempt_006,1a2688ab9e47122d,0.33261869825340717,0.33261869825340717,-0.33261869825340717,1
attempt_006,1befd0176d6f5fd4,0.68175973346261642,0.68175973346261642,0.68175973346261642,1
attempt_006,1c6063eeac7eb829,0,0,0,1
attempt_006,1c802bcdb8f3c632,5.9232372967595879,5.9232372967595879,-5.9232372967595879,1
attempt_006,1cbf433a4455aa2a,0.36098634632126281,0.36098634632126281,-0.36098634632126281,1
attempt_006,1d750c20f57af221,2.4917798526449122,2.4917798526449122,-2.4917798526449122,1
attempt_006,1e739b9ecad69152,0.43789056028274898,0.43789056028274898,-0.43789056028274898,1
attempt_006,1e84ebc58b8d107b,0,0,0,1
attempt_006,1f93720697ffc181,1.8184464592320668,1.8184464592320668,1.8184464592320668,1
attempt_006,200bb64dedd145f0,0.15389178002615189,0.15389178002615189,-0.15389178002615189,1
attempt_006,20270d91433a73e1,0.81642055804808855,0.81642055804808855,-0.81642055804808855,1
attempt_006,205c8bc6fa0cd419,0.65107707208229093,0.65107707208229093,-0.65107707208229093,1
attempt_006,20b6e06fb3db908c,1.7627471740390859,1.7627471740390859,1.7627471740390859,1
attempt_006,20d4786362ff7b63,0,0,0,1
attempt_006,22526e47fc6d1c22,0.37481098405325652,0.37481098405325652,-0.37481098405325652,1
attempt_006,228b38b5be777338,0,0,0,1
attempt_006,2315ab7c0c4098bc,0.37481098405325652,0.37481098405325652,0.37481098405325652,1
attempt_006,239ae2c28321e638,0.32708804778885536,0.32708804778885536,-0.32708804778885536,1
attempt_006,2456848abac304dd,0.4469349240429743,0.4469349240429743,-0.4469349240429743,1
attempt_006,24a3aea72050ec55,0.33843068250507446,0.33843068250507446,-0.33843068250507446,1
attempt_006,24a688e4791749fb,3.2227017660383943,3.2227017660383943,-3.2227017660383943,1
attempt_006,24dcd59e5f044eaf,0.27746146578437791,0.27746146578437791,-0.27746146578437791,1
attempt_006,251a21f8679ea430,0.17431167891088073,0.17431167891088073,-0.17431167891088073,1
attempt_006,25642a0f403458cc,5.2678277723028621,5.2678277723028621,-5.2678277723028621,1
attempt_006,276ee3d020155083,0.19050625203239058,0.19050625203239058,-0.19050625203239058,1
attempt_006,2811bd29ede210eb,0.27900988493836998,0.27900988493836998,-0.27900988493836998,1
attempt_006,288d02d8da16c44a,2.2187159241545782,2.2187159241545782,-2.2187159241545782,1
attempt_006,28c7ce4eb54cee7e,0,0,0,1
attempt_006,292d3a65a36e4173,1.5886368200457563,1.5886368200457563,-1.5886368200457563,1
attempt_006,29951084393af017,2.778906655813727,2.778906655813727,-2.778906655813727,1
attempt_006,2b1215df9415c4ba,4.8121182248551495,4.8121182248551495,-4.8121182248551495,1
attempt_006,2b41a785877b71ea,0.37481098405325652,0.37481098405325652,-0.37481098405325652,1
attempt_006,2b5c74a3261e6390,7.774945613420055,7.774945613420055,-7.774945613420055,1
attempt_006,2ba65bf42eb08605,0.95802582149165083,0.95802582149165083,0.95802582149165083,1
attempt_006,2bc6e555e9164bb6,0.18687574778915472,0.18687574778915472,-0.18687574778915472,1
attempt_006,2c04b6461f2a0f70,5.8916669361838414,5.8916669361838414,-5.8916669361838414,1
attempt_006,2cc152e27584ae06,0.19655676424894075,0.19655676424894075,-0.19655676424894075,1
attempt_006,2d9fd3908b46f903,0.17543479551618457,0.17543479551618457,-0.17543479551618457,1
attempt_006,2e975705981d73d4,2.0947125472611012,2.0947125472611012,2.0947125472611012,1
attempt_006,2ef727fd55a311e9,2.3124383412727525,2.3124383412727525,-2.3124383412727525,1
attempt_006,2f4b3618f17ab9f1,0.21497166363039888,0.21497166363039888,0.21497166363039888,1
attempt_006,2fea6d395fbcb322,0.56226188815926725,0.56226188815926725,-0.56226188815926725,1
attempt_006,30cd40b5db1a9d5a,5.3710946290317949,5.3710946290317949,-5.3710946290317949,1
attempt_006,31003a5fec847475,7.1769986319563976,7.1769986319563976,-7.1769986319563976,1
attempt_006,3172245156716229,3.0696021221199654,3.0696021221199654,-3.0696021221199654,1
attempt_006,32e515b6710947df,3.4658469459861028,3.4658469459861028,-3.4658469459861028,1
attempt_006,338aaf7bd51bc4eb,5.9985207902938598,5.9985207902938598,-5.9985207902938598,1
attempt_006,33bd1dfc2fd11b1c,0.64005501193156888,0.64005501193156888,0.64005501193156888,1
attempt_006,346e22483b4bd8ee,0.50971843128902661,0.50971843128902661,-0.50971843128902661,1
attempt_006,34d56de6e80be715,3.3673256742168176,3.3673256742168176,3.3673256742168176,1
attempt_006,35a0f646aeff2f25,2.1145015849941711,2.1145015849941711,-2.1145015849941711,1
attempt_006,3609782e0c57034c,0.47665185795791842,0.47665185795791842,-0.47665185795791842,1
attempt_006,37e39e4b052ed45e,59.637759594912012,59.637759594912012,-59.637759594912012,1
attempt_006,380042f4d4a23ee5,0.053988310368210612,0.053988310368210612,0.053988310368210612,1
attempt_006,380b6b083e82f720,0.25111523501711552,0.25111523501711552,-0.25111523501711552,1
attempt_006,385e3389ccbdab7a,2.6653979600009823,2.6653979600009823,-2.6653979600009823,1
attempt_006,38ec5e2a9b2e3457,4.5970519222599329,4.5970519222599329,-4.5970519222599329,1
attempt_006,390e7182b657d51d,0.27521632571643195,0.27521632571643195,-0.27521632571643195,1
attempt_006,397f3fe0c8ab4b5d,0.32619128919615914,0.32619128919615914,-0.32619128919615914,1
attempt_006,3ad58a03f9e9766a,1.0811905883910757,1.0811905883910757,-1.0811905883910757,1
attempt_006,3baddea31857633e,1.610406265625369,1.610406265625369,1.610406265625369,1
attempt_006,3bdcc142d2c817b0,0,0,0,1
attempt_006,3c35e6e2f32c33be,0.43341652108507756,0.43341652108507756,-0.43341652108507756,1
attempt_006,3c5dd7b0279c4f63,0.048732161272637242,0.048732161272637242,-0.048732161272637242,1
attempt_006,3d17e2aeb88c0753,0.81831032350422817,0.81831032350422817,-0.81831032350422817,1
attempt_006,3d3e9f9b492bc8e8,0.70733027067480059,0.70733027067480059,-0.70733027067480059,1
attempt_006,3d7f4c82ccf162c2,0.5443380896116583,0.5443380896116583,-0.5443380896116583,1
attempt_006,3efdc924d43cf197,5.2894499484812663,5.2894499484812663,-5.2894499484812663,1
attempt_006,40000e849af4d88b,0.33633626775001257,0.33633626775001257,-0.33633626775001257,1
attempt_006,40fca366c650a1dd,1.2869534612287721,1.2869534612287721,-1.2869534612287721,1
attempt_006,4166b38a95a2e178,0.28753215863866233,0.28753215863866233,-0.28753215863866233,1
attempt_006,41ae88c2a2d3b667,0.28368531490474957,0.28368531490474957,-0.28368531490474957,1
attempt_006,41de3083151e616d,0.64513383521071566,0.64513383521071566,0.64513383521071566,1
attempt_006,42146998b3ee116c,7.025329039733144,7.025329039733144,-7.025329039733144,1
attempt_006,42dd04a53780a973,5.7088560937796551,5.7088560937796551,-5.7088560937796551,1
attempt_006,42eae62218510290,1.6094372457681549,1.6094372457681549,-1.6094372457681549,1
attempt_006,431af725e9d9cf36,0.56226188815926725,0.56226188815926725,-0.56226188815926725,1
attempt_006,437a97355e1b5d17,0.48911646704211575,0.48911646704211575,0.48911646704211575,1
attempt_006,43ea69d95437dcc1,0.20270099365531546,0.20270099365531546,-0.20270099365531546,1
attempt_006,43fb8cf7dda6679e,0,0,0,1
attempt_006,44c58ea28b3c982a,2.9915632064265552,2.9915632064265552,-2.9915632064265552,1
attempt_006,45371da82072a708,0.1367544913380554,0.1367544913380554,-0.1367544913380554,1
attempt_006,4541655e38bbd696,1.7689473864085627,1.7689473864085627,-1.7689473864085627,1
attempt_006,45ec8a19f45ae9e9,0.65107707208229093,0.65107707208229093,0.65107707208229093,1
attempt_006,464fe77cb548d241,0.31287038403526957,0.31287038403526957,-0.31287038403526957,1
attempt_006,46d2ba8408ced4a5,1.2133389602415581,1.2133389602415581,-1.2133389602415581,1
attempt_006,48293e9d39532b81,25.864308360238606,25.864308360238606,25.864308360238606,1
attempt_006,48c67edc36fc5736,0.1857090701181594,0.1857090701181594,-0.1857090701181594,1
attempt_006,496a8a3eddea172e,0,0,0,1
attempt_006,49d1ffd2779d9063,0.79873143862477036,0.79873143862477036,-0.79873143862477036,1
attempt_006,4b6da16826bf9fab,0.48033455142386217,0.48033455142386217,-0.48033455142386217,1
attempt_006,4b9e18e8d3a764da,1.4310647542532093,1.4310647542532093,-1.4310647542532093,1
attempt_006,4bdf7d70c7425250,0.65836711562648187,0.65836711562648187,-0.65836711562648187,1
attempt_006,4ccf90cb21ac1f22,1.6826595439809751,1.6826595439809751,-1.6826595439809751,1
attempt_006,4da86be7c0ed4685,1.8589953235048462,1.8589953235048462,-1.8589953235048462,1
attempt_006,4e67d68dd4a36262,1.1168848870875978,1.1168848870875978,-1.1168848870875978,1
attempt_006,4e6985d31075e24a,0,0,0,1
attempt_006,4ea0cf4c51b1dbd8,0.056087014063784579,0.056087014063784579,0.056087014063784579,1
attempt_006,509f66fdddeb6bb7,0.28307011424055073,0.28307011424055073,-0.28307011424055073,1
attempt_006,50c2fc8fc1733d8a,1.2023383960501013,1.2023383960501013,-1.2023383960501013,1
attempt_006,526424c6c7ba50de,8.9801560427582814,8.9801560427582814,-8.9801560427582814,1
attempt_006,5291299139a2a507,0,0,0,1
attempt_006,530bc5a858c7d4b4,0.19965820916495547,0.19965820916495547,0.19965820916495547,1
attempt_006,53ad740cce42e97c,1.4411260970308546,1.4411260970308546,-1.4411260970308546,1
attempt_006,551d0fc027a751c2,15.058198908014674,15.058198908014674,-15.058198908014674,1
attempt_006,55252981817e250f,0.61824469399963711,0.61824469399963711,-0.61824469399963711,1
attempt_006,5577861e318d74af,2.2073576519558262,2.2073576519558262,-2.2073576519558262,1
attempt_006,5582cb9c46257d3f,0.87971029153192593,0.87971029153192593,-0.87971029153192593,1
attempt_006,55a45b1a7e315a29,0.27626608802903441,0.27626608802903441,-0.27626608802903441,1
attempt_006,5674726cd475351e,0.65107707208229093,0.65107707208229093,0.65107707208229093,1
attempt_006,57096bbe0d139c10,1.2034574088517442,1.2034574088517442,-1.2034574088517442,1
attempt_006,5743313fef7461b9,0.46403393945096516,0.46403393945096516,-0.46403393945096516,1
attempt_006,575b77816c26e0e3,0.24244929881098365,0.24244929881098365,-0.24244929881098365,1
attempt_006,57a2cd76adbdff08,11.783502188727454,11.783502188727454,-11.783502188727454,1
attempt_006,57dba21aa4802ce4,3.8191894131576518,3.8191894131576518,-3.8191894131576518,1
attempt_006,57fca562822562f4,0,0,0,1
attempt_006,5838e1cafed7ec9e,0.93244229991497996,0.93244229991497996,-0.93244229991497996,1
attempt_006,593484d77afa237a,0.37288758773966979,0.37288758773966979,-0.37288758773966979,1
attempt_006,5a133a263b0eafa6,0.16430562804063698,0.16430562804063698,-0.16430562804063698,1
attempt_006,5a349f6ef74434ea,8.2500908021456425,8.2500908021456425,-8.2500908021456425,1
attempt_006,5ab19c23cd16fc8e,1.1822022428669081,1.1822022428669081,1.1822022428669081,1
attempt_006,5c2dbd440ca8d71e,11.235980614827881,11.235980614827881,-11.235980614827881,1
attempt_006,5c900716768b5f13,64.52906219057293,64.52906219057293,64.52906219057293,1
attempt_006,5cc868e2e9fa7a4f,0.22279283110418069,0.22279283110418069,-0.22279283110418069,1
attempt_006,5d4832277493c656,0.34161530467019041,0.34161530467019041,-0.34161530467019041,1
attempt_006,5de6ca5b3cdb2308,12.556532260594619,12.556532260594619,12.556532260594619,1
attempt_006,5e5cf0838ec04aa7,1.8185598904672702,1.8185598904672702,-1.8185598904672702,1
attempt_006,5e672637ee00da51,6.8493483346709318,6.8493483346709318,-6.8493483346709318,1
attempt_006,5ec3ce50bd1e3f94,0.56354709002733294,0.56354709002733294,-0.56354709002733294,1
attempt_006,5fe4aa4017e3184f,1.0749975266538048,1.0749975266538048,1.0749975266538048,1
attempt_006,609c04e8bbcb8ae9,6.931231494535286,6.931231494535286,-6.931231494535286,1
attempt_006,61512e27503e0c5d,7.8589631813109024,7.8589631813109024,-7.8589631813109024,1
attempt_006,61c859c56cdb9f51,1.4436354751788103,1.4436354751788103,1.4436354751788103,1
attempt_006,62cc364cf8348017,0.32788009054581746,0.32788009054581746,-0.32788009054581746,1
attempt_006,6368e01c89742033,1.7240809752614057,1.7240809752614057,-1.7240809752614057,1
attempt_006,644eca9ea9e3d529,0.29376111852707076,0.29376111852707076,-0.29376111852707076,1
attempt_006,65ed0077d5265519,0.36831760724074325,0.36831760724074325,-0.36831760724074325,1
attempt_006,662f482ba6c543a2,1.4310647542532093,1.4310647542532093,-1.4310647542532093,1
attempt_006,66e5877231ff195b,9.4101909782958053,9.4101909782958053,-9.4101909782958053,1
attempt_006,68dc63126a573982,0.25421688844970713,0.25421688844970713,-0.25421688844970713,1
attempt_006,6953ca6de2032137,1.0850728904387776,1.0850728904387776,-1.0850728904387776,1
attempt_006,6971c4a92f397cd5,0,0,0,1
attempt_006,6a88306079e612a9,0.19910508622345358,0.19910508622345358,-0.19910508622345358,1
attempt_006,6b76a5f61943c0d6,0.42590096942364752,0.42590096942364752,-0.42590096942364752,1
attempt_006,6b9cd1f5e2eb5104,0,0,0,1
attempt_006,6e0769094a37b3aa,0.30909736136623422,0.30909736136623422,-0.30909736136623422,1
attempt_006,6e2efc86d99b4c08,0.073197949027250964,0.073197949027250964,-0.073197949027250964,1
attempt_006,6e9452cd92a1e675,2.3025859930554979,2.3025859930554979,-2.3025859930554979,1
attempt_006,6f1d447affd94478,1.4310647542532093,1.4310647542532093,-1.4310647542532093,1
attempt_006,6fbbd2c83717800c,0.20713848162180337,0.20713848162180337,-0.20713848162180337,1
attempt_006,701114dc9d0a0820,19.289558006812491,19.289558006812491,-19.289558006812491,1
attempt_006,70bf4dd1bfce5642,0.39706730538381096,0.39706730538381096,0.39706730538381096,1
attempt_006,71cc13e1d23971b4,0.24684276208213962,0.24684276208213962,-0.24684276208213962,1
attempt_006,71e32c98a2fa4eb0,0.31549840834831944,0.31549840834831944,-0.31549840834831944,1
attempt_006,722018578611076f,0.28020920623322088,0.28020920623322088,-0.28020920623322088,1
attempt_006,72a5ce3caed949c4,0.47073518710269635,0.47073518710269635,-0.47073518710269635,1
attempt_006,7400cf6ae9f4ad13,0.095307166862231618,0.095307166862231618,-0.095307166862231618,1
attempt_006,74d3c0d02fda4cc0,0,0,0,1
attempt_006,74f95f520284dd1d,0.18230962221496227,0.18230962221496227,-0.18230962221496227,1
attempt_006,7675d8f4d1509a89,0.28374174384187878,0.28374174384187878,-0.28374174384187878,1
attempt_006,76b505a4ce8376ca,0.41073824445413543,0.41073824445413543,-0.41073824445413543,1
attempt_006,7732793724f03849,0,0,0,1
attempt_006,774ecb674fbd485d,0.79873143862477036,0.79873143862477036,-0.79873143862477036,1
attempt_006,775bebce2e8069ea,19.178603729196897,19.178603729196897,-19.178603729196897,1
attempt_006,77dc3be003a0e911,16.624920801315664,16.624920801315664,16.624920801315664,1
attempt_006,78f0601042601c75,19.230854354514264,19.230854354514264,-19.230854354514264,1
attempt_006,794324f96cddac1f,24.627533216062282,24.627533216062282,24.627533216062282,1
attempt_006,7a2fb9613b20a5c1,7.3483176123136609,7.3483176123136609,-7.3483176123136609,1
attempt_006,7a7bd5bcd3e65b33,0.28469242807880546,0.28469242807880546,0.28469242807880546,1
attempt_006,7b857d11d0d32f87,0.19965820916495547,0.19965820916495547,-0.19965820916495547,1
attempt_006,7b8ac553132d3eb1,2.5541239106848863,2.5541239106848863,2.5541239106848863,1
attempt_006,7bf35d4cc299c56b,0.30356406280888848,0.30356406280888848,-0.30356406280888848,1
attempt_006,7c37ba7718ebcbf7,0,0,0,1
attempt_006,7cb10a04d50e0b73,0.35453064816813384,0.35453064816813384,-0.35453064816813384,1
attempt_006,7cc65538b7b35872,0.80551176289411686,0.80551176289411686,-0.80551176289411686,1
attempt_006,7d87536df8bba075,0.33525463658602295,0.33525463658602295,-0.33525463658602295,1
attempt_006,7dd4e5ac7be25901,0,0,0,1
attempt_006,7ef9cf3282aa5cfd,0.74448602313426182,0.74448602313426182,0.74448602313426182,1
attempt_006,7f2c7c8523e00e06,0.14361458125185145,0.14361458125185145,-0.14361458125185145,1
attempt_006,7f9ebb677b1dcde4,12.932125553400876,12.932125553400876,-12.932125553400876,1
attempt_006,7fbb11a095b6c40b,0.56226188815926725,0.56226188815926725,0.56226188815926725,1
attempt_006,7fee598b25d82fec,0.12766308050095887,0.12766308050095887,-0.12766308050095887,1
attempt_006,803469d8a0bf32f3,3.4657329886010544,3.4657329886010544,-3.4657329886010544,1
attempt_006,804f5d131debd233,0.29040819362004822,0.29040819362004822,-0.29040819362004822,1
attempt_006,80587dc3d17518b9,2.016160076597032,2.016160076597032,-2.016160076597032,1
attempt_006,80885573b67f74f6,1.9362609199636083,1.9362609199636083,-1.9362609199636083,1
attempt_006,819a91f09387b7ff,0,0,0,1
attempt_006,824795041aa4023c,2.4190874085621985,2.4190874085621985,-2.4190874085621985,1
attempt_006,82ecf90c792c704a,0.69303002737970942,0.69303002737970942,-0.69303002737970942,1
attempt_006,83468bd36acdbaf3,0.64498460153363624,0.64498460153363624,-0.64498460153363624,1
attempt_006,83e0d91f0a7da434,0.67669379493188409,0.67669379493188409,-0.67669379493188409,1
attempt_006,84a4d6cd0408ab51,1.5691603865412898,1.5691603865412898,-1.5691603865412898,1
attempt_006,850884d44ae6d451,0,0,0,1
attempt_006,853b3dd1c82b2adc,0.41601350717247865,0.41601350717247865,-0.41601350717247865,1
attempt_006,869a59d197773261,0.37481098405325652,0.37481098405325652,-0.37481098405325652,1
attempt_006,86a805d8689d1d5c,3.2595725562629214,3.2595725562629214,-3.2595725562629214,1
attempt_006,870a07402050ea0d,0.65904227478296651,0.65904227478296651,-0.65904227478296651,1
attempt_006,8749b49e6198cc7b,0.48490229819734054,0.48490229819734054,-0.48490229819734054,1
attempt_006,875650fc71625bbe,6.4845229184348945,6.4845229184348945,-6.4845229184348945,1
attempt_006,87685dd4759df27e,0.14102219411079719,0.14102219411079719,-0.14102219411079719,1
attempt_006,87f6ddc717ae5bf5,0,0,0,1
attempt_006,88271d97e49c34db,8.0978952813832805,8.0978952813832805,8.0978952813832805,1
attempt_006,89e30dc84513080c,1.8184464592320668,1.8184464592320668,-1.8184464592320668,1
attempt_006,8ad55d29e7bb93fb,1.5130691009743469,1.5130691009743469,-1.5130691009743469,1
attempt_006,8b1a1a27c8cfb628,3.1895736594348154,3.1895736594348154,-3.1895736594348154,1
attempt_006,8ba775bbe95b51c1,0,0,0,1
attempt_006,8d33226e1a3a5ea9,5.35883950872363,5.35883950872363,5.35883950872363,1
attempt_006,8db8d74ecfc737af,1.9203359196972731,1.9203359196972731,-1.9203359196972731,1
attempt_006,8ef29254fa7b340a,0.2403753918331657,0.2403753918331657,-0.2403753918331657,1
attempt_006,8f002d0cd17056ac,0.0013629217554118611,0.0013629217554118611,-0.0013629217554118611,1
attempt_006,8f5e2c16b9d01e3a,12.09245542597419,12.09245542597419,-12.09245542597419,1
attempt_006,9060c5dd8eede2f8,0.54545118680860138,0.54545118680860138,-0.54545118680860138,1
attempt_006,90de08615b8ba426,0.57527977118091744,0.57527977118091744,-0.57527977118091744,1
attempt_006,926659ee4c06c9d0,1.1901240915820734,1.1901240915820734,-1.1901240915820734,1
attempt_006,93c2df04145acbc4,0.72181773758940515,0.73924212230233488,-0.72181773758940515,2
attempt_006,93d9b97a6d2642a9,7.9982885976544456,7.9982885976544456,-7.9982885976544456,1
attempt_006,93dd6cc67bcd5ec9,0.33168241978587654,0.33168241978587654,-0.33168241978587654,1
attempt_006,94884b8bbcfbd54c,9.3704102539229623,9.3704102539229623,-9.3704102539229623,1
attempt_006,95683f47f0348db3,1.4736708936246625,1.4736708936246625,-1.4736708936246625,1
attempt_006,959d1c9138fdf1fb,7.3272881530555409,7.3272881530555409,-7.3272881530555409,1
attempt_006,95cfdea7778e1671,0.30102251274186731,0.30102251274186731,-0.30102251274186731,1
attempt_006,969aa1f40d6dc66b,0.31224571076718455,0.31224571076718455,-0.31224571076718455,1
attempt_006,96e70b492b6abbf6,3.5556979247173119,3.5556979247173119,-3.5556979247173119,1
attempt_006,97d71db82cd82f0a,71.24836277535303,71.24836277535303,71.24836277535303,1
attempt_006,97e97a387cc1bd1a,0.2422873940955057,0.2422873940955057,-0.2422873940955057,1
attempt_006,99560a9ea3687fe0,3.3085106444060903,3.3085106444060903,3.3085106444060903,1
attempt_006,9a9cbcde4b4d7a22,0.83868573328457252,0.83868573328457252,-0.83868573328457252,1
attempt_006,9abc3d2b01c3cc5c,3.4023066454805946,3.4023066454805946,-3.4023066454805946,1
attempt_006,9ac3107d67e59532,4.4659081186545713,4.4659081186545713,-4.4659081186545713,1
attempt_006,9b55b84321f80b2c,0.51052268534702172,0.51052268534702172,-0.51052268534702172,1
attempt_006,9bde9a7e32be7e05,16.331597192155051,16.331597192155051,-16.331597192155051,1
attempt_006,9cc48a5df92274e0,0.88137358701954305,0.88137358701954305,0.88137358701954305,1
attempt_006,9cd93057cf9c8c00,5.6191277159539759,5.6191277159539759,-5.6191277159539759,1
attempt_006,9e08c4f4702c9176,0.67333339341284537,0.67333339341284537,-0.67333339341284537,1
attempt_006,9e98cf4c5d891d2f,10.22730867160378,10.22730867160378,-10.22730867160378,1
attempt_006,9f3056864543d3f6,0.64961842148830495,0.64961842148830495,-0.64961842148830495,1
attempt_006,9ffa5b2dcb6e0751,0,0,0,1
attempt_006,a0932aefae2399cd,0,0,0,1
attempt_006,a093cd5e9acd6e6e,0,0,0,2
attempt_006,a094e76271214f19,1.8184464592320668,1.8184464592320668,1.8184464592320668,1
attempt_006,a1a947740469afec,0.24357391439774734,0.24357391439774734,-0.24357391439774734,1
attempt_006,a1beaac4ea8de6d2,2.2174326961796389,2.2174326961796389,-2.2174326961796389,1
attempt_006,a1ef3ce7ce07e30c,0.82567430182656221,0.82567430182656221,-0.82567430182656221,1
attempt_006,a26ff951b5ebb4a4,5.1249856391629134,5.1249856391629134,5.1249856391629134,1
attempt_006,a2e55b7bdd61cff3,1.2319118906415047,1.2319118906415047,-1.2319118906415047,1
attempt_006,a313d79fcc230548,0.36240261373615645,0.36240261373615645,-0.36240261373615645,1
attempt_006,a3cf484f0f31b544,9.5819487049683794,9.5819487049683794,-9.5819487049683794,1
attempt_006,a45e00fc8ea9b758,3.206646433285691,3.206646433285691,-3.206646433285691,1
attempt_006,a5b9820ac5bf2964,0.063710636417316557,0.063710636417316557,-0.063710636417316557,1
attempt_006,a7201302014ae6ce,0.418365857105508,0.418365857105508,-0.418365857105508,1
attempt_006,a76377b7caf4b874,0,0,0,1
attempt_006,a7cec19aef0c55cb,0.88137358701954305,0.88137358701954305,-0.88137358701954305,1
attempt_006,a80977c20588518e,4.4309584920805429,4.4309584920805429,-4.4309584920805429,1
attempt_006,a923f2662aceecd7,0.66072944553828528,0.66072944553828528,-0.66072944553828528,1
attempt_006,a940391648d52575,0,0,0,1
attempt_006,a954b31b66e0a0f7,0.41742075806049161,0.41742075806049161,-0.41742075806049161,1
attempt_006,aa3e13a94fa413b0,0.63765267877466858,0.63765267877466858,-0.63765267877466858,1
attempt_006,aa55fc2e591a3eea,0.81764533141198825,0.81764533141198825,-0.81764533141198825,1
attempt_006,aa84024f362acec7,0,0,0,1
attempt_006,aabf9bdb77894078,0.03173270535452577,0.03173270535452577,-0.03173270535452577,1
attempt_006,ab022eca238edc01,0,0,0,1
attempt_006,ab47df57f6b720d7,1.5028673022752819,1.5028673022752819,-1.5028673022752819,1
attempt_006,ab97f4d059715a0f,3.3823099036581716,3.3823099036581716,-3.3823099036581716,1
attempt_006,acdedc1f1f1677b0,0.88137358701954305,0.88137358701954305,0.88137358701954305,1
attempt_006,ad4c95fe80a66847,0.28692560018484592,0.28692560018484592,0.28692560018484592,1
attempt_006,ad5948e192ebc2d4,0.93707287221252378,0.93707287221252378,0.93707287221252378,1
attempt_006,ad5c384a6be364aa,1.903536008385494,1.903536008385494,-1.903536008385494,1
attempt_006,addce88f5927e9b7,2.4613800964748043,2.4613800964748043,-2.4613800964748043,1
attempt_006,addfa722b1bb9b7b,0.93259790923810115,0.93259790923810115,-0.93259790923810115,1
attempt_006,af17f6c68ad40f75,0.27603438014513904,0.27603438014513904,-0.27603438014513904,1
attempt_006,af3eaf7a505d27c2,1.2232050781069606,1.2232050781069606,1.2232050781069606,1
attempt_006,b149944913743077,0,0,0,1
attempt_006,b1e1aebb9420a6c0,4.0811795814385157,4.0811795814385157,4.0811795814385157,1
attempt_006,b3447163870d3003,0.26822560515262062,0.26822560515262062,-0.26822560515262062,1
attempt_006,b3907643507df0f6,2.644120761058629,2.644120761058629,2.644120761058629,1
attempt_006,b3b896fac1db6be4,0.27958820740112955,0.27958820740112955,-0.27958820740112955,1
attempt_006,b3d9d211a865558e,0.57523232903048171,0.57523232903048171,-0.57523232903048171,1
attempt_006,b56f9cdeecf07967,15.02738110422758,15.02738110422758,-15.02738110422758,1
attempt_006,b6d0f65b30088d8a,3.0782712283855114,3.0782712283855114,-3.0782712283855114,1
attempt_006,b76abebbe3871acf,14.936060726607487,14.936060726607487,-14.936060726607487,1
attempt_006,b7712c125a47a1e7,0.15523671007603301,0.15523671007603301,-0.15523671007603301,1
attempt_006,b9bee040d2d25fed,45.825006931503815,45.825006931503815,-45.825006931503815,1
attempt_006,ba5099f54efb4c26,0.88137358701954305,0.88137358701954305,-0.88137358701954305,1
attempt_006,bae03f436761eb2a,1.1101429806478116,1.1101429806478116,-1.1101429806478116,1
attempt_006,bbf26c3d1fe29c0e,0.31799472521470795,0.31799472521470795,-0.31799472521470795,1
attempt_006,bc65c316905e3299,12.100267991034009,12.100267991034009,-12.100267991034009,1
attempt_006,bc8c69f89642761a,0.25264382062531077,0.25264382062531077,-0.25264382062531077,1
attempt_006,bdf713200e425ec5,0.23827089534356816,0.23827089534356816,-0.23827089534356816,1
attempt_006,be81446c1506feab,1.7361499625210686,1.7361499625210686,1.7361499625210686,1
attempt_006,c2654fc1cfab58a2,0.21356862631896156,0.21356862631896156,-0.21356862631896156,1
attempt_006,c30f10739e8124e8,28.90611042462259,28.90611042462259,-28.90611042462259,1
attempt_006,c30f8147441ce11e,0.83737862325630452,0.83737862325630452,-0.83737862325630452,1
attempt_006,c38e374a53377422,0.67333339341284537,0.67333339341284537,-0.67333339341284537,1
attempt_006,c3ab909658d376dc,0,0,0,1
attempt_006,c41b1ac770551769,0.28765451920011831,0.28765451920011831,-0.28765451920011831,1
attempt_006,c46086c612e8f2b6,0.69023875716100713,0.69023875716100713,0.69023875716100713,1
attempt_006,c5c20db2e333e139,3.2927688717596877,3.2927688717596877,3.2927688717596877,1
attempt_006,c5e74c2c8abec09b,7.9118788366343296,7.9118788366343296,-7.9118788366343296,1
attempt_006,c711ba9d88eca132,1.2133389602415581,1.2133389602415581,-1.2133389602415581,1
attempt_006,c79cc278f7af4957,14.627400313675267,14.627400313675267,-14.627400313675267,1
attempt_006,c890452c78a0bde5,3.4084648488865774,3.4084648488865774,-3.4084648488865774,1
attempt_006,c90a2eeb6cfde096,2.616608687281504,2.616608687281504,-2.616608687281504,1
attempt_006,c9725c1b5af63003,0.0067544216762556175,0.0067544216762556175,-0.0067544216762556175,1
attempt_006,c994e67932817306,6.7472185779718323,6.7472185779718323,-6.7472185779718323,1
attempt_006,c9d14f8bba60e13a,20.767373535466099,20.767373535466099,-20.767373535466099,1
attempt_006,cab9196b597deab7,2.2211525118406268,2.2211525118406268,-2.2211525118406268,1
attempt_006,cadebb739ade8eb2,15.766480946786206,15.766480946786206,-15.766480946786206,1
attempt_006,cb9a76267a45a1a0,0,0,0,1
attempt_006,cc15a46e3fb2cc41,0.56226188815926725,0.56226188815926725,-0.56226188815926725,1
attempt_006,cc77959c030f6298,0.93707287221252378,0.93707287221252378,-0.93707287221252378,1
attempt_006,cc986eab7707fc06,0.16383293623629136,0.16383293623629136,-0.16383293623629136,1
attempt_006,cd2ee41e0889e8ef,0.16647036121209435,0.16647036121209435,-0.16647036121209435,1
attempt_006,ce4323960c84143b,0.048732161272637242,0.048732161272637242,-0.048732161272637242,1
attempt_006,ceeed00978253eeb,0.28766097626367415,0.28766097626367415,-0.28766097626367415,1
attempt_006,cfb58633d4457471,1.4436354751788103,1.4436354751788103,-1.4436354751788103,1
attempt_006,cfe227d0711edf8d,1.9552613491959399,1.9552613491959399,-1.9552613491959399,1
attempt_006,d041952963b8157f,3.5485083709148668,3.5485083709148668,-3.5485083709148668,1
attempt_006,d101ae93b8d32b0a,2.2898375553342305,2.2898375553342305,-2.2898375553342305,1
attempt_006,d2d5a35610a062b9,1.2948052385597428,1.2948052385597428,-1.2948052385597428,1
attempt_006,d2ea9c99f1ac2546,7.4151465480316041,7.4151465480316041,-7.4151465480316041,1
attempt_006,d356b8a4cf9170ff,0,0,0,1
attempt_006,d3b5756d7162e9af,0.27477673727869067,0.27477673727869067,-0.27477673727869067,1
attempt_006,d42af5fc7b92600f,0.26234343618711264,0.26234343618711264,-0.26234343618711264,1
attempt_006,d4895ffe41aa47be,0.64932821392100237,0.64932821392100237,-0.64932821392100237,1
attempt_006,d4a82f98e4a4d8f1,0.41511718911830364,0.41511718911830364,-0.41511718911830364,1
attempt_006,d6d99601d2221241,1.2764057877570014,1.2764057877570014,-1.2764057877570014,1
attempt_006,d70688b68979f120,0,0,0,1
attempt_006,d71eacc97f2eac4a,0.82567430182656221,0.82567430182656221,0.82567430182656221,1
attempt_006,d79b513d15f7fd37,0,0,0,1
attempt_006,d7c5ce4f887af943,0.15234090841371684,0.15234090841371684,0.15234090841371684,1
attempt_006,d7fca0b3134a6789,0.35131052444647182,0.35131052444647182,-0.35131052444647182,1
attempt_006,d83cb4267cfd84ca,1.7087779969678989,1.7087779969678989,-1.7087779969678989,1
attempt_006,d84524c950c56654,0.21196319890503013,0.21196319890503013,-0.21196319890503013,1
attempt_006,d8fc0a92c8c4a2fa,0.40543507510182231,0.40543507510182231,-0.40543507510182231,1
attempt_006,d906b69770601071,50.411517776293607,50.411517776293607,-50.411517776293607,1
attempt_006,d92bf76a610332bf,2.2117286080312839,2.2117286080312839,-2.2117286080312839,1
attempt_006,d932087548ae36e5,0.15394637840021463,0.15394637840021463,-0.15394637840021463,1
attempt_006,d98556fd070c0af6,0.88137358701954305,0.88137358701954305,-0.88137358701954305,1
attempt_006,d988e431220e6bc6,0.5463911548420235,0.5463911548420235,-0.5463911548420235,1
attempt_006,d9c550a9c51d35ac,0.57421227989516499,0.57421227989516499,-0.57421227989516499,1
attempt_006,d9df86eb981deb9a,1.2004852858798187,1.2004852858798187,-1.2004852858798187,1
attempt_006,da2b4ba6d53170e0,0.11979679800446696,0.11979679800446696,-0.11979679800446696,1
attempt_006,da678ee16b098ae4,6.9304725159934755,6.9304725159934755,-6.9304725159934755,1
attempt_006,da735e4edd7d8acd,4.8628496827781049,4.8628496827781049,-4.8628496827781049,1
attempt_006,dae5d3492aac2245,0.66258171864179616,0.66258171864179616,-0.66258171864179616,1
attempt_006,db5d643b2f9cbfbf,7.5690107694856223,7.5690107694856223,-7.5690107694856223,1
attempt_006,dbb0e6a5907e83b0,5.7649185230359024,5.7649185230359024,-5.7649185230359024,1
attempt_006,dc5b79abd8c32051,5.21577113659208,5.21577113659208,-5.21577113659208,1
attempt_006,dc7b1c1d814df24f,6.643728228285628,6.643728228285628,-6.643728228285628,1
attempt_006,dd94c5772508af28,15.948861391695765,15.948861391695765,-15.948861391695765,1
attempt_006,ddd85b09690827da,2.7457700088792745,2.7457700088792745,-2.7457700088792745,1
attempt_006,ddfc9b179bfb76be,0.67294151449761941,0.67294151449761941,-0.67294151449761941,1
attempt_006,de09337452e20032,0.38340527787836098,0.38340527787836098,-0.38340527787836098,1
attempt_006,de12f87c6958e38e,0.1793415113721597,0.1793415113721597,-0.1793415113721597,1
attempt_006,deeae8883055b9ee,0.49215320135877549,0.49215320135877549,0.49215320135877549,1
attempt_006,def460708ba7b0ef,1.0446751019866349,1.0446751019866349,1.0446751019866349,1
attempt_006,df336a0a88d676b9,0.40537833192831219,0.40537833192831219,-0.40537833192831219,1
attempt_006,df5f216d2d4a9851,0,0,0,1
attempt_006,df8a6c6dd3f3b262,0.15867557199810278,0.15867557199810278,-0.15867557199810278,1
attempt_006,dfbe713e68cc63a9,0,0,0,1
attempt_006,dfeaa1f16aba9b2c,0,0,0,4
attempt_006,e0096fe5c74ff63f,0.28469242807880546,0.28469242807880546,0.28469242807880546,1
attempt_006,e02e29b116c658e8,1.6485081906220111,1.6485081906220111,-1.6485081906220111,1
attempt_006,e16408e569859d83,0.26466896740581092,0.26466896740581092,-0.26466896740581092,1
attempt_006,e4876602e9ba0f2e,0.27567918695927229,0.27567918695927229,-0.27567918695927229,1
attempt_006,e586ddcbc365c334,1.378394029075019,1.378394029075019,-1.378394029075019,1
attempt_006,e6831a831160cb9f,3.9124227656412556,3.9124227656412556,-3.9124227656412556,1
attempt_006,e6e4ce0035fb36ab,1.0307345898361859,1.0307345898361859,-1.0307345898361859,1
attempt_006,e7efeb7dc8836c4b,0,0,0,1
attempt_006,e817fe65c2fb9bb3,5.1849690385888501,5.1849690385888501,-5.1849690385888501,1
attempt_006,e827c21b034c420b,0.7084664821758091,0.7084664821758091,-0.7084664821758091,1
attempt_006,e94bf0263935b271,0,0,0,1
attempt_006,ea9379eb339d6cbc,0.27746146578437791,0.27746146578437791,-0.27746146578437791,1
attempt_006,eab20b0f46956346,0.91303158826518782,0.91303158826518782,-0.91303158826518782,1
attempt_006,eb3b940724dc982d,1.648264578652658,1.648264578652658,-1.648264578652658,1
attempt_006,ec2067430ff6fb6e,0.59821980942926256,0.59821980942926256,-0.59821980942926256,1
attempt_006,ecad917fe0f8bc30,1.8184464592320668,1.8184464592320668,-1.8184464592320668,1
attempt_006,ed763ab2ba3e0068,0.10521421712757739,0.10521421712757739,-0.10521421712757739,1
attempt_006,eeb9a817e031fe66,0.37481098405325652,0.37481098405325652,0.37481098405325652,1
attempt_006,ef0516d41dbfe437,0.33080773093940152,0.33080773093940152,-0.33080773093940152,1
attempt_006,ef18835f55ee60f5,0.5984139055073836,0.5984139055073836,-0.5984139055073836,1
attempt_006,ef19e6cd14447306,0.33525463658602295,0.33525463658602295,-0.33525463658602295,1
attempt_006,ef2fd0959fcb438f,3.3334775868839928,3.3334775868839928,3.3334775868839928,1
attempt_006,efd621027b9eee3c,2.1874947629915376,2.1874947629915376,2.1874947629915376,1
attempt_006,f018b597d7955bde,2.3286079051334001,2.3286079051334001,-2.3286079051334001,1
attempt_006,f16ea570bc36c50a,0,0,0,1
attempt_006,f182ea2ef1d4b772,37.629034324460271,37.629034324460271,37.629034324460271,1
attempt_006,f197a4dda8f05c9d,0.15234090841371684,0.15234090841371684,-0.15234090841371684,1
attempt_006,f20d81ce18b75a1c,0.24774080047153468,0.24774080047153468,-0.24774080047153468,1
attempt_006,f28d6630733894f3,0,0,0,1
attempt_006,f291f9c50ad08615,0.11697170516215394,0.11697170516215394,-0.11697170516215394,1
attempt_006,f2f434168325f484,0.33168241978587654,0.33168241978587654,0.33168241978587654,1
attempt_006,f3118a80b16b514c,4.0769621525052351,4.0769621525052351,-4.0769621525052351,1
attempt_006,f379f2a83d8b1d5e,10.128694424107259,10.128694424107259,10.128694424107259,1
attempt_006,f3d6f4c526ee2045,0,0,0,1
attempt_006,f4124699649b4a4a,0.30916406397602358,0.30916406397602358,-0.30916406397602358,1
attempt_006,f4f0befaa83096bf,18.497049322350545,18.497049322350545,-18.497049322350545,1
attempt_006,f52bb8e676e21112,0.81635306171727073,0.81635306171727073,-0.81635306171727073,1
attempt_006,f60ce72c8a83d154,2.087901681566855,2.087901681566855,-2.087901681566855,1
attempt_006,f6f7080c144e2394,0.11279268243933771,0.11279268243933771,-0.11279268243933771,1
attempt_006,f7374c8beb60288c,0.68175973346261642,0.68175973346261642,-0.68175973346261642,1
attempt_006,f7417f2e9fa24db6,3.1123272663354067,3.1123272663354067,-3.1123272663354067,1
attempt_006,f770391e972a9774,0,0,0,1
attempt_006,f83f515f4a1662ef,1.1862066069415675,1.1862066069415675,-1.1862066069415675,1
attempt_006,f91bd836fd72ca30,2.4917798526449122,2.4917798526449122,2.4917798526449122,1
attempt_006,fbad90682526646a,0.21497166363039888,0.21497166363039888,-0.21497166363039888,1
attempt_006,fcc34d7bb321a7ba,0,0,0,1
attempt_006,fcd157d7ad16d9bd,17.352684784139043,17.352684784139043,-17.352684784139043,1
attempt_006,fd55c8719d3332f2,4.7420109796572341,4.7420109796572341,-4.7420109796572341,1
attempt_006,fde73a5d26460ac7,0.287679010577647,0.287679010577647,-0.287679010577647,1
attempt_006,fe6c690122c7f47b,0.21497166363039888,0.21497166363039888,-0.21497166363039888,1
attempt_006,fe8bb0245e97303e,1.1630881542089586,1.1630881542089586,-1.1630881542089586,1
attempt_006,ff8c002895cc55c0,0.88137358701954305,0.88137358701954305,-0.88137358701954305,1
attempt_007,0044728bdcee1ccc,10.497272081073373,10.497272081073373,-10.497272081073373,1
attempt_007,00e091d496483091,11.51292546497023,11.51292546497023,-11.51292546497023,1
attempt_007,0146b78ef57bcf64,8.5251614004330101,8.5251614004330101,8.5251614004330101,1
attempt_007,02185b833b3f7e46,0.73544951328943498,0.73544951328943498,-0.73544951328943498,1
attempt_007,0283464d5a77682d,4.4561805834499442,4.4561805834499442,-4.4561805834499442,1
attempt_007,02aba283d0ede168,0.027149876981404475,0.027149876981404475,0.027149876981404475,1
attempt_007,02bd54a445c388f7,20.999601802582148,20.999601802582148,20.999601802582148,1
attempt_007,03412985653e34db,2.1168493632784267,2.1168493632784267,-2.1168493632784267,1
attempt_007,0370362548b1f471,10.508201295782683,10.508201295782683,-10.508201295782683,1
attempt_007,0375e8560a077d47,1.8103617160018808,1.8103617160018808,-1.8103617160018808,1
attempt_007,042fa975ca684d3b,1.2920533116033823,1.2920533116033823,-1.2920533116033823,1
attempt_007,044ca752d5c4c86b,14.261234503755809,14.261234503755809,14.261234503755809,1
attempt_007,04c8fa09cc1795b2,3.9124227656412556,3.9124227656412556,-3.9124227656412556,1
attempt_007,0561fe7b34c8f921,2.4366868777783797,2.4366868777783797,-2.4366868777783797,1
attempt_007,057e4c1e204474c3,11.020299890437069,11.020299890437069,-11.020299890437069,1
attempt_007,05b8808be1811f88,0.33195512617608447,0.33195512617608447,-0.33195512617608447,1
attempt_007,05d1421f3aa676b3,1.1192315752649833,1.1192315752649833,-1.1192315752649833,1
attempt_007,0809681d790ac577,0.46403393945096516,0.46403393945096516,0.46403393945096516,1
attempt_007,088744d8857214d3,0,0,0,1
attempt_007,095c0657286c2670,1.3843637266532598,1.3843637266532598,1.3843637266532598,1
attempt_007,0a3723be6d7e8015,0.27626608802903441,0.27626608802903441,0.27626608802903441,1
attempt_007,0aabeaa122622902,0,0,0,1
attempt_007,0abe8ddbdc76674c,15.164071580965945,15.164071580965945,-15.164071580965945,1
attempt_007,0b1839302dfbecd9,0,0,0,1
attempt_007,0b7552228582926d,1.610406265625369,1.610406265625369,-1.610406265625369,1
attempt_007,0bd468a4feb458c4,0,0,0,1
attempt_007,0c2effcd2d76718c,0.41106972002291542,0.41106972002291542,-0.41106972002291542,1
attempt_007,0c2f0383d85e77d7,0.11947638167483454,0.11947638167483454,-0.11947638167483454,1
attempt_007,0c5258397f981059,0.66200452198456716,0.66200452198456716,-0.66200452198456716,1
attempt_007,0cbfa12424d7c0c3,0.66048271879639842,0.66048271879639842,-0.66048271879639842,1
attempt_007,0d1a69478606100d,0.10107540549911231,0.10107540549911231,-0.10107540549911231,1
attempt_007,0d3017d562dd4eca,0.83183493176217205,0.83183493176217205,-0.83183493176217205,1
attempt_007,0dfbf7a8aa92ea87,1.610406265625369,1.610406265625369,-1.610406265625369,1
attempt_007,0e9128d223e92278,0.56226188815926725,0.56226188815926725,-0.56226188815926725,1
attempt_007,0ef764903b18785f,1.2623341473014005,1.2623341473014005,1.2623341473014005,1
attempt_007,0f0d8322e9518056,0,0,0,1
attempt_007,0fa7cdbf435011ab,0.47964509084685236,0.47964509084685236,-0.47964509084685236,1
attempt_007,103dc8054c6809aa,0.49399188204068567,0.49399188204068567,-0.49399188204068567,1
attempt_007,105e5b4c72ffcebb,2.664137012510281,2.664137012510281,-2.664137012510281,1
attempt_007,1076838c0f3dff77,0.25488936368770521,0.25488936368770521,-0.25488936368770521,1
attempt_007,108245ab6eece39e,0.34424620133006911,0.34424620133006911,-0.34424620133006911,1
attempt_007,10e78ebbadf09b69,6.2963062735678434,6.2963062735678434,-6.2963062735678434,1
attempt_007,111aa3492a976cda,1.0060377728001324,1.0060377728001324,-1.0060377728001324,1
attempt_007,12039dda732972c5,1.595924050418593,1.595924050418593,-1.595924050418593,1
attempt_007,1247538925d32f08,0.58750265945940683,0.58750265945940683,-0.58750265945940683,1
attempt_007,1252c2ac6a2921d9,1.4631096399378478,1.4631096399378478,-1.4631096399378478,1
attempt_007,1253cd5ffd2eea4f,0.63856404304030168,0.63856404304030168,-0.63856404304030168,1
attempt_007,12d41fc28379e309,5.4494073221196757,5.4494073221196757,-5.4494073221196757,1
attempt_007,1327399555209d45,2.4009472335206343,2.4009472335206343,-2.4009472335206343,1
attempt_007,1328f931a3bb25ee,0,0,0,1
attempt_007,143fa8c15e434cb8,3.4657575272907852,3.4657575272907852,-3.4657575272907852,1
attempt_007,1453410305cd22f0,0.054067160248648882,0.054067160248648882,-0.054067160248648882,1
attempt_007,1753d7d5cddf0205,0.63686350756704613,0.63686350756704613,-0.63686350756704613,1
attempt_007,1788df09936827c0,0.28469242807880546,0.28469242807880546,0.28469242807880546,1
attempt_007,188e0096a622bc46,0.88137358701954305,0.88137358701954305,-0.88137358701954305,1
attempt_007,1948a9145ba02cd7,2.0178719121711666,2.0178719121711666,-2.0178719121711666,1
attempt_007,1954fa2200741c60,3.3673256742168176,3.3673256742168176,3.3673256742168176,1
attempt_007,19733e25b3773af3,5.3884151545906214,5.3884151545906214,-5.3884151545906214,1
attempt_007,19923d2aee3257bc,1.0210119358271026,1.0210119358271026,-1.0210119358271026,1
attempt_007,1a0bb13d9a5d9fa6,0,0,0,1
attempt_007,1a21a2ceabaea267,5.4253027972673671,5.4253027972673671,-5.4253027972673671,1
attempt_007,1a2688ab9e47122d,0.33261869825340717,0.33261869825340717,-0.33261869825340717,1
attempt_007,1befd0176d6f5fd4,0.68175973346261642,0.68175973346261642,0.68175973346261642,1
attempt_007,1c6063eeac7eb829,0,0,0,1
attempt_007,1c802bcdb8f3c632,5.9232372967595879,5.9232372967595879,-5.9232372967595879,1
attempt_007,1cbf433a4455aa2a,0.36098634632126281,0.36098634632126281,-0.36098634632126281,1
attempt_007,1d750c20f57af221,2.4917798526449122,2.4917798526449122,-2.4917798526449122,1
attempt_007,1e739b9ecad69152,0.43789056028274898,0.43789056028274898,-0.43789056028274898,1
attempt_007,1e84ebc58b8d107b,0,0,0,1
attempt_007,1f93720697ffc181,1.8184464592320668,1.8184464592320668,1.8184464592320668,1
attempt_007,200bb64dedd145f0,0.15389178002615189,0.15389178002615189,-0.15389178002615189,1
attempt_007,20270d91433a73e1,0.81642055804808855,0.81642055804808855,-0.81642055804808855,1
attempt_007,205c8bc6fa0cd419,0.65107707208229093,0.65107707208229093,-0.65107707208229093,1
attempt_007,20b6e06fb3db908c,1.7627471740390859,1.7627471740390859,1.7627471740390859,1
attempt_007,20d4786362ff7b63,0,0,0,1
attempt_007,22526e47fc6d1c22,0.37481098405325652,0.37481098405325652,-0.37481098405325652,1
attempt_007,228b38b5be777338,0,0,0,1
attempt_007,2315ab7c0c4098bc,0.37481098405325652,0.37481098405325652,0.37481098405325652,1
attempt_007,239ae2c28321e638,0.32708804778885536,0.32708804778885536,-0.32708804778885536,1
attempt_007,2456848abac304dd,0.4469349240429743,0.4469349240429743,-0.4469349240429743,1
attempt_007,24a3aea72050ec55,0.33843068250507446,0.33843068250507446,-0.33843068250507446,1
attempt_007,24a688e4791749fb,3.2227017660383943,3.2227017660383943,-3.2227017660383943,1
attempt_007,24dcd59e5f044eaf,0.27746146578437791,0.27746146578437791,-0.27746146578437791,1
attempt_007,251a21f8679ea430,0.17431167891088073,0.17431167891088073,-0.17431167891088073,1
attempt_007,25642a0f403458cc,5.2678277723028621,5.2678277723028621,-5.2678277723028621,1
attempt_007,276ee3d020155083,0.19050625203239058,0.19050625203239058,-0.19050625203239058,1
attempt_007,2811bd29ede210eb,0.27900988493836998,0.27900988493836998,-0.27900988493836998,1
attempt_007,288d02d8da16c44a,2.2187159241545782,2.2187159241545782,-2.2187159241545782,1
attempt_007,28c7ce4eb54cee7e,0,0,0,1
attempt_007,292d3a65a36e4173,1.5886368200457563,1.5886368200457563,-1.5886368200457563,1
attempt_007,29951084393af017,2.778906655813727,2.778906655813727,-2.778906655813727,1
attempt_007,2b1215df9415c4ba,4.8121182248551495,4.8121182248551495,-4.8121182248551495,1
attempt_007,2b41a785877b71ea,0.37481098405325652,0.37481098405325652,-0.37481098405325652,1
attempt_007,2b5c74a3261e6390,7.774945613420055,7.774945613420055,-7.774945613420055,1
attempt_007,2ba65bf42eb08605,0.95802582149165083,0.95802582149165083,0.95802582149165083,1
attempt_007,2bc6e555e9164bb6,0.18687574778915472,0.18687574778915472,-0.18687574778915472,1
attempt_007,2c04b6461f2a0f70,5.8916669361838414,5.8916669361838414,-5.8916669361838414,1
attempt_007,2cc152e27584ae06,0.19655676424894075,0.19655676424894075,-0.19655676424894075,1
attempt_007,2d9fd3908b46f903,0.17543479551618457,0.17543479551618457,-0.17543479551618457,1
attempt_007,2e975705981d73d4,2.0947125472611012,2.0947125472611012,2.0947125472611012,1
attempt_007,2ef727fd55a311e9,2.3124383412727525,2.3124383412727525,-2.3124383412727525,1
attempt_007,2f4b3618f17ab9f1,0.21497166363039888,0.21497166363039888,0.21497166363039888,1
attempt_007,2fea6d395fbcb322,0.56226188815926725,0.56226188815926725,-0.56226188815926725,1
attempt_007,30cd40b5db1a9d5a,5.3710946290317949,5.3710946290317949,-5.3710946290317949,1
attempt_007,31003a5fec847475,7.1769986319563976,7.1769986319563976,-7.1769986319563976,1
attempt_007,3172245156716229,3.0696021221199654,3.0696021221199654,-3.0696021221199654,1
attempt_007,32e515b6710947df,3.4658469459861028,3.4658469459861028,-3.4658469459861028,1
attempt_007,338aaf7bd51bc4eb,5.9985207902938598,5.9985207902938598,-5.9985207902938598,1
attempt_007,33bd1dfc2fd11b1c,0.64005501193156888,0.64005501193156888,0.64005501193156888,1
attempt_007,346e22483b4bd8ee,0.50971843128902661,0.50971843128902661,-0.50971843128902661,1
attempt_007,34d56de6e80be715,3.3673256742168176,3.3673256742168176,3.3673256742168176,1
attempt_007,35a0f646aeff2f25,2.1145015849941711,2.1145015849941711,-2.1145015849941711,1
attempt_007,3609782e0c57034c,0.47665185795791842,0.47665185795791842,-0.47665185795791842,1
attempt_007,37e39e4b052ed45e,59.637759594912012,59.637759594912012,-59.637759594912012,1
attempt_007,380042f4d4a23ee5,0.053988310368210612,0.053988310368210612,0.053988310368210612,1
attempt_007,380b6b083e82f720,0.25111523501711552,0.25111523501711552,-0.25111523501711552,1
attempt_007,385e3389ccbdab7a,2.6653979600009823,2.6653979600009823,-2.6653979600009823,1
attempt_007,38ec5e2a9b2e3457,4.5970519222599329,4.5970519222599329,-4.5970519222599329,1
attempt_007,390e7182b657d51d,0.27521632571643195,0.27521632571643195,-0.27521632571643195,1
attempt_007,397f3fe0c8ab4b5d,0.32619128919615914,0.32619128919615914,-0.32619128919615914,1
attempt_007,3ad58a03f9e9766a,1.0811905883910757,1.0811905883910757,-1.0811905883910757,1
attempt_007,3baddea31857633e,1.610406265625369,1.610406265625369,1.610406265625369,1
attempt_007,3bdcc142d2c817b0,0,0,0,1
attempt_007,3c35e6e2f32c33be,0.43341652108507756,0.43341652108507756,-0.43341652108507756,1
attempt_007,3c5dd7b0279c4f63,0.048732161272637242,0.048732161272637242,-0.048732161272637242,1
attempt_007,3d17e2aeb88c0753,0.81831032350422817,0.81831032350422817,-0.81831032350422817,1
attempt_007,3d3e9f9b492bc8e8,0.70733027067480059,0.70733027067480059,-0.70733027067480059,1
attempt_007,3d7f4c82ccf162c2,0.5443380896116583,0.5443380896116583,-0.5443380896116583,1
attempt_007,3efdc924d43cf197,5.2894499484812663,5.2894499484812663,-5.2894499484812663,1
attempt_007,40000e849af4d88b,0.33633626775001257,0.33633626775001257,-0.33633626775001257,1
attempt_007,40fca366c650a1dd,1.2869534612287721,1.2869534612287721,-1.2869534612287721,1
attempt_007,4166b38a95a2e178,0.28753215863866233,0.28753215863866233,-0.28753215863866233,1
attempt_007,41ae88c2a2d3b667,0.28368531490474957,0.28368531490474957,-0.28368531490474957,1
attempt_007,41de3083151e616d,0.64513383521071566,0.64513383521071566,0.64513383521071566,1
attempt_007,42146998b3ee116c,7.025329039733144,7.025329039733144,-7.025329039733144,1
attempt_007,42dd04a53780a973,5.7088560937796551,5.7088560937796551,-5.7088560937796551,1
attempt_007,42eae62218510290,1.6094372457681549,1.6094372457681549,-1.6094372457681549,1
attempt_007,431af725e9d9cf36,0.56226188815926725,0.56226188815926725,-0.56226188815926725,1
attempt_007,437a97355e1b5d17,0.48911646704211575,0.48911646704211575,0.48911646704211575,1
attempt_007,43ea69d95437dcc1,0.20270099365531546,0.20270099365531546,-0.20270099365531546,1
attempt_007,43fb8cf7dda6679e,0,0,0,1
attempt_007,44c58ea28b3c982a,2.9915632064265552,2.9915632064265552,-2.9915632064265552,1
attempt_007,45371da82072a708,0.1367544913380554,0.1367544913380554,-0.1367544913380554,1
attempt_007,4541655e38bbd696,1.7689473864085627,1.7689473864085627,-1.7689473864085627,1
attempt_007,45ec8a19f45ae9e9,0.65107707208229093,0.65107707208229093,0.65107707208229093,1
attempt_007,464fe77cb548d241,0.31287038403526957,0.31287038403526957,-0.31287038403526957,1
attempt_007,46d2ba8408ced4a5,1.2133389602415581,1.2133389602415581,-1.2133389602415581,1
attempt_007,48293e9d39532b81,25.864308360238606,25.864308360238606,25.864308360238606,1
attempt_007,48c67edc36fc5736,0.1857090701181594,0.1857090701181594,-0.1857090701181594,1
attempt_007,496a8a3eddea172e,0,0,0,1
attempt_007,49d1ffd2779d9063,0.79873143862477036,0.79873143862477036,-0.79873143862477036,1
attempt_007,4b6da16826bf9fab,0.48033455142386217,0.48033455142386217,-0.48033455142386217,1
attempt_007,4b9e18e8d3a764da,1.4310647542532093,1.4310647542532093,-1.4310647542532093,1
attempt_007,4bdf7d70c7425250,0.65836711562648187,0.65836711562648187,-0.65836711562648187,1
attempt_007,4ccf90cb21ac1f22,1.6826595439809751,1.6826595439809751,-1.6826595439809751,1
attempt_007,4da86be7c0ed4685,1.8589953235048462,1.8589953235048462,-1.8589953235048462,1
attempt_007,4e67d68dd4a36262,1.1168848870875978,1.1168848870875978,-1.1168848870875978,1
attempt_007,4e6985d31075e24a,0,0,0,1
attempt_007,4ea0cf4c51b1dbd8,0.056087014063784579,0.056087014063784579,0.056087014063784579,1
attempt_007,509f66fdddeb6bb7,0.28307011424055073,0.28307011424055073,-0.28307011424055073,1
attempt_007,50c2fc8fc1733d8a,1.2023383960501013,1.2023383960501013,-1.2023383960501013,1
attempt_007,526424c6c7ba50de,8.9801560427582814,8.9801560427582814,-8.9801560427582814,1
attempt_007,5291299139a2a507,0,0,0,1
attempt_007,530bc5a858c7d4b4,0.19965820916495547,0.19965820916495547,0.19965820916495547,1
attempt_007,53ad740cce42e97c,1.4411260970308546,1.4411260970308546,-1.4411260970308546,1
attempt_007,551d0fc027a751c2,15.058198908014674,15.058198908014674,-15.058198908014674,1
attempt_007,55252981817e250f,0.61824469399963711,0.61824469399963711,-0.61824469399963711,1
attempt_007,5577861e318d74af,2.2073576519558262,2.2073576519558262,-2.2073576519558262,1
attempt_007,5582cb9c46257d3f,0.87971029153192593,0.87971029153192593,-0.87971029153192593,1
attempt_007,55a45b1a7e315a29,0.27626608802903441,0.27626608802903441,-0.27626608802903441,1
attempt_007,5674726cd475351e,0.65107707208229093,0.65107707208229093,0.65107707208229093,1
attempt_007,57096bbe0d139c10,1.2034574088517442,1.2034574088517442,-1.2034574088517442,1
attempt_007,5743313fef7461b9,0.46403393945096516,0.46403393945096516,-0.46403393945096516,1
attempt_007,575b77816c26e0e3,0.24244929881098365,0.24244929881098365,-0.24244929881098365,1
attempt_007,57a2cd76adbdff08,11.783502188727454,11.783502188727454,-11.783502188727454,1
attempt_007,57dba21aa4802ce4,3.8191894131576518,3.8191894131576518,-3.8191894131576518,1
attempt_007,57fca562822562f4,0,0,0,1
attempt_007,5838e1cafed7ec9e,0.93244229991497996,0.93244229991497996,-0.93244229991497996,1
attempt_007,593484d77afa237a,0.37288758773966979,0.37288758773966979,-0.37288758773966979,1
attempt_007,5a133a263b0eafa6,0.16430562804063698,0.16430562804063698,-0.16430562804063698,1
attempt_007,5a349f6ef74434ea,8.2500908021456425,8.2500908021456425,-8.2500908021456425,1
attempt_007,5ab19c23cd16fc8e,1.1822022428669081,1.1822022428669081,1.1822022428669081,1
attempt_007,5c2dbd440ca8d71e,11.235980614827881,11.235980614827881,-11.235980614827881,1
attempt_007,5c900716768b5f13,64.52906219057293,64.52906219057293,64.52906219057293,1
attempt_007,5cc868e2e9fa7a4f,0.22279283110418069,0.22279283110418069,-0.22279283110418069,1
attempt_007,5d4832277493c656,0.34161530467019041,0.34161530467019041,-0.34161530467019041,1
attempt_007,5de6ca5b3cdb2308,12.556532260594619,12.556532260594619,12.556532260594619,1
attempt_007,5e5cf0838ec04aa7,1.8185598904672702,1.8185598904672702,-1.8185598904672702,1
attempt_007,5e672637ee00da51,6.8493483346709318,6.8493483346709318,-6.8493483346709318,1
attempt_007,5ec3ce50bd1e3f94,0.56354709002733294,0.56354709002733294,-0.56354709002733294,1
attempt_007,5fe4aa4017e3184f,1.0749975266538048,1.0749975266538048,1.0749975266538048,1
attempt_007,609c04e8bbcb8ae9,6.931231494535286,6.931231494535286,-6.931231494535286,1
attempt_007,61512e27503e0c5d,7.8589631813109024,7.8589631813109024,-7.8589631813109024,1
attempt_007,61c859c56cdb9f51,1.4436354751788103,1.4436354751788103,1.4436354751788103,1
attempt_007,62cc364cf8348017,0.32788009054581746,0.32788009054581746,-0.32788009054581746,1
attempt_007,6368e01c89742033,1.7240809752614057,1.7240809752614057,-1.7240809752614057,1
attempt_007,644eca9ea9e3d529,0.29376111852707076,0.29376111852707076,-0.29376111852707076,1
attempt_007,65ed0077d5265519,0.36831760724074325,0.36831760724074325,-0.36831760724074325,1
attempt_007,662f482ba6c543a2,1.4310647542532093,1.4310647542532093,-1.4310647542532093,1
attempt_007,66e5877231ff195b,9.4101909782958053,9.4101909782958053,-9.4101909782958053,1
attempt_007,68dc63126a573982,0.25421688844970713,0.25421688844970713,-0.25421688844970713,1
attempt_007,6953ca6de2032137,1.0850728904387776,1.0850728904387776,-1.0850728904387776,1
attempt_007,6971c4a92f397cd5,0,0,0,1
attempt_007,6a88306079e612a9,0.19910508622345358,0.19910508622345358,-0.19910508622345358,1
attempt_007,6b76a5f61943c0d6,0.42590096942364752,0.42590096942364752,-0.42590096942364752,1
attempt_007,6b9cd1f5e2eb5104,0,0,0,1
attempt_007,6e0769094a37b3aa,0.30909736136623422,0.30909736136623422,-0.30909736136623422,1
attempt_007,6e2efc86d99b4c08,0.073197949027250964,0.073197949027250964,-0.073197949027250964,1
attempt_007,6e9452cd92a1e675,2.3025859930554979,2.3025859930554979,-2.3025859930554979,1
attempt_007,6f1d447affd94478,1.4310647542532093,1.4310647542532093,-1.4310647542532093,1
attempt_007,6fbbd2c83717800c,0.20713848162180337,0.20713848162180337,-0.20713848162180337,1
attempt_007,701114dc9d0a0820,19.289558006812491,19.289558006812491,-19.289558006812491,1
attempt_007,70bf4dd1bfce5642,0.39706730538381096,0.39706730538381096,0.39706730538381096,1
attempt_007,71cc13e1d23971b4,0.24684276208213962,0.24684276208213962,-0.24684276208213962,1
attempt_007,71e32c98a2fa4eb0,0.31549840834831944,0.31549840834831944,-0.31549840834831944,1
attempt_007,722018578611076f,0.28020920623322088,0.28020920623322088,-0.28020920623322088,1
attempt_007,72a5ce3caed949c4,0.47073518710269635,0.47073518710269635,-0.47073518710269635,1
attempt_007,7400cf6ae9f4ad13,0.095307166862231618,0.095307166862231618,-0.095307166862231618,1
attempt_007,74d3c0d02fda4cc0,0,0,0,1
attempt_007,74f95f520284dd1d,0.18230962221496227,0.18230962221496227,-0.18230962221496227,1
attempt_007,7675d8f4d1509a89,0.28374174384187878,0.28374174384187878,-0.28374174384187878,1
attempt_007,76b505a4ce8376ca,0.41073824445413543,0.41073824445413543,-0.41073824445413543,1
attempt_007,7732793724f03849,0,0,0,1
attempt_007,774ecb674fbd485d,0.79873143862477036,0.79873143862477036,-0.79873143862477036,1
attempt_007,775bebce2e8069ea,19.178603729196897,19.178603729196897,-19.178603729196897,1
attempt_007,77dc3be003a0e911,16.624920801315664,16.624920801315664,16.624920801315664,1
attempt_007,78f0601042601c75,19.230854354514264,19.230854354514264,-19.230854354514264,1
attempt_007,794324f96cddac1f,24.627533216062282,24.627533216062282,24.627533216062282,1
attempt_007,7a2fb9613b20a5c1,7.3483176123136609,7.3483176123136609,-7.3483176123136609,1
attempt_007,7a7bd5bcd3e65b33,0.28469242807880546,0.28469242807880546,0.28469242807880546,1
attempt_007,7b857d11d0d32f87,0.19965820916495547,0.19965820916495547,-0.19965820916495547,1
attempt_007,7b8ac553132d3eb1,2.5541239106848863,2.5541239106848863,2.5541239106848863,1
attempt_007,7bf35d4cc299c56b,0.30356406280888848,0.30356406280888848,-0.30356406280888848,1
attempt_007,7c37ba7718ebcbf7,0,0,0,1
attempt_007,7cb10a04d50e0b73,0.35453064816813384,0.35453064816813384,-0.35453064816813384,1
attempt_007,7cc65538b7b35872,0.80551176289411686,0.80551176289411686,-0.80551176289411686,1
attempt_007,7d87536df8bba075,0.33525463658602295,0.33525463658602295,-0.33525463658602295,1
attempt_007,7dd4e5ac7be25901,0,0,0,1
attempt_007,7ef9cf3282aa5cfd,0.74448602313426182,0.74448602313426182,0.74448602313426182,1
attempt_007,7f2c7c8523e00e06,0.14361458125185145,0.14361458125185145,-0.14361458125185145,1
attempt_007,7f9ebb677b1dcde4,12.932125553400876,12.932125553400876,-12.932125553400876,1
attempt_007,7fbb11a095b6c40b,0.56226188815926725,0.56226188815926725,0.56226188815926725,1
attempt_007,7fee598b25d82fec,0.12766308050095887,0.12766308050095887,-0.12766308050095887,1
attempt_007,803469d8a0bf32f3,3.4657329886010544,3.4657329886010544,-3.4657329886010544,1
attempt_007,804f5d131debd233,0.29040819362004822,0.29040819362004822,-0.29040819362004822,1
attempt_007,80587dc3d17518b9,2.016160076597032,2.016160076597032,-2.016160076597032,1
attempt_007,80885573b67f74f6,1.9362609199636083,1.9362609199636083,-1.9362609199636083,1
attempt_007,819a91f09387b7ff,0,0,0,1
attempt_007,824795041aa4023c,2.4190874085621985,2.4190874085621985,-2.4190874085621985,1
attempt_007,82ecf90c792c704a,0.69303002737970942,0.69303002737970942,-0.69303002737970942,1
attempt_007,83468bd36acdbaf3,0.64498460153363624,0.64498460153363624,-0.64498460153363624,1
attempt_007,83e0d91f0a7da434,0.67669379493188409,0.67669379493188409,-0.67669379493188409,1
attempt_007,84a4d6cd0408ab51,1.5691603865412898,1.5691603865412898,-1.5691603865412898,1
attempt_007,850884d44ae6d451,0,0,0,1
attempt_007,853b3dd1c82b2adc,0.41601350717247865,0.41601350717247865,-0.41601350717247865,1
attempt_007,869a59d197773261,0.37481098405325652,0.37481098405325652,-0.37481098405325652,1
attempt_007,86a805d8689d1d5c,3.2595725562629214,3.2595725562629214,-3.2595725562629214,1
attempt_007,870a07402050ea0d,0.65904227478296651,0.65904227478296651,-0.65904227478296651,1
attempt_007,8749b49e6198cc7b,0.48490229819734054,0.48490229819734054,-0.48490229819734054,1
attempt_007,875650fc71625bbe,6.4845229184348945,6.4845229184348945,-6.4845229184348945,1
attempt_007,87685dd4759df27e,0.14102219411079719,0.14102219411079719,-0.14102219411079719,1
attempt_007,87f6ddc717ae5bf5,0,0,0,1
attempt_007,88271d97e49c34db,8.0978952813832805,8.0978952813832805,8.0978952813832805,1
attempt_007,89e30dc84513080c,1.8184464592320668,1.8184464592320668,-1.8184464592320668,1
attempt_007,8ad55d29e7bb93fb,1.5130691009743469,1.5130691009743469,-1.5130691009743469,1
attempt_007,8b1a1a27c8cfb628,3.1895736594348154,3.1895736594348154,-3.1895736594348154,1
attempt_007,8ba775bbe95b51c1,0,0,0,1
attempt_007,8d33226e1a3a5ea9,5.35883950872363,5.35883950872363,5.35883950872363,1
attempt_007,8db8d74ecfc737af,1.9203359196972731,1.9203359196972731,-1.9203359196972731,1
attempt_007,8ef29254fa7b340a,0.2403753918331657,0.2403753918331657,-0.2403753918331657,1
attempt_007,8f002d0cd17056ac,0.0013629217554118611,0.0013629217554118611,-0.0013629217554118611,1
attempt_007,8f5e2c16b9d01e3a,12.09245542597419,12.09245542597419,-12.09245542597419,1
attempt_007,9060c5dd8eede2f8,0.54545118680860138,0.54545118680860138,-0.54545118680860138,1
attempt_007,90de08615b8ba426,0.57527977118091744,0.57527977118091744,-0.57527977118091744,1
attempt_007,926659ee4c06c9d0,1.1901240915820734,1.1901240915820734,-1.1901240915820734,1
attempt_007,93c2df04145acbc4,0.72181773758940515,0.73924212230233488,-0.72181773758940515,2
attempt_007,93d9b97a6d2642a9,7.9982885976544456,7.9982885976544456,-7.9982885976544456,1
attempt_007,93dd6cc67bcd5ec9,0.33168241978587654,0.33168241978587654,-0.33168241978587654,1
attempt_007,94884b8bbcfbd54c,9.3704102539229623,9.3704102539229623,-9.3704102539229623,1
attempt_007,95683f47f0348db3,1.4736708936246625,1.4736708936246625,-1.4736708936246625,1
attempt_007,959d1c9138fdf1fb,7.3272881530555409,7.3272881530555409,-7.3272881530555409,1
attempt_007,95cfdea7778e1671,0.30102251274186731,0.30102251274186731,-0.30102251274186731,1
attempt_007,969aa1f40d6dc66b,0.31224571076718455,0.31224571076718455,-0.31224571076718455,1
attempt_007,96e70b492b6abbf6,3.5556979247173119,3.5556979247173119,-3.5556979247173119,1
attempt_007,97d71db82cd82f0a,71.24836277535303,71.24836277535303,71.24836277535303,1
attempt_007,97e97a387cc1bd1a,0.2422873940955057,0.2422873940955057,-0.2422873940955057,1
attempt_007,99560a9ea3687fe0,3.3085106444060903,3.3085106444060903,3.3085106444060903,1
attempt_007,9a9cbcde4b4d7a22,0.83868573328457252,0.83868573328457252,-0.83868573328457252,1
attempt_007,9abc3d2b01c3cc5c,3.4023066454805946,3.4023066454805946,-3.4023066454805946,1
attempt_007,9ac3107d67e59532,4.4659081186545713,4.4659081186545713,-4.4659081186545713,1
attempt_007,9b55b84321f80b2c,0.51052268534702172,0.51052268534702172,-0.51052268534702172,1
attempt_007,9bde9a7e32be7e05,16.331597192155051,16.331597192155051,-16.331597192155051,1
attempt_007,9cc48a5df92274e0,0.88137358701954305,0.88137358701954305,0.88137358701954305,1
attempt_007,9cd93057cf9c8c00,5.6191277159539759,5.6191277159539759,-5.6191277159539759,1
attempt_007,9e08c4f4702c9176,0.67333339341284537,0.67333339341284537,-0.67333339341284537,1
attempt_007,9e98cf4c5d891d2f,10.22730867160378,10.22730867160378,-10.22730867160378,1
attempt_007,9f3056864543d3f6,0.64961842148830495,0.64961842148830495,-0.64961842148830495,1
attempt_007,9ffa5b2dcb6e0751,0,0,0,1
attempt_007,a0932aefae2399cd,0,0,0,1
attempt_007,a093cd5e9acd6e6e,0,0,0,2
attempt_007,a094e76271214f19,1.8184464592320668,1.8184464592320668,1.8184464592320668,1
attempt_007,a1a947740469afec,0.24357391439774734,0.24357391439774734,-0.24357391439774734,1
attempt_007,a1beaac4ea8de6d2,2.2174326961796389,2.2174326961796389,-2.2174326961796389,1
attempt_007,a1ef3ce7ce07e30c,0.82567430182656221,0.82567430182656221,-0.82567430182656221,1
attempt_007,a26ff951b5ebb4a4,5.1249856391629134,5.1249856391629134,5.1249856391629134,1
attempt_007,a2e55b7bdd61cff3,1.2319118906415047,1.2319118906415047,-1.2319118906415047,1
attempt_007,a313d79fcc230548,0.36240261373615645,0.36240261373615645,-0.36240261373615645,1
attempt_007,a3cf484f0f31b544,9.5819487049683794,9.5819487049683794,-9.5819487049683794,1
attempt_007,a45e00fc8ea9b758,3.206646433285691,3.206646433285691,-3.206646433285691,1
attempt_007,a5b9820ac5bf2964,0.063710636417316557,0.063710636417316557,-0.063710636417316557,1
attempt_007,a7201302014ae6ce,0.418365857105508,0.418365857105508,-0.418365857105508,1
attempt_007,a76377b7caf4b874,0,0,0,1
attempt_007,a7cec19aef0c55cb,0.88137358701954305,0.88137358701954305,-0.88137358701954305,1
attempt_007,a80977c20588518e,4.4309584920805429,4.4309584920805429,-4.4309584920805429,1
attempt_007,a923f2662aceecd7,0.66072944553828528,0.66072944553828528,-0.66072944553828528,1
attempt_007,a940391648d52575,0,0,0,1
attempt_007,a954b31b66e0a0f7,0.41742075806049161,0.41742075806049161,-0.41742075806049161,1
attempt_007,aa3e13a94fa413b0,0.63765267877466858,0.63765267877466858,-0.63765267877466858,1
attempt_007,aa55fc2e591a3eea,0.81764533141198825,0.81764533141198825,-0.81764533141198825,1
attempt_007,aa84024f362acec7,0,0,0,1
attempt_007,aabf9bdb77894078,0.03173270535452577,0.03173270535452577,-0.03173270535452577,1
attempt_007,ab022eca238edc01,0,0,0,1
attempt_007,ab47df57f6b720d7,1.5028673022752819,1.5028673022752819,-1.5028673022752819,1
attempt_007,ab97f4d059715a0f,3.3823099036581716,3.3823099036581716,-3.3823099036581716,1
attempt_007,acdedc1f1f1677b0,0.88137358701954305,0.88137358701954305,0.88137358701954305,1
attempt_007,ad4c95fe80a66847,0.28692560018484592,0.28692560018484592,0.28692560018484592,1
attempt_007,ad5948e192ebc2d4,0.93707287221252378,0.93707287221252378,0.93707287221252378,1
attempt_007,ad5c384a6be364aa,1.903536008385494,1.903536008385494,-1.903536008385494,1
attempt_007,addce88f5927e9b7,2.4613800964748043,2.4613800964748043,-2.4613800964748043,1
attempt_007,addfa722b1bb9b7b,0.93259790923810115,0.93259790923810115,-0.93259790923810115,1
attempt_007,af17f6c68ad40f75,0.27603438014513904,0.27603438014513904,-0.27603438014513904,1
attempt_007,af3eaf7a505d27c2,1.2232050781069606,1.2232050781069606,1.2232050781069606,1
attempt_007,b149944913743077,0,0,0,1
attempt_007,b1e1aebb9420a6c0,4.0811795814385157,4.0811795814385157,4.0811795814385157,1
attempt_007,b3447163870d3003,0.26822560515262062,0.26822560515262062,-0.26822560515262062,1
attempt_007,b3907643507df0f6,2.644120761058629,2.644120761058629,2.644120761058629,1
attempt_007,b3b896fac1db6be4,0.27958820740112955,0.27958820740112955,-0.27958820740112955,1
attempt_007,b3d9d211a865558e,0.57523232903048171,0.57523232903048171,-0.57523232903048171,1
attempt_007,b56f9cdeecf07967,15.02738110422758,15.02738110422758,-15.02738110422758,1
attempt_007,b6d0f65b30088d8a,3.0782712283855114,3.0782712283855114,-3.0782712283855114,1
attempt_007,b76abebbe3871acf,14.936060726607487,14.936060726607487,-14.936060726607487,1
attempt_007,b7712c125a47a1e7,0.15523671007603301,0.15523671007603301,-0.15523671007603301,1
attempt_007,b9bee040d2d25fed,45.825006931503815,45.825006931503815,-45.825006931503815,1
attempt_007,ba5099f54efb4c26,0.88137358701954305,0.88137358701954305,-0.88137358701954305,1
attempt_007,bae03f436761eb2a,1.1101429806478116,1.1101429806478116,-1.1101429806478116,1
attempt_007,bbf26c3d1fe29c0e,0.31799472521470795,0.31799472521470795,-0.31799472521470795,1
attempt_007,bc65c316905e3299,12.100267991034009,12.100267991034009,-12.100267991034009,1
attempt_007,bc8c69f89642761a,0.25264382062531077,0.25264382062531077,-0.25264382062531077,1
attempt_007,bdf713200e425ec5,0.23827089534356816,0.23827089534356816,-0.23827089534356816,1
attempt_007,be81446c1506feab,1.7361499625210686,1.7361499625210686,1.7361499625210686,1
attempt_007,c2654fc1cfab58a2,0.21356862631896156,0.21356862631896156,-0.21356862631896156,1
attempt_007,c30f10739e8124e8,28.90611042462259,28.90611042462259,-28.90611042462259,1
attempt_007,c30f8147441ce11e,0.83737862325630452,0.83737862325630452,-0.83737862325630452,1
attempt_007,c38e374a53377422,0.67333339341284537,0.67333339341284537,-0.67333339341284537,1
attempt_007,c3ab909658d376dc,0,0,0,1
attempt_007,c41b1ac770551769,0.28765451920011831,0.28765451920011831,-0.28765451920011831,1
attempt_007,c46086c612e8f2b6,0.69023875716100713,0.69023875716100713,0.69023875716100713,1
attempt_007,c5c20db2e333e139,3.2927688717596877,3.2927688717596877,3.2927688717596877,1
attempt_007,c5e74c2c8abec09b,7.9118788366343296,7.9118788366343296,-7.9118788366343296,1
attempt_007,c711ba9d88eca132,1.2133389602415581,1.2133389602415581,-1.2133389602415581,1
attempt_007,c79cc278f7af4957,14.627400313675267,14.627400313675267,-14.627400313675267,1
attempt_007,c890452c78a0bde5,3.4084648488865774,3.4084648488865774,-3.4084648488865774,1
attempt_007,c90a2eeb6cfde096,2.616608687281504,2.616608687281504,-2.616608687281504,1
attempt_007,c9725c1b5af63003,0.0067544216762556175,0.0067544216762556175,-0.0067544216762556175,1
attempt_007,c994e67932817306,6.7472185779718323,6.7472185779718323,-6.7472185779718323,1
attempt_007,c9d14f8bba60e13a,20.767373535466099,20.767373535466099,-20.767373535466099,1
attempt_007,cab9196b597deab7,2.2211525118406268,2.2211525118406268,-2.2211525118406268,1
attempt_007,cadebb739ade8eb2,15.766480946786206,15.766480946786206,-15.766480946786206,1
attempt_007,cb9a76267a45a1a0,0,0,0,1
attempt_007,cc15a46e3fb2cc41,0.56226188815926725,0.56226188815926725,-0.56226188815926725,1
attempt_007,cc77959c030f6298,0.93707287221252378,0.93707287221252378,-0.93707287221252378,1
attempt_007,cc986eab7707fc06,0.16383293623629136,0.16383293623629136,-0.16383293623629136,1
attempt_007,cd2ee41e0889e8ef,0.16647036121209435,0.16647036121209435,-0.16647036121209435,1
attempt_007,ce4323960c84143b,0.048732161272637242,0.048732161272637242,-0.048732161272637242,1
attempt_007,ceeed00978253eeb,0.28766097626367415,0.28766097626367415,-0.28766097626367415,1
attempt_007,cfb58633d4457471,1.4436354751788103,1.4436354751788103,-1.4436354751788103,1
attempt_007,cfe227d0711edf8d,1.9552613491959399,1.9552613491959399,-1.9552613491959399,1
attempt_007,d041952963b8157f,3.5485083709148668,3.5485083709148668,-3.5485083709148668,1
attempt_007,d101ae93b8d32b0a,2.2898375553342305,2.2898375553342305,-2.2898375553342305,1
attempt_007,d2d5a35610a062b9,1.2948052385597428,1.2948052385597428,-1.2948052385597428,1
attempt_007,d2ea9c99f1ac2546,7.4151465480316041,7.4151465480316041,-7.4151465480316041,1
attempt_007,d356b8a4cf9170ff,0,0,0,1
attempt_007,d3b5756d7162e9af,0.27477673727869067,0.27477673727869067,-0.27477673727869067,1
attempt_007,d42af5fc7b92600f,0.26234343618711264,0.26234343618711264,-0.26234343618711264,1
attempt_007,d4895ffe41aa47be,0.64932821392100237,0.64932821392100237,-0.64932821392100237,1
attempt_007,d4a82f98e4a4d8f1,0.41511718911830364,0.41511718911830364,-0.41511718911830364,1
attempt_007,d6d99601d2221241,1.2764057877570014,1.2764057877570014,-1.2764057877570014,1
attempt_007,d70688b68979f120,0,0,0,1
attempt_007,d71eacc97f2eac4a,0.82567430182656221,0.82567430182656221,0.82567430182656221,1
attempt_007,d79b513d15f7fd37,0,0,0,1
attempt_007,d7c5ce4f887af943,0.15234090841371684,0.15234090841371684,0.15234090841371684,1
attempt_007,d7fca0b3134a6789,0.35131052444647182,0.35131052444647182,-0.35131052444647182,1
attempt_007,d83cb4267cfd84ca,1.7087779969678989,1.7087779969678989,-1.7087779969678989,1
attempt_007,d84524c950c56654,0.21196319890503013,0.21196319890503013,-0.21196319890503013,1
attempt_007,d8fc0a92c8c4a2fa,0.40543507510182231,0.40543507510182231,-0.40543507510182231,1
attempt_007,d906b69770601071,50.411517776293607,50.411517776293607,-50.411517776293607,1
attempt_007,d92bf76a610332bf,2.2117286080312839,2.2117286080312839,-2.2117286080312839,1
attempt_007,d932087548ae36e5,0.15394637840021463,0.15394637840021463,-0.15394637840021463,1
attempt_007,d98556fd070c0af6,0.88137358701954305,0.88137358701954305,-0.88137358701954305,1
attempt_007,d988e431220e6bc6,0.5463911548420235,0.5463911548420235,-0.5463911548420235,1
attempt_007,d9c550a9c51d35ac,0.57421227989516499,0.57421227989516499,-0.57421227989516499,1
attempt_007,d9df86eb981deb9a,1.2004852858798187,1.2004852858798187,-1.2004852858798187,1
attempt_007,da2b4ba6d53170e0,0.11979679800446696,0.11979679800446696,-0.11979679800446696,1
attempt_007,da678ee16b098ae4,6.9304725159934755,6.9304725159934755,-6.9304725159934755,1
attempt_007,da735e4edd7d8acd,4.8628496827781049,4.8628496827781049,-4.8628496827781049,1
attempt_007,dae5d3492aac2245,0.66258171864179616,0.66258171864179616,-0.66258171864179616,1
attempt_007,db5d643b2f9cbfbf,7.5690107694856223,7.5690107694856223,-7.5690107694856223,1
attempt_007,dbb0e6a5907e83b0,5.7649185230359024,5.7649185230359024,-5.7649185230359024,1
attempt_007,dc5b79abd8c32051,5.21577113659208,5.21577113659208,-5.21577113659208,1
attempt_007,dc7b1c1d814df24f,6.643728228285628,6.643728228285628,-6.643728228285628,1
attempt_007,dd94c5772508af28,15.948861391695765,15.948861391695765,-15.948861391695765,1
attempt_007,ddd85b09690827da,2.7457700088792745,2.7457700088792745,-2.7457700088792745,1
attempt_007,ddfc9b179bfb76be,0.67294151449761941,0.67294151449761941,-0.67294151449761941,1
attempt_007,de09337452e20032,0.38340527787836098,0.38340527787836098,-0.38340527787836098,1
attempt_007,de12f87c6958e38e,0.1793415113721597,0.1793415113721597,-0.1793415113721597,1
attempt_007,deeae8883055b9ee,0.49215320135877549,0.49215320135877549,0.49215320135877549,1
attempt_007,def460708ba7b0ef,1.0446751019866349,1.0446751019866349,1.0446751019866349,1
attempt_007,df336a0a88d676b9,0.40537833192831219,0.40537833192831219,-0.40537833192831219,1
attempt_007,df5f216d2d4a9851,0,0,0,1
attempt_007,df8a6c6dd3f3b262,0.15867557199810278,0.15867557199810278,-0.15867557199810278,1
attempt_007,dfbe713e68cc63a9,0,0,0,1
attempt_007,dfeaa1f16aba9b2c,0,0,0,4
attempt_007,e0096fe5c74ff63f,0.28469242807880546,0.28469242807880546,0.28469242807880546,1
attempt_007,e02e29b116c658e8,1.6485081906220111,1.6485081906220111,-1.6485081906220111,1
attempt_007,e16408e569859d83,0.26466896740581092,0.26466896740581092,-0.26466896740581092,1
attempt_007,e4876602e9ba0f2e,0.27567918695927229,0.27567918695927229,-0.27567918695927229,1
attempt_007,e586ddcbc365c334,1.378394029075019,1.378394029075019,-1.378394029075019,1
attempt_007,e6831a831160cb9f,3.9124227656412556,3.9124227656412556,-3.9124227656412556,1
attempt_007,e6e4ce0035fb36ab,1.0307345898361859,1.0307345898361859,-1.0307345898361859,1
attempt_007,e7efeb7dc8836c4b,0,0,0,1
attempt_007,e817fe65c2fb9bb3,5.1849690385888501,5.1849690385888501,-5.1849690385888501,1
attempt_007,e827c21b034c420b,0.7084664821758091,0.7084664821758091,-0.7084664821758091,1
attempt_007,e94bf0263935b271,0,0,0,1
attempt_007,ea9379eb339d6cbc,0.27746146578437791,0.27746146578437791,-0.27746146578437791,1
attempt_007,eab20b0f46956346,0.91303158826518782,0.91303158826518782,-0.91303158826518782,1
attempt_007,eb3b940724dc982d,1.648264578652658,1.648264578652658,-1.648264578652658,1
attempt_007,ec2067430ff6fb6e,0.59821980942926256,0.59821980942926256,-0.59821980942926256,1
attempt_007,ecad917fe0f8bc30,1.8184464592320668,1.8184464592320668,-1.8184464592320668,1
attempt_007,ed763ab2ba3e0068,0.10521421712757739,0.10521421712757739,-0.10521421712757739,1
attempt_007,eeb9a817e031fe66,0.37481098405325652,0.37481098405325652,0.37481098405325652,1
attempt_007,ef0516d41dbfe437,0.33080773093940152,0.33080773093940152,-0.33080773093940152,1
attempt_007,ef18835f55ee60f5,0.5984139055073836,0.5984139055073836,-0.5984139055073836,1
attempt_007,ef19e6cd14447306,0.33525463658602295,0.33525463658602295,-0.33525463658602295,1
attempt_007,ef2fd0959fcb438f,3.3334775868839928,3.3334775868839928,3.3334775868839928,1
attempt_007,efd621027b9eee3c,2.1874947629915376,2.1874947629915376,2.1874947629915376,1
attempt_007,f018b597d7955bde,2.3286079051334001,2.3286079051334001,-2.3286079051334001,1
attempt_007,f16ea570bc36c50a,0,0,0,1
attempt_007,f182ea2ef1d4b772,37.629034324460271,37.629034324460271,37.629034324460271,1
attempt_007,f197a4dda8f05c9d,0.15234090841371684,0.15234090841371684,-0.15234090841371684,1
attempt_007,f20d81ce18b75a1c,0.24774080047153468,0.24774080047153468,-0.24774080047153468,1
attempt_007,f28d6630733894f3,0,0,0,1
attempt_007,f291f9c50ad08615,0.11697170516215394,0.11697170516215394,-0.11697170516215394,1
attempt_007,f2f434168325f484,0.33168241978587654,0.33168241978587654,0.33168241978587654,1
attempt_007,f3118a80b16b514c,4.0769621525052351,4.0769621525052351,-4.0769621525052351,1
attempt_007,f379f2a83d8b1d5e,10.128694424107259,10.128694424107259,10.128694424107259,1
attempt_007,f3d6f4c526ee2045,0,0,0,1
attempt_007,f4124699649b4a4a,0.30916406397602358,0.30916406397602358,-0.30916406397602358,1
attempt_007,f4f0befaa83096bf,18.497049322350545,18.497049322350545,-18.497049322350545,1
attempt_007,f52bb8e676e21112,0.81635306171727073,0.81635306171727073,-0.81635306171727073,1
attempt_007,f60ce72c8a83d154,2.087901681566855,2.087901681566855,-2.087901681566855,1
attempt_007,f6f7080c144e2394,0.11279268243933771,0.11279268243933771,-0.11279268243933771,1
attempt_007,f7374c8beb60288c,0.68175973346261642,0.68175973346261642,-0.68175973346261642,1
attempt_007,f7417f2e9fa24db6,3.1123272663354067,3.1123272663354067,-3.1123272663354067,1
attempt_007,f770391e972a9774,0,0,0,1
attempt_007,f83f515f4a1662ef,1.1862066069415675,1.1862066069415675,-1.1862066069415675,1
attempt_007,f91bd836fd72ca30,2.4917798526449122,2.4917798526449122,2.4917798526449122,1
attempt_007,fbad90682526646a,0.21497166363039888,0.21497166363039888,-0.21497166363039888,1
attempt_007,fcc34d7bb321a7ba,0,0,0,1
attempt_007,fcd157d7ad16d9bd,17.352684784139043,17.352684784139043,-17.352684784139043,1
attempt_007,fd55c8719d3332f2,4.7420109796572341,4.7420109796572341,-4.7420109796572341,1
attempt_007,fde73a5d26460ac7,0.287679010577647,0.287679010577647,-0.287679010577647,1
attempt_007,fe6c690122c7f47b,0.21497166363039888,0.21497166363039888,-0.21497166363039888,1
attempt_007,fe8bb0245e97303e,1.1630881542089586,1.1630881542089586,-1.1630881542089586,1
attempt_007,ff8c002895cc55c0,0.88137358701954305,0.88137358701954305,-0.88137358701954305,1
reference,0044728bdcee1ccc,0.16686708035901177,0.16686708035901177,0.16686708035901177,1
reference,00e091d496483091,4.5425242459374076,4.5425242459374076,4.5425242459374076,1
reference,0146b78ef57bcf64,10.535624775336744,10.535624775336744,10.535624775336744,1
reference,02185b833b3f7e46,0.14817963499205611,0.14817963499205611,-0.14817963499205611,1
reference,0283464d5a77682d,0.42615924716575293,0.42615924716575293,0.42615924716575293,1
reference,02aba283d0ede168,0.017789898436700646,0.017789898436700646,-0.017789898436700646,1
reference,02bd54a445c388f7,24.26353577453817,24.26353577453817,24.26353577453817,1
reference,03412985653e34db,0.90911594214902403,0.90911594214902403,-0.90911594214902403,1
reference,0370362548b1f471,2.9025164228962232,2.9025164228962232,-2.9025164228962232,1
reference,0375e8560a077d47,1.8979764543618978,1.8979764543618978,-1.8979764543618978,1
reference,042fa975ca684d3b,0.049507562105066683,0.049507562105066683,-0.049507562105066683,1
reference,044ca752d5c4c86b,17.531123372184492,17.531123372184492,17.531123372184492,1
reference,04c8fa09cc1795b2,3.5588279571673622,3.5588279571673622,-3.5588279571673622,1
reference,0561fe7b34c8f921,1.1886603587336513,1.1886603587336513,-1.1886603587336513,1
reference,057e4c1e204474c3,0.032196960817643117,0.032196960817643117,0.032196960817643117,1
reference,05b8808be1811f88,0.36751707176127102,0.36751707176127102,-0.36751707176127102,1
reference,05d1421f3aa676b3,0.27622989048943225,0.27622989048943225,-0.27622989048943225,1
reference,0809681d790ac577,0.50110098503039646,0.50110098503039646,-0.50110098503039646,1
reference,088744d8857214d3,0.87510873623422292,0.87510873623422292,0.87510873623422292,1
reference,095c0657286c2670,3.0101641050478651,3.0101641050478651,3.0101641050478651,1
reference,0a3723be6d7e8015,0.035817826914335882,0.035817826914335882,-0.035817826914335882,1
reference,0aabeaa122622902,0.55825701498697455,0.55825701498697455,-0.55825701498697455,1
reference,0abe8ddbdc76674c,12.270304302934024,12.270304302934024,-12.270304302934024,1
reference,0b1839302dfbecd9,0.25119296904139077,0.25119296904139077,-0.25119296904139077,1
reference,0b7552228582926d,0.91123592280351229,0.91123592280351229,-0.91123592280351229,1
reference,0bd468a4feb458c4,0.3885025853693912,0.3885025853693912,0.3885025853693912,1
reference,0c2effcd2d76718c,0.26219665678471493,0.26219665678471493,0.26219665678471493,1
reference,0c2f0383d85e77d7,0.44294528526278576,0.44294528526278576,0.44294528526278576,1
reference,0c5258397f981059,1.8855949794106621,1.8855949794106621,1.8855949794106621,1
reference,0cbfa12424d7c0c3,0.30993684618411077,0.30993684618411077,-0.30993684618411077,1
reference,0d1a69478606100d,0.24645234038913966,0.24645234038913966,-0.24645234038913966,1
reference,0d3017d562dd4eca,0.196581389193069,0.196581389193069,-0.196581389193069,1
reference,0dfbf7a8aa92ea87,0.027518706657517988,0.027518706657517988,-0.027518706657517988,1
reference,0e9128d223e92278,0.11595498357910716,0.11595498357910716,-0.11595498357910716,1
reference,0ef764903b18785f,0.65702219450073152,0.65702219450073152,-0.65702219450073152,1
reference,0f0d8322e9518056,0.13440868568651254,0.13440868568651254,-0.13440868568651254,1
reference,0fa7cdbf435011ab,0.24126172077997232,0.24126172077997232,-0.24126172077997232,1
reference,103dc8054c6809aa,0.89906527436868133,0.89906527436868133,-0.89906527436868133,1
reference,105e5b4c72ffcebb,2.345554599883565,2.345554599883565,2.345554599883565,1
reference,1076838c0f3dff77,0.014903866483109596,0.014903866483109596,0.014903866483109596,1
reference,108245ab6eece39e,0.16196011925789655,0.16196011925789655,-0.16196011925789655,1
reference,10e78ebbadf09b69,0.080392746045159669,0.080392746045159669,-0.080392746045159669,1
reference,111aa3492a976cda,0.37167819863565033,0.37167819863565033,0.37167819863565033,1
reference,12039dda732972c5,0.17309607583985986,0.17309607583985986,0.17309607583985986,1
reference,1247538925d32f08,0.075553792419615462,0.075553792419615462,-0.075553792419615462,1
reference,1252c2ac6a2921d9,1.711674647125605,1.711674647125605,1.711674647125605,1
reference,1253cd5ffd2eea4f,0.17939304698777114,0.17939304698777114,-0.17939304698777114,1
reference,12d41fc28379e309,0.54008513413456072,0.54008513413456072,0.54008513413456072,1
reference,1327399555209d45,1.4464907013704273,1.4464907013704273,-1.4464907013704273,1
reference,1328f931a3bb25ee,1.1579504569804469,1.1579504569804469,1.1579504569804469,1
reference,143fa8c15e434cb8,0.3515782509826213,0.3515782509826213,0.3515782509826213,1
reference,1453410305cd22f0,0.57101622894422643,0.57101622894422643,0.57101622894422643,1
reference,1753d7d5cddf0205,2.4720727677341658,2.4720727677341658,-2.4720727677341658,1
reference,1788df09936827c0,0.40466680496785079,0.40466680496785079,0.40466680496785079,1
reference,188e0096a622bc46,1.3818928427036257,1.3818928427036257,-1.3818928427036257,1
reference,1948a9145ba02cd7,2.2147303686161486,2.2147303686161486,2.2147303686161486,1
reference,1954fa2200741c60,4.0101501448372661,4.0101501448372661,4.0101501448372661,1
reference,19733e25b3773af3,4.2605666284979673,4.2605666284979673,-4.2605666284979673,1
reference,19923d2aee3257bc,0.9800424206150069,0.9800424206150069,-0.9800424206150069,1
reference,1a0bb13d9a5d9fa6,0.017478851394962192,0.017478851394962192,0.017478851394962192,1
reference,1a21a2ceabaea267,0.11418170597708155,0.11418170597708155,-0.11418170597708155,1
reference,1a2688ab9e47122d,0.12863220767218042,0.12863220767218042,-0.12863220767218042,1
reference,1befd0176d6f5fd4,0.58208993621539662,0.58208993621539662,-0.58208993621539662,1
reference,1c6063eeac7eb829,0.19754949288748591,0.19754949288748591,-0.19754949288748591,1
reference,1c802bcdb8f3c632,0.96391735919079835,0.96391735919079835,0.96391735919079835,1
reference,1cbf433a4455aa2a,0.25945023525871314,0.25945023525871314,-0.25945023525871314,1
reference,1d750c20f57af221,1.4290094891256597,1.4290094891256597,-1.4290094891256597,1
reference,1e739b9ecad69152,0.14319508908155187,0.14319508908155187,-0.14319508908155187,1
reference,1e84ebc58b8d107b,0.40223187743235833,0.40223187743235833,-0.40223187743235833,1
reference,1f93720697ffc181,1.3001554324553655,1.3001554324553655,1.3001554324553655,1
reference,200bb64dedd145f0,4.0422039426621463,4.0422039426621463,4.0422039426621463,1
reference,20270d91433a73e1,0.16794474372580481,0.16794474372580481,0.16794474372580481,1
reference,205c8bc6fa0cd419,1.3715177100853873,1.3715177100853873,1.3715177100853873,1
reference,20b6e06fb3db908c,0.19407913188020276,0.19407913188020276,0.19407913188020276,1
reference,20d4786362ff7b63,3.1427396455900389,3.1427396455900389,3.1427396455900389,1
reference,22526e47fc6d1c22,0.45869717817292943,0.45869717817292943,-0.45869717817292943,1
reference,228b38b5be777338,0.24730915379536178,0.24730915379536178,0.24730915379536178,1
reference,2315ab7c0c4098bc,2.8281179866828747,2.8281179866828747,2.8281179866828747,1
reference,239ae2c28321e638,0.19992011355254125,0.19992011355254125,-0.19992011355254125,1
reference,2456848abac304dd,0.11629661537555869,0.11629661537555869,-0.11629661537555869,1
reference,24a3aea72050ec55,0.35525420855511403,0.35525420855511403,-0.35525420855511403,1
reference,24a688e4791749fb,0.13134360224785091,0.13134360224785091,-0.13134360224785091,1
reference,24dcd59e5f044eaf,0.28525856711866115,0.28525856711866115,0.28525856711866115,1
reference,251a21f8679ea430,0.18763436635838726,0.18763436635838726,-0.18763436635838726,1
reference,25642a0f403458cc,4.1322716916070537,4.1322716916070537,-4.1322716916070537,1
reference,276ee3d020155083,0.12409900073100211,0.12409900073100211,-0.12409900073100211,1
reference,2811bd29ede210eb,0.35124196986831624,0.35124196986831624,-0.35124196986831624,1
reference,288d02d8da16c44a,0.66490146597454469,0.66490146597454469,0.66490146597454469,1
reference,28c7ce4eb54cee7e,0.57303352570080435,0.57303352570080435,-0.57303352570080435,1
reference,292d3a65a36e4173,0.86443051864890386,0.86443051864890386,-0.86443051864890386,1
reference,29951084393af017,2.5650661690515149,2.5650661690515149,-2.5650661690515149,1
reference,2b1215df9415c4ba,1.9230958747386673,1.9230958747386673,-1.9230958747386673,1
reference,2b41a785877b71ea,0.4322302822472428,0.4322302822472428,-0.4322302822472428,1
reference,2b5c74a3261e6390,0.10191080892692383,0.10191080892692383,-0.10191080892692383,1
reference,2ba65bf42eb08605,1.2694963339303129,1.2694963339303129,1.2694963339303129,1
reference,2bc6e555e9164bb6,0.16351796005669783,0.16351796005669783,0.16351796005669783,1
reference,2c04b6461f2a0f70,2.8752740595433135,2.8752740595433135,-2.8752740595433135,1
reference,2cc152e27584ae06,0.15040479736253065,0.15040479736253065,-0.15040479736253065,1
reference,2d9fd3908b46f903,0.09954368344479203,0.09954368344479203,0.09954368344479203,1
reference,2e975705981d73d4,1.351628989749146,1.351628989749146,1.351628989749146,1
reference,2ef727fd55a311e9,1.9608551569731461,1.9608551569731461,-1.9608551569731461,1
reference,2f4b3618f17ab9f1,1.9770558930164173,1.9770558930164173,1.9770558930164173,1
reference,2fea6d395fbcb322,0.53721624328831907,0.53721624328831907,-0.53721624328831907,1
reference,30cd40b5db1a9d5a,0.69951001229253151,0.69951001229253151,0.69951001229253151,1
reference,31003a5fec847475,3.4686490459272843,3.4686490459272843,-3.4686490459272843,1
reference,3172245156716229,0.27264241629441699,0.27264241629441699,0.27264241629441699,1
reference,32e515b6710947df,1.6093099497328662,1.6093099497328662,-1.6093099497328662,1
reference,338aaf7bd51bc4eb,1.7398020748821601,1.7398020748821601,-1.7398020748821601,1
reference,33bd1dfc2fd11b1c,1.9145716198426919,1.9145716198426919,1.9145716198426919,1
reference,346e22483b4bd8ee,0.04005986068628653,0.04005986068628653,0.04005986068628653,1
reference,34d56de6e80be715,1.9509645147732355,1.9509645147732355,1.9509645147732355,1
reference,35a0f646aeff2f25,0.49896347520739681,0.49896347520739681,0.49896347520739681,1
reference,3609782e0c57034c,0.38472240983145234,0.38472240983145234,-0.38472240983145234,1
reference,37e39e4b052ed45e,56.364619623935766,56.364619623935766,-56.364619623935766,1
reference,380042f4d4a23ee5,0.58414093033755421,0.58414093033755421,-0.58414093033755421,1
reference,380b6b083e82f720,0.09902465226137025,0.09902465226137025,0.09902465226137025,1
reference,385e3389ccbdab7a,2.1699383953289644,2.1699383953289644,-2.1699383953289644,1
reference,38ec5e2a9b2e3457,3.2930165445052104,3.2930165445052104,3.2930165445052104,1
reference,390e7182b657d51d,0.28331397008520653,0.28331397008520653,0.28331397008520653,1
reference,397f3fe0c8ab4b5d,0.35481962754469532,0.35481962754469532,-0.35481962754469532,1
reference,3ad58a03f9e9766a,0.06583714526443174,0.06583714526443174,0.06583714526443174,1
reference,3baddea31857633e,0.11477676936969694,0.11477676936969694,0.11477676936969694,1
reference,3bdcc142d2c817b0,0.39380996738323315,0.39380996738323315,0.39380996738323315,1
reference,3c35e6e2f32c33be,0.42883876370710361,0.42883876370710361,-0.42883876370710361,1
reference,3c5dd7b0279c4f63,0.21078702726790777,0.21078702726790777,-0.21078702726790777,1
reference,3d17e2aeb88c0753,0.25341112506339947,0.25341112506339947,-0.25341112506339947,1
reference,3d3e9f9b492bc8e8,0.4383735767363417,0.4383735767363417,-0.4383735767363417,1
reference,3d7f4c82ccf162c2,0.59607612441233115,0.59607612441233115,0.59607612441233115,1
reference,3efdc924d43cf197,0.26479392212554842,0.26479392212554842,-0.26479392212554842,1
reference,40000e849af4d88b,0.35606957095934977,0.35606957095934977,-0.35606957095934977,1
reference,40fca366c650a1dd,0.17984424383855568,0.17984424383855568,-0.17984424383855568,1
reference,4166b38a95a2e178,0.15829895175611064,0.15829895175611064,-0.15829895175611064,1
reference,41ae88c2a2d3b667,1.3286908294322526,1.3286908294322526,1.3286908294322526,1
reference,41de3083151e616d,0.54522694567740926,0.54522694567740926,0.54522694567740926,1
reference,42146998b3ee116c,0.36959868826983922,0.36959868826983922,0.36959868826983922,1
reference,42dd04a53780a973,0.31754088848213158,0.31754088848213158,-0.31754088848213158,1
reference,42eae62218510290,0.8584871124677349,0.8584871124677349,0.8584871124677349,1
reference,431af725e9d9cf36,1.0488569106187606,1.0488569106187606,-1.0488569106187606,1
reference,437a97355e1b5d17,0.70190329156957132,0.70190329156957132,-0.70190329156957132,1
reference,43ea69d95437dcc1,0.33917106926805118,0.33917106926805118,-0.33917106926805118,1
reference,43fb8cf7dda6679e,0.21521629364670058,0.21521629364670058,-0.21521629364670058,1
reference,44c58ea28b3c982a,0.4843953614727905,0.4843953614727905,-0.4843953614727905,1
reference,45371da82072a708,0.21431629850166711,0.21431629850166711,-0.21431629850166711,1
reference,4541655e38bbd696,1.1585475610024645,1.1585475610024645,1.1585475610024645,1
reference,45ec8a19f45ae9e9,0.26611758775321115,0.26611758775321115,-0.26611758775321115,1
reference,464fe77cb548d241,0.29756170773368584,0.29756170773368584,-0.29756170773368584,1
reference,46d2ba8408ced4a5,0.5037611893198819,0.5037611893198819,-0.5037611893198819,1
reference,48293e9d39532b81,29.127659650372685,29.127659650372685,29.127659650372685,1
reference,48c67edc36fc5736,0.12317552729531567,0.12317552729531567,0.12317552729531567,1
reference,496a8a3eddea172e,0.37884694655443241,0.37884694655443241,0.37884694655443241,1
reference,49d1ffd2779d9063,0.092706958736112455,0.092706958736112455,0.092706958736112455,1
reference,4b6da16826bf9fab,0.087641847564681186,0.087641847564681186,0.087641847564681186,1
reference,4b9e18e8d3a764da,3.0539408309863303,3.0539408309863303,-3.0539408309863303,1
reference,4bdf7d70c7425250,0.087206879811578375,0.087206879811578375,0.087206879811578375,1
reference,4ccf90cb21ac1f22,1.5027063832979835,1.5027063832979835,1.5027063832979835,1
reference,4da86be7c0ed4685,1.6599310931166862,1.6599310931166862,1.6599310931166862,1
reference,4e67d68dd4a36262,0.50884029502575778,0.50884029502575778,-0.50884029502575778,1
reference,4e6985d31075e24a,0.5011966786491282,0.5011966786491282,0.5011966786491282,1
reference,4ea0cf4c51b1dbd8,1.5461897180703277,1.5461897180703277,1.5461897180703277,1
reference,509f66fdddeb6bb7,0.034330381488927308,0.034330381488927308,0.034330381488927308,1
reference,50c2fc8fc1733d8a,0.86158593637583536,0.86158593637583536,-0.86158593637583536,1
reference,526424c6c7ba50de,3.7925466392005847,3.7925466392005847,-3.7925466392005847,1
reference,5291299139a2a507,0.098813125682804426,0.098813125682804426,0.098813125682804426,1
reference,530bc5a858c7d4b4,0.21429265644467366,0.21429265644467366,-0.21429265644467366,1
reference,53ad740cce42e97c,0.12596382006914153,0.12596382006914153,-0.12596382006914153,1
reference,551d0fc027a751c2,4.5381016230798821,4.5381016230798821,-4.5381016230798821,1
reference,55252981817e250f,0.49343382106509992,0.49343382106509992,-0.49343382106509992,1
reference,5577861e318d74af,0.54175771929728,0.54175771929728,-0.54175771929728,1
reference,5582cb9c46257d3f,1.3185263908160039,1.3185263908160039,1.3185263908160039,1
reference,55a45b1a7e315a29,0.88701494791024871,0.88701494791024871,-0.88701494791024871,1
reference,5674726cd475351e,0.096101594249829114,0.096101594249829114,-0.096101594249829114,1
reference,57096bbe0d139c10,0.33514114335239498,0.33514114335239498,0.33514114335239498,1
reference,5743313fef7461b9,1.134919184091927,1.134919184091927,-1.134919184091927,1
reference,575b77816c26e0e3,0.69470952160723698,0.69470952160723698,-0.69470952160723698,1
reference,57a2cd76adbdff08,4.5010442336800018,4.5010442336800018,-4.5010442336800018,1
reference,57dba21aa4802ce4,2.9798015668683391,2.9798015668683391,-2.9798015668683391,1
reference,57fca562822562f4,1.2704453790557118,1.2704453790557118,-1.2704453790557118,1
reference,5838e1cafed7ec9e,0.35512377481043522,0.35512377481043522,0.35512377481043522,1
reference,593484d77afa237a,0.039150550836343001,0.039150550836343001,0.039150550836343001,1
reference,5a133a263b0eafa6,2.16028598264948,2.16028598264948,2.16028598264948,1
reference,5a349f6ef74434ea,1.1793392387887067,1.1793392387887067,1.1793392387887067,1
reference,5ab19c23cd16fc8e,2.3851851354864868,2.3851851354864868,2.3851851354864868,1
reference,5c2dbd440ca8d71e,2.6732459906981632,2.6732459906981632,-2.6732459906981632,1
reference,5c900716768b5f13,67.761880230288497,67.761880230288497,67.761880230288497,1
reference,5cc868e2e9fa7a4f,0.5555679350302154,0.5555679350302154,-0.5555679350302154,1
reference,5d4832277493c656,0.40213206894010511,0.40213206894010511,0.40213206894010511,1
reference,5de6ca5b3cdb2308,15.821661364925784,15.821661364925784,15.821661364925784,1
reference,5e5cf0838ec04aa7,0.40549701316812659,0.40549701316812659,0.40549701316812659,1
reference,5e672637ee00da51,1.7646915692285035,1.7646915692285035,-1.7646915692285035,1
reference,5ec3ce50bd1e3f94,0.022083043540582992,0.022083043540582992,-0.022083043540582992,1
reference,5fe4aa4017e3184f,0.66169762617422911,0.66169762617422911,0.66169762617422911,1
reference,609c04e8bbcb8ae9,0.29709636561453223,0.29709636561453223,-0.29709636561453223,1
reference,61512e27503e0c5d,5.8572412924937955,5.8572412924937955,-5.8572412924937955,1
reference,61c859c56cdb9f51,1.4218205910994592,1.4218205910994592,1.4218205910994592,1
reference,62cc364cf8348017,0.28871373169387748,0.28871373169387748,-0.28871373169387748,1
reference,6368e01c89742033,1.5706151208823234,1.5706151208823234,-1.5706151208823234,1
reference,644eca9ea9e3d529,1.8764387926360993,1.8764387926360993,1.8764387926360993,1
reference,65ed0077d5265519,0.36971632869034643,0.36971632869034643,-0.36971632869034643,1
reference,662f482ba6c543a2,0.70143445736096677,0.70143445736096677,-0.70143445736096677,1
reference,66e5877231ff195b,1.385054528947272,1.385054528947272,1.385054528947272,1
reference,68dc63126a573982,0.36569593789645172,0.36569593789645172,-0.36569593789645172,1
reference,6953ca6de2032137,0.89447651006941742,0.89447651006941742,-0.89447651006941742,1
reference,6971c4a92f397cd5,0.096799939893775999,0.096799939893775999,-0.096799939893775999,1
reference,6a88306079e612a9,0.2494560423157699,0.2494560423157699,0.2494560423157699,1
reference,6b76a5f61943c0d6,0.52942075852797732,0.52942075852797732,-0.52942075852797732,1
reference,6b9cd1f5e2eb5104,1.5998787178744882,1.5998787178744882,1.5998787178744882,1
reference,6e0769094a37b3aa,0.22420335263947333,0.22420335263947333,-0.22420335263947333,1
reference,6e2efc86d99b4c08,0.42915150398077628,0.42915150398077628,0.42915150398077628,1
reference,6e9452cd92a1e675,0.79130699286840134,0.79130699286840134,0.79130699286840134,1
reference,6f1d447affd94478,0.75398663024502799,0.75398663024502799,-0.75398663024502799,1
reference,6fbbd2c83717800c,1.0241141504769651,1.0241141504769651,1.0241141504769651,1
reference,701114dc9d0a0820,7.3789240453410585,7.3789240453410585,-7.3789240453410585,1
reference,70bf4dd1bfce5642,0.21447020450122212,0.21447020450122212,0.21447020450122212,1
reference,71cc13e1d23971b4,0.19723559876150798,0.19723559876150798,-0.19723559876150798,1
reference,71e32c98a2fa4eb0,0.3705895065696776,0.3705895065696776,-0.3705895065696776,1
reference,722018578611076f,0.086353277218181645,0.086353277218181645,-0.086353277218181645,1
reference,72a5ce3caed949c4,0.61443094287703826,0.61443094287703826,-0.61443094287703826,1
reference,7400cf6ae9f4ad13,0.2677224894080279,0.2677224894080279,-0.2677224894080279,1
reference,74d3c0d02fda4cc0,0.4081470060573924,0.4081470060573924,-0.4081470060573924,1
reference,74f95f520284dd1d,0.13330798535014932,0.13330798535014932,0.13330798535014932,1
reference,7675d8f4d1509a89,0.28230347868962635,0.28230347868962635,-0.28230347868962635,1
reference,76b505a4ce8376ca,0.0056067190554731638,0.0056067190554731638,-0.0056067190554731638,1
reference,7732793724f03849,0.82138401690721707,0.82138401690721707,-0.82138401690721707,1
reference,774ecb674fbd485d,1.0116009542492996,1.0116009542492996,-1.0116009542492996,1
reference,775bebce2e8069ea,15.914838653192362,15.914838653192362,-15.914838653192362,1
reference,77dc3be003a0e911,19.943806831363471,19.943806831363471,19.943806831363471,1
reference,78f0601042601c75,7.550125292521507,7.550125292521507,-7.550125292521507,1
reference,794324f96cddac1f,27.887014328652661,27.887014328652661,27.887014328652661,1
reference,7a2fb9613b20a5c1,0.059725253780520404,0.059725253780520404,0.059725253780520404,1
reference,7a7bd5bcd3e65b33,0.25814659559473752,0.25814659559473752,0.25814659559473752,1
reference,7b857d11d0d32f87,0.12381013214471315,0.12381013214471315,-0.12381013214471315,1
reference,7b8ac553132d3eb1,0.45017475080774716,0.45017475080774716,-0.45017475080774716,1
reference,7bf35d4cc299c56b,0.42398038905395463,0.42398038905395463,-0.42398038905395463,1
reference,7c37ba7718ebcbf7,0.22419212982135761,0.22419212982135761,-0.22419212982135761,1
reference,7cb10a04d50e0b73,0.023610552668040796,0.023610552668040796,-0.023610552668040796,1
reference,7cc65538b7b35872,0.31549675795347287,0.31549675795347287,0.31549675795347287,1
reference,7d87536df8bba075,0.037616815895486155,0.037616815895486155,0.037616815895486155,1
reference,7dd4e5ac7be25901,0.082130120875049784,0.082130120875049784,0.082130120875049784,1
reference,7ef9cf3282aa5cfd,1.0294561601397918,1.0294561601397918,1.0294561601397918,1
reference,7f2c7c8523e00e06,0.20604934011175136,0.20604934011175136,0.20604934011175136,1
reference,7f9ebb677b1dcde4,6.2703249503710907,6.2703249503710907,-6.2703249503710907,1
reference,7fbb11a095b6c40b,0.55939322231601885,0.55939322231601885,0.55939322231601885,1
reference,7fee598b25d82fec,0.15427112785109731,0.15427112785109731,0.15427112785109731,1
reference,803469d8a0bf32f3,0.21105059217562783,0.21105059217562783,0.21105059217562783,1
reference,804f5d131debd233,0.39706134139997662,0.39706134139997662,-0.39706134139997662,1
reference,80587dc3d17518b9,1.1695314026289569,1.1695314026289569,-1.1695314026289569,1
reference,80885573b67f74f6,0.9052532970619751,0.9052532970619751,-0.9052532970619751,1
reference,819a91f09387b7ff,0.0061358639673052551,0.0061358639673052551,0.0061358639673052551,1
reference,824795041aa4023c,1.4379104901891075,1.4379104901891075,1.4379104901891075,1
reference,82ecf90c792c704a,0.52783241525618063,0.52783241525618063,-0.52783241525618063,1
reference,83468bd36acdbaf3,0.6985018166737289,0.6985018166737289,-0.6985018166737289,1
reference,83e0d91f0a7da434,0.73905557680690048,0.73905557680690048,-0.73905557680690048,1
reference,84a4d6cd0408ab51,0.30460659281831148,0.30460659281831148,-0.30460659281831148,1
reference,850884d44ae6d451,0.25826708498507855,0.25826708498507855,-0.25826708498507855,1
reference,853b3dd1c82b2adc,0.046337506554800179,0.046337506554800179,-0.046337506554800179,1
reference,869a59d197773261,0.3277248051119821,0.3277248051119821,-0.3277248051119821,1
reference,86a805d8689d1d5c,1.7925515704535888,1.7925515704535888,-1.7925515704535888,1
reference,870a07402050ea0d,0.26088996046030744,0.26088996046030744,-0.26088996046030744,1
reference,8749b49e6198cc7b,0.17983532914075884,0.17983532914075884,-0.17983532914075884,1
reference,875650fc71625bbe,0.60788009463233905,0.60788009463233905,0.60788009463233905,1
reference,87685dd4759df27e,0.0065713988366455922,0.0065713988366455922,-0.0065713988366455922,1
reference,87f6ddc717ae5bf5,0.3080401295921682,0.3080401295921682,-0.3080401295921682,1
reference,88271d97e49c34db,14.883424149884696,14.883424149884696,14.883424149884696,1
reference,89e30dc84513080c,2.0002258093876022,2.0002258093876022,-2.0002258093876022,1
reference,8ad55d29e7bb93fb,0.42477227001796258,0.42477227001796258,-0.42477227001796258,1
reference,8b1a1a27c8cfb628,0.0085265647630912156,0.0085265647630912156,-0.0085265647630912156,1
reference,8ba775bbe95b51c1,2.295720126728753,2.295720126728753,2.295720126728753,1
reference,8d33226e1a3a5ea9,4.7707066480087921,4.7707066480087921,4.7707066480087921,1
reference,8db8d74ecfc737af,0.53317535280556516,0.53317535280556516,-0.53317535280556516,1
reference,8ef29254fa7b340a,0.13994023488385254,0.13994023488385254,0.13994023488385254,1
reference,8f002d0cd17056ac,1.7034647080480898,1.7034647080480898,1.7034647080480898,1
reference,8f5e2c16b9d01e3a,0.55200559879253319,0.55200559879253319,0.55200559879253319,1
reference,9060c5dd8eede2f8,0.2256646641829505,0.2256646641829505,0.2256646641829505,1
reference,90de08615b8ba426,0.48439701975883587,0.48439701975883587,0.48439701975883587,1
reference,926659ee4c06c9d0,0.38780676431681549,0.38780676431681549,0.38780676431681549,1
reference,93c2df04145acbc4,0.99870392955968867,1.0049024113053397,-0.99870392955968867,2
reference,93d9b97a6d2642a9,5.0062774918596702,5.0062774918596702,-5.0062774918596702,1
reference,93dd6cc67bcd5ec9,0.69101693351392646,0.69101693351392646,0.69101693351392646,1
reference,94884b8bbcfbd54c,1.2205480052167559,1.2205480052167559,1.2205480052167559,1
reference,95683f47f0348db3,1.4205965249833454,1.4205965249833454,1.4205965249833454,1
reference,959d1c9138fdf1fb,0.048557295325434069,0.048557295325434069,0.048557295325434069,1
reference,95cfdea7778e1671,0.58918271571488123,0.58918271571488123,-0.58918271571488123,1
reference,969aa1f40d6dc66b,0.44767076285739016,0.44767076285739016,-0.44767076285739016,1
reference,96e70b492b6abbf6,3.1955299376293524,3.1955299376293524,-3.1955299376293524,1
reference,97d71db82cd82f0a,74.511197819102591,74.511197819102591,74.511197819102591,1
reference,97e97a387cc1bd1a,0.20658902179535055,0.20658902179535055,0.20658902179535055,1
reference,99560a9ea3687fe0,2.5194919108944163,2.5194919108944163,2.5194919108944163,1
reference,9a9cbcde4b4d7a22,1.9798048394738128,1.9798048394738128,1.9798048394738128,1
reference,9abc3d2b01c3cc5c,1.3436375479836054,1.3436375479836054,-1.3436375479836054,1
reference,9ac3107d67e59532,0.43689524131607627,0.43689524131607627,0.43689524131607627,1
reference,9b55b84321f80b2c,0.29164260454252933,0.29164260454252933,-0.29164260454252933,1
reference,9bde9a7e32be7e05,6.9648539317703637,6.9648539317703637,-6.9648539317703637,1
reference,9cc48a5df92274e0,0.4370160657009351,0.4370160657009351,0.4370160657009351,1
reference,9cd93057cf9c8c00,0.4481929570506189,0.4481929570506189,-0.4481929570506189,1
reference,9e08c4f4702c9176,0.54212364394479673,0.54212364394479673,-0.54212364394479673,1
reference,9e98cf4c5d891d2f,7.2029660672688749,7.2029660672688749,-7.2029660672688749,1
reference,9f3056864543d3f6,0.38841202764368088,0.38841202764368088,-0.38841202764368088,1
reference,9ffa5b2dcb6e0751,1.517300142256417,1.517300142256417,1.517300142256417,1
reference,a0932aefae2399cd,1.4308986212885131,1.4308986212885131,1.4308986212885131,1
reference,a093cd5e9acd6e6e,0.23938883376813003,0.23938883376813003,-0.23938883376813003,2
reference,a094e76271214f19,2.569182088779598,2.569182088779598,2.569182088779598,1
reference,a1a947740469afec,0.33115122104669403,0.33115122104669403,0.33115122104669403,1
reference,a1beaac4ea8de6d2,0.20218434041004585,0.20218434041004585,0.20218434041004585,1
reference,a1ef3ce7ce07e30c,1.7007946182069147,1.7007946182069147,1.7007946182069147,1
reference,a26ff951b5ebb4a4,2.377782981358683,2.377782981358683,2.377782981358683,1
reference,a2e55b7bdd61cff3,0.5855100743958328,0.5855100743958328,0.5855100743958328,1
reference,a313d79fcc230548,0.47703330243190933,0.47703330243190933,0.47703330243190933,1
reference,a3cf484f0f31b544,2.009074027082093,2.009074027082093,2.009074027082093,1
reference,a45e00fc8ea9b758,0.73789682829625569,0.73789682829625569,-0.73789682829625569,1
reference,a5b9820ac5bf2964,1.4791589034556809,1.4791589034556809,1.4791589034556809,1
reference,a7201302014ae6ce,0.04507701957653687,0.04507701957653687,0.04507701957653687,1
reference,a76377b7caf4b874,0.09473069276047319,0.09473069276047319,-0.09473069276047319,1
reference,a7cec19aef0c55cb,1.4547281226305797,1.4547281226305797,-1.4547281226305797,1
reference,a80977c20588518e,4.0453991726742151,4.0453991726742151,-4.0453991726742151,1
reference,a923f2662aceecd7,0.18996251050797675,0.18996251050797675,-0.18996251050797675,1
reference,a940391648d52575,34.292645292854523,34.292645292854523,-34.292645292854523,1
reference,a954b31b66e0a0f7,0.37708763751905039,0.37708763751905039,-0.37708763751905039,1
reference,aa3e13a94fa413b0,0.61454667061350321,0.61454667061350321,0.61454667061350321,1
reference,aa55fc2e591a3eea,0.2453138562044046,0.2453138562044046,0.2453138562044046,1
reference,aa84024f362acec7,0.83334592478475145,0.83334592478475145,0.83334592478475145,1
reference,aabf9bdb77894078,0.82194615426671458,0.82194615426671458,-0.82194615426671458,1
reference,ab022eca238edc01,0.044868606086654772,0.044868606086654772,-0.044868606086654772,1
reference,ab47df57f6b720d7,0.58955996564925606,0.58955996564925606,-0.58955996564925606,1
reference,ab97f4d059715a0f,2.6443984586008389,2.6443984586008389,-2.6443984586008389,1
reference,acdedc1f1f1677b0,0.34013358255076376,0.34013358255076376,0.34013358255076376,1
reference,ad4c95fe80a66847,1.6425356506639588,1.6425356506639588,1.6425356506639588,1
reference,ad5948e192ebc2d4,0.78838633629541433,0.78838633629541433,0.78838633629541433,1
reference,ad5c384a6be364aa,1.3730964733249813,1.3730964733249813,1.3730964733249813,1
reference,addce88f5927e9b7,1.2357077360363711,1.2357077360363711,-1.2357077360363711,1
reference,addfa722b1bb9b7b,0.086637519893294268,0.086637519893294268,0.086637519893294268,1
reference,af17f6c68ad40f75,0.17149190200037578,0.17149190200037578,-0.17149190200037578,1
reference,af3eaf7a505d27c2,0.19999783979848429,0.19999783979848429,-0.19999783979848429,1
reference,b149944913743077,1.3127403192298495,1.3127403192298495,-1.3127403192298495,1
reference,b1e1aebb9420a6c0,4.5383460503520929,4.5383460503520929,4.5383460503520929,1
reference,b3447163870d3003,0.061000050170886944,0.061000050170886944,-0.061000050170886944,1
reference,b3907643507df0f6,0.72078210752862093,0.72078210752862093,0.72078210752862093,1
reference,b3b896fac1db6be4,1.3121218187638739,1.3121218187638739,1.3121218187638739,1
reference,b3d9d211a865558e,0.15349696307407434,0.15349696307407434,-0.15349696307407434,1
reference,b56f9cdeecf07967,0.27251054472213809,0.27251054472213809,-0.27251054472213809,1
reference,b6d0f65b30088d8a,1.9129260053167156,1.9129260053167156,-1.9129260053167156,1
reference,b76abebbe3871acf,2.5688136275206688,2.5688136275206688,-2.5688136275206688,1
reference,b7712c125a47a1e7,0.028465230128522201,0.028465230128522201,-0.028465230128522201,1
reference,b9bee040d2d25fed,42.101561965814511,42.101561965814511,-42.101561965814511,1
reference,ba5099f54efb4c26,0.19983218400467606,0.19983218400467606,-0.19983218400467606,1
reference,bae03f436761eb2a,3.0162925819887754,3.0162925819887754,3.0162925819887754,1
reference,bbf26c3d1fe29c0e,0.029143129552093416,0.029143129552093416,0.029143129552093416,1
reference,bc65c316905e3299,3.8427230902347844,3.8427230902347844,3.8427230902347844,1
reference,bc8c69f89642761a,0.12146622475766389,0.12146622475766389,0.12146622475766389,1
reference,bdf713200e425ec5,0.40740719708203521,0.40740719708203521,-0.40740719708203521,1
reference,be81446c1506feab,0.096116945405510856,0.096116945405510856,0.096116945405510856,1
reference,c2654fc1cfab58a2,0.16447629728209456,0.16447629728209456,-0.16447629728209456,1
reference,c30f10739e8124e8,25.457953020959586,25.457953020959586,-25.457953020959586,1
reference,c30f8147441ce11e,0.20850031868324592,0.20850031868324592,-0.20850031868324592,1
reference,c38e374a53377422,0.7835910398956405,0.7835910398956405,-0.7835910398956405,1
reference,c3ab909658d376dc,0.091509421581648098,0.091509421581648098,-0.091509421581648098,1
reference,c41b1ac770551769,0.2735961995147056,0.2735961995147056,-0.2735961995147056,1
reference,c46086c612e8f2b6,0.012976264172505747,0.012976264172505747,-0.012976264172505747,1
reference,c5c20db2e333e139,0.64758968359674807,0.64758968359674807,0.64758968359674807,1
reference,c5e74c2c8abec09b,0.76897344730565464,0.76897344730565464,0.76897344730565464,1
reference,c711ba9d88eca132,1.6887783939281058,1.6887783939281058,-1.6887783939281058,1
reference,c79cc278f7af4957,1.3891885061813625,1.3891885061813625,-1.3891885061813625,1
reference,c890452c78a0bde5,0.47850221424114103,0.47850221424114103,-0.47850221424114103,1
reference,c90a2eeb6cfde096,3.2381650780504572,3.2381650780504572,-3.2381650780504572,1
reference,c9725c1b5af63003,1.6918829285071926,1.6918829285071926,1.6918829285071926,1
reference,c994e67932817306,0.098956925590119482,0.098956925590119482,0.098956925590119482,1
reference,c9d14f8bba60e13a,18.091205158551432,18.091205158551432,-18.091205158551432,1
reference,cab9196b597deab7,0.14793974027407941,0.14793974027407941,-0.14793974027407941,1
reference,cadebb739ade8eb2,6.3899100862287739,6.3899100862287739,-6.3899100862287739,1
reference,cb9a76267a45a1a0,0.616095029231289,0.616095029231289,0.616095029231289,1
reference,cc15a46e3fb2cc41,0.63412685506968181,0.63412685506968181,-0.63412685506968181,1
reference,cc77959c030f6298,0.29884130045524282,0.29884130045524282,-0.29884130045524282,1
reference,cc986eab7707fc06,0.380086302062697,0.380086302062697,0.380086302062697,1
reference,cd2ee41e0889e8ef,0.017832104679539107,0.017832104679539107,-0.017832104679539107,1
reference,ce4323960c84143b,0.16378591101045981,0.16378591101045981,-0.16378591101045981,1
reference,ceeed00978253eeb,0.25988327084430107,0.25988327084430107,-0.25988327084430107,1
reference,cfb58633d4457471,1.423504185639066,1.423504185639066,-1.423504185639066,1
reference,cfe227d0711edf8d,0.81551887903899178,0.81551887903899178,0.81551887903899178,1
reference,d041952963b8157f,0.21431777495594773,0.21431777495594773,-0.21431777495594773,1
reference,d101ae93b8d32b0a,0.48375187038587875,0.48375187038587875,0.48375187038587875,1
reference,d2d5a35610a062b9,1.379847397345431,1.379847397345431,1.379847397345431,1
reference,d2ea9c99f1ac2546,0.077907992586727204,0.077907992586727204,0.077907992586727204,1
reference,d356b8a4cf9170ff,0.13539337693003617,0.13539337693003617,-0.13539337693003617,1
reference,d3b5756d7162e9af,0.5159765858748564,0.5159765858748564,-0.5159765858748564,1
reference,d42af5fc7b92600f,0.515384078582386,0.515384078582386,-0.515384078582386,1
reference,d4895ffe41aa47be,0.3149748291655623,0.3149748291655623,-0.3149748291655623,1
reference,d4a82f98e4a4d8f1,0.38415533685897607,0.38415533685897607,0.38415533685897607,1
reference,d6d99601d2221241,0.81096142008984984,0.81096142008984984,-0.81096142008984984,1
reference,d70688b68979f120,0.43001915360571275,0.43001915360571275,-0.43001915360571275,1
reference,d71eacc97f2eac4a,0.4031615986632735,0.4031615986632735,0.4031615986632735,1
reference,d79b513d15f7fd37,0.56537562438169964,0.56537562438169964,-0.56537562438169964,1
reference,d7c5ce4f887af943,0.20356642580923046,0.20356642580923046,-0.20356642580923046,1
reference,d7fca0b3134a6789,0.18052976383798658,0.18052976383798658,-0.18052976383798658,1
reference,d83cb4267cfd84ca,0.1318560639666746,0.1318560639666746,0.1318560639666746,1
reference,d84524c950c56654,0.099852692757352202,0.099852692757352202,0.099852692757352202,1
reference,d8fc0a92c8c4a2fa,0.23722741933333058,0.23722741933333058,-0.23722741933333058,1
reference,d906b69770601071,43.488121023951841,43.488121023951841,-43.488121023951841,1
reference,d92bf76a610332bf,0.75771476575073216,0.75771476575073216,-0.75771476575073216,1
reference,d932087548ae36e5,0.25772838968496758,0.25772838968496758,0.25772838968496758,1
reference,d98556fd070c0af6,0.78820814352272073,0.78820814352272073,-0.78820814352272073,1
reference,d988e431220e6bc6,0.36520797606100697,0.36520797606100697,0.36520797606100697,1
reference,d9c550a9c51d35ac,0.36784300802659864,0.36784300802659864,-0.36784300802659864,1
reference,d9df86eb981deb9a,1.4761774917931632,1.4761774917931632,-1.4761774917931632,1
reference,da2b4ba6d53170e0,0.30653992318213863,0.30653992318213863,-0.30653992318213863,1
reference,da678ee16b098ae4,1.2221889760719513,1.2221889760719513,-1.2221889760719513,1
reference,da735e4edd7d8acd,0.72968449329088614,0.72968449329088614,-0.72968449329088614,1
reference,dae5d3492aac2245,0.12461736276411983,0.12461736276411983,-0.12461736276411983,1
reference,db5d643b2f9cbfbf,0.87965987084333364,0.87965987084333364,-0.87965987084333364,1
reference,dbb0e6a5907e83b0,0.14708631055695776,0.14708631055695776,-0.14708631055695776,1
reference,dc5b79abd8c32051,0.29647975276268212,0.29647975276268212,0.29647975276268212,1
reference,dc7b1c1d814df24f,0.53605688832308118,0.53605688832308118,0.53605688832308118,1
reference,dd94c5772508af28,4.7045222848679771,4.7045222848679771,-4.7045222848679771,1
reference,ddd85b09690827da,2.543100091964531,2.543100091964531,-2.543100091964531,1
reference,ddfc9b179bfb76be,0.74262625259107384,0.74262625259107384,0.74262625259107384,1
reference,de09337452e20032,0.54155503033852526,0.54155503033852526,-0.54155503033852526,1
reference,de12f87c6958e38e,0.19834396020608303,0.19834396020608303,-0.19834396020608303,1
reference,deeae8883055b9ee,1.2365931285132032,1.2365931285132032,1.2365931285132032,1
reference,def460708ba7b0ef,1.1756147519028186,1.1756147519028186,1.1756147519028186,1
reference,df336a0a88d676b9,0.15849490439434888,0.15849490439434888,-0.15849490439434888,1
reference,df5f216d2d4a9851,0.34173932311417055,0.34173932311417055,0.34173932311417055,1
reference,df8a6c6dd3f3b262,0.3518335959754566,0.3518335959754566,0.3518335959754566,1
reference,dfbe713e68cc63a9,0.4089592378890945,0.4089592378890945,-0.4089592378890945,1
reference,dfeaa1f16aba9b2c,1.0177600281355597,1.2980313089579805,-0.934464144769934,4
reference,e0096fe5c74ff63f,0.69062021993954081,0.69062021993954081,0.69062021993954081,1
reference,e02e29b116c658e8,0.60369688785050801,0.60369688785050801,-0.60369688785050801,1
reference,e16408e569859d83,0.29138277061668738,0.29138277061668738,-0.29138277061668738,1
reference,e4876602e9ba0f2e,0.2711578594165367,0.2711578594165367,-0.2711578594165367,1
reference,e586ddcbc365c334,0.61143798692955276,0.61143798692955276,-0.61143798692955276,1
reference,e6831a831160cb9f,3.7214585972262482,3.7214585972262482,-3.7214585972262482,1
reference,e6e4ce0035fb36ab,0.47054792780236099,0.47054792780236099,0.47054792780236099,1
reference,e7efeb7dc8836c4b,0.12493825678915638,0.12493825678915638,-0.12493825678915638,1
reference,e817fe65c2fb9bb3,4.7860468416423849,4.7860468416423849,-4.7860468416423849,1
reference,e827c21b034c420b,0.69087090917028515,0.69087090917028515,-0.69087090917028515,1
reference,e94bf0263935b271,0.2088221724270678,0.2088221724270678,-0.2088221724270678,1
reference,ea9379eb339d6cbc,0.21133789981038831,0.21133789981038831,-0.21133789981038831,1
reference,eab20b0f46956346,0.56989380967337055,0.56989380967337055,-0.56989380967337055,1
reference,eb3b940724dc982d,0.0084334482843191338,0.0084334482843191338,-0.0084334482843191338,1
reference,ec2067430ff6fb6e,0.16355114053961906,0.16355114053961906,-0.16355114053961906,1
reference,ecad917fe0f8bc30,1.6944346294397987,1.6944346294397987,-1.6944346294397987,1
reference,ed763ab2ba3e0068,0.34410771260203799,0.34410771260203799,-0.34410771260203799,1
reference,eeb9a817e031fe66,1.0652242416249071,1.0652242416249071,1.0652242416249071,1
reference,ef0516d41dbfe437,0.45227037279165661,0.45227037279165661,-0.45227037279165661,1
reference,ef18835f55ee60f5,0.43100986620215664,0.43100986620215664,-0.43100986620215664,1
reference,ef19e6cd14447306,0.47769956956145432,0.47769956956145432,-0.47769956956145432,1
reference,ef2fd0959fcb438f,1.2739817963104785,1.2739817963104785,1.2739817963104785,1
reference,efd621027b9eee3c,1.5527953984747285,1.5527953984747285,1.5527953984747285,1
reference,f018b597d7955bde,4.7657877705483616,4.7657877705483616,-4.7657877705483616,1
reference,f16ea570bc36c50a,1.5318471803742533,1.5318471803742533,-1.5318471803742533,1
reference,f182ea2ef1d4b772,40.892561138506338,40.892561138506338,40.892561138506338,1
reference,f197a4dda8f05c9d,0.23407963452837377,0.23407963452837377,0.23407963452837377,1
reference,f20d81ce18b75a1c,0.18344960111221642,0.18344960111221642,-0.18344960111221642,1
reference,f28d6630733894f3,1.9590454886963506,1.9590454886963506,1.9590454886963506,1
reference,f291f9c50ad08615,0.70555000204464413,0.70555000204464413,-0.70555000204464413,1
reference,f2f434168325f484,0.016459785351489398,0.016459785351489398,0.016459785351489398,1
reference,f3118a80b16b514c,0.28565236467434474,0.28565236467434474,-0.28565236467434474,1
reference,f379f2a83d8b1d5e,6.1488587280949032,6.1488587280949032,6.1488587280949032,1
reference,f3d6f4c526ee2045,1.2852447465675922,1.2852447465675922,1.2852447465675922,1
reference,f4124699649b4a4a,0.24386843769614508,0.24386843769614508,-0.24386843769614508,1
reference,f4f0befaa83096bf,16.856438394107357,16.856438394107357,-16.856438394107357,1
reference,f52bb8e676e21112,0.34261617687199575,0.34261617687199575,-0.34261617687199575,1
reference,f60ce72c8a83d154,0.79211932054657552,0.79211932054657552,-0.79211932054657552,1
reference,f6f7080c144e2394,0.070792227928391682,0.070792227928391682,0.070792227928391682,1
reference,f7374c8beb60288c,0.28502867409409127,0.28502867409409127,-0.28502867409409127,1
reference,f7417f2e9fa24db6,0.076720001672502036,0.076720001672502036,-0.076720001672502036,1
reference,f770391e972a9774,0.98283211276306659,0.98283211276306659,0.98283211276306659,1
reference,f83f515f4a1662ef,0.32740575476138112,0.32740575476138112,-0.32740575476138112,1
reference,f91bd836fd72ca30,3.3814286301981253,3.3814286301981253,3.3814286301981253,1
reference,fbad90682526646a,0.7560300606478636,0.7560300606478636,0.7560300606478636,1
reference,fcc34d7bb321a7ba,1.5382713065645923,1.5382713065645923,1.5382713065645923,1
reference,fcd157d7ad16d9bd,13.377615427298778,13.377615427298778,-13.377615427298778,1
reference,fd55c8719d3332f2,0.37042907486594245,0.37042907486594245,0.37042907486594245,1
reference,fde73a5d26460ac7,0.16837360035136051,0.16837360035136051,-0.16837360035136051,1
reference,fe6c690122c7f47b,0.050621231869240724,0.050621231869240724,-0.050621231869240724,1
reference,fe8bb0245e97303e,0.3705421684190684,0.3705421684190684,-0.3705421684190684,1
reference,ff8c002895cc55c0,1.468292433694141,1.468292433694141,-1.468292433694141,1
