group,target,absolute_error,squared_error,signed_error,primary_error,rmse,scored_rows,model
129,7247.4,39.634798450312,4027.6611141963776,-4.721591035783359,39.634798450312,63.46385675482052,115,reference
130,7136.973451327433,28.8999841287742,1616.1577993148805,8.215481417635074,28.8999841287742,40.20146513890857,113,reference
131,6999.138888888889,30.530788202968687,1772.6966782256,-13.01261756037875,30.530788202968687,42.103404591856936,108,reference
132,7214.284552845528,38.158231144624516,3494.667614677452,-2.0419728047746,38.158231144624516,59.1157137711916,123,reference
133,7170.438016528926,32.99252498557595,2915.5857858626377,7.54540120915639,32.99252498557595,53.99616454770318,121,reference
134,7417.471074380165,28.531205126649144,1526.3650613843356,6.100380227189298,28.531205126649144,39.06872229014324,121,reference
135,7100.886178861789,40.36921805792392,4057.52086589751,3.6654600255360568,40.36921805792392,63.69867240294345,123,reference
136,7140.90990990991,38.46611750979035,2544.543974154392,1.247080823937423,38.46611750979035,50.443473058012096,111,reference
171,7153.4358974358975,32.94450244173958,2167.2398315288183,3.028952142863899,32.94450244173958,46.55362318368806,117,reference
172,7348.11475409836,29.86826528566964,1608.952401794521,3.744838510592042,29.86826528566964,40.11174892465449,122,reference
173,6738.3859649122805,68.47511562676058,9962.210038838286,2.1777184028944503,68.47511562676058,99.81087134595252,114,reference
174,7092.431192660551,28.331469983222124,1298.5794973756817,1.4051861730359392,28.331469983222124,36.03580854338753,109,reference
175,7076.609756097561,26.508540889272734,2919.9711303583867,3.404820154399684,26.508540889272734,54.03675721542131,123,reference
176,7338.092783505154,43.874424621380534,5292.430424586209,10.166899918496153,43.874424621380534,72.74909225953412,97,reference
177,7437.471074380165,32.25403283715878,2087.723688145365,4.23798812843734,32.25403283715878,45.69161507481832,121,reference
178,7110.619469026548,50.139541603447945,6761.025231702677,-3.878263352549319,50.139541603447945,82.22545367282979,113,reference
179,7671.1463414634145,27.069802325993557,1815.5201572715077,-3.785964944288841,27.069802325993557,42.60892109959495,82,reference
190,6989.206896551724,31.15973735647021,1933.8178655463728,-3.286156810433289,31.15973735647021,43.975196026241576,116,reference
191,7125.27731092437,40.32627078985593,3022.7333380435994,-1.3088242473008103,40.32627078985593,54.97939012069522,119,reference
192,6866.333333333333,50.20156324394628,4361.247570695307,-8.142089110772412,50.20156324394628,66.03974235788104,84,reference
227,6655.54954954955,34.7652660891224,2996.5236158417906,11.156532892460005,34.7652660891224,54.74051165126054,111,reference
228,7321.077519379845,34.48985651950999,3311.524075972702,6.198857025847613,34.48985651950999,57.54584325537947,129,reference
229,6835.159292035398,38.31084994292572,5908.638028700222,-7.472894310224221,38.31084994292572,76.86766569045935,113,reference
230,7533.125,45.928504331805904,6014.805792968957,11.843116902498494,45.928504331805904,77.55517902093294,96,reference
231,7016.709401709401,62.300486176424805,8050.318739221613,2.6207957630178234,62.300486176424805,89.72356847128637,117,reference
232,6627.598290598291,30.42575071710659,2283.142810800568,6.137571050248165,30.42575071710659,47.78224367692007,117,reference
233,7115.470588235294,26.14978875041843,1554.1237966884798,4.942506829457074,26.14978875041843,39.42237685234719,119,reference
234,7289.571428571428,28.735739179530494,1825.4506646561388,5.92436984711933,28.735739179530494,42.72529303183465,119,reference
235,5786.373493975903,28.210089359379477,1454.029417222221,-10.146346527270952,28.210089359379477,38.1317376632933,83,reference
271,6976.675438596491,41.39794252894407,4301.350998423016,-4.607187461937496,41.39794252894407,65.58468570042108,114,reference
272,7119.120689655172,42.012085991396866,5030.41319501594,-7.243856696748774,42.012085991396866,70.92540585020251,116,reference
273,6713.666666666667,15.777550512098141,536.4052835415152,-2.984745705591465,15.777550512098141,23.160424943025447,111,reference
274,7565.675675675676,47.196999917831235,3693.08699745127,6.640805833378852,47.196999917831235,60.770774204803985,111,reference
275,7086.620967741936,27.407399689642563,1565.374250136942,8.97465069312201,27.407399689642563,39.5648107557327,124,reference
276,6607.61,52.09912263959613,5166.841515117052,-3.4174769342325133,52.09912263959613,71.8807450929458,100,reference
277,7579.886956521739,51.45310755980281,5764.062479875382,7.087422239889641,51.45310755980281,75.92142306276524,115,reference
278,8354.689655172413,51.93521537517957,7684.114676842032,2.5565161641830625,51.93521537517957,87.65908211270542,87,reference
312,7220.452991452991,30.95255792766289,2043.6605438565884,1.4004893689472435,30.95255792766289,45.20686390202918,117,reference
313,6931.559322033899,58.25297270220626,8553.195212780998,-0.30478852912836885,58.25297270220626,92.48348616256308,118,reference
314,6421.477876106194,17.326008746027565,1020.1332724526412,-2.4235448596123326,17.326008746027565,31.939525238372614,113,reference
315,6738.838095238095,45.87004647748366,3813.0534150404774,8.580184977263118,45.87004647748366,61.749926437530895,105,reference
316,6745.45,36.06909378712922,2163.0818710366616,3.4397435643658887,36.06909378712922,46.50894398969581,120,reference
317,7121.868217054263,32.175959509853904,1966.7260340909913,4.937124565945675,32.175959509853904,44.34778499644589,129,reference
318,7087.291666666667,39.07517391931453,2929.240530155954,12.324319018110831,39.07517391931453,54.12245864847562,120,reference
319,6788.142857142857,41.511885408089164,2856.0789613557304,2.5774231940093295,41.511885408089164,53.44229562206072,119,reference
354,7214.601769911505,34.11794299915201,3483.6582878940667,14.927876581925664,34.11794299915201,59.02252356426372,113,reference
355,8117.408163265306,35.07149681380595,2186.913449873662,20.593495735308384,35.07149681380595,46.764446429672,98,reference
356,6462.914285714286,60.4819055583139,6766.375803761873,-5.80987421630776,60.4819055583139,82.2579832220671,105,reference
357,6928.6106194690265,41.35753455559612,4768.5874929109405,-2.352589299954322,41.35753455559612,69.05495994431493,113,reference
358,7385.666666666667,33.230172060462564,2254.0245734702803,-1.413869772339465,33.230172060462564,47.476568678352066,117,reference
359,6657.743801652892,48.13322999683909,8384.95320494788,-2.55884225471899,48.13322999683909,91.56939010907455,121,reference
360,6969.27731092437,32.58119187683248,1881.310955524636,-1.83243837111285,32.58119187683248,43.37408161015788,119,reference
361,6982.682926829269,44.02512525091908,3246.840288283165,4.5796756844074995,44.02512525091908,56.981052011025255,123,reference
362,7138.01282051282,41.60995853508042,3673.619365091596,15.176832681282027,41.60995853508042,60.61038991040724,78,reference
398,7158.456140350877,39.092923550378345,5460.847587313142,12.582716280761488,39.092923550378345,73.89754791136944,114,reference
399,7546.559322033899,28.125547805948585,2025.2086530423987,8.47721041907479,28.125547805948585,45.00231830742055,118,reference
400,6705.159292035398,26.251815196926618,1715.0351354802428,1.4072112895442657,26.251815196926618,41.41298269239059,113,reference
401,6898.060869565217,33.244558450128224,2733.2476870379855,8.818367976526003,33.244558450128224,52.280471373525174,115,reference
402,7615.5847457627115,26.176129553852522,1474.4075067619492,2.0311350958333096,26.176129553852522,38.39801435962476,118,reference
403,5727.717647058824,42.624467714625695,4055.644030587463,-27.808307941664488,42.624467714625695,63.683938560577914,85,reference
404,6825.198347107438,29.79331626617731,1744.0733170109488,1.3564313713953176,29.79331626617731,41.76210383841969,121,reference
405,7068.508064516129,48.870320517628954,5267.860463501911,3.7653144903411415,48.870320517628954,72.58002799325659,124,reference
406,6646.962962962963,22.479312235557103,831.3816166558221,-5.17035408034002,22.479312235557103,28.833688918621252,81,reference
44,7272.840707964602,27.323725974257457,1854.014450484947,2.4044476482742168,27.323725974257457,43.05826808506058,113,reference
45,7461.713043478261,27.232746293647672,2837.781953848645,6.8038796558978305,27.232746293647672,53.270835865871724,115,reference
46,6866.142857142857,42.70985159777598,3297.01272919846,3.804772274534433,42.70985159777598,57.41961972356191,112,reference
47,7458.7,34.60780198280619,3410.293576165204,-10.732014251261486,34.60780198280619,58.3977189294685,110,reference
48,7629.088495575221,32.386710904988774,2696.728195586052,7.240121750777995,32.386710904988774,51.93003173103259,113,reference
49,7368.685714285714,29.48528656639054,1386.9101973907614,3.209610395864244,29.48528656639054,37.241243231003466,105,reference
50,6969.40650406504,33.55031268318568,2613.375702204656,-6.0002161552834075,33.55031268318568,51.121186431895886,123,reference
51,7340.652173913043,49.72431325114064,5245.520784538055,0.7517925546697845,49.72431325114064,72.42596761202472,115,reference
52,6755.08547008547,57.63844193573204,6987.549413744436,-12.101708348616397,57.63844193573204,83.5915630536027,117,reference
86,7463.786324786325,27.453429264302528,1809.185567590166,14.837538131292137,27.453429264302528,42.53452206843479,117,reference
87,7799.897196261682,48.81633409229349,5013.906395710662,11.57416832130116,48.81633409229349,70.8089429077335,107,reference
88,7119.520661157025,32.88826175305973,2104.004713037511,10.12325079386223,32.88826175305973,45.86943113924033,121,reference
89,7283.957983193277,25.530717843758023,1063.8261442830703,-3.024541291809198,25.530717843758023,32.616347807243386,119,reference
90,6801.638655462185,77.98696672854986,16935.64019508425,1.8028940712911552,77.98696672854986,130.1370054791651,119,reference
91,6887.6,25.75839399108107,1298.0437143590473,-0.13558073504871415,25.75839399108107,36.028373740137745,115,reference
92,7277.564516129032,61.52760908601846,7485.9238291926395,-6.725917477646318,61.52760908601846,86.52123340078226,124,reference
93,7353.140495867769,37.607543736280896,3568.2374254704037,7.618821401443008,37.607543736280896,59.73472545739541,121,reference
94,6769.713043478261,20.4241704591726,895.7647328479103,3.4953396115172914,20.4241704591726,29.92932897423379,115,reference
129,7247.4,37.147583242538595,3157.977754603286,1.1236544668259778,37.147583242538595,56.195887345990776,115,mechanistic_reference
130,7136.973451327433,28.976220518082364,1790.6970583432264,13.200206327974632,28.976220518082364,42.31662862685574,113,mechanistic_reference
131,6999.138888888889,31.66443107569318,1945.1890576461676,-6.677115325320297,31.66443107569318,44.10429749634572,108,mechanistic_reference
132,7214.284552845528,34.43614598872115,2728.9203393651674,4.849115650023637,34.43614598872115,52.23906908976429,123,mechanistic_reference
133,7170.438016528926,37.34058466463202,3179.068803392878,6.527950858492249,37.34058466463202,56.38323157990218,121,mechanistic_reference
134,7417.471074380165,27.39066274243627,1372.4224161970535,16.12252395511222,27.39066274243627,37.04621999876713,121,mechanistic_reference
135,7100.886178861789,42.134773418422874,3918.583636333077,20.228425584873698,42.134773418422874,62.598591328663915,123,mechanistic_reference
136,7140.90990990991,36.71905802924755,1961.6432672176397,12.433335714158652,36.71905802924755,44.290442165524155,111,mechanistic_reference
171,7153.4358974358975,27.08232113855271,1723.006807908781,10.350400931938927,27.08232113855271,41.50911716609715,117,mechanistic_reference
172,7348.11475409836,27.268475885873148,1271.81672653575,7.899245326122623,27.268475885873148,35.662539541313514,122,mechanistic_reference
173,6738.3859649122805,63.421230340492784,7123.67296201761,7.511002998482701,63.421230340492784,84.401854020025,114,mechanistic_reference
174,7092.431192660551,26.30377671381633,958.4201330410174,2.523674210998022,26.30377671381633,30.958361278352854,109,mechanistic_reference
175,7076.609756097561,28.34744705889692,2956.3503563743275,15.269374551025425,28.34744705889692,54.37233079769827,123,mechanistic_reference
176,7338.092783505154,45.028284747559006,4797.639519896771,28.81150115967688,45.028284747559006,69.26499491010428,97,mechanistic_reference
177,7437.471074380165,31.050804852573158,1798.2078949672757,-0.40639589201259885,31.050804852573158,42.405281451339,121,mechanistic_reference
178,7110.619469026548,47.38982365170191,5486.8315032638975,6.364949774955671,47.38982365170191,74.07314967830042,113,mechanistic_reference
179,7671.1463414634145,28.96042753978882,1687.4712118336251,-2.6519627527683407,28.96042753978882,41.07884141299052,82,mechanistic_reference
190,6989.206896551724,26.969247373796545,1216.5106082377965,-2.8375044217804875,26.969247373796545,34.87851212763808,116,mechanistic_reference
191,7125.27731092437,36.19576514677749,2398.758732528464,3.9094877266215153,36.19576514677749,48.97712458412053,119,mechanistic_reference
192,6866.333333333333,43.03688116085094,3457.562204812861,-5.397829186642254,43.03688116085094,58.801039147389744,84,mechanistic_reference
227,6655.54954954955,33.8503837458662,3043.5521537119257,20.645156799816643,33.8503837458662,55.16839814342923,111,mechanistic_reference
228,7321.077519379845,42.5738837016282,4048.643482488372,15.810731358733678,42.5738837016282,63.62895160607608,129,mechanistic_reference
229,6835.159292035398,37.07301396363742,4746.388987798444,-7.0367966796429675,37.07301396363742,68.89404174381443,113,mechanistic_reference
230,7533.125,48.609133573773626,6492.4799216030015,33.12634742247776,48.609133573773626,80.57592643961968,96,mechanistic_reference
231,7016.709401709401,56.873538824642154,6152.145695975217,9.926465165037678,56.873538824642154,78.4356149716136,117,mechanistic_reference
232,6627.598290598291,35.439783486305444,2551.0147913683795,21.563884085200087,35.439783486305444,50.507571624147396,117,mechanistic_reference
233,7115.470588235294,22.828949715801517,1232.4133794547604,1.4313375311351308,22.828949715801517,35.105745675811534,119,mechanistic_reference
234,7289.571428571428,27.393782804170865,1751.6148395893304,-0.07856226339895367,27.393782804170865,41.852297900943626,119,mechanistic_reference
235,5786.373493975903,29.973361380115097,1161.6479391078476,1.8700007453182468,29.973361380115097,34.0829567248478,83,mechanistic_reference
271,6976.675438596491,37.48121878349679,3307.222763699273,4.497072657252008,37.48121878349679,57.50845819268043,114,mechanistic_reference
272,7119.120689655172,36.84186088837833,3681.0033275269407,-2.1519158313566518,36.84186088837833,60.67127267106683,116,mechanistic_reference
273,6713.666666666667,21.921815589448045,673.6470561913228,5.665093872467235,21.921815589448045,25.954711637606817,111,mechanistic_reference
274,7565.675675675676,43.26500340565258,3093.695694494865,8.689697934954491,43.26500340565258,55.6210004808873,111,mechanistic_reference
275,7086.620967741936,27.3779833525849,1781.8496871928492,18.162667472323918,27.3779833525849,42.21196142318963,124,mechanistic_reference
276,6607.61,48.14940351652418,4401.218979480395,19.872684013000562,48.14940351652418,66.34168357435915,100,mechanistic_reference
277,7579.886956521739,45.957729805485044,4832.026403557784,10.21614163680037,45.957729805485044,69.51277870692398,115,mechanistic_reference
278,8354.689655172413,47.49384693846157,5726.379572448076,11.179646349705553,47.49384693846157,75.67284567431092,87,mechanistic_reference
312,7220.452991452991,32.182869538378725,1799.4270887871871,13.929213896092246,32.182869538378725,42.41965451046469,117,mechanistic_reference
313,6931.559322033899,49.66763367697447,6534.803396099025,10.765076405904392,49.66763367697447,80.83813083006697,118,mechanistic_reference
314,6421.477876106194,24.56200374496336,1168.00526995167,17.38619886017567,24.56200374496336,34.176092081331795,113,mechanistic_reference
315,6738.838095238095,50.46140405034676,4337.776550692982,23.732817645556448,50.46140405034676,65.86179887228242,105,mechanistic_reference
316,6745.45,33.00358698436314,2280.445508537775,15.446163864779775,33.00358698436314,47.754010392194026,120,mechanistic_reference
317,7121.868217054263,29.068029858882145,1654.5700320465112,6.231292959371676,29.068029858882145,40.67640633151497,129,mechanistic_reference
318,7087.291666666667,37.89492488125697,2945.321685349735,17.13652051579868,37.89492488125697,54.27081799042406,120,mechanistic_reference
319,6788.142857142857,35.98335541254131,2318.026241775677,12.963098050860982,35.98335541254131,48.1458849931713,119,mechanistic_reference
354,7214.601769911505,43.508749742035334,4679.979739621584,25.599774243633984,43.508749742035334,68.41037742639331,113,mechanistic_reference
355,8117.408163265306,60.73416010625129,5641.223708836811,52.367739647037354,60.73416010625129,75.10808018340511,98,mechanistic_reference
356,6462.914285714286,50.48009969074477,4435.080387666112,1.7657439161227515,50.48009969074477,66.5963992094626,105,mechanistic_reference
357,6928.6106194690265,45.366183328828384,4236.9962409090895,5.269452522059232,45.366183328828384,65.09221336618604,113,mechanistic_reference
358,7385.666666666667,32.282301298099675,1872.4885437085845,2.0968353036241516,32.282301298099675,43.27226067249762,117,mechanistic_reference
359,6657.743801652892,43.91479589508308,7557.935268696804,28.882529872565957,43.91479589508308,86.93638633332309,121,mechanistic_reference
360,6969.27731092437,27.038245250256868,1143.0515103429732,-4.332649078498212,27.038245250256868,33.80904480080697,119,mechanistic_reference
361,6982.682926829269,40.69784735839936,2628.3274801935495,11.79489707413237,40.69784735839936,51.267216427201795,123,mechanistic_reference
362,7138.01282051282,37.15381190000373,2849.19068124196,13.104153042116637,37.15381190000373,53.37781075729839,78,mechanistic_reference
398,7158.456140350877,44.602422436993116,6018.84214370479,15.784242526681115,44.602422436993116,77.58119710151932,114,mechanistic_reference
399,7546.559322033899,28.55392897789849,1689.580389312628,5.688369673233588,28.55392897789849,41.1045057057329,118,mechanistic_reference
400,6705.159292035398,24.928845611846107,1300.1841397767037,10.275782261987308,24.928845611846107,36.0580662234777,113,mechanistic_reference
401,6898.060869565217,33.1081095541241,3139.3958237662164,16.605270935772186,33.1081095541241,56.03031165151784,115,mechanistic_reference
402,7615.5847457627115,22.404284219798466,984.6563294661947,5.784388687618048,22.404284219798466,31.379234048430735,118,mechanistic_reference
403,5727.717647058824,47.699786039201314,5051.823651983856,-16.585828536251153,47.699786039201314,71.07618203015589,85,mechanistic_reference
404,6825.198347107438,28.747047962585533,1307.8732064136325,5.910929392120417,28.747047962585533,36.164529672230394,121,mechanistic_reference
405,7068.508064516129,43.19752790140422,4285.531571375572,7.010454510389841,43.19752790140422,65.46397155211079,124,mechanistic_reference
406,6646.962962962963,21.173425258097662,908.8009681497247,-5.566641186274651,21.173425258097662,30.146325947778855,81,mechanistic_reference
44,7272.840707964602,26.301331245130022,1316.0836425647776,3.1229420786102575,26.301331245130022,36.27786711708363,113,mechanistic_reference
45,7461.713043478261,29.258572862138713,2297.296812281143,6.558903927828309,29.258572862138713,47.93012426732423,115,mechanistic_reference
46,6866.142857142857,39.32807431856684,2495.577497986373,10.369009735278265,39.32807431856684,49.955755404021,112,mechanistic_reference
47,7458.7,37.069231695581564,3719.498027464318,-21.73326743466281,37.069231695581564,60.98768750710522,110,mechanistic_reference
48,7629.088495575221,38.276609482204904,2882.9316491385575,9.067153594070978,38.276609482204904,53.69293854072952,113,mechanistic_reference
49,7368.685714285714,26.81085907069341,967.547424224729,-0.7086266482133353,26.81085907069341,31.105424353715687,105,mechanistic_reference
50,6969.40650406504,35.78881615294423,1992.528968433726,6.890160532778936,35.78881615294423,44.63775272606951,123,mechanistic_reference
51,7340.652173913043,42.75505351772566,4057.3842807284077,6.881712172723252,42.75505351772566,63.69760027448764,115,mechanistic_reference
52,6755.08547008547,51.31603616208468,5413.994548751017,1.6920598120665464,51.31603616208468,73.57985151351569,117,mechanistic_reference
86,7463.786324786325,34.407132912673426,3001.004376399789,21.539808756698516,34.407132912673426,54.781423643419394,117,mechanistic_reference
87,7799.897196261682,43.4298963404402,3569.232073058375,8.403055103830576,43.4298963404402,59.74305041641559,107,mechanistic_reference
88,7119.520661157025,37.47789400615165,2565.0894632757577,6.9853091479474925,37.47789400615165,50.646712265217744,121,mechanistic_reference
89,7283.957983193277,25.357046049060944,940.1232889570215,-14.5117952101323,25.357046049060944,30.661429988782675,119,mechanistic_reference
90,6801.638655462185,66.44840727553033,12040.217053232413,3.70680952048045,66.44840727553033,109.72792285117045,119,mechanistic_reference
91,6887.6,21.080932000413995,845.0650880132997,2.740847935873104,21.080932000413995,29.070003233802705,115,mechanistic_reference
92,7277.564516129032,54.819688797716495,6083.358282930805,10.101042906867868,54.819688797716495,77.99588632056697,124,mechanistic_reference
93,7353.140495867769,34.69063402759655,3049.7928450432687,17.558508692445677,34.69063402759655,55.224929561234106,121,mechanistic_reference
94,6769.713043478261,19.199296626869288,844.2358779839184,10.925886852328748,19.199296626869288,29.055737436587602,115,mechanistic_reference
129,7247.4,41.500036972060165,3412.530616214774,0.2698822005605191,41.500036972060165,58.41686927775892,115,attempt_001
130,7136.973451327433,33.58081818586472,2144.957182930696,12.216645864732321,33.58081818586472,46.31368245919013,113,attempt_001
131,6999.138888888889,29.362830807835298,1605.6415534124694,-9.617197985177233,29.362830807835298,40.070457364652945,108,attempt_001
132,7214.284552845528,34.617305772305215,2762.755757691732,4.648637462022065,34.617305772305215,52.56192307832479,123,attempt_001
133,7170.438016528926,40.335408688678,3600.699677731742,9.89980971994442,40.335408688678,60.00583036448827,121,attempt_001
134,7417.471074380165,29.215289440025504,1619.8822652708063,13.903557509199326,29.215289440025504,40.24776099698971,121,attempt_001
135,7100.886178861789,38.848325245792985,3787.800883509794,16.428285777757072,38.848325245792985,61.545112588326575,123,attempt_001
136,7140.90990990991,36.471565893959706,2196.346541766194,8.015281367166116,36.471565893959706,46.86519542012168,111,attempt_001
171,7153.4358974358975,32.43312169079341,2115.4453095607846,9.168917274142109,32.43312169079341,45.99397036091562,117,attempt_001
172,7348.11475409836,29.140798221052485,1648.0059349389846,8.298102617819783,29.140798221052485,40.595639358667384,122,attempt_001
173,6738.3859649122805,65.9069807820585,7917.18381041146,7.616976159853748,65.9069807820585,88.97855814976695,114,attempt_001
174,7092.431192660551,26.557668764930483,1113.6076615543473,1.6935492063272675,26.557668764930483,33.370760578002226,109,attempt_001
175,7076.609756097561,34.09447715799689,3226.686625831707,14.232872439096255,34.09447715799689,56.803931429362414,123,attempt_001
176,7338.092783505154,45.7310254345483,4920.9126429789285,19.267643616649647,45.7310254345483,70.14921698051182,97,attempt_001
177,7437.471074380165,38.65760340347984,2528.575647927268,4.208864670130815,38.65760340347984,50.28494454533353,121,attempt_001
178,7110.619469026548,47.039315183416804,5512.159436889134,2.7343654799003434,47.039315183416804,74.24391851787682,113,attempt_001
179,7671.1463414634145,26.610844099903847,1550.339324883602,-4.500929744553804,26.610844099903847,39.3743485645617,82,attempt_001
190,6989.206896551724,28.80322522243589,1432.976790313335,-1.5715364923246673,28.80322522243589,37.85467989976054,116,attempt_001
191,7125.27731092437,37.675662940668175,2469.3509914125325,4.113781010530598,37.675662940668175,49.692564749794634,119,attempt_001
192,6866.333333333333,47.41956423716246,3704.6797866039465,-2.677868903045789,47.41956423716246,60.86608075606599,84,attempt_001
227,6655.54954954955,37.95206953344404,3443.3822987145113,18.663530299210336,37.95206953344404,58.68033996761191,111,attempt_001
228,7321.077519379845,42.78354731123476,4042.226321122636,16.51219857138876,42.78354731123476,63.57850518156774,129,attempt_001
229,6835.159292035398,34.71828291949572,4709.024672691642,-6.183656287318663,34.71828291949572,68.62233362901354,113,attempt_001
230,7533.125,50.06959856995085,6355.743262033692,23.62239077398937,50.06959856995085,79.72291553896967,96,attempt_001
231,7016.709401709401,61.922227395824976,6861.487397040757,9.62812851128626,61.922227395824976,82.83409561913957,117,attempt_001
232,6627.598290598291,39.084867733010164,2795.3704792955605,18.516911858596103,39.084867733010164,52.87126326555438,117,attempt_001
233,7115.470588235294,30.790030710508777,1867.2023004140347,4.8874897680091465,30.790030710508777,43.21113630088932,119,attempt_001
234,7289.571428571428,31.690901512564988,2295.674246371368,4.105888196047132,31.690901512564988,47.91319490882828,119,attempt_001
235,5786.373493975903,24.39708247272431,1091.4503918708629,-2.330956196821547,24.39708247272431,33.03710628779196,83,attempt_001
271,6976.675438596491,40.31960244465088,3611.603400912575,1.937792795547095,40.31960244465088,60.09661721688314,114,attempt_001
272,7119.120689655172,41.371739497358575,4080.496376556191,-2.3671182926066,41.371739497358575,63.87876311072555,116,attempt_001
273,6713.666666666667,18.554359527876354,566.1059144274674,2.613436918052279,18.554359527876354,23.79298036033879,111,attempt_001
274,7565.675675675676,46.74966699804923,3528.670895658441,7.876181658847018,46.74966699804923,59.402616909177,111,attempt_001
275,7086.620967741936,32.82883897912542,2213.6918100117946,17.506152943334744,32.82883897912542,47.04988639743772,124,attempt_001
276,6607.61,51.354119674328366,4482.227821796926,16.285842655168963,51.354119674328366,66.94944228144792,100,attempt_001
277,7579.886956521739,48.69498525223505,5338.064322073408,10.05652585962381,48.69498525223505,73.06205801969588,115,attempt_001
278,8354.689655172413,49.55824474735814,6240.755060276691,5.6764462962666125,49.55824474735814,78.99844973337572,87,attempt_001
312,7220.452991452991,35.89019296738506,2108.6028618434116,10.7778110781667,35.89019296738506,45.91952593225905,117,attempt_001
313,6931.559322033899,52.62873791756958,7045.416103593905,9.224922205099693,52.62873791756958,83.936976974358,118,attempt_001
314,6421.477876106194,23.52696297963178,1081.8408975852306,12.174433831307502,23.52696297963178,32.89134988998217,113,attempt_001
315,6738.838095238095,48.10318677743952,3977.2052323240314,18.057102219763994,48.10318677743952,63.06508726961401,105,attempt_001
316,6745.45,35.84095590308837,2513.439943806354,14.281697609462984,35.84095590308837,50.13421928988577,120,attempt_001
317,7121.868217054263,33.1110912032164,2093.036579701033,9.62165042260194,33.1110912032164,45.74971671716704,129,attempt_001
318,7087.291666666667,41.7457130983437,3461.482558583287,17.170564486526835,41.7457130983437,58.83436545577157,120,attempt_001
319,6788.142857142857,40.99546564981169,2697.0806879328375,11.682016567409269,40.99546564981169,51.933425536284794,119,attempt_001
354,7214.601769911505,44.686733786790796,4748.724340101722,22.43697344893488,44.686733786790796,68.91098852941904,113,attempt_001
355,8117.408163265306,52.89164413751793,4499.118935774372,40.88982766081254,52.89164413751793,67.07547193851396,98,attempt_001
356,6462.914285714286,54.15503082815184,5024.296897377087,-0.5060866925138725,54.15503082815184,70.88227491677371,105,attempt_001
357,6928.6106194690265,46.355030872743804,4313.323996631228,4.105220711618481,46.355030872743804,65.67590118628924,113,attempt_001
358,7385.666666666667,36.3962245360884,2199.65675815669,2.6277603703063535,36.3962245360884,46.900498485162075,117,attempt_001
359,6657.743801652892,43.49560463372475,7099.987755693533,20.478352444584957,43.49560463372475,84.2614250751406,121,attempt_001
360,6969.27731092437,30.723316137249192,1565.0579117751693,-0.9662581796361039,30.723316137249192,39.560812830061636,119,attempt_001
361,6982.682926829269,45.42055336650451,3083.388597174215,12.046357621822372,45.42055336650451,55.52826845107107,123,attempt_001
362,7138.01282051282,40.60824289559097,3588.512668063667,15.729324776015538,40.60824289559097,59.90419574673937,78,attempt_001
398,7158.456140350877,43.77410311022723,6210.860266784831,15.814132055043414,43.77410311022723,78.80901132982719,114,attempt_001
399,7546.559322033899,33.42340591104441,2322.003498005571,8.11395859515456,33.42340591104441,48.18717150866578,118,attempt_001
400,6705.159292035398,29.092479019930025,1524.737038988939,8.316518239559603,29.092479019930025,39.04788136364045,113,attempt_001
401,6898.060869565217,36.01807387001351,3236.956015819753,15.261263892209936,36.01807387001351,56.894252924348635,115,attempt_001
402,7615.5847457627115,24.741129453970164,1335.5852136684132,5.5238267273577115,24.741129453970164,36.545659299955354,118,attempt_001
403,5727.717647058824,51.46792579237125,5292.223532987628,-19.951389782548947,51.46792579237125,72.74767029250921,85,attempt_001
404,6825.198347107438,34.11059917631249,1828.9532780575455,7.45742876697906,34.11059917631249,42.76626331651557,121,attempt_001
405,7068.508064516129,48.71217555703216,4957.653617835373,9.64758172304644,48.71217555703216,70.41060728210894,124,attempt_001
406,6646.962962962963,22.411733436735773,879.2571192731708,-1.6542037501288087,22.411733436735773,29.652270052614366,81,attempt_001
44,7272.840707964602,29.338708555024127,1818.4661323148782,3.3859686062640573,29.338708555024127,42.64347701952642,113,attempt_001
45,7461.713043478261,29.98859163913664,2810.4014755500734,7.223128466977964,29.98859163913664,53.01321981874025,115,attempt_001
46,6866.142857142857,42.8223361433147,2937.051177597839,8.966683127254681,42.8223361433147,54.19456778679796,112,attempt_001
47,7458.7,35.915553535606215,3121.528902016337,-18.58778978673506,35.915553535606215,55.87064436729128,110,attempt_001
48,7629.088495575221,42.50397543036826,3355.0803215442997,9.503196057064036,42.50397543036826,57.92305518137229,113,attempt_001
49,7368.685714285714,31.040599264381484,1314.9961714714389,-0.6692037671385238,31.040599264381484,36.26287594043582,105,attempt_001
50,6969.40650406504,33.94437196001101,2089.258530838756,4.559088916977607,33.94437196001101,45.708407660284514,123,attempt_001
51,7340.652173913043,45.454352951518125,4257.811565377989,4.9741900306210205,45.454352951518125,65.25190851904631,115,attempt_001
52,6755.08547008547,52.74113998126905,5383.411214769145,-1.2701155656177552,52.74113998126905,73.37173307731763,117,attempt_001
86,7463.786324786325,36.06374482864983,3254.6382247492456,20.216915304495686,36.06374482864983,57.049436673373435,117,attempt_001
87,7799.897196261682,46.18032065884802,4358.609417886852,8.190442869003823,46.18032065884802,66.01976535770822,107,attempt_001
88,7119.520661157025,42.27906950333833,3024.571743925286,11.049662314019217,42.27906950333833,54.9961066251538,121,attempt_001
89,7283.957983193277,24.235526665015172,881.6294311985022,-8.561249597109715,24.235526665015172,29.69224530409417,119,attempt_001
90,6801.638655462185,68.37108315243776,13197.766929087516,5.305409357688152,68.37108315243776,114.88153432596344,119,attempt_001
91,6887.6,27.134432502306577,1195.7499903336993,3.0474888107273963,27.134432502306577,34.579618134584706,115,attempt_001
92,7277.564516129032,57.16787232016071,6250.541054917654,7.082886777929675,57.16787232016071,79.06036336191261,124,attempt_001
93,7353.140495867769,39.11958585229945,3541.445089396512,15.453661372590243,39.11958585229945,59.51004192064153,121,attempt_001
94,6769.713043478261,22.88133947385006,1034.960958559276,9.67035313251067,22.88133947385006,32.17080910638207,115,attempt_001
129,7247.4,37.147583242538595,3157.977754603286,1.1236544668259778,37.147583242538595,56.195887345990776,115,attempt_002
130,7136.973451327433,28.976220518082364,1790.6970583432264,13.200206327974632,28.976220518082364,42.31662862685574,113,attempt_002
131,6999.138888888889,31.66443107569318,1945.1890576461676,-6.677115325320297,31.66443107569318,44.10429749634572,108,attempt_002
132,7214.284552845528,34.43614598872115,2728.9203393651674,4.849115650023637,34.43614598872115,52.23906908976429,123,attempt_002
133,7170.438016528926,37.34058466463202,3179.068803392878,6.527950858492249,37.34058466463202,56.38323157990218,121,attempt_002
134,7417.471074380165,27.39066274243627,1372.4224161970535,16.12252395511222,27.39066274243627,37.04621999876713,121,attempt_002
135,7100.886178861789,42.134773418422874,3918.583636333077,20.228425584873698,42.134773418422874,62.598591328663915,123,attempt_002
136,7140.90990990991,36.71905802924755,1961.6432672176397,12.433335714158652,36.71905802924755,44.290442165524155,111,attempt_002
171,7153.4358974358975,27.08232113855271,1723.006807908781,10.350400931938927,27.08232113855271,41.50911716609715,117,attempt_002
172,7348.11475409836,27.268475885873148,1271.81672653575,7.899245326122623,27.268475885873148,35.662539541313514,122,attempt_002
173,6738.3859649122805,63.421230340492784,7123.67296201761,7.511002998482701,63.421230340492784,84.401854020025,114,attempt_002
174,7092.431192660551,26.30377671381633,958.4201330410174,2.523674210998022,26.30377671381633,30.958361278352854,109,attempt_002
175,7076.609756097561,28.34744705889692,2956.3503563743275,15.269374551025425,28.34744705889692,54.37233079769827,123,attempt_002
176,7338.092783505154,45.028284747559006,4797.639519896771,28.81150115967688,45.028284747559006,69.26499491010428,97,attempt_002
177,7437.471074380165,31.050804852573158,1798.2078949672757,-0.40639589201259885,31.050804852573158,42.405281451339,121,attempt_002
178,7110.619469026548,47.38982365170191,5486.8315032638975,6.364949774955671,47.38982365170191,74.07314967830042,113,attempt_002
179,7671.1463414634145,28.96042753978882,1687.4712118336251,-2.6519627527683407,28.96042753978882,41.07884141299052,82,attempt_002
190,6989.206896551724,26.969247373796545,1216.5106082377965,-2.8375044217804875,26.969247373796545,34.87851212763808,116,attempt_002
191,7125.27731092437,36.19576514677749,2398.758732528464,3.9094877266215153,36.19576514677749,48.97712458412053,119,attempt_002
192,6866.333333333333,43.03688116085094,3457.562204812861,-5.397829186642254,43.03688116085094,58.801039147389744,84,attempt_002
227,6655.54954954955,33.8503837458662,3043.5521537119257,20.645156799816643,33.8503837458662,55.16839814342923,111,attempt_002
228,7321.077519379845,42.5738837016282,4048.643482488372,15.810731358733678,42.5738837016282,63.62895160607608,129,attempt_002
229,6835.159292035398,37.07301396363742,4746.388987798444,-7.0367966796429675,37.07301396363742,68.89404174381443,113,attempt_002
230,7533.125,48.609133573773626,6492.4799216030015,33.12634742247776,48.609133573773626,80.57592643961968,96,attempt_002
231,7016.709401709401,56.873538824642154,6152.145695975217,9.926465165037678,56.873538824642154,78.4356149716136,117,attempt_002
232,6627.598290598291,35.439783486305444,2551.0147913683795,21.563884085200087,35.439783486305444,50.507571624147396,117,attempt_002
233,7115.470588235294,22.828949715801517,1232.4133794547604,1.4313375311351308,22.828949715801517,35.105745675811534,119,attempt_002
234,7289.571428571428,27.393782804170865,1751.6148395893304,-0.07856226339895367,27.393782804170865,41.852297900943626,119,attempt_002
235,5786.373493975903,29.973361380115097,1161.6479391078476,1.8700007453182468,29.973361380115097,34.0829567248478,83,attempt_002
271,6976.675438596491,37.48121878349679,3307.222763699273,4.497072657252008,37.48121878349679,57.50845819268043,114,attempt_002
272,7119.120689655172,36.84186088837833,3681.0033275269407,-2.1519158313566518,36.84186088837833,60.67127267106683,116,attempt_002
273,6713.666666666667,21.921815589448045,673.6470561913228,5.665093872467235,21.921815589448045,25.954711637606817,111,attempt_002
274,7565.675675675676,43.26500340565258,3093.695694494865,8.689697934954491,43.26500340565258,55.6210004808873,111,attempt_002
275,7086.620967741936,27.3779833525849,1781.8496871928492,18.162667472323918,27.3779833525849,42.21196142318963,124,attempt_002
276,6607.61,48.14940351652418,4401.218979480395,19.872684013000562,48.14940351652418,66.34168357435915,100,attempt_002
277,7579.886956521739,45.957729805485044,4832.026403557784,10.21614163680037,45.957729805485044,69.51277870692398,115,attempt_002
278,8354.689655172413,47.49384693846157,5726.379572448076,11.179646349705553,47.49384693846157,75.67284567431092,87,attempt_002
312,7220.452991452991,32.182869538378725,1799.4270887871871,13.929213896092246,32.182869538378725,42.41965451046469,117,attempt_002
313,6931.559322033899,49.66763367697447,6534.803396099025,10.765076405904392,49.66763367697447,80.83813083006697,118,attempt_002
314,6421.477876106194,24.56200374496336,1168.00526995167,17.38619886017567,24.56200374496336,34.176092081331795,113,attempt_002
315,6738.838095238095,50.46140405034676,4337.776550692982,23.732817645556448,50.46140405034676,65.86179887228242,105,attempt_002
316,6745.45,33.00358698436314,2280.445508537775,15.446163864779775,33.00358698436314,47.754010392194026,120,attempt_002
317,7121.868217054263,29.068029858882145,1654.5700320465112,6.231292959371676,29.068029858882145,40.67640633151497,129,attempt_002
318,7087.291666666667,37.89492488125697,2945.321685349735,17.13652051579868,37.89492488125697,54.27081799042406,120,attempt_002
319,6788.142857142857,35.98335541254131,2318.026241775677,12.963098050860982,35.98335541254131,48.1458849931713,119,attempt_002
354,7214.601769911505,43.508749742035334,4679.979739621584,25.599774243633984,43.508749742035334,68.41037742639331,113,attempt_002
355,8117.408163265306,60.73416010625129,5641.223708836811,52.367739647037354,60.73416010625129,75.10808018340511,98,attempt_002
356,6462.914285714286,50.48009969074477,4435.080387666112,1.7657439161227515,50.48009969074477,66.5963992094626,105,attempt_002
357,6928.6106194690265,45.366183328828384,4236.9962409090895,5.269452522059232,45.366183328828384,65.09221336618604,113,attempt_002
358,7385.666666666667,32.282301298099675,1872.4885437085845,2.0968353036241516,32.282301298099675,43.27226067249762,117,attempt_002
359,6657.743801652892,43.91479589508308,7557.935268696804,28.882529872565957,43.91479589508308,86.93638633332309,121,attempt_002
360,6969.27731092437,27.038245250256868,1143.0515103429732,-4.332649078498212,27.038245250256868,33.80904480080697,119,attempt_002
361,6982.682926829269,40.69784735839936,2628.3274801935495,11.79489707413237,40.69784735839936,51.267216427201795,123,attempt_002
362,7138.01282051282,37.15381190000373,2849.19068124196,13.104153042116637,37.15381190000373,53.37781075729839,78,attempt_002
398,7158.456140350877,44.602422436993116,6018.84214370479,15.784242526681115,44.602422436993116,77.58119710151932,114,attempt_002
399,7546.559322033899,28.55392897789849,1689.580389312628,5.688369673233588,28.55392897789849,41.1045057057329,118,attempt_002
400,6705.159292035398,24.928845611846107,1300.1841397767037,10.275782261987308,24.928845611846107,36.0580662234777,113,attempt_002
401,6898.060869565217,33.1081095541241,3139.3958237662164,16.605270935772186,33.1081095541241,56.03031165151784,115,attempt_002
402,7615.5847457627115,22.404284219798466,984.6563294661947,5.784388687618048,22.404284219798466,31.379234048430735,118,attempt_002
403,5727.717647058824,47.699786039201314,5051.823651983856,-16.585828536251153,47.699786039201314,71.07618203015589,85,attempt_002
404,6825.198347107438,28.747047962585533,1307.8732064136325,5.910929392120417,28.747047962585533,36.164529672230394,121,attempt_002
405,7068.508064516129,43.19752790140422,4285.531571375572,7.010454510389841,43.19752790140422,65.46397155211079,124,attempt_002
406,6646.962962962963,21.173425258097662,908.8009681497247,-5.566641186274651,21.173425258097662,30.146325947778855,81,attempt_002
44,7272.840707964602,26.301331245130022,1316.0836425647776,3.1229420786102575,26.301331245130022,36.27786711708363,113,attempt_002
45,7461.713043478261,29.258572862138713,2297.296812281143,6.558903927828309,29.258572862138713,47.93012426732423,115,attempt_002
46,6866.142857142857,39.32807431856684,2495.577497986373,10.369009735278265,39.32807431856684,49.955755404021,112,attempt_002
47,7458.7,37.069231695581564,3719.498027464318,-21.73326743466281,37.069231695581564,60.98768750710522,110,attempt_002
48,7629.088495575221,38.276609482204904,2882.9316491385575,9.067153594070978,38.276609482204904,53.69293854072952,113,attempt_002
49,7368.685714285714,26.81085907069341,967.547424224729,-0.7086266482133353,26.81085907069341,31.105424353715687,105,attempt_002
50,6969.40650406504,35.78881615294423,1992.528968433726,6.890160532778936,35.78881615294423,44.63775272606951,123,attempt_002
51,7340.652173913043,42.75505351772566,4057.3842807284077,6.881712172723252,42.75505351772566,63.69760027448764,115,attempt_002
52,6755.08547008547,51.31603616208468,5413.994548751017,1.6920598120665464,51.31603616208468,73.57985151351569,117,attempt_002
86,7463.786324786325,34.407132912673426,3001.004376399789,21.539808756698516,34.407132912673426,54.781423643419394,117,attempt_002
87,7799.897196261682,43.4298963404402,3569.232073058375,8.403055103830576,43.4298963404402,59.74305041641559,107,attempt_002
88,7119.520661157025,37.47789400615165,2565.0894632757577,6.9853091479474925,37.47789400615165,50.646712265217744,121,attempt_002
89,7283.957983193277,25.357046049060944,940.1232889570215,-14.5117952101323,25.357046049060944,30.661429988782675,119,attempt_002
90,6801.638655462185,66.44840727553033,12040.217053232413,3.70680952048045,66.44840727553033,109.72792285117045,119,attempt_002
91,6887.6,21.080932000413995,845.0650880132997,2.740847935873104,21.080932000413995,29.070003233802705,115,attempt_002
92,7277.564516129032,54.819688797716495,6083.358282930805,10.101042906867868,54.819688797716495,77.99588632056697,124,attempt_002
93,7353.140495867769,34.69063402759655,3049.7928450432687,17.558508692445677,34.69063402759655,55.224929561234106,121,attempt_002
94,6769.713043478261,19.199296626869288,844.2358779839184,10.925886852328748,19.199296626869288,29.055737436587602,115,attempt_002
129,7247.4,36.92424036122312,3188.0187623320617,-0.8782942961568828,36.92424036122312,56.46254300270279,115,attempt_003
130,7136.973451327433,28.69184864538436,1709.4607136606437,10.846058826622246,28.69184864538436,41.34562508489434,113,attempt_003
131,6999.138888888889,31.033960053843728,1875.1519013882707,-6.710111609642872,31.033960053843728,43.30302415984674,108,attempt_003
132,7214.284552845528,33.91495378506591,2687.5680782003083,2.8353325467050223,33.91495378506591,51.84175998363007,123,attempt_003
133,7170.438016528926,37.01637955044897,3036.1476644287454,4.601761007612957,37.01637955044897,55.101249209330504,121,attempt_003
134,7417.471074380165,26.7355310166975,1345.496408071548,16.009537555864014,26.7355310166975,36.68100882025395,121,attempt_003
135,7100.886178861789,41.39185068770984,3844.2986560329873,17.3412919081136,41.39185068770984,62.00240846961501,123,attempt_003
136,7140.90990990991,36.85135585947754,1984.8520900510678,12.787184179958688,36.85135585947754,44.55167886905125,111,attempt_003
171,7153.4358974358975,27.06697523305114,1701.4888141636277,10.045750243566312,27.06697523305114,41.24910682867724,117,attempt_003
172,7348.11475409836,26.530282230521696,1217.99275199459,6.419725075850737,26.530282230521696,34.89975289303049,122,attempt_003
173,6738.3859649122805,61.479236849609016,6827.339591156286,7.731430052123925,61.479236849609016,82.62771684583984,114,attempt_003
174,7092.431192660551,26.554005823365394,976.6112203452167,0.8523904557114835,26.554005823365394,31.25077951580115,109,attempt_003
175,7076.609756097561,27.74766771365288,2835.1954476383103,13.975687307857314,27.74766771365288,53.24655338741007,123,attempt_003
176,7338.092783505154,45.428250204812656,4879.9304304513025,30.91883818980975,45.428250204812656,69.85649884192095,97,attempt_003
177,7437.471074380165,30.88047863843421,1742.9231995800783,-1.1289670168969093,30.88047863843421,41.748331698165835,121,attempt_003
178,7110.619469026548,47.82988729219105,5566.349909987923,4.800246995037634,47.82988729219105,74.60797484175484,113,attempt_003
179,7671.1463414634145,28.639698298299493,1675.3779406475187,-0.8947854027449899,28.639698298299493,40.93138087882595,82,attempt_003
190,6989.206896551724,26.7675128731372,1196.6036155204495,-1.0918536203811458,26.7675128731372,34.59195882745655,116,attempt_003
191,7125.27731092437,35.492459050142095,2294.5865551837837,3.627976513255725,35.492459050142095,47.90184292053682,119,attempt_003
192,6866.333333333333,42.72521723306648,3436.297477505059,-5.107826260103214,42.72521723306648,58.61994095446582,84,attempt_003
227,6655.54954954955,32.98594900979367,2907.1556260299053,19.600896557934867,32.98594900979367,53.91804545817574,111,attempt_003
228,7321.077519379845,41.32158849027128,3797.0180107021224,12.894592796466723,41.32158849027128,61.6199481556267,129,attempt_003
229,6835.159292035398,37.490337430326754,4844.85327076339,-8.172752385690973,37.490337430326754,69.60498021523597,113,attempt_003
230,7533.125,47.26012103373904,6422.000336895909,35.18284699030501,47.26012103373904,80.1373841405864,96,attempt_003
231,7016.709401709401,55.994873351526856,5932.524110616999,8.622551836352502,55.994873351526856,77.02288043573155,117,attempt_003
232,6627.598290598291,36.63137207633896,2597.344463826192,24.062900964610417,36.63137207633896,50.96414880900291,117,attempt_003
233,7115.470588235294,22.53873908274116,1194.507108942974,2.229125905761452,22.53873908274116,34.56164216212785,119,attempt_003
234,7289.571428571428,27.16139432344162,1673.0851498620846,-1.0271791381522257,27.16139432344162,40.90336355193891,119,attempt_003
235,5786.373493975903,29.726131389711313,1128.1450525278299,2.6469220938340943,29.726131389711313,33.58787061615889,83,attempt_003
271,6976.675438596491,37.17552435059464,3283.6926226057444,4.063406753071671,37.17552435059464,57.30351317856301,114,attempt_003
272,7119.120689655172,37.20559040068755,3782.63856656913,-1.8455150757926402,37.20559040068755,61.50315899666561,116,attempt_003
273,6713.666666666667,21.398061223311927,658.1852014757741,6.77646361318108,21.398061223311927,25.655120375390446,111,attempt_003
274,7565.675675675676,42.519456849406495,2967.625951571233,6.163740897935596,42.519456849406495,54.4759208418842,111,attempt_003
275,7086.620967741936,26.539426867964803,1687.7061899817206,17.18128301202183,26.539426867964803,41.08170140076626,124,attempt_003
276,6607.61,46.92192327566453,4207.599587220868,22.327143097624447,46.92192327566453,64.86601257377293,100,attempt_003
277,7579.886956521739,46.23800857049812,4781.311072852588,7.051112288322985,46.23800857049812,69.14702504701549,115,attempt_003
278,8354.689655172413,47.37560905780977,5844.693399277157,11.488371630701327,47.37560905780977,76.45059449917416,87,attempt_003
312,7220.452991452991,31.88090432188404,1781.8544960925244,14.01534936829402,31.88090432188404,42.21201838449003,117,attempt_003
313,6931.559322033899,49.596668780975875,6530.963633816946,10.127709761286196,49.596668780975875,80.81437764294758,118,attempt_003
314,6421.477876106194,26.95821542738834,1275.3567412274942,19.932768031739027,26.95821542738834,35.71213716970036,113,attempt_003
315,6738.838095238095,49.93609696474838,4233.518120480288,23.86900169870655,49.93609696474838,65.06549101082915,105,attempt_003
316,6745.45,32.57867339055286,2204.279834405934,16.993991829467564,32.57867339055286,46.949758619251,120,attempt_003
317,7121.868217054263,28.251831017936073,1594.721833717066,6.8871930933382055,28.251831017936073,39.933968419342776,129,attempt_003
318,7087.291666666667,37.39220304417049,2866.9713112945815,17.383717692427258,37.39220304417049,53.54410622369731,120,attempt_003
319,6788.142857142857,36.560912506784014,2309.6707986919773,14.129947947183862,36.560912506784014,48.05903451685206,119,attempt_003
354,7214.601769911505,42.51136783205765,4430.56515151379,24.482503018255912,42.51136783205765,66.56249057475081,113,attempt_003
355,8117.408163265306,57.974286922238264,5128.418806418851,48.89162752959679,57.974286922238264,71.61297931533676,98,attempt_003
356,6462.914285714286,49.89417241831086,4302.896939898509,1.6541805627416666,49.89417241831086,65.59647048354438,105,attempt_003
357,6928.6106194690265,44.92978672257539,4181.655998032739,3.4924821392583882,44.92978672257539,64.66572506384459,113,attempt_003
358,7385.666666666667,32.25232157725335,1852.275134057259,0.8195148605929918,32.25232157725335,43.03806610498733,117,attempt_003
359,6657.743801652892,44.52631485926776,7576.8318160576255,29.805417566277356,44.52631485926776,87.04499879980254,121,attempt_003
360,6969.27731092437,26.57137194206111,1124.1332552218748,-3.0514673977050744,26.57137194206111,33.52809650460155,119,attempt_003
361,6982.682926829269,40.36558876859004,2558.1319155587794,12.403063236319275,40.36558876859004,50.5779785633904,123,attempt_003
362,7138.01282051282,36.62537825092151,2803.5133089495125,13.187834363204438,36.62537825092151,52.94821346324645,78,attempt_003
398,7158.456140350877,43.61801462708003,5785.513549385985,14.31058175637967,43.61801462708003,76.06256338952814,114,attempt_003
399,7546.559322033899,28.445344315639332,1643.3957698367456,2.952865470549191,28.445344315639332,40.53881806166462,118,attempt_003
400,6705.159292035398,25.049467282296664,1320.4090259599516,10.547609534998125,25.049467282296664,36.337432847684106,113,attempt_003
401,6898.060869565217,33.02475655905118,3051.7978968787793,17.524502303867628,33.02475655905118,55.243080081389195,115,attempt_003
402,7615.5847457627115,22.32769345564906,979.5629820949938,3.310420884231967,22.32769345564906,31.297970894212835,118,attempt_003
403,5727.717647058824,47.04905208377441,4880.243966206214,-14.424502570143758,47.04905208377441,69.85874294750954,85,attempt_003
404,6825.198347107438,28.518365915822244,1277.66633488946,7.5059989957291755,28.518365915822244,35.744458799784056,121,attempt_003
405,7068.508064516129,42.70342038218452,4192.661887089859,6.800822876964422,42.70342038218452,64.7507674633271,124,attempt_003
406,6646.962962962963,20.824292098105886,860.8690291721479,-5.6540507526055706,20.824292098105886,29.340569680429653,81,attempt_003
44,7272.840707964602,25.925038916620366,1300.2096299088848,3.275456155713588,25.925038916620366,36.05841968124622,113,attempt_003
45,7461.713043478261,28.402011583032294,2268.5556259401,4.442434302809978,28.402011583032294,47.6293567659705,115,attempt_003
46,6866.142857142857,39.254698545764604,2471.3823885507168,10.226525634380968,39.254698545764604,49.71300019663586,112,attempt_003
47,7458.7,37.73290475506512,3744.810723759731,-23.19054139354227,37.73290475506512,61.19485863828538,110,attempt_003
48,7629.088495575221,38.12757669589156,2771.331047744359,6.26803908188242,38.12757669589156,52.64343309230847,113,attempt_003
49,7368.685714285714,27.321204960026,982.3588315073399,-2.6598843298513333,27.321204960026,31.342604095820434,105,attempt_003
50,6969.40650406504,36.77683476289168,2055.997895195746,9.635153159301101,36.77683476289168,45.34311298527866,123,attempt_003
51,7340.652173913043,42.503638546802016,4009.5157673726485,7.316343527725388,42.503638546802016,63.32073726175848,115,attempt_003
52,6755.08547008547,49.96297962456245,5359.789145152176,4.644532871949305,49.96297962456245,73.21058082785696,117,attempt_003
86,7463.786324786325,33.84986276215865,2788.348188886584,18.64291000222026,33.84986276215865,52.80481217546924,117,attempt_003
87,7799.897196261682,44.0092684962787,3614.6797348231976,6.694934488898321,44.0092684962787,60.12220666960917,107,attempt_003
88,7119.520661157025,36.948709685424795,2424.475711670373,5.193772214569969,36.948709685424795,49.23896537977188,121,attempt_003
89,7283.957983193277,27.234134729169376,1043.5316065454467,-17.260003071640497,27.234134729169376,32.30373982289739,119,attempt_003
90,6801.638655462185,66.03528382556736,11977.789366774647,5.180097627411073,66.03528382556736,109.4430873412051,119,attempt_003
91,6887.6,21.20639959776533,850.5054583096313,1.7357460283473736,21.20639959776533,29.16342672440314,115,attempt_003
92,7277.564516129032,54.93372871726141,6025.081331105799,9.72653273368529,54.93372871726141,77.62139737923944,124,attempt_003
93,7353.140495867769,34.37849404281668,3041.9580123888595,18.686097667366685,34.37849404281668,55.15394829374285,121,attempt_003
94,6769.713043478261,18.907924636909662,826.2094520274478,10.468032762467619,18.907924636909662,28.743859379482217,115,attempt_003
129,7247.4,36.85623904694609,3193.530736807004,-0.9980496368537072,36.85623904694609,56.511332817471256,115,attempt_004
130,7136.973451327433,28.56815809088716,1689.7883664378442,10.755579610367855,28.56815809088716,41.10703548588543,113,attempt_004
131,6999.138888888889,30.966349629008295,1868.9617772953675,-6.825449152876323,30.966349629008295,43.23149057452643,108,attempt_004
132,7214.284552845528,33.84850227675286,2683.353973585909,2.6950519139641815,33.84850227675286,51.801100119456045,123,attempt_004
133,7170.438016528926,36.74245923774655,3003.4440387341588,4.626994455232187,36.74245923774655,54.803686360811156,121,attempt_004
134,7417.471074380165,26.557163217765652,1335.247732597065,15.775882777632368,26.557163217765652,36.54104175577189,121,attempt_004
135,7100.886178861789,41.15985642486419,3818.205294455006,17.01515602135184,41.15985642486419,61.79162802884389,123,attempt_004
136,7140.90990990991,36.766675323807995,1984.9771219373092,12.55461752118803,36.766675323807995,44.55308207001295,111,attempt_004
171,7153.4358974358975,27.061441692695944,1697.20943430155,9.892991835704235,27.061441692695944,41.19720177756676,117,attempt_004
172,7348.11475409836,26.432540776127396,1212.816573861865,6.321288401434044,26.432540776127396,34.82551613202401,122,attempt_004
173,6738.3859649122805,61.52363690287337,6857.957460310108,7.65316289910695,61.52363690287337,82.81278560892702,114,attempt_004
174,7092.431192660551,26.483657568677657,974.8768547326459,0.8447319274869897,26.483657568677657,31.223018027292717,109,attempt_004
175,7076.609756097561,27.532318227076747,2808.436321095657,13.738391878653006,27.532318227076747,52.99468200768504,123,attempt_004
176,7338.092783505154,45.23369882284595,4861.074940966824,30.506850684401094,45.23369882284595,69.72140948780958,97,attempt_004
177,7437.471074380165,30.690807896952478,1727.3554956962275,-1.0588586464952738,30.690807896952478,41.561466476728505,121,attempt_004
178,7110.619469026548,47.74865616471493,5573.734106783392,4.600737628187434,47.74865616471493,74.65744508609568,113,attempt_004
179,7671.1463414634145,28.49812543791429,1672.0716145029562,-0.972119455165068,28.49812543791429,40.89097228610438,82,attempt_004
190,6989.206896551724,26.804848151645647,1201.7622181883366,-1.098518463025557,26.804848151645647,34.66644224878487,116,attempt_004
191,7125.27731092437,35.41533166714219,2288.0749028635514,3.5206413816794027,35.41533166714219,47.833825927512336,119,attempt_004
192,6866.333333333333,42.853007055074535,3455.086564446917,-5.145914998498765,42.853007055074535,58.77998438624254,84,attempt_004
227,6655.54954954955,32.88058773351258,2887.456135365512,19.451204619656625,32.88058773351258,53.735054995463734,111,attempt_004
228,7321.077519379845,40.92191422002089,3742.3235484099023,12.68982453995097,40.92191422002089,61.1745334956459,129,attempt_004
229,6835.159292035398,37.40107121066086,4859.992808234692,-8.147804652046203,37.40107121066086,69.71364865099726,113,attempt_004
230,7533.125,46.910271941136294,6363.6614481882125,34.69728179514548,46.910271941136294,79.77256074734102,96,attempt_004
231,7016.709401709401,55.902307286020225,5938.012514882477,8.486741196418587,55.902307286020225,77.05850060105294,117,attempt_004
232,6627.598290598291,36.41139586713056,2572.0116620224594,23.770908845205923,36.41139586713056,50.71500430861127,117,attempt_004
233,7115.470588235294,22.46365433573872,1188.0963694008367,2.2968596568088966,22.46365433573872,34.46877383082892,119,attempt_004
234,7289.571428571428,27.057446959545786,1658.4564192346988,-0.9130818715183476,27.057446959545786,40.72415031937068,119,attempt_004
235,5786.373493975903,29.612864911122436,1126.9102987854258,2.5159110358147054,29.612864911122436,33.569484636875586,83,attempt_004
271,6976.675438596491,37.18653628045669,3294.2510175137627,3.892023108930612,37.18653628045669,57.39556618340621,114,attempt_004
272,7119.120689655172,37.23521743402751,3802.146368466418,-1.9517994098787037,37.23521743402751,61.661546919181475,116,attempt_004
273,6713.666666666667,21.232846246392413,648.8364928381415,6.630004280920562,21.232846246392413,25.472269094804677,111,attempt_004
274,7565.675675675676,42.439024838382714,2958.952312781393,6.098397307971416,42.439024838382714,54.39625274576727,111,attempt_004
275,7086.620967741936,26.421456311794987,1669.3039268395748,16.997249099967163,26.421456311794987,40.85711598778816,124,attempt_004
276,6607.61,46.78867680547246,4183.817969801768,21.87129407270639,46.78867680547246,64.68243942370887,100,attempt_004
277,7579.886956521739,46.18203610130434,4770.485364562506,6.964095344003667,46.18203610130434,69.06870032483965,115,attempt_004
278,8354.689655172413,47.33537252022293,5863.249313116597,11.20384549133919,47.33537252022293,76.57185718732828,87,attempt_004
312,7220.452991452991,31.691137173244904,1769.3439183646892,13.746608051180903,31.691137173244904,42.06356996695227,117,attempt_004
313,6931.559322033899,49.65101727112866,6538.437123034692,9.917655708459318,49.65101727112866,80.86060303407768,118,attempt_004
314,6421.477876106194,26.6426183604887,1259.6240630242146,19.569647786078264,26.6426183604887,35.49118289130717,113,attempt_004
315,6738.838095238095,49.742595068276096,4195.023505227171,23.590384160965904,49.742595068276096,64.76900111339661,105,attempt_004
316,6745.45,32.46138766347547,2181.6070239292385,16.767119438391543,32.46138766347547,46.70767628483822,120,attempt_004
317,7121.868217054263,28.207013407687324,1588.0298253097951,6.8528612283147625,28.207013407687324,39.85009191093284,129,attempt_004
318,7087.291666666667,37.335707579064746,2848.5690413045522,17.284440635830002,37.335707579064746,53.371987421348216,120,attempt_004
319,6788.142857142857,36.48520189475666,2304.32534848679,13.936253221958063,36.48520189475666,48.003388927103785,119,attempt_004
354,7214.601769911505,42.203687973633,4373.146198144235,24.25958448001678,42.203687973633,66.12976786700703,113,attempt_004
355,8117.408163265306,57.27972446459268,4998.6020224244485,48.164390199756106,57.27972446459268,70.70079223335796,98,attempt_004
356,6462.914285714286,50.05580280585209,4339.190050314695,1.5590761832440097,50.05580280585209,65.87252879854162,105,attempt_004
357,6928.6106194690265,44.68050943085207,4167.149737832158,3.3623177287398764,44.68050943085207,64.55346418149965,113,attempt_004
358,7385.666666666667,32.114686386281505,1843.2071011646422,0.7305343048820433,32.114686386281505,42.93258786941037,117,attempt_004
359,6657.743801652892,44.29469398757615,7537.9548291464325,29.187636894213007,44.29469398757615,86.8213961483368,121,attempt_004
360,6969.27731092437,26.578075312191064,1125.7418879567135,-2.994252970891745,26.578075312191064,33.552077252484885,119,attempt_004
361,6982.682926829269,40.34983964925637,2554.7575521715225,12.260193398551161,40.34983964925637,50.54460952635328,123,attempt_004
362,7138.01282051282,36.6043277205611,2805.193252439168,13.227388192786584,36.6043277205611,52.96407511171292,78,attempt_004
398,7158.456140350877,43.3635924709911,5738.324062263925,14.249149904924726,43.3635924709911,75.75172646391583,114,attempt_004
399,7546.559322033899,28.326400922590345,1635.0567532841412,2.9883026870667457,28.326400922590345,40.43583501405828,118,attempt_004
400,6705.159292035398,24.926387157948437,1319.1257485240951,10.39997171474949,24.926387157948437,36.31977076640346,113,attempt_004
401,6898.060869565217,32.913633152738086,3025.0113271078444,17.377338944592143,32.913633152738086,55.00010297361128,115,attempt_004
402,7615.5847457627115,22.340488131402466,981.7242334109714,3.203542197414667,22.340488131402466,31.332478890298024,118,attempt_004
403,5727.717647058824,46.932522356148326,4849.490892840626,-14.541042409085923,46.932522356148326,69.63828611360726,85,attempt_004
404,6825.198347107438,28.448724157493828,1274.0063550817963,7.426491349352643,28.448724157493828,35.69322561890136,121,attempt_004
405,7068.508064516129,42.71463654992941,4186.551821509632,6.7359368312001076,42.71463654992941,64.70356884677716,124,attempt_004
406,6646.962962962963,20.845591679813637,859.5904807572138,-5.605573527250491,20.845591679813637,29.318773520684896,81,attempt_004
44,7272.840707964602,25.83124505919287,1298.089999001981,3.2479225439988313,25.83124505919287,36.02901607041165,113,attempt_004
45,7461.713043478261,28.215266566765518,2262.1889895541176,4.430583716965481,28.215266566765518,47.56247459451745,115,attempt_004
46,6866.142857142857,39.21655131618545,2473.62475018956,10.114913388127807,39.21655131618545,49.73554815410764,112,attempt_004
47,7458.7,37.57477652947251,3733.717742727465,-22.978988029822943,37.57477652947251,61.10415487286822,110,attempt_004
48,7629.088495575221,37.8102914752411,2738.365863892194,6.201319564508968,37.8102914752411,52.32939770236415,113,attempt_004
49,7368.685714285714,27.276729584846958,980.4886141454338,-2.5847892699007344,27.276729584846958,31.31275481565673,105,attempt_004
50,6969.40650406504,36.672761178015605,2057.628166475041,9.365223764582971,36.672761178015605,45.36108647811515,123,attempt_004
51,7340.652173913043,42.454488308085395,4007.080827932333,7.169346021233413,42.454488308085395,63.30150731169308,115,attempt_004
52,6755.08547008547,49.965438803925174,5364.659698692328,4.374835807103922,49.965438803925174,73.24383727449244,117,attempt_004
86,7463.786324786325,33.53591997007548,2740.002566844595,18.489691043606943,33.53591997007548,52.34503383172653,117,attempt_004
87,7799.897196261682,44.05363223310417,3629.005767306046,6.713836220595656,44.05363223310417,60.24122979576401,107,attempt_004
88,7119.520661157025,36.70002536765449,2390.9840892788184,5.266658438066075,36.70002536765449,48.89769001986514,121,attempt_004
89,7283.957983193277,27.101485455385266,1035.6959106262732,-17.020141718258962,27.101485455385266,32.18222973360101,119,attempt_004
90,6801.638655462185,66.11422513069493,12030.000958124194,5.159763350873744,66.11422513069493,109.68136103333234,119,attempt_004
91,6887.6,21.23019401224719,853.4759856301365,1.7034479312855064,21.23019401224719,29.214311315349136,115,attempt_004
92,7277.564516129032,54.877706020297246,6017.1343575030705,9.36424915537526,54.877706020297246,77.5701898766728,124,attempt_004
93,7353.140495867769,34.34990296549249,3030.848522221751,18.452501690484343,34.34990296549249,55.053142709765,121,attempt_004
94,6769.713043478261,18.82086547891867,818.4287495437263,10.348182069848308,18.82086547891867,28.608193748360385,115,attempt_004
129,7247.4,36.308529184959035,3106.8676652284216,-1.7640464885075349,36.308529184959035,55.73928296299138,115,attempt_005
130,7136.973451327433,28.47119874179868,1657.7938319912137,9.809204128544021,28.47119874179868,40.71601444138674,113,attempt_005
131,6999.138888888889,30.64001473899646,1830.3506656065338,-6.84238662200575,30.64001473899646,42.78259769586851,108,attempt_005
132,7214.284552845528,33.73827197445812,2654.7471907156387,2.2618332295395542,33.73827197445812,51.52423886595161,123,attempt_005
133,7170.438016528926,36.90839922196599,2956.329453183573,3.791806075796866,36.90839922196599,54.37213857467419,121,attempt_005
134,7417.471074380165,27.83560267660497,1421.81221720697,17.481097800902223,27.83560267660497,37.706925321576804,121,attempt_005
135,7100.886178861789,41.218115193351494,3803.619136931336,17.264144104286306,41.218115193351494,61.673488120353106,123,attempt_005
136,7140.90990990991,36.374726362176744,1972.4292788132,13.033212492379231,36.374726362176744,44.41203979568153,111,attempt_005
171,7153.4358974358975,26.96224206924647,1704.1719697493947,10.3074715685776,26.96224206924647,41.28161781894448,117,attempt_005
172,7348.11475409836,26.427704079894045,1233.785352138734,5.684503256378075,26.427704079894045,35.12528081224026,122,attempt_005
173,6738.3859649122805,62.13238899734941,6944.22520440172,7.437143696628354,62.13238899734941,83.33201788269452,114,attempt_005
174,7092.431192660551,26.02976203708551,951.6910257314374,0.3182979453056618,26.02976203708551,30.84948987797752,109,attempt_005
175,7076.609756097561,27.7851913027781,2804.6175330371525,13.654461388693303,27.7851913027781,52.95863983371507,123,attempt_005
176,7338.092783505154,45.636532854903145,4988.022165958566,32.01708998329876,45.636532854903145,70.62593125728372,97,attempt_005
177,7437.471074380165,30.581763648926238,1698.2236576180983,-1.8808142597690376,30.581763648926238,41.20950931057173,121,attempt_005
178,7110.619469026548,47.37291169478819,5499.202239292546,4.303308295148295,47.37291169478819,74.15660617431563,113,attempt_005
179,7671.1463414634145,28.303016291153497,1640.8637572601572,0.3163477002546598,28.303016291153497,40.50757654143428,82,attempt_005
190,6989.206896551724,26.689853834982763,1211.0409152080306,-0.14821672594720878,26.689853834982763,34.80001314953819,116,attempt_005
191,7125.27731092437,35.42077568612845,2308.511030453195,4.113475629523817,35.42077568612845,48.04696692251442,119,attempt_005
192,6866.333333333333,42.91507604919733,3430.3761910119756,-4.6067350025522655,42.91507604919733,58.569413442615044,84,attempt_005
227,6655.54954954955,32.920156733481136,2897.6032157955033,19.23691386592231,32.920156733481136,53.82938988875411,111,attempt_005
228,7321.077519379845,41.55836353504111,3782.0229711173783,12.848812977227634,41.55836353504111,61.498154209027916,129,attempt_005
229,6835.159292035398,37.076948500482445,4815.563277145283,-8.112492802066456,37.076948500482445,69.39425968439524,113,attempt_005
230,7533.125,48.2172747921251,6685.649602579095,37.841309868911004,48.2172747921251,81.76582172631237,96,attempt_005
231,7016.709401709401,55.96984463563838,5934.245075050427,7.450598796852042,55.96984463563838,77.03405139969225,117,attempt_005
232,6627.598290598291,37.14505786940765,2711.1512417816357,25.09781003088088,37.14505786940765,52.06871653672324,117,attempt_005
233,7115.470588235294,22.46200946297686,1201.7427350146265,2.3884032342950583,22.46200946297686,34.66616123851365,119,attempt_005
234,7289.571428571428,27.18116679210669,1685.1337213246434,-1.3249640940028853,27.18116679210669,41.05038028233896,119,attempt_005
235,5786.373493975903,29.661974852727568,1134.0447592841094,3.121154945948799,29.661974852727568,33.675581053399945,83,attempt_005
271,6976.675438596491,36.78912693857057,3231.056478107727,3.9119879490792195,36.78912693857057,56.84238276240473,114,attempt_005
272,7119.120689655172,36.91129233703633,3726.3262350343416,-1.6589608159593134,36.91129233703633,61.04364205250487,116,attempt_005
273,6713.666666666667,20.71187741295973,638.1896228204722,7.814155609184376,20.71187741295973,25.26241522144057,111,attempt_005
274,7565.675675675676,42.584570906320565,2961.243980555815,4.936357122894036,42.584570906320565,54.41731324271546,111,attempt_005
275,7086.620967741936,26.893211355163885,1751.938539400126,17.255925323761808,26.893211355163885,41.85616489120959,124,attempt_005
276,6607.61,48.14773048896606,4486.525010292288,23.649292817068286,48.14773048896606,66.98152738100474,100,attempt_005
277,7579.886956521739,45.83681925436774,4713.312342308722,6.2170796156928745,45.83681925436774,68.65356758616934,115,attempt_005
278,8354.689655172413,47.11219437382955,5806.297188597842,12.153299685629525,47.11219437382955,76.19906291154663,87,attempt_005
312,7220.452991452991,31.408810505391333,1757.3083589410403,14.04621806310258,31.408810505391333,41.92026191403198,117,attempt_005
313,6931.559322033899,49.42483442535157,6482.094842031148,10.394256064143596,49.42483442535157,80.51145783074077,118,attempt_005
314,6421.477876106194,28.054759714419266,1331.7547569603755,21.623253665228873,28.054759714419266,36.49321521817961,113,attempt_005
315,6738.838095238095,50.30500309914553,4300.538610595232,24.39360546904045,50.30500309914553,65.57849198171023,105,attempt_005
316,6745.45,32.909021801195244,2278.2730463107064,17.413847507305142,32.909021801195244,47.731258587121985,120,attempt_005
317,7121.868217054263,28.689807306231504,1677.8949050825777,7.868813737528336,28.689807306231504,40.96211548592892,129,attempt_005
318,7087.291666666667,37.844225230067124,2963.2567714321463,18.309266496463223,37.844225230067124,54.43580413140001,120,attempt_005
319,6788.142857142857,36.5029918763843,2363.9483661306654,14.344835824140945,36.5029918763843,48.62045213827886,119,attempt_005
354,7214.601769911505,42.49518546304761,4458.545617085444,24.76720313278032,42.49518546304761,66.77234170736746,113,attempt_005
355,8117.408163265306,58.32420974128184,5303.090497839032,48.97307993228624,58.32420974128184,72.82232142577598,98,attempt_005
356,6462.914285714286,50.406038075790065,4407.908892281532,1.2643532163364095,50.406038075790065,66.3920845604469,105,attempt_005
357,6928.6106194690265,44.19387648528378,4051.9344799917835,3.0140357741130432,44.19387648528378,63.65480720253407,113,attempt_005
358,7385.666666666667,31.66401818354604,1769.0680284134307,0.3211741946415364,31.66401818354604,42.06029039858654,117,attempt_005
359,6657.743801652892,45.2624737678267,7680.145586092488,31.27795504003529,45.2624737678267,87.63643983008717,121,attempt_005
360,6969.27731092437,26.606921780661665,1128.6421962417867,-3.0279248898428675,26.606921780661665,33.595270444540056,119,attempt_005
361,6982.682926829269,40.93008042269918,2647.8084267699032,13.05639181722001,40.93008042269918,51.45685986114877,123,attempt_005
362,7138.01282051282,36.645331360524146,2816.263746178082,13.328378675184164,36.645331360524146,53.06848166452553,78,attempt_005
398,7158.456140350877,43.52337956945016,5735.423686246779,14.106756787927093,43.52337956945016,75.73258008444436,114,attempt_005
399,7546.559322033899,28.907034041615226,1626.2360417871525,1.7940811526551304,28.907034041615226,40.32661703871467,118,attempt_005
400,6705.159292035398,25.290346842003764,1335.60324307879,11.13122913343041,25.290346842003764,36.545905968778364,113,attempt_005
401,6898.060869565217,33.33328799760698,3165.5852200953796,18.546648193718255,33.33328799760698,56.26353366164784,115,attempt_005
402,7615.5847457627115,22.374170885552953,975.9177626754694,1.9825996433612083,22.374170885552953,31.239682499594476,118,attempt_005
403,5727.717647058824,46.59593566140126,4782.933702550816,-14.15858937649652,46.59593566140126,69.15875723688805,85,attempt_005
404,6825.198347107438,28.699468599562973,1301.193077932956,7.996405193100863,28.699468599562973,36.07205397441288,121,attempt_005
405,7068.508064516129,42.699333334563846,4187.616635774594,6.802499822816601,42.699333334563846,64.71179672806647,124,attempt_005
406,6646.962962962963,20.786074906335816,849.4234477723261,-5.392872984750991,20.786074906335816,29.144870007813143,81,attempt_005
44,7272.840707964602,25.90826098036644,1294.5124440569107,2.9920633286134333,25.90826098036644,35.97933356882685,113,attempt_005
45,7461.713043478261,28.419161956848455,2239.970746197144,3.469136856419375,28.419161956848455,47.32832921408851,115,attempt_005
46,6866.142857142857,39.17472537403062,2489.9405693395097,10.176796156641943,39.17472537403062,49.89930429714937,112,attempt_005
47,7458.7,37.365515885287024,3695.872841931187,-23.354373760726336,37.365515885287024,60.79369080695123,110,attempt_005
48,7629.088495575221,37.90293438340249,2671.1559626568996,4.931964629920514,37.90293438340249,51.68322709213212,113,attempt_005
49,7368.685714285714,27.332990713168343,968.8072466285678,-3.793959611384928,27.332990713168343,31.125668613357814,105,attempt_005
50,6969.40650406504,36.29263983288175,2046.510504702056,11.261428815711108,36.29263983288175,45.238374249104666,123,attempt_005
51,7340.652173913043,42.479943939626686,4007.3928292695728,7.903710178104057,42.479943939626686,63.30397167057982,115,attempt_005
52,6755.08547008547,49.429499686768004,5329.088019507282,5.97763569644738,49.429499686768004,73.00060287084814,117,attempt_005
86,7463.786324786325,33.60162418291509,2779.4411974731815,17.90980584701555,33.60162418291509,52.72040589253066,117,attempt_005
87,7799.897196261682,44.20843634305216,3643.7434933969334,6.064219220692997,44.20843634305216,60.363428443031076,107,attempt_005
88,7119.520661157025,36.520975699468785,2364.304474990377,4.7844846568178765,36.520975699468785,48.62411413064897,121,attempt_005
89,7283.957983193277,27.048918603714725,1040.5060867015673,-18.409656572138747,27.048918603714725,32.25687658006533,119,attempt_005
90,6801.638655462185,66.29395199938563,12057.232696549427,5.645288408180683,66.29395199938563,109.80543108858244,119,attempt_005
91,6887.6,21.13991020775277,839.606771449101,1.287723447737141,21.13991020775277,28.97596886126676,115,attempt_005
92,7277.564516129032,53.82570649123274,5908.869372160131,10.433292465533706,53.82570649123274,76.86917049220794,124,attempt_005
93,7353.140495867769,34.60716664786064,3133.8287291079005,19.803125301272054,34.60716664786064,55.98061029595784,121,attempt_005
94,6769.713043478261,19.00309198753554,840.8199562198491,10.448454412711248,19.00309198753554,28.99689563073691,115,attempt_005
129,7247.4,41.500036972060165,3412.530616214774,0.2698822005605191,41.500036972060165,58.41686927775892,115,attempt_006
130,7136.973451327433,33.58081818586472,2144.957182930696,12.216645864732321,33.58081818586472,46.31368245919013,113,attempt_006
131,6999.138888888889,29.362830807835298,1605.6415534124694,-9.617197985177233,29.362830807835298,40.070457364652945,108,attempt_006
132,7214.284552845528,34.617305772305215,2762.755757691732,4.648637462022065,34.617305772305215,52.56192307832479,123,attempt_006
133,7170.438016528926,40.335408688678,3600.699677731742,9.89980971994442,40.335408688678,60.00583036448827,121,attempt_006
134,7417.471074380165,29.215289440025504,1619.8822652708063,13.903557509199326,29.215289440025504,40.24776099698971,121,attempt_006
135,7100.886178861789,38.848325245792985,3787.800883509794,16.428285777757072,38.848325245792985,61.545112588326575,123,attempt_006
136,7140.90990990991,36.471565893959706,2196.346541766194,8.015281367166116,36.471565893959706,46.86519542012168,111,attempt_006
171,7153.4358974358975,32.43312169079341,2115.4453095607846,9.168917274142109,32.43312169079341,45.99397036091562,117,attempt_006
172,7348.11475409836,29.140798221052485,1648.0059349389846,8.298102617819783,29.140798221052485,40.595639358667384,122,attempt_006
173,6738.3859649122805,65.9069807820585,7917.18381041146,7.616976159853748,65.9069807820585,88.97855814976695,114,attempt_006
174,7092.431192660551,26.557668764930483,1113.6076615543473,1.6935492063272675,26.557668764930483,33.370760578002226,109,attempt_006
175,7076.609756097561,34.09447715799689,3226.686625831707,14.232872439096255,34.09447715799689,56.803931429362414,123,attempt_006
176,7338.092783505154,45.7310254345483,4920.9126429789285,19.267643616649647,45.7310254345483,70.14921698051182,97,attempt_006
177,7437.471074380165,38.65760340347984,2528.575647927268,4.208864670130815,38.65760340347984,50.28494454533353,121,attempt_006
178,7110.619469026548,47.039315183416804,5512.159436889134,2.7343654799003434,47.039315183416804,74.24391851787682,113,attempt_006
179,7671.1463414634145,26.610844099903847,1550.339324883602,-4.500929744553804,26.610844099903847,39.3743485645617,82,attempt_006
190,6989.206896551724,28.80322522243589,1432.976790313335,-1.5715364923246673,28.80322522243589,37.85467989976054,116,attempt_006
191,7125.27731092437,37.675662940668175,2469.3509914125325,4.113781010530598,37.675662940668175,49.692564749794634,119,attempt_006
192,6866.333333333333,47.41956423716246,3704.6797866039465,-2.677868903045789,47.41956423716246,60.86608075606599,84,attempt_006
227,6655.54954954955,37.95206953344404,3443.3822987145113,18.663530299210336,37.95206953344404,58.68033996761191,111,attempt_006
228,7321.077519379845,42.78354731123476,4042.226321122636,16.51219857138876,42.78354731123476,63.57850518156774,129,attempt_006
229,6835.159292035398,34.71828291949572,4709.024672691642,-6.183656287318663,34.71828291949572,68.62233362901354,113,attempt_006
230,7533.125,50.06959856995085,6355.743262033692,23.62239077398937,50.06959856995085,79.72291553896967,96,attempt_006
231,7016.709401709401,61.922227395824976,6861.487397040757,9.62812851128626,61.922227395824976,82.83409561913957,117,attempt_006
232,6627.598290598291,39.084867733010164,2795.3704792955605,18.516911858596103,39.084867733010164,52.87126326555438,117,attempt_006
233,7115.470588235294,30.790030710508777,1867.2023004140347,4.8874897680091465,30.790030710508777,43.21113630088932,119,attempt_006
234,7289.571428571428,31.690901512564988,2295.674246371368,4.105888196047132,31.690901512564988,47.91319490882828,119,attempt_006
235,5786.373493975903,24.39708247272431,1091.4503918708629,-2.330956196821547,24.39708247272431,33.03710628779196,83,attempt_006
271,6976.675438596491,40.31960244465088,3611.603400912575,1.937792795547095,40.31960244465088,60.09661721688314,114,attempt_006
272,7119.120689655172,41.371739497358575,4080.496376556191,-2.3671182926066,41.371739497358575,63.87876311072555,116,attempt_006
273,6713.666666666667,18.554359527876354,566.1059144274674,2.613436918052279,18.554359527876354,23.79298036033879,111,attempt_006
274,7565.675675675676,46.74966699804923,3528.670895658441,7.876181658847018,46.74966699804923,59.402616909177,111,attempt_006
275,7086.620967741936,32.82883897912542,2213.6918100117946,17.506152943334744,32.82883897912542,47.04988639743772,124,attempt_006
276,6607.61,51.354119674328366,4482.227821796926,16.285842655168963,51.354119674328366,66.94944228144792,100,attempt_006
277,7579.886956521739,48.69498525223505,5338.064322073408,10.05652585962381,48.69498525223505,73.06205801969588,115,attempt_006
278,8354.689655172413,49.55824474735814,6240.755060276691,5.6764462962666125,49.55824474735814,78.99844973337572,87,attempt_006
312,7220.452991452991,35.89019296738506,2108.6028618434116,10.7778110781667,35.89019296738506,45.91952593225905,117,attempt_006
313,6931.559322033899,52.62873791756958,7045.416103593905,9.224922205099693,52.62873791756958,83.936976974358,118,attempt_006
314,6421.477876106194,23.52696297963178,1081.8408975852306,12.174433831307502,23.52696297963178,32.89134988998217,113,attempt_006
315,6738.838095238095,48.10318677743952,3977.2052323240314,18.057102219763994,48.10318677743952,63.06508726961401,105,attempt_006
316,6745.45,35.84095590308837,2513.439943806354,14.281697609462984,35.84095590308837,50.13421928988577,120,attempt_006
317,7121.868217054263,33.1110912032164,2093.036579701033,9.62165042260194,33.1110912032164,45.74971671716704,129,attempt_006
318,7087.291666666667,41.7457130983437,3461.482558583287,17.170564486526835,41.7457130983437,58.83436545577157,120,attempt_006
319,6788.142857142857,40.99546564981169,2697.0806879328375,11.682016567409269,40.99546564981169,51.933425536284794,119,attempt_006
354,7214.601769911505,44.686733786790796,4748.724340101722,22.43697344893488,44.686733786790796,68.91098852941904,113,attempt_006
355,8117.408163265306,52.89164413751793,4499.118935774372,40.88982766081254,52.89164413751793,67.07547193851396,98,attempt_006
356,6462.914285714286,54.15503082815184,5024.296897377087,-0.5060866925138725,54.15503082815184,70.88227491677371,105,attempt_006
357,6928.6106194690265,46.355030872743804,4313.323996631228,4.105220711618481,46.355030872743804,65.67590118628924,113,attempt_006
358,7385.666666666667,36.3962245360884,2199.65675815669,2.6277603703063535,36.3962245360884,46.900498485162075,117,attempt_006
359,6657.743801652892,43.49560463372475,7099.987755693533,20.478352444584957,43.49560463372475,84.2614250751406,121,attempt_006
360,6969.27731092437,30.723316137249192,1565.0579117751693,-0.9662581796361039,30.723316137249192,39.560812830061636,119,attempt_006
361,6982.682926829269,45.42055336650451,3083.388597174215,12.046357621822372,45.42055336650451,55.52826845107107,123,attempt_006
362,7138.01282051282,40.60824289559097,3588.512668063667,15.729324776015538,40.60824289559097,59.90419574673937,78,attempt_006
398,7158.456140350877,43.77410311022723,6210.860266784831,15.814132055043414,43.77410311022723,78.80901132982719,114,attempt_006
399,7546.559322033899,33.42340591104441,2322.003498005571,8.11395859515456,33.42340591104441,48.18717150866578,118,attempt_006
400,6705.159292035398,29.092479019930025,1524.737038988939,8.316518239559603,29.092479019930025,39.04788136364045,113,attempt_006
401,6898.060869565217,36.01807387001351,3236.956015819753,15.261263892209936,36.01807387001351,56.894252924348635,115,attempt_006
402,7615.5847457627115,24.741129453970164,1335.5852136684132,5.5238267273577115,24.741129453970164,36.545659299955354,118,attempt_006
403,5727.717647058824,51.46792579237125,5292.223532987628,-19.951389782548947,51.46792579237125,72.74767029250921,85,attempt_006
404,6825.198347107438,34.11059917631249,1828.9532780575455,7.45742876697906,34.11059917631249,42.76626331651557,121,attempt_006
405,7068.508064516129,48.71217555703216,4957.653617835373,9.64758172304644,48.71217555703216,70.41060728210894,124,attempt_006
406,6646.962962962963,22.411733436735773,879.2571192731708,-1.6542037501288087,22.411733436735773,29.652270052614366,81,attempt_006
44,7272.840707964602,29.338708555024127,1818.4661323148782,3.3859686062640573,29.338708555024127,42.64347701952642,113,attempt_006
45,7461.713043478261,29.98859163913664,2810.4014755500734,7.223128466977964,29.98859163913664,53.01321981874025,115,attempt_006
46,6866.142857142857,42.8223361433147,2937.051177597839,8.966683127254681,42.8223361433147,54.19456778679796,112,attempt_006
47,7458.7,35.915553535606215,3121.528902016337,-18.58778978673506,35.915553535606215,55.87064436729128,110,attempt_006
48,7629.088495575221,42.50397543036826,3355.0803215442997,9.503196057064036,42.50397543036826,57.92305518137229,113,attempt_006
49,7368.685714285714,31.040599264381484,1314.9961714714389,-0.6692037671385238,31.040599264381484,36.26287594043582,105,attempt_006
50,6969.40650406504,33.94437196001101,2089.258530838756,4.559088916977607,33.94437196001101,45.708407660284514,123,attempt_006
51,7340.652173913043,45.454352951518125,4257.811565377989,4.9741900306210205,45.454352951518125,65.25190851904631,115,attempt_006
52,6755.08547008547,52.74113998126905,5383.411214769145,-1.2701155656177552,52.74113998126905,73.37173307731763,117,attempt_006
86,7463.786324786325,36.06374482864983,3254.6382247492456,20.216915304495686,36.06374482864983,57.049436673373435,117,attempt_006
87,7799.897196261682,46.18032065884802,4358.609417886852,8.190442869003823,46.18032065884802,66.01976535770822,107,attempt_006
88,7119.520661157025,42.27906950333833,3024.571743925286,11.049662314019217,42.27906950333833,54.9961066251538,121,attempt_006
89,7283.957983193277,24.235526665015172,881.6294311985022,-8.561249597109715,24.235526665015172,29.69224530409417,119,attempt_006
90,6801.638655462185,68.37108315243776,13197.766929087516,5.305409357688152,68.37108315243776,114.88153432596344,119,attempt_006
91,6887.6,27.134432502306577,1195.7499903336993,3.0474888107273963,27.134432502306577,34.579618134584706,115,attempt_006
92,7277.564516129032,57.16787232016071,6250.541054917654,7.082886777929675,57.16787232016071,79.06036336191261,124,attempt_006
93,7353.140495867769,39.11958585229945,3541.445089396512,15.453661372590243,39.11958585229945,59.51004192064153,121,attempt_006
94,6769.713043478261,22.88133947385006,1034.960958559276,9.67035313251067,22.88133947385006,32.17080910638207,115,attempt_006
129,7247.4,40.524399768586605,3325.587095559624,0.39900737026422495,40.524399768586605,57.66790351278277,115,attempt_007
130,7136.973451327433,32.321752339806075,2020.220179062235,12.406375521221467,32.321752339806075,44.94685950166302,113,attempt_007
131,6999.138888888889,30.043684186623803,1695.0662379467383,-8.917013396011855,30.043684186623803,41.171182129576245,108,attempt_007
132,7214.284552845528,34.42643825504166,2675.1860557842583,4.693706478273681,34.42643825504166,51.722200801824535,123,attempt_007
133,7170.438016528926,39.36021822794577,3428.3288203910224,9.065045673257632,39.36021822794577,58.551932678529255,121,attempt_007
134,7417.471074380165,28.072128337252753,1516.488378494482,14.300194879001106,28.072128337252753,38.942115742400055,121,attempt_007
135,7100.886178861789,39.11875012708289,3739.7822586484413,17.485682840034457,39.11875012708289,61.153759153861024,123,attempt_007
136,7140.90990990991,36.80856079852517,2135.4157058891847,9.03655663928926,36.80856079852517,46.21055838105816,111,attempt_007
171,7153.4358974358975,31.060108961304614,1988.6804492248586,9.449737635036062,31.060108961304614,44.59462354617268,117,attempt_007
172,7348.11475409836,28.01748960287294,1496.661652779887,8.075336474260562,28.01748960287294,38.68671157878228,122,attempt_007
173,6738.3859649122805,65.13919582263586,7627.363037407423,7.837615154632583,65.13919582263586,87.33477564754732,114,attempt_007
174,7092.431192660551,25.711870583192717,1032.980697256583,1.7857546454115019,25.711870583192717,32.140017069948534,109,attempt_007
175,7076.609756097561,33.16190890591441,3115.482468411332,14.644219063525414,33.16190890591441,55.81650713195275,123,attempt_007
176,7338.092783505154,45.286855301520774,4827.191730348319,21.361944459441947,45.286855301520774,69.4779945763284,97,attempt_007
177,7437.471074380165,36.92637494703602,2316.0275893213807,2.885192785624335,36.92637494703602,48.12512430447718,121,attempt_007
178,7110.619469026548,46.64419619221619,5443.456026871198,3.598086623028929,46.64419619221619,73.77978061007771,113,attempt_007
179,7671.1463414634145,26.590792964982523,1559.2849681104726,-4.542767711990292,26.590792964982523,39.48778251700737,82,attempt_007
190,6989.206896551724,28.100750023279815,1336.4159391244862,-1.8444125855825413,28.100750023279815,36.5570231162835,116,attempt_007
191,7125.27731092437,36.55160924677335,2367.7511741072767,4.088785541161102,36.55160924677335,48.65954350492077,119,attempt_007
192,6866.333333333333,46.66663929336006,3665.2308170897227,-3.10366665443705,46.66663929336006,60.54114978334755,84,attempt_007
227,6655.54954954955,36.740687402070535,3321.6304172458044,19.441298252277054,36.740687402070535,57.63358757916953,111,attempt_007
228,7321.077519379845,42.36262508943986,3953.349362676211,16.381839328681497,42.36262508943986,62.875665902447594,129,attempt_007
229,6835.159292035398,34.30097257193917,4646.719141399906,-6.28365826059615,34.30097257193917,68.16684781768852,113,attempt_007
230,7533.125,49.83588990741475,6320.042508369065,25.66066666172279,49.83588990741475,79.49869501047841,96,attempt_007
231,7016.709401709401,60.76034340904501,6633.684733686343,9.815263625343292,60.76034340904501,81.44743540275742,117,attempt_007
232,6627.598290598291,38.52805743957216,2717.258615307198,19.672366406407217,38.52805743957216,52.12733079016417,117,attempt_007
233,7115.470588235294,29.07598577000314,1676.7087555431378,4.006949143740208,29.07598577000314,40.94763430948286,119,attempt_007
234,7289.571428571428,29.988178513222394,2104.469436949185,2.917716308399248,29.988178513222394,45.874496585239875,119,attempt_007
235,5786.373493975903,25.157485620370174,1070.9940149065649,-0.5352672100946576,25.157485620370174,32.72604490167678,83,attempt_007
271,6976.675438596491,40.09572489534787,3549.927593394876,2.6412065704927175,40.09572489534787,59.58126881323422,114,attempt_007
272,7119.120689655172,40.72096641259445,3974.9109053748757,-2.3059726616129175,40.72096641259445,63.04689449429588,116,attempt_007
273,6713.666666666667,19.403056011367482,582.4367857236876,3.5543187718855718,19.403056011367482,24.1337271411543,111,attempt_007
274,7565.675675675676,45.491399756886274,3341.545556569164,7.709691881016452,45.491399756886274,57.80610310831516,111,attempt_007
275,7086.620967741936,31.625009155350575,2068.6798938530937,17.766490410236052,31.625009155350575,45.48274281365509,124,attempt_007
276,6607.61,50.12968707876739,4364.819318664359,17.76242900319102,50.12968707876739,66.06677923634813,100,attempt_007
277,7579.886956521739,47.4054516845003,5130.180838108665,9.780435310184709,47.4054516845003,71.62528071923114,115,attempt_007
278,8354.689655172413,48.942848215090486,6051.294629821029,6.137830476319062,48.942848215090486,77.79006768104158,87,attempt_007
312,7220.452991452991,35.3089051582886,2022.8902045918478,11.538014231917177,35.3089051582886,44.97655171966664,117,attempt_007
313,6931.559322033899,51.502438259794545,6846.706033153315,9.801738862938857,51.502438259794545,82.74482481190782,118,attempt_007
314,6421.477876106194,23.552010215342705,1090.8605854548114,13.98997598519374,23.552010215342705,33.02817865784929,113,attempt_007
315,6738.838095238095,48.27115897183061,3981.5936887840676,19.654986851295476,48.27115897183061,63.09987075092997,105,attempt_007
316,6745.45,34.95479925427348,2413.344628632687,14.91470028387932,34.95479925427348,49.12580410163977,120,attempt_007
317,7121.868217054263,31.96606542333883,1910.592033315247,8.871297212944764,31.96606542333883,43.71031952886237,129,attempt_007
318,7087.291666666667,40.70512913647243,3282.13146847862,17.182926576481112,40.70512913647243,57.289889757954846,120,attempt_007
319,6788.142857142857,40.00326214626172,2561.545969386867,12.272697692864893,40.00326214626172,50.611717708321926,119,attempt_007
354,7214.601769911505,44.46636243291381,4674.7043163976105,23.148179468539194,44.46636243291381,68.37180936904925,113,attempt_007
355,8117.408163265306,53.93206464097363,4686.836919610236,43.23381217197162,53.93206464097363,68.46047706239152,98,attempt_007
356,6462.914285714286,53.3269525247628,4849.940242550759,0.4025856042877682,53.3269525247628,69.64151235111683,105,attempt_007
357,6928.6106194690265,45.72178312138628,4244.079670412211,4.5243959102253015,45.72178312138628,65.14660137269028,113,attempt_007
358,7385.666666666667,35.555305151840436,2094.308284754828,2.344002493189268,35.555305151840436,45.763613108613136,117,attempt_007
359,6657.743801652892,43.43140003919075,7114.3770253811845,23.07531337065847,43.43140003919075,84.34676653779435,121,attempt_007
360,6969.27731092437,29.65324104173309,1422.3735280606195,-1.714582970480482,29.65324104173309,37.7143676608878,119,attempt_007
361,6982.682926829269,44.200428160355294,2915.5144345672957,12.142072356048281,44.200428160355294,53.995503836590835,123,attempt_007
362,7138.01282051282,39.752867764871596,3390.770370284364,15.028886646199254,39.752867764871596,58.23032174292329,78,attempt_007
398,7158.456140350877,43.26844284131961,6069.791755100806,15.745122158378747,43.26844284131961,77.9088682699268,114,attempt_007
399,7546.559322033899,32.26428270947046,2114.5255547953925,7.200426435403919,32.26428270947046,45.98397062885493,118,attempt_007
400,6705.159292035398,28.07776548084149,1441.1662472540906,9.05105456711843,28.07776548084149,37.962695468763684,113,attempt_007
401,6898.060869565217,35.213809669138456,3138.8676698316926,15.73114447698154,35.213809669138456,56.02559834425414,115,attempt_007
402,7615.5847457627115,23.67801878027313,1202.1207256115165,5.265403500640205,23.67801878027313,34.67161267682131,118,attempt_007
403,5727.717647058824,51.39075652425398,5335.430071378808,-18.29505964518666,51.39075652425398,73.04402830744488,85,attempt_007
404,6825.198347107438,32.91318169560536,1683.9627750333627,7.3258070962015225,32.91318169560536,41.0361154963937,121,attempt_007
405,7068.508064516129,47.31614386378169,4734.353430557779,9.125872204434227,47.31614386378169,68.80663798324824,124,attempt_007
406,6646.962962962963,22.430034444547992,915.5128747478315,-2.2668476884170086,22.430034444547992,30.257443294961845,81,attempt_007
44,7272.840707964602,28.966057094824496,1667.7677409041696,3.147971919254774,28.966057094824496,40.83831217011998,113,attempt_007
45,7461.713043478261,29.373042476606518,2622.74741642835,6.769539730109694,29.373042476606518,51.21276614701016,115,attempt_007
46,6866.142857142857,41.73809828937595,2792.6050394511876,9.438737134917485,41.73809828937595,52.84510421459293,112,attempt_007
47,7458.7,35.755972930231216,3254.406103726709,-19.786918777077062,35.755972930231216,57.04740225222099,110,attempt_007
48,7629.088495575221,41.47253369666972,3189.0152037346334,9.048734600556527,41.47253369666972,56.47136622868826,113,attempt_007
49,7368.685714285714,29.794135941685617,1192.0754664733754,-1.036437060066514,29.794135941685617,34.526445899822576,105,attempt_007
50,6969.40650406504,34.871174947466,2058.5657570307944,5.318134722712027,34.871174947466,45.37142004644327,123,attempt_007
51,7340.652173913043,44.19122534574105,4134.497882146426,5.259617854001211,44.19122534574105,64.30006129193366,115,attempt_007
52,6755.08547008547,51.956794819910236,5357.7024063576255,-0.2360749823672986,51.956794819910236,73.19632782016886,117,attempt_007
86,7463.786324786325,34.95469042517645,3132.792096560593,20.32211793220491,34.95469042517645,55.971350676579114,117,attempt_007
87,7799.897196261682,45.27536164333759,4085.1429334004993,7.635262403743556,45.27536164333759,63.91512288496752,107,attempt_007
88,7119.520661157025,40.89137306835852,2851.5948523498155,10.05385335927326,40.89137306835852,53.40032633186632,121,attempt_007
89,7283.957983193277,23.681606373726435,840.5549099256517,-10.22542717833732,23.681606373726435,28.992325017591323,119,attempt_007
90,6801.638655462185,67.34607509064539,12799.568875048395,5.110292735892575,67.34607509064539,113.13517965269864,119,attempt_007
91,6887.6,26.02810851816795,1098.1735121368185,3.0812852883856303,26.02810851816795,33.13870112326098,115,attempt_007
92,7277.564516129032,56.544600704416325,6153.152921288823,7.89664530677281,56.544600704416325,78.44203542290845,124,attempt_007
93,7353.140495867769,38.366744107346044,3379.1996004445145,15.862448113111922,38.366744107346044,58.130883361983365,121,attempt_007
94,6769.713043478261,21.954144814208423,948.2377879688339,10.191813467246751,21.954144814208423,30.79346989166427,115,attempt_007
129,7247.4,2202.376280420851,6230484.661792296,-183.65247204420612,2202.376280420851,2496.093880805026,115,baseline_mean
130,7136.973451327433,2155.608560215128,5982114.999750568,-73.22592337163974,2155.608560215128,2445.836257755324,113,baseline_mean
131,6999.138888888889,2033.9722222222222,5428081.266211214,64.608639066905,2033.9722222222222,2329.824299429297,108,baseline_mean
132,7214.284552845528,2259.416767156268,6610482.070989892,-150.53702488973457,2259.416767156268,2571.08577666905,123,baseline_mean
133,7170.438016528926,2370.138572762888,7262171.883369527,-106.69048857313173,2370.138572762888,2694.8417176839025,121,baseline_mean
134,7417.471074380165,2154.130471741017,6062301.009681484,-353.7235464243714,2154.130471741017,2462.174041306074,121,baseline_mean
135,7100.886178861789,2124.489937887976,5905262.079443996,-37.13865090599473,2124.489937887976,2430.0745008011577,123,baseline_mean
136,7140.90990990991,2025.3671839291226,5302591.700748284,-77.16238195411603,2025.3671839291226,2302.7356992821137,111,baseline_mean
171,7153.4358974358975,2190.8869000368327,6216427.497374109,-89.68836948010355,2190.8869000368327,2493.2764582721484,117,baseline_mean
172,7348.11475409836,2247.9059403314923,6659265.05039781,-284.3672261425668,2247.9059403314923,2580.5551825911048,122,baseline_mean
173,6738.3859649122805,2225.3025014713576,6499456.892474047,325.3615630435132,2225.3025014713576,2549.4032424224392,114,baseline_mean
174,7092.431192660551,2083.896947745958,5672954.869446077,-28.683664704756573,2083.896947745958,2381.796563404624,109,baseline_mean
175,7076.609756097561,2288.652539513992,6697780.569175313,-12.86222814176709,2288.652539513992,2588.007065132418,123,baseline_mean
176,7338.092783505154,1690.8532711784478,3779116.0425924286,-274.34525554936073,1690.8532711784478,1943.994866915144,97,baseline_mean
177,7437.471074380165,2446.1262986493775,7610134.13335664,-373.7235464243714,2446.1262986493775,2758.647156371514,121,baseline_mean
178,7110.619469026548,2024.568605947294,5456005.869454148,-46.87194107075479,2024.568605947294,2335.809467712242,113,baseline_mean
179,7671.1463414634145,1936.9093204042604,5566858.98016147,-607.3988135076207,1936.9093204042604,2359.4192039909885,82,baseline_mean
190,6989.206896551724,2253.3146977938654,6614089.176717037,74.54063140406974,2253.3146977938654,2571.787156184788,116,baseline_mean
191,7125.27731092437,2239.241742053021,6530734.51796308,-61.529782968575866,2239.241742053021,2555.5301833402555,119,baseline_mean
192,6866.333333333333,2497.3398154380443,7659664.515032086,197.41419462246054,2497.3398154380443,2767.6098921329367,84,baseline_mean
227,6655.54954954955,2124.398492753969,5955485.530813481,408.1979784062444,2124.398492753969,2440.3863486779055,111,baseline_mean
228,7321.077519379845,2377.416954113667,7122259.509174722,-257.3299914240511,2377.416954113667,2668.7561726719664,129,baseline_mean
229,6835.159292035398,2168.851704282012,6307280.910209547,228.58823592039568,2168.851704282012,2511.430052820414,113,baseline_mean
230,7533.125,1764.130671841622,3916563.2581376093,-469.3774720442061,1764.130671841622,1979.0308886264534,96,baseline_mean
231,7016.709401709401,2259.3654480011332,6597780.0222409265,47.038126246392174,2259.3654480011332,2568.6144168093674,117,baseline_mean
232,6627.598290598291,2185.9549380478816,6209996.876218969,436.1492373575033,2185.9549380478816,2491.9865321102698,117,baseline_mean
233,7115.470588235294,2361.245902186731,7186322.532502986,-51.72306027950023,2361.245902186731,2680.731715875907,119,baseline_mean
234,7289.571428571428,2353.1871617512425,7208962.107558648,-225.8239006156347,2353.1871617512425,2684.9510437917947,119,baseline_mean
235,5786.373493975903,1825.7670894282073,5009353.837405175,1277.3740339798903,1825.7670894282073,2238.1585818268495,83,baseline_mean
271,6976.675438596491,2132.8903942463894,5889392.7504228335,87.07208935930265,2132.8903942463894,2426.8071102629547,114,baseline_mean
272,7119.120689655172,2251.3234037264247,6494708.6379878335,-55.37316169937853,2251.3234037264247,2548.4718240521775,116,baseline_mean
273,6713.666666666667,2012.1507004648843,5526332.525356853,350.08086128912726,2012.1507004648843,2350.8152895021026,111,baseline_mean
274,7565.675675675676,2116.286370096064,5814204.318845803,-501.9281477198818,2116.286370096064,2411.2661236051495,111,baseline_mean
275,7086.620967741936,2254.423506711816,6623972.219937036,-22.8734397861416,2254.423506711816,2573.7078738537975,124,baseline_mean
276,6607.61,2260.344555032043,6726388.202309622,456.1375279557939,2260.344555032043,2593.528137944453,100,baseline_mean
277,7579.886956521739,2186.624321468173,6149623.296941552,-516.1394285659453,2186.624321468173,2479.843401697283,115,baseline_mean
278,8354.689655172413,1827.2280059947955,4749629.077209809,-1290.9421272166198,1827.2280059947955,2179.3643745848944,87,baseline_mean
312,7220.452991452991,2163.8869000368327,5978155.123584342,-156.70546349719757,2163.8869000368327,2445.026609995143,117,baseline_mean
313,6931.559322033899,2212.9830508474574,6351985.985214898,132.1882059218956,2212.9830508474574,2520.3146599611127,118,baseline_mean
314,6421.477876106194,2044.1877249498843,5671308.236613467,642.2696518495992,2044.1877249498843,2381.4508679822616,113,baseline_mean
315,6738.838095238095,1918.2355965693234,4836607.875160547,324.9094327176986,1918.2355965693234,2199.2289274108202,105,baseline_mean
316,6745.45,2260.4415842651933,6678752.380469437,318.2975279557939,2260.4415842651933,2584.3282261488066,120,baseline_mean
317,7121.868217054263,2414.560173335047,7623262.035894225,-58.12068909846968,2414.560173335047,2761.02554060882,129,baseline_mean
318,7087.291666666667,2232.5625412007366,6436603.533064859,-23.544138710872783,2232.5625412007366,2537.046222098616,120,baseline_mean
319,6788.142857142857,2212.317123023353,6500346.76290524,275.6046708129368,2212.317123023353,2549.577761690206,119,baseline_mean
354,7214.601769911505,2078.869665915025,5541347.348153607,-150.85424195571053,2078.869665915025,2354.0066584769056,113,baseline_mean
355,8117.408163265306,1784.2970282647457,4134918.016783186,-1053.6606353095124,1784.2970282647457,2033.4497822132678,98,baseline_mean
356,6462.914285714286,2069.1639325651136,5711457.425254552,600.8332422415082,2069.1639325651136,2389.8655663560976,105,baseline_mean
357,6928.6106194690265,2184.294269664108,6127213.319143827,135.13690848676734,2184.294269664108,2475.320851757167,113,baseline_mean
358,7385.666666666667,2286.4297618510655,6609082.837851256,-321.9191387108728,2286.4297618510655,2570.8136528833156,117,baseline_mean
359,6657.743801652892,2004.3821701146067,5428714.208068132,406.0037263029013,2004.3821701146067,2329.960130145607,121,baseline_mean
360,6969.27731092437,2372.7416174121363,7282319.662651674,94.47021703142413,2372.7416174121363,2698.5773404984475,119,baseline_mean
361,6982.682926829269,2285.721524617527,6828055.458451301,81.06460112652559,2285.721524617527,2613.0548135183276,123,baseline_mean
362,7138.01282051282,2519.5515355942775,7058757.7822321635,-74.26529255702663,2519.5515355942775,2656.832283421775,78,baseline_mean
398,7158.456140350877,2177.364165195309,6131248.179864449,-94.7086123950833,2177.364165195309,2476.135735347408,114,baseline_mean
399,7546.559322033899,2287.1402075999636,6780001.305490289,-482.8117940781044,2287.1402075999636,2603.843563943558,118,baseline_mean
400,6705.159292035398,2119.4490056617606,5956760.187832036,358.5882359203956,2119.4490056617606,2440.64749356232,113,baseline_mean
401,6898.060869565217,2135.80219540908,6048068.873759184,165.6866583905765,2135.80219540908,2459.282186687649,115,baseline_mean
402,7615.5847457627115,2206.203808821052,6374329.473029273,-551.837217806918,2206.203808821052,2524.7434469722407,118,baseline_mean
403,5727.717647058824,1958.4077474631101,5520463.50410286,1336.0298808969703,1958.4077474631101,2349.5666630472224,85,baseline_mean
404,6825.198347107438,2350.7788643294825,7174154.416143499,238.5491808483559,2350.7788643294825,2678.461203031229,121,baseline_mean
405,7068.508064516129,2409.1654421956873,7449731.7513529835,-4.760536560335147,2409.1654421956873,2729.41967299882,124,baseline_mean
406,6646.962962962963,2628.7742946101894,7765858.495701311,416.7845649928309,2628.7742946101894,2786.728995740582,81,baseline_mean
44,7272.840707964602,2197.825330621425,6257308.463525694,-209.09318000880788,2197.825330621425,2501.461265645681,113,baseline_mean
45,7461.713043478261,2189.7241924919535,6272259.817027104,-397.965515522467,2189.7241924919535,2504.4480064531394,115,baseline_mean
46,6866.142857142857,2125.709777284925,5986619.79980464,197.60467081293675,2125.709777284925,2446.7569964760783,112,baseline_mean
47,7458.7,2193.041223714717,6342062.174264738,-394.9524720442061,2193.041223714717,2518.3451261224577,110,baseline_mean
48,7629.088495575221,2239.4495306976983,6313665.481483421,-565.3409676194274,2239.4495306976983,2512.7008340595225,113,baseline_mean
49,7368.685714285714,2083.474068499869,5599091.01775429,-304.93818632992037,2083.474068499869,2366.2398478924933,105,baseline_mean
50,6969.40650406504,2209.473597333693,6452133.478177347,94.34102389075322,2209.473597333693,2540.1050132184196,123,baseline_mean
51,7340.652173913043,2098.141411828009,5844895.644578419,-276.9046459572496,2098.141411828009,2417.6218985975493,115,baseline_mean
52,6755.08547008547,2186.399382492326,6189621.848407197,308.6620578703238,2186.399382492326,2487.8950637852868,117,baseline_mean
86,7463.786324786325,2164.9298041082316,5989935.155705684,-400.0387968305309,2164.9298041082316,2447.4344027380353,117,baseline_mean
87,7799.897196261682,2059.241185579596,5637479.192737139,-736.1496683058883,2059.241185579596,2374.3376324223855,107,baseline_mean
88,7119.520661157025,2392.262539705037,7325998.412621357,-55.773133201230905,2392.262539705037,2706.6581632377142,121,baseline_mean
89,7283.957983193277,2388.245985280654,7450503.541990152,-220.21045523748344,2388.245985280654,2729.5610529882183,119,baseline_mean
90,6801.638655462185,2318.3043933404515,6919566.0817305,262.108872493609,2318.3043933404515,2630.5068108124146,119,baseline_mean
91,6887.6,2211.089065946673,6420642.974213634,176.1475279557939,2211.089065946673,2533.898769527629,115,baseline_mean
92,7277.564516129032,2247.2824972946005,6410050.20833366,-213.81698817323837,2247.2824972946005,2531.8076957647595,124,baseline_mean
93,7353.140495867769,2200.630349160313,6195747.022203928,-289.3929679119747,2200.630349160313,2489.125754598174,121,baseline_mean
94,6769.713043478261,2154.171631650252,6130780.62180488,294.034484477533,2154.171631650252,2476.041320698199,115,baseline_mean
129,7247.4,39.634798450312,4027.6611141963776,-4.721591035783359,39.634798450312,63.46385675482052,115,baseline_domain
130,7136.973451327433,28.8999841287742,1616.1577993148805,8.215481417635074,28.8999841287742,40.20146513890857,113,baseline_domain
131,6999.138888888889,30.530788202968687,1772.6966782256,-13.01261756037875,30.530788202968687,42.103404591856936,108,baseline_domain
132,7214.284552845528,38.158231144624516,3494.667614677452,-2.0419728047746,38.158231144624516,59.1157137711916,123,baseline_domain
133,7170.438016528926,32.99252498557595,2915.5857858626377,7.54540120915639,32.99252498557595,53.99616454770318,121,baseline_domain
134,7417.471074380165,28.531205126649144,1526.3650613843356,6.100380227189298,28.531205126649144,39.06872229014324,121,baseline_domain
135,7100.886178861789,40.36921805792392,4057.52086589751,3.6654600255360568,40.36921805792392,63.69867240294345,123,baseline_domain
136,7140.90990990991,38.46611750979035,2544.543974154392,1.247080823937423,38.46611750979035,50.443473058012096,111,baseline_domain
171,7153.4358974358975,32.94450244173958,2167.2398315288183,3.028952142863899,32.94450244173958,46.55362318368806,117,baseline_domain
172,7348.11475409836,29.86826528566964,1608.952401794521,3.744838510592042,29.86826528566964,40.11174892465449,122,baseline_domain
173,6738.3859649122805,68.47511562676058,9962.210038838286,2.1777184028944503,68.47511562676058,99.81087134595252,114,baseline_domain
174,7092.431192660551,28.331469983222124,1298.5794973756817,1.4051861730359392,28.331469983222124,36.03580854338753,109,baseline_domain
175,7076.609756097561,26.508540889272734,2919.9711303583867,3.404820154399684,26.508540889272734,54.03675721542131,123,baseline_domain
176,7338.092783505154,43.874424621380534,5292.430424586209,10.166899918496153,43.874424621380534,72.74909225953412,97,baseline_domain
177,7437.471074380165,32.25403283715878,2087.723688145365,4.23798812843734,32.25403283715878,45.69161507481832,121,baseline_domain
178,7110.619469026548,50.139541603447945,6761.025231702677,-3.878263352549319,50.139541603447945,82.22545367282979,113,baseline_domain
179,7671.1463414634145,27.069802325993557,1815.5201572715077,-3.785964944288841,27.069802325993557,42.60892109959495,82,baseline_domain
190,6989.206896551724,31.15973735647021,1933.8178655463728,-3.286156810433289,31.15973735647021,43.975196026241576,116,baseline_domain
191,7125.27731092437,40.32627078985593,3022.7333380435994,-1.3088242473008103,40.32627078985593,54.97939012069522,119,baseline_domain
192,6866.333333333333,50.20156324394628,4361.247570695307,-8.142089110772412,50.20156324394628,66.03974235788104,84,baseline_domain
227,6655.54954954955,34.7652660891224,2996.5236158417906,11.156532892460005,34.7652660891224,54.74051165126054,111,baseline_domain
228,7321.077519379845,34.48985651950999,3311.524075972702,6.198857025847613,34.48985651950999,57.54584325537947,129,baseline_domain
229,6835.159292035398,38.31084994292572,5908.638028700222,-7.472894310224221,38.31084994292572,76.86766569045935,113,baseline_domain
230,7533.125,45.928504331805904,6014.805792968957,11.843116902498494,45.928504331805904,77.55517902093294,96,baseline_domain
231,7016.709401709401,62.300486176424805,8050.318739221613,2.6207957630178234,62.300486176424805,89.72356847128637,117,baseline_domain
232,6627.598290598291,30.42575071710659,2283.142810800568,6.137571050248165,30.42575071710659,47.78224367692007,117,baseline_domain
233,7115.470588235294,26.14978875041843,1554.1237966884798,4.942506829457074,26.14978875041843,39.42237685234719,119,baseline_domain
234,7289.571428571428,28.735739179530494,1825.4506646561388,5.92436984711933,28.735739179530494,42.72529303183465,119,baseline_domain
235,5786.373493975903,28.210089359379477,1454.029417222221,-10.146346527270952,28.210089359379477,38.1317376632933,83,baseline_domain
271,6976.675438596491,41.39794252894407,4301.350998423016,-4.607187461937496,41.39794252894407,65.58468570042108,114,baseline_domain
272,7119.120689655172,42.012085991396866,5030.41319501594,-7.243856696748774,42.012085991396866,70.92540585020251,116,baseline_domain
273,6713.666666666667,15.777550512098141,536.4052835415152,-2.984745705591465,15.777550512098141,23.160424943025447,111,baseline_domain
274,7565.675675675676,47.196999917831235,3693.08699745127,6.640805833378852,47.196999917831235,60.770774204803985,111,baseline_domain
275,7086.620967741936,27.407399689642563,1565.374250136942,8.97465069312201,27.407399689642563,39.5648107557327,124,baseline_domain
276,6607.61,52.09912263959613,5166.841515117052,-3.4174769342325133,52.09912263959613,71.8807450929458,100,baseline_domain
277,7579.886956521739,51.45310755980281,5764.062479875382,7.087422239889641,51.45310755980281,75.92142306276524,115,baseline_domain
278,8354.689655172413,51.93521537517957,7684.114676842032,2.5565161641830625,51.93521537517957,87.65908211270542,87,baseline_domain
312,7220.452991452991,30.95255792766289,2043.6605438565884,1.4004893689472435,30.95255792766289,45.20686390202918,117,baseline_domain
313,6931.559322033899,58.25297270220626,8553.195212780998,-0.30478852912836885,58.25297270220626,92.48348616256308,118,baseline_domain
314,6421.477876106194,17.326008746027565,1020.1332724526412,-2.4235448596123326,17.326008746027565,31.939525238372614,113,baseline_domain
315,6738.838095238095,45.87004647748366,3813.0534150404774,8.580184977263118,45.87004647748366,61.749926437530895,105,baseline_domain
316,6745.45,36.06909378712922,2163.0818710366616,3.4397435643658887,36.06909378712922,46.50894398969581,120,baseline_domain
317,7121.868217054263,32.175959509853904,1966.7260340909913,4.937124565945675,32.175959509853904,44.34778499644589,129,baseline_domain
318,7087.291666666667,39.07517391931453,2929.240530155954,12.324319018110831,39.07517391931453,54.12245864847562,120,baseline_domain
319,6788.142857142857,41.511885408089164,2856.0789613557304,2.5774231940093295,41.511885408089164,53.44229562206072,119,baseline_domain
354,7214.601769911505,34.11794299915201,3483.6582878940667,14.927876581925664,34.11794299915201,59.02252356426372,113,baseline_domain
355,8117.408163265306,35.07149681380595,2186.913449873662,20.593495735308384,35.07149681380595,46.764446429672,98,baseline_domain
356,6462.914285714286,60.4819055583139,6766.375803761873,-5.80987421630776,60.4819055583139,82.2579832220671,105,baseline_domain
357,6928.6106194690265,41.35753455559612,4768.5874929109405,-2.352589299954322,41.35753455559612,69.05495994431493,113,baseline_domain
358,7385.666666666667,33.230172060462564,2254.0245734702803,-1.413869772339465,33.230172060462564,47.476568678352066,117,baseline_domain
359,6657.743801652892,48.13322999683909,8384.95320494788,-2.55884225471899,48.13322999683909,91.56939010907455,121,baseline_domain
360,6969.27731092437,32.58119187683248,1881.310955524636,-1.83243837111285,32.58119187683248,43.37408161015788,119,baseline_domain
361,6982.682926829269,44.02512525091908,3246.840288283165,4.5796756844074995,44.02512525091908,56.981052011025255,123,baseline_domain
362,7138.01282051282,41.60995853508042,3673.619365091596,15.176832681282027,41.60995853508042,60.61038991040724,78,baseline_domain
398,7158.456140350877,39.092923550378345,5460.847587313142,12.582716280761488,39.092923550378345,73.89754791136944,114,baseline_domain
399,7546.559322033899,28.125547805948585,2025.2086530423987,8.47721041907479,28.125547805948585,45.00231830742055,118,baseline_domain
400,6705.159292035398,26.251815196926618,1715.0351354802428,1.4072112895442657,26.251815196926618,41.41298269239059,113,baseline_domain
401,6898.060869565217,33.244558450128224,2733.2476870379855,8.818367976526003,33.244558450128224,52.280471373525174,115,baseline_domain
402,7615.5847457627115,26.176129553852522,1474.4075067619492,2.0311350958333096,26.176129553852522,38.39801435962476,118,baseline_domain
403,5727.717647058824,42.624467714625695,4055.644030587463,-27.808307941664488,42.624467714625695,63.683938560577914,85,baseline_domain
404,6825.198347107438,29.79331626617731,1744.0733170109488,1.3564313713953176,29.79331626617731,41.76210383841969,121,baseline_domain
405,7068.508064516129,48.870320517628954,5267.860463501911,3.7653144903411415,48.870320517628954,72.58002799325659,124,baseline_domain
406,6646.962962962963,22.479312235557103,831.3816166558221,-5.17035408034002,22.479312235557103,28.833688918621252,81,baseline_domain
44,7272.840707964602,27.323725974257457,1854.014450484947,2.4044476482742168,27.323725974257457,43.05826808506058,113,baseline_domain
45,7461.713043478261,27.232746293647672,2837.781953848645,6.8038796558978305,27.232746293647672,53.270835865871724,115,baseline_domain
46,6866.142857142857,42.70985159777598,3297.01272919846,3.804772274534433,42.70985159777598,57.41961972356191,112,baseline_domain
47,7458.7,34.60780198280619,3410.293576165204,-10.732014251261486,34.60780198280619,58.3977189294685,110,baseline_domain
48,7629.088495575221,32.386710904988774,2696.728195586052,7.240121750777995,32.386710904988774,51.93003173103259,113,baseline_domain
49,7368.685714285714,29.48528656639054,1386.9101973907614,3.209610395864244,29.48528656639054,37.241243231003466,105,baseline_domain
50,6969.40650406504,33.55031268318568,2613.375702204656,-6.0002161552834075,33.55031268318568,51.121186431895886,123,baseline_domain
51,7340.652173913043,49.72431325114064,5245.520784538055,0.7517925546697845,49.72431325114064,72.42596761202472,115,baseline_domain
52,6755.08547008547,57.63844193573204,6987.549413744436,-12.101708348616397,57.63844193573204,83.5915630536027,117,baseline_domain
86,7463.786324786325,27.453429264302528,1809.185567590166,14.837538131292137,27.453429264302528,42.53452206843479,117,baseline_domain
87,7799.897196261682,48.81633409229349,5013.906395710662,11.57416832130116,48.81633409229349,70.8089429077335,107,baseline_domain
88,7119.520661157025,32.88826175305973,2104.004713037511,10.12325079386223,32.88826175305973,45.86943113924033,121,baseline_domain
89,7283.957983193277,25.530717843758023,1063.8261442830703,-3.024541291809198,25.530717843758023,32.616347807243386,119,baseline_domain
90,6801.638655462185,77.98696672854986,16935.64019508425,1.8028940712911552,77.98696672854986,130.1370054791651,119,baseline_domain
91,6887.6,25.75839399108107,1298.0437143590473,-0.13558073504871415,25.75839399108107,36.028373740137745,115,baseline_domain
92,7277.564516129032,61.52760908601846,7485.9238291926395,-6.725917477646318,61.52760908601846,86.52123340078226,124,baseline_domain
93,7353.140495867769,37.607543736280896,3568.2374254704037,7.618821401443008,37.607543736280896,59.73472545739541,121,baseline_domain
94,6769.713043478261,20.4241704591726,895.7647328479103,3.4953396115172914,20.4241704591726,29.92932897423379,115,baseline_domain
129,7247.4,75.68982233160382,8059.520150378373,-37.63891396178534,75.68982233160382,89.77483027206664,115,baseline_rbf
130,7136.973451327433,78.16159565615824,8340.294169431765,-51.942764799365975,78.16159565615824,91.32521102867359,113,baseline_rbf
131,6999.138888888889,62.07108196293354,6210.81847753805,-44.717837752238346,62.07108196293354,78.80874619950535,108,baseline_rbf
132,7214.284552845528,72.9575075729638,9315.788232984522,7.481037272963916,72.9575075729638,96.51833107231248,123,baseline_rbf
133,7170.438016528926,79.73622529462327,39351.13923568103,-46.645707529027625,79.73622529462327,198.37121574381962,121,baseline_rbf
134,7417.471074380165,120.57724158222709,24219.55334691278,92.82525540760352,120.57724158222709,155.62632600852845,121,baseline_rbf
135,7100.886178861789,94.58400693966111,16549.59399658884,-4.458139349355018,94.58400693966111,128.64522531593948,123,baseline_rbf
136,7140.90990990991,65.7762937251425,6586.254875820441,21.3463438952071,65.7762937251425,81.15574456451276,111,baseline_rbf
171,7153.4358974358975,70.32862084759206,8736.85087521042,40.152692761007614,70.32862084759206,93.47112321573128,117,baseline_rbf
172,7348.11475409836,76.85369563190734,8168.024589449023,-57.540510343649515,76.85369563190734,90.37712425967659,122,baseline_rbf
173,6738.3859649122805,82.25729335379035,12497.01330668557,51.34986255414393,82.25729335379035,111.79004117847694,114,baseline_rbf
174,7092.431192660551,72.93695351105504,7663.820231504249,-65.31020888492043,72.93695351105504,87.54324777790832,109,baseline_rbf
175,7076.609756097561,42.94537487784586,4362.369205407978,-2.2052384104264884,42.94537487784586,66.04823393102936,123,baseline_rbf
176,7338.092783505154,98.36387287087454,19531.74819929414,73.04868922458802,98.36387287087454,139.7560309943515,97,baseline_rbf
177,7437.471074380165,61.884342242677505,8328.374731620683,-57.20294681937451,61.884342242677505,91.25992949603173,121,baseline_rbf
178,7110.619469026548,94.82991553219779,14455.723117788648,-45.248010335094165,94.82991553219779,120.23195547685586,113,baseline_rbf
179,7671.1463414634145,79.40159948797138,8072.176034157683,40.999615609170895,79.40159948797138,89.84528943777566,82,baseline_rbf
190,6989.206896551724,83.48432869199557,8444.002096548891,73.7632209963129,83.48432869199557,91.89125146905386,116,baseline_rbf
191,7125.27731092437,83.90801818707509,14127.158400099723,69.59794965274482,83.90801818707509,118.8577233506503,119,baseline_rbf
192,6866.333333333333,80.49406966947774,9910.540984652489,1.9856519026979877,80.49406966947774,99.55170005907729,84,baseline_rbf
227,6655.54954954955,79.63009896232322,15530.190498388773,22.654587958176496,79.63009896232322,124.62018495568353,111,baseline_rbf
228,7321.077519379845,102.04559163355376,27802.83302047711,-53.155337890816746,102.04559163355376,166.7418154527445,129,baseline_rbf
229,6835.159292035398,46.6895394888887,4662.7377033288485,13.051815945050507,46.6895394888887,68.28424198399546,113,baseline_rbf
230,7533.125,182.29202696547304,43963.2099583777,142.14334396442231,182.29202696547304,209.67405647427557,96,baseline_rbf
231,7016.709401709401,84.44696941264901,15109.680973149138,14.357279245771256,84.44696941264901,122.92144228387957,117,baseline_rbf
232,6627.598290598291,109.64220965136947,22469.060811571577,109.27096820213951,109.64220965136947,149.89683389442078,117,baseline_rbf
233,7115.470588235294,41.1296297316244,2849.8754354322145,29.183793755325667,41.1296297316244,53.38422459334044,119,baseline_rbf
234,7289.571428571428,40.57911795258066,6498.03968541058,-20.66623558927997,40.57911795258066,80.61041921123211,119,baseline_rbf
235,5786.373493975903,47.64744062897144,3316.4163925456746,25.91587418378654,47.64744062897144,57.58833555977872,83,baseline_rbf
271,6976.675438596491,58.23284718605898,7205.369404161322,24.087152853422616,58.23284718605898,84.8844473632321,114,baseline_rbf
272,7119.120689655172,59.03583723210948,6492.864224998903,15.847832374620495,59.03583723210948,80.57831113270433,116,baseline_rbf
273,6713.666666666667,62.486361347801484,5729.531570582275,33.843779907375485,62.486361347801484,75.69366928998934,111,baseline_rbf
274,7565.675675675676,83.83067132714756,12281.21953653617,-55.17180219172669,83.83067132714756,110.82066385172112,111,baseline_rbf
275,7086.620967741936,80.45192887672589,13175.009587116603,26.166455635029177,80.45192887672589,114.78244459461823,124,baseline_rbf
276,6607.61,171.36438396757134,66637.71038937983,162.66670584745768,171.36438396757134,258.14281006717937,100,baseline_rbf
277,7579.886956521739,168.82428062660995,151447.96369002303,-135.25879575946385,168.82428062660995,389.1631581869268,115,baseline_rbf
278,8354.689655172413,103.04918276150158,28542.884756688276,12.32106935437238,103.04918276150158,168.94639610446941,87,baseline_rbf
312,7220.452991452991,88.22208623636106,13938.880383077312,47.59398666582184,88.22208623636106,118.06303563383975,117,baseline_rbf
313,6931.559322033899,134.30231965062518,97568.95054966415,-38.661193725829065,134.30231965062518,312.3602896490912,118,baseline_rbf
314,6421.477876106194,130.70822291103894,22601.784893008204,130.70822291103894,130.70822291103894,150.33890013236163,113,baseline_rbf
315,6738.838095238095,103.01010387963004,29347.83795735659,80.58554147625158,103.01010387963004,171.31210686158929,105,baseline_rbf
316,6745.45,94.94129277720194,18175.904150124137,88.49904989610344,94.94129277720194,134.81804089261993,120,baseline_rbf
317,7121.868217054263,77.33964401045041,9143.195581863492,57.375331268610076,77.33964401045041,95.62005847029948,129,baseline_rbf
318,7087.291666666667,87.51507991742884,15771.488110612163,60.611980807330426,87.51507991742884,125.58458548170697,120,baseline_rbf
319,6788.142857142857,87.3485071625923,13157.341442512194,37.12329754288665,87.3485071625923,114.70545515585644,119,baseline_rbf
354,7214.601769911505,106.324876020777,52170.83129593476,12.220553584765554,106.324876020777,228.40935028132006,113,baseline_rbf
355,8117.408163265306,136.01737954270436,33354.27516874092,8.013538493827507,136.01737954270436,182.6315284082705,98,baseline_rbf
356,6462.914285714286,85.73266908285032,11192.532306942056,-26.41708419214471,85.73266908285032,105.7947650261678,105,baseline_rbf
357,6928.6106194690265,71.99487166166895,10709.111518244541,13.668197199413655,71.99487166166895,103.48483714170179,113,baseline_rbf
358,7385.666666666667,50.68675515771677,4415.314970574456,-8.421691575968426,50.68675515771677,66.44783646270551,117,baseline_rbf
359,6657.743801652892,172.31562264839167,70946.32595084385,133.44931095783602,172.31562264839167,266.3575152888385,121,baseline_rbf
360,6969.27731092437,58.03710357285252,5539.723671516958,12.615278395073625,58.03710357285252,74.42931997215183,119,baseline_rbf
361,6982.682926829269,83.23957767271537,11203.630579146577,45.69096214143001,83.23957767271537,105.84720392691806,123,baseline_rbf
362,7138.01282051282,67.15146397256864,6768.915672222739,4.8907783123541275,67.15146397256864,82.27342020496498,78,baseline_rbf
398,7158.456140350877,116.05063506963776,108126.84036676642,-61.43491842836992,116.05063506963776,328.82645934712497,114,baseline_rbf
399,7546.559322033899,72.19030396864,6822.02204009424,-64.28786503530604,72.19030396864,82.59553280955478,118,baseline_rbf
400,6705.159292035398,83.15218558077594,11112.634099555975,55.83838151497004,83.15218558077594,105.41647925991445,113,baseline_rbf
401,6898.060869565217,96.27918263659807,22627.99268428603,85.35354945444188,96.27918263659807,150.4260372551442,115,baseline_rbf
402,7615.5847457627115,92.5431418925543,12401.835412097473,-79.77805107755624,92.5431418925543,111.36352819526451,118,baseline_rbf
403,5727.717647058824,97.74762072526467,43573.998261081004,-6.272579537912369,97.74762072526467,208.74385802001697,85,baseline_rbf
404,6825.198347107438,83.67314637569565,10257.23358845883,81.92079919863436,83.67314637569565,101.27800150308471,121,baseline_rbf
405,7068.508064516129,111.56820357651242,80670.6597208801,-44.810942051281806,111.56820357651242,284.02580819510064,124,baseline_rbf
406,6646.962962962963,50.17369456700324,3920.6922727981123,-9.040747380867456,50.17369456700324,62.615431586775095,81,baseline_rbf
44,7272.840707964602,46.80057075054095,3052.626762728222,-1.4360468616372746,46.80057075054095,55.25058156009059,113,baseline_rbf
45,7461.713043478261,67.90580975716482,8546.032253864905,-49.71587779012421,67.90580975716482,92.44475244093039,115,baseline_rbf
46,6866.142857142857,72.16620722422185,10224.572352971323,6.5602231482892615,72.16620722422185,101.11662748020883,112,baseline_rbf
47,7458.7,53.53091919203597,9958.736740730434,-28.163136008986772,53.53091919203597,99.7934704313385,110,baseline_rbf
48,7629.088495575221,91.58125940988307,11832.289691030812,-85.53888841268889,91.58125940988307,108.77632872565066,113,baseline_rbf
49,7368.685714285714,66.25530885059362,5979.337381405831,-62.87876471368493,66.25530885059362,77.32617526689026,105,baseline_rbf
50,6969.40650406504,79.84321482051787,12265.964000062631,72.37974743742713,79.84321482051787,110.75181262653281,123,baseline_rbf
51,7340.652173913043,65.59773504139423,8580.259400837716,26.38575555143182,65.59773504139423,92.62968962939321,115,baseline_rbf
52,6755.08547008547,155.05036009518528,36596.79822323869,154.44750848120052,155.05036009518528,191.30289653645784,117,baseline_rbf
86,7463.786324786325,56.27515233516067,5787.1227272454325,-16.923772865287024,56.27515233516067,76.07314064270932,117,baseline_rbf
87,7799.897196261682,69.50609235877639,6879.735626219543,-37.499342754978805,69.50609235877639,82.94417174352603,107,baseline_rbf
88,7119.520661157025,75.31743714957742,13870.492198749218,-9.703389350925038,75.31743714957742,117.77305378884093,121,baseline_rbf
89,7283.957983193277,80.06116281810942,9211.134031050562,-68.67402400413019,80.06116281810942,95.97465306553893,119,baseline_rbf
90,6801.638655462185,145.863863154424,74115.37511495683,-37.88938977128483,145.863863154424,272.24139125958936,119,baseline_rbf
91,6887.6,49.30617950591719,3912.332240579915,-5.110865361948329,49.30617950591719,62.548638998621826,115,baseline_rbf
92,7277.564516129032,143.22916536026256,97318.65595711305,-32.450392272182945,143.22916536026256,311.9593819026975,124,baseline_rbf
93,7353.140495867769,80.2141842670138,9380.418096373582,53.329273825113816,80.2141842670138,96.85255854324956,121,baseline_rbf
94,6769.713043478261,50.750908004733766,5380.732165725966,15.163662380201623,50.750908004733766,73.35347412172082,115,baseline_rbf
129,7247.4,430.62608695652176,195780.9043478261,-430.62608695652176,430.62608695652176,442.4713599181602,115,baseline_persistence
130,7136.973451327433,423.283185840708,190694.41592920353,-423.283185840708,423.283185840708,436.6857175695165,113,baseline_persistence
131,6999.138888888889,450.26851851851853,204784.5648148148,-450.26851851851853,450.26851851851853,452.53128600663047,108,baseline_persistence
132,7214.284552845528,422.9918699186992,188452.9105691057,-422.9918699186992,422.9918699186992,434.1116337638347,123,baseline_persistence
133,7170.438016528926,428.6776859504132,202101.37190082646,-428.6776859504132,428.6776859504132,449.55686169919204,121,baseline_persistence
134,7417.471074380165,406.1735537190083,173521.01652892563,-406.1735537190083,406.1735537190083,416.5585391381692,121,baseline_persistence
135,7100.886178861789,399.5528455284553,173147.21138211383,-399.5528455284553,399.5528455284553,416.10961462349536,123,baseline_persistence
136,7140.90990990991,421.0900900900901,180905.66666666666,-421.0900900900901,421.0900900900901,425.3300679080503,111,baseline_persistence
171,7153.4358974358975,421.0683760683761,186320.9658119658,-421.0683760683761,421.0683760683761,431.64912349264165,117,baseline_persistence
172,7348.11475409836,421.05737704918033,184685.84426229508,-421.05737704918033,421.05737704918033,429.7509095537729,122,baseline_persistence
173,6738.3859649122805,434.0263157894737,200978.99122807017,-434.0263157894737,434.0263157894737,448.30680479786406,114,baseline_persistence
174,7092.431192660551,443.6880733944954,202144.33027522935,-443.6880733944954,443.6880733944954,449.6046377376788,109,baseline_persistence
175,7076.609756097561,406.8455284552846,181091.38211382114,-406.8455284552846,406.8455284552846,425.5483311138949,123,baseline_persistence
176,7338.092783505154,399.54639175257734,166541.19587628866,-399.54639175257734,399.54639175257734,408.09459182435717,97,baseline_persistence
177,7437.471074380165,433.74380165289256,202818.61983471076,-433.74380165289256,433.74380165289256,450.3538828906783,121,baseline_persistence
178,7110.619469026548,427.56637168141594,191134.66371681416,-427.56637168141594,427.56637168141594,437.1895054971175,113,baseline_persistence
179,7671.1463414634145,438.7560975609756,194304.0975609756,-438.7560975609756,438.7560975609756,440.79938471029607,82,baseline_persistence
190,6989.206896551724,446.1551724137931,203565.7068965517,-446.1551724137931,446.1551724137931,451.1825649297097,116,baseline_persistence
191,7125.27731092437,428.56302521008405,194817.3193277311,-428.56302521008405,428.56302521008405,441.38114971952655,119,baseline_persistence
192,6866.333333333333,441.5,197704.66666666666,-441.5,441.5,444.63992923113267,84,baseline_persistence
227,6655.54954954955,419.8828828828829,187364.8918918919,-419.8828828828829,419.8828828828829,432.85666437273653,111,baseline_persistence
228,7321.077519379845,399.9612403100775,183927.34108527133,-399.9612403100775,399.9612403100775,428.86750994365536,129,baseline_persistence
229,6835.159292035398,455.4778761061947,213920.3628318584,-455.4778761061947,455.4778761061947,462.5152568638773,113,baseline_persistence
230,7533.125,384.3125,168177.27083333334,-384.3125,384.3125,410.0942218970335,96,baseline_persistence
231,7016.709401709401,421.8034188034188,193811.20512820513,-421.8034188034188,421.8034188034188,440.23994040546245,117,baseline_persistence
232,6627.598290598291,409.4188034188034,176081.89743589744,-409.4188034188034,409.4188034188034,419.6211355924502,117,baseline_persistence
233,7115.470588235294,440.672268907563,202660.6386554622,-440.672268907563,440.672268907563,450.1784520114909,119,baseline_persistence
234,7289.571428571428,441.4621848739496,206234.11764705883,-441.4621848739496,441.4621848739496,454.13006688289073,119,baseline_persistence
235,5786.373493975903,461.0722891566265,213825.93975903615,-461.0722891566265,461.0722891566265,462.41316996711515,83,baseline_persistence
271,6976.675438596491,431.6842105263158,191843.77192982455,-431.6842105263158,431.6842105263158,437.99973964584103,114,baseline_persistence
272,7119.120689655172,436.6034482758621,198471.44827586206,-436.6034482758621,436.6034482758621,445.5013448642575,116,baseline_persistence
273,6713.666666666667,439.36036036036035,193945.23423423423,-439.36036036036035,439.36036036036035,440.3921368896523,111,baseline_persistence
274,7565.675675675676,424.05405405405406,192729.51351351352,-424.05405405405406,424.05405405405406,439.00969637755554,111,baseline_persistence
275,7086.620967741936,408.5725806451613,176825.23387096773,-408.5725806451613,408.5725806451613,420.505926083055,124,baseline_persistence
276,6607.61,395.23,168841.63,-395.23,395.23,410.90343147751884,100,baseline_persistence
277,7579.886956521739,417.4782608695652,193482.15652173912,-417.4782608695652,417.4782608695652,439.86606657224553,115,baseline_persistence
278,8354.689655172413,403.41379310344826,173676.83908045976,-403.41379310344826,403.41379310344826,416.7455327660511,87,baseline_persistence
312,7220.452991452991,410.35897435897436,176869.7606837607,-410.35897435897436,410.35897435897436,420.558867084931,117,baseline_persistence
313,6931.559322033899,418.3813559322034,191849.14406779662,-418.3813559322034,418.3813559322034,438.0058721841485,118,baseline_persistence
314,6421.477876106194,415.6194690265487,175436.46902654867,-415.6194690265487,415.6194690265487,418.8513686578434,113,baseline_persistence
315,6738.838095238095,413.9904761904762,183341.7238095238,-413.9904761904762,413.9904761904762,428.1842171420191,105,baseline_persistence
316,6745.45,414.5416666666667,182116.10833333334,-414.5416666666667,414.5416666666667,426.75063952305135,120,baseline_persistence
317,7121.868217054263,424.71317829457365,189569.76744186046,-424.71317829457365,424.71317829457365,435.39610407290104,129,baseline_persistence
318,7087.291666666667,417.425,185760.575,-417.425,417.425,430.99950696027486,120,baseline_persistence
319,6788.142857142857,420.218487394958,183812.7899159664,-420.218487394958,420.218487394958,428.7339383766655,119,baseline_persistence
354,7214.601769911505,402.88495575221236,182237.30973451328,-402.88495575221236,402.88495575221236,426.8926208480457,113,baseline_persistence
355,8117.408163265306,333.2142857142857,133917.54081632654,-333.2142857142857,333.2142857142857,365.94745635996236,98,baseline_persistence
356,6462.914285714286,449.12380952380954,205070.17142857143,-449.12380952380954,449.12380952380954,452.84674165612745,105,baseline_persistence
357,6928.6106194690265,430.79646017699116,200448.3185840708,-430.79646017699116,430.79646017699116,447.7145503376798,113,baseline_persistence
358,7385.666666666667,427.1623931623932,195067.93162393162,-427.1623931623932,427.1623931623932,441.66495403635054,117,baseline_persistence
359,6657.743801652892,382.0495867768595,161621.37190082646,-382.0495867768595,382.0495867768595,402.021606261189,121,baseline_persistence
360,6969.27731092437,447.96638655462186,206417.3949579832,-447.96638655462186,447.96638655462186,454.33181151883167,119,baseline_persistence
361,6982.682926829269,419.0650406504065,184983.081300813,-419.0650406504065,419.0650406504065,430.0965953141376,123,baseline_persistence
362,7138.01282051282,427.64102564102564,189299.64102564103,-427.64102564102564,427.64102564102564,435.0857858234868,78,baseline_persistence
398,7158.456140350877,420.87719298245617,199461.56140350876,-420.87719298245617,420.87719298245617,446.61119713181034,114,baseline_persistence
399,7546.559322033899,427.95762711864404,195320.8220338983,-427.95762711864404,427.95762711864404,441.95115344786495,118,baseline_persistence
400,6705.159292035398,430.69026548672565,190350.01769911504,-430.69026548672565,430.69026548672565,436.2912074510728,113,baseline_persistence
401,6898.060869565217,420.1304347826087,188461.3652173913,-420.1304347826087,420.1304347826087,434.1213715280455,115,baseline_persistence
402,7615.5847457627115,420.06779661016947,183379.40677966102,-420.06779661016947,420.06779661016947,428.2282181029889,118,baseline_persistence
403,5727.717647058824,480.38823529411764,237942.3411764706,-480.38823529411764,480.38823529411764,487.7933385937846,85,baseline_persistence
404,6825.198347107438,430.6198347107438,192909.1652892562,-430.6198347107438,430.6198347107438,439.2142589776158,121,baseline_persistence
405,7068.508064516129,423.1693548387097,195609.62096774194,-423.1693548387097,423.1693548387097,442.2777644961839,124,baseline_persistence
406,6646.962962962963,450.1111111111111,203547.22222222222,-450.1111111111111,450.1111111111111,451.162079769812,81,baseline_persistence
44,7272.840707964602,436.11504424778764,197191.40707964601,-436.11504424778764,436.11504424778764,444.06239097636495,113,baseline_persistence
45,7461.713043478261,429.0521739130435,194788.91304347827,-429.0521739130435,429.0521739130435,441.3489696866622,115,baseline_persistence
46,6866.142857142857,430.2857142857143,192890.3392857143,-430.2857142857143,430.2857142857143,439.192826997111,112,baseline_persistence
47,7458.7,474.6818181818182,230401.62727272726,-474.6818181818182,474.6818181818182,480.00169507276456,110,baseline_persistence
48,7629.088495575221,418.5221238938053,195083.9203539823,-418.5221238938053,418.5221238938053,441.6830541847653,113,baseline_persistence
49,7368.685714285714,449.25714285714287,208032.13333333333,-449.25714285714287,449.25714285714287,456.1053971762813,105,baseline_persistence
50,6969.40650406504,419.8861788617886,179385.36585365853,-419.8861788617886,419.8861788617886,423.5390960155373,123,baseline_persistence
51,7340.652173913043,425.4,190490.6,-425.4,425.4,436.4522883431819,115,baseline_persistence
52,6755.08547008547,430.2564102564103,192842.44444444444,-430.2564102564103,430.2564102564103,439.1382976289411,117,baseline_persistence
86,7463.786324786325,404.2307692307692,181071.5641025641,-404.2307692307692,404.2307692307692,425.5250452118701,117,baseline_persistence
87,7799.897196261682,428.9158878504673,193392.69158878503,-428.9158878504673,428.9158878504673,439.7643591615685,107,baseline_persistence
88,7119.520661157025,432.0,203751.61983471076,-432.0,432.0,451.38854641507106,121,baseline_persistence
89,7283.957983193277,463.15966386554624,220301.27731092437,-463.15966386554624,463.15966386554624,469.36262879667396,119,baseline_persistence
90,6801.638655462185,439.38655462184875,208908.6806722689,-439.38655462184875,439.38655462184875,457.0652914762495,119,baseline_persistence
91,6887.6,440.4173913043478,198380.78260869565,-440.4173913043478,440.4173913043478,445.399576345438,115,baseline_persistence
92,7277.564516129032,402.5483870967742,180166.0806451613,-402.5483870967742,402.5483870967742,424.4597515020256,124,baseline_persistence
93,7353.140495867769,406.02479338842977,173765.64462809917,-406.02479338842977,406.02479338842977,416.8520656397173,121,baseline_persistence
94,6769.713043478261,429.4869565217391,189360.54782608696,-429.4869565217391,429.4869565217391,435.155774207452,115,baseline_persistence
129,7247.4,41.500036972060165,3412.530616214774,0.2698822005605191,41.500036972060165,58.41686927775892,115,attempt_008
130,7136.973451327433,33.58081818586472,2144.957182930696,12.216645864732321,33.58081818586472,46.31368245919013,113,attempt_008
131,6999.138888888889,29.362830807835298,1605.6415534124694,-9.617197985177233,29.362830807835298,40.070457364652945,108,attempt_008
132,7214.284552845528,34.617305772305215,2762.755757691732,4.648637462022065,34.617305772305215,52.56192307832479,123,attempt_008
133,7170.438016528926,40.335408688678,3600.699677731742,9.89980971994442,40.335408688678,60.00583036448827,121,attempt_008
134,7417.471074380165,29.215289440025504,1619.8822652708063,13.903557509199326,29.215289440025504,40.24776099698971,121,attempt_008
135,7100.886178861789,38.848325245792985,3787.800883509794,16.428285777757072,38.848325245792985,61.545112588326575,123,attempt_008
136,7140.90990990991,36.471565893959706,2196.346541766194,8.015281367166116,36.471565893959706,46.86519542012168,111,attempt_008
171,7153.4358974358975,32.43312169079341,2115.4453095607846,9.168917274142109,32.43312169079341,45.99397036091562,117,attempt_008
172,7348.11475409836,29.140798221052485,1648.0059349389846,8.298102617819783,29.140798221052485,40.595639358667384,122,attempt_008
173,6738.3859649122805,65.9069807820585,7917.18381041146,7.616976159853748,65.9069807820585,88.97855814976695,114,attempt_008
174,7092.431192660551,26.557668764930483,1113.6076615543473,1.6935492063272675,26.557668764930483,33.370760578002226,109,attempt_008
175,7076.609756097561,34.09447715799689,3226.686625831707,14.232872439096255,34.09447715799689,56.803931429362414,123,attempt_008
176,7338.092783505154,45.7310254345483,4920.9126429789285,19.267643616649647,45.7310254345483,70.14921698051182,97,attempt_008
177,7437.471074380165,38.65760340347984,2528.575647927268,4.208864670130815,38.65760340347984,50.28494454533353,121,attempt_008
178,7110.619469026548,47.039315183416804,5512.159436889134,2.7343654799003434,47.039315183416804,74.24391851787682,113,attempt_008
179,7671.1463414634145,26.610844099903847,1550.339324883602,-4.500929744553804,26.610844099903847,39.3743485645617,82,attempt_008
190,6989.206896551724,28.80322522243589,1432.976790313335,-1.5715364923246673,28.80322522243589,37.85467989976054,116,attempt_008
191,7125.27731092437,37.675662940668175,2469.3509914125325,4.113781010530598,37.675662940668175,49.692564749794634,119,attempt_008
192,6866.333333333333,47.41956423716246,3704.6797866039465,-2.677868903045789,47.41956423716246,60.86608075606599,84,attempt_008
227,6655.54954954955,37.95206953344404,3443.3822987145113,18.663530299210336,37.95206953344404,58.68033996761191,111,attempt_008
228,7321.077519379845,42.78354731123476,4042.226321122636,16.51219857138876,42.78354731123476,63.57850518156774,129,attempt_008
229,6835.159292035398,34.71828291949572,4709.024672691642,-6.183656287318663,34.71828291949572,68.62233362901354,113,attempt_008
230,7533.125,50.06959856995085,6355.743262033692,23.62239077398937,50.06959856995085,79.72291553896967,96,attempt_008
231,7016.709401709401,61.922227395824976,6861.487397040757,9.62812851128626,61.922227395824976,82.83409561913957,117,attempt_008
232,6627.598290598291,39.084867733010164,2795.3704792955605,18.516911858596103,39.084867733010164,52.87126326555438,117,attempt_008
233,7115.470588235294,30.790030710508777,1867.2023004140347,4.8874897680091465,30.790030710508777,43.21113630088932,119,attempt_008
234,7289.571428571428,31.690901512564988,2295.674246371368,4.105888196047132,31.690901512564988,47.91319490882828,119,attempt_008
235,5786.373493975903,24.39708247272431,1091.4503918708629,-2.330956196821547,24.39708247272431,33.03710628779196,83,attempt_008
271,6976.675438596491,40.31960244465088,3611.603400912575,1.937792795547095,40.31960244465088,60.09661721688314,114,attempt_008
272,7119.120689655172,41.371739497358575,4080.496376556191,-2.3671182926066,41.371739497358575,63.87876311072555,116,attempt_008
273,6713.666666666667,18.554359527876354,566.1059144274674,2.613436918052279,18.554359527876354,23.79298036033879,111,attempt_008
274,7565.675675675676,46.74966699804923,3528.670895658441,7.876181658847018,46.74966699804923,59.402616909177,111,attempt_008
275,7086.620967741936,32.82883897912542,2213.6918100117946,17.506152943334744,32.82883897912542,47.04988639743772,124,attempt_008
276,6607.61,51.354119674328366,4482.227821796926,16.285842655168963,51.354119674328366,66.94944228144792,100,attempt_008
277,7579.886956521739,48.69498525223505,5338.064322073408,10.05652585962381,48.69498525223505,73.06205801969588,115,attempt_008
278,8354.689655172413,49.55824474735814,6240.755060276691,5.6764462962666125,49.55824474735814,78.99844973337572,87,attempt_008
312,7220.452991452991,35.89019296738506,2108.6028618434116,10.7778110781667,35.89019296738506,45.91952593225905,117,attempt_008
313,6931.559322033899,52.62873791756958,7045.416103593905,9.224922205099693,52.62873791756958,83.936976974358,118,attempt_008
314,6421.477876106194,23.52696297963178,1081.8408975852306,12.174433831307502,23.52696297963178,32.89134988998217,113,attempt_008
315,6738.838095238095,48.10318677743952,3977.2052323240314,18.057102219763994,48.10318677743952,63.06508726961401,105,attempt_008
316,6745.45,35.84095590308837,2513.439943806354,14.281697609462984,35.84095590308837,50.13421928988577,120,attempt_008
317,7121.868217054263,33.1110912032164,2093.036579701033,9.62165042260194,33.1110912032164,45.74971671716704,129,attempt_008
318,7087.291666666667,41.7457130983437,3461.482558583287,17.170564486526835,41.7457130983437,58.83436545577157,120,attempt_008
319,6788.142857142857,40.99546564981169,2697.0806879328375,11.682016567409269,40.99546564981169,51.933425536284794,119,attempt_008
354,7214.601769911505,44.686733786790796,4748.724340101722,22.43697344893488,44.686733786790796,68.91098852941904,113,attempt_008
355,8117.408163265306,52.89164413751793,4499.118935774372,40.88982766081254,52.89164413751793,67.07547193851396,98,attempt_008
356,6462.914285714286,54.15503082815184,5024.296897377087,-0.5060866925138725,54.15503082815184,70.88227491677371,105,attempt_008
357,6928.6106194690265,46.355030872743804,4313.323996631228,4.105220711618481,46.355030872743804,65.67590118628924,113,attempt_008
358,7385.666666666667,36.3962245360884,2199.65675815669,2.6277603703063535,36.3962245360884,46.900498485162075,117,attempt_008
359,6657.743801652892,43.49560463372475,7099.987755693533,20.478352444584957,43.49560463372475,84.2614250751406,121,attempt_008
360,6969.27731092437,30.723316137249192,1565.0579117751693,-0.9662581796361039,30.723316137249192,39.560812830061636,119,attempt_008
361,6982.682926829269,45.42055336650451,3083.388597174215,12.046357621822372,45.42055336650451,55.52826845107107,123,attempt_008
362,7138.01282051282,40.60824289559097,3588.512668063667,15.729324776015538,40.60824289559097,59.90419574673937,78,attempt_008
398,7158.456140350877,43.77410311022723,6210.860266784831,15.814132055043414,43.77410311022723,78.80901132982719,114,attempt_008
399,7546.559322033899,33.42340591104441,2322.003498005571,8.11395859515456,33.42340591104441,48.18717150866578,118,attempt_008
400,6705.159292035398,29.092479019930025,1524.737038988939,8.316518239559603,29.092479019930025,39.04788136364045,113,attempt_008
401,6898.060869565217,36.01807387001351,3236.956015819753,15.261263892209936,36.01807387001351,56.894252924348635,115,attempt_008
402,7615.5847457627115,24.741129453970164,1335.5852136684132,5.5238267273577115,24.741129453970164,36.545659299955354,118,attempt_008
403,5727.717647058824,51.46792579237125,5292.223532987628,-19.951389782548947,51.46792579237125,72.74767029250921,85,attempt_008
404,6825.198347107438,34.11059917631249,1828.9532780575455,7.45742876697906,34.11059917631249,42.76626331651557,121,attempt_008
405,7068.508064516129,48.71217555703216,4957.653617835373,9.64758172304644,48.71217555703216,70.41060728210894,124,attempt_008
406,6646.962962962963,22.411733436735773,879.2571192731708,-1.6542037501288087,22.411733436735773,29.652270052614366,81,attempt_008
44,7272.840707964602,29.338708555024127,1818.4661323148782,3.3859686062640573,29.338708555024127,42.64347701952642,113,attempt_008
45,7461.713043478261,29.98859163913664,2810.4014755500734,7.223128466977964,29.98859163913664,53.01321981874025,115,attempt_008
46,6866.142857142857,42.8223361433147,2937.051177597839,8.966683127254681,42.8223361433147,54.19456778679796,112,attempt_008
47,7458.7,35.915553535606215,3121.528902016337,-18.58778978673506,35.915553535606215,55.87064436729128,110,attempt_008
48,7629.088495575221,42.50397543036826,3355.0803215442997,9.503196057064036,42.50397543036826,57.92305518137229,113,attempt_008
49,7368.685714285714,31.040599264381484,1314.9961714714389,-0.6692037671385238,31.040599264381484,36.26287594043582,105,attempt_008
50,6969.40650406504,33.94437196001101,2089.258530838756,4.559088916977607,33.94437196001101,45.708407660284514,123,attempt_008
51,7340.652173913043,45.454352951518125,4257.811565377989,4.9741900306210205,45.454352951518125,65.25190851904631,115,attempt_008
52,6755.08547008547,52.74113998126905,5383.411214769145,-1.2701155656177552,52.74113998126905,73.37173307731763,117,attempt_008
86,7463.786324786325,36.06374482864983,3254.6382247492456,20.216915304495686,36.06374482864983,57.049436673373435,117,attempt_008
87,7799.897196261682,46.18032065884802,4358.609417886852,8.190442869003823,46.18032065884802,66.01976535770822,107,attempt_008
88,7119.520661157025,42.27906950333833,3024.571743925286,11.049662314019217,42.27906950333833,54.9961066251538,121,attempt_008
89,7283.957983193277,24.235526665015172,881.6294311985022,-8.561249597109715,24.235526665015172,29.69224530409417,119,attempt_008
90,6801.638655462185,68.37108315243776,13197.766929087516,5.305409357688152,68.37108315243776,114.88153432596344,119,attempt_008
91,6887.6,27.134432502306577,1195.7499903336993,3.0474888107273963,27.134432502306577,34.579618134584706,115,attempt_008
92,7277.564516129032,57.16787232016071,6250.541054917654,7.082886777929675,57.16787232016071,79.06036336191261,124,attempt_008
93,7353.140495867769,39.11958585229945,3541.445089396512,15.453661372590243,39.11958585229945,59.51004192064153,121,attempt_008
94,6769.713043478261,22.88133947385006,1034.960958559276,9.67035313251067,22.88133947385006,32.17080910638207,115,attempt_008
129,7247.4,40.524399768586605,3325.587095559624,0.39900737026422495,40.524399768586605,57.66790351278277,115,attempt_009
130,7136.973451327433,32.321752339806075,2020.220179062235,12.406375521221467,32.321752339806075,44.94685950166302,113,attempt_009
131,6999.138888888889,30.043684186623803,1695.0662379467383,-8.917013396011855,30.043684186623803,41.171182129576245,108,attempt_009
132,7214.284552845528,34.42643825504166,2675.1860557842583,4.693706478273681,34.42643825504166,51.722200801824535,123,attempt_009
133,7170.438016528926,39.36021822794577,3428.3288203910224,9.065045673257632,39.36021822794577,58.551932678529255,121,attempt_009
134,7417.471074380165,28.072128337252753,1516.488378494482,14.300194879001106,28.072128337252753,38.942115742400055,121,attempt_009
135,7100.886178861789,39.11875012708289,3739.7822586484413,17.485682840034457,39.11875012708289,61.153759153861024,123,attempt_009
136,7140.90990990991,36.80856079852517,2135.4157058891847,9.03655663928926,36.80856079852517,46.21055838105816,111,attempt_009
171,7153.4358974358975,31.060108961304614,1988.6804492248586,9.449737635036062,31.060108961304614,44.59462354617268,117,attempt_009
172,7348.11475409836,28.01748960287294,1496.661652779887,8.075336474260562,28.01748960287294,38.68671157878228,122,attempt_009
173,6738.3859649122805,65.13919582263586,7627.363037407423,7.837615154632583,65.13919582263586,87.33477564754732,114,attempt_009
174,7092.431192660551,25.711870583192717,1032.980697256583,1.7857546454115019,25.711870583192717,32.140017069948534,109,attempt_009
175,7076.609756097561,33.16190890591441,3115.482468411332,14.644219063525414,33.16190890591441,55.81650713195275,123,attempt_009
176,7338.092783505154,45.286855301520774,4827.191730348319,21.361944459441947,45.286855301520774,69.4779945763284,97,attempt_009
177,7437.471074380165,36.92637494703602,2316.0275893213807,2.885192785624335,36.92637494703602,48.12512430447718,121,attempt_009
178,7110.619469026548,46.64419619221619,5443.456026871198,3.598086623028929,46.64419619221619,73.77978061007771,113,attempt_009
179,7671.1463414634145,26.590792964982523,1559.2849681104726,-4.542767711990292,26.590792964982523,39.48778251700737,82,attempt_009
190,6989.206896551724,28.100750023279815,1336.4159391244862,-1.8444125855825413,28.100750023279815,36.5570231162835,116,attempt_009
191,7125.27731092437,36.55160924677335,2367.7511741072767,4.088785541161102,36.55160924677335,48.65954350492077,119,attempt_009
192,6866.333333333333,46.66663929336006,3665.2308170897227,-3.10366665443705,46.66663929336006,60.54114978334755,84,attempt_009
227,6655.54954954955,36.740687402070535,3321.6304172458044,19.441298252277054,36.740687402070535,57.63358757916953,111,attempt_009
228,7321.077519379845,42.36262508943986,3953.349362676211,16.381839328681497,42.36262508943986,62.875665902447594,129,attempt_009
229,6835.159292035398,34.30097257193917,4646.719141399906,-6.28365826059615,34.30097257193917,68.16684781768852,113,attempt_009
230,7533.125,49.83588990741475,6320.042508369065,25.66066666172279,49.83588990741475,79.49869501047841,96,attempt_009
231,7016.709401709401,60.76034340904501,6633.684733686343,9.815263625343292,60.76034340904501,81.44743540275742,117,attempt_009
232,6627.598290598291,38.52805743957216,2717.258615307198,19.672366406407217,38.52805743957216,52.12733079016417,117,attempt_009
233,7115.470588235294,29.07598577000314,1676.7087555431378,4.006949143740208,29.07598577000314,40.94763430948286,119,attempt_009
234,7289.571428571428,29.988178513222394,2104.469436949185,2.917716308399248,29.988178513222394,45.874496585239875,119,attempt_009
235,5786.373493975903,25.157485620370174,1070.9940149065649,-0.5352672100946576,25.157485620370174,32.72604490167678,83,attempt_009
271,6976.675438596491,40.09572489534787,3549.927593394876,2.6412065704927175,40.09572489534787,59.58126881323422,114,attempt_009
272,7119.120689655172,40.72096641259445,3974.9109053748757,-2.3059726616129175,40.72096641259445,63.04689449429588,116,attempt_009
273,6713.666666666667,19.403056011367482,582.4367857236876,3.5543187718855718,19.403056011367482,24.1337271411543,111,attempt_009
274,7565.675675675676,45.491399756886274,3341.545556569164,7.709691881016452,45.491399756886274,57.80610310831516,111,attempt_009
275,7086.620967741936,31.625009155350575,2068.6798938530937,17.766490410236052,31.625009155350575,45.48274281365509,124,attempt_009
276,6607.61,50.12968707876739,4364.819318664359,17.76242900319102,50.12968707876739,66.06677923634813,100,attempt_009
277,7579.886956521739,47.4054516845003,5130.180838108665,9.780435310184709,47.4054516845003,71.62528071923114,115,attempt_009
278,8354.689655172413,48.942848215090486,6051.294629821029,6.137830476319062,48.942848215090486,77.79006768104158,87,attempt_009
312,7220.452991452991,35.3089051582886,2022.8902045918478,11.538014231917177,35.3089051582886,44.97655171966664,117,attempt_009
313,6931.559322033899,51.502438259794545,6846.706033153315,9.801738862938857,51.502438259794545,82.74482481190782,118,attempt_009
314,6421.477876106194,23.552010215342705,1090.8605854548114,13.98997598519374,23.552010215342705,33.02817865784929,113,attempt_009
315,6738.838095238095,48.27115897183061,3981.5936887840676,19.654986851295476,48.27115897183061,63.09987075092997,105,attempt_009
316,6745.45,34.95479925427348,2413.344628632687,14.91470028387932,34.95479925427348,49.12580410163977,120,attempt_009
317,7121.868217054263,31.96606542333883,1910.592033315247,8.871297212944764,31.96606542333883,43.71031952886237,129,attempt_009
318,7087.291666666667,40.70512913647243,3282.13146847862,17.182926576481112,40.70512913647243,57.289889757954846,120,attempt_009
319,6788.142857142857,40.00326214626172,2561.545969386867,12.272697692864893,40.00326214626172,50.611717708321926,119,attempt_009
354,7214.601769911505,44.46636243291381,4674.7043163976105,23.148179468539194,44.46636243291381,68.37180936904925,113,attempt_009
355,8117.408163265306,53.93206464097363,4686.836919610236,43.23381217197162,53.93206464097363,68.46047706239152,98,attempt_009
356,6462.914285714286,53.3269525247628,4849.940242550759,0.4025856042877682,53.3269525247628,69.64151235111683,105,attempt_009
357,6928.6106194690265,45.72178312138628,4244.079670412211,4.5243959102253015,45.72178312138628,65.14660137269028,113,attempt_009
358,7385.666666666667,35.555305151840436,2094.308284754828,2.344002493189268,35.555305151840436,45.763613108613136,117,attempt_009
359,6657.743801652892,43.43140003919075,7114.3770253811845,23.07531337065847,43.43140003919075,84.34676653779435,121,attempt_009
360,6969.27731092437,29.65324104173309,1422.3735280606195,-1.714582970480482,29.65324104173309,37.7143676608878,119,attempt_009
361,6982.682926829269,44.200428160355294,2915.5144345672957,12.142072356048281,44.200428160355294,53.995503836590835,123,attempt_009
362,7138.01282051282,39.752867764871596,3390.770370284364,15.028886646199254,39.752867764871596,58.23032174292329,78,attempt_009
398,7158.456140350877,43.26844284131961,6069.791755100806,15.745122158378747,43.26844284131961,77.9088682699268,114,attempt_009
399,7546.559322033899,32.26428270947046,2114.5255547953925,7.200426435403919,32.26428270947046,45.98397062885493,118,attempt_009
400,6705.159292035398,28.07776548084149,1441.1662472540906,9.05105456711843,28.07776548084149,37.962695468763684,113,attempt_009
401,6898.060869565217,35.213809669138456,3138.8676698316926,15.73114447698154,35.213809669138456,56.02559834425414,115,attempt_009
402,7615.5847457627115,23.67801878027313,1202.1207256115165,5.265403500640205,23.67801878027313,34.67161267682131,118,attempt_009
403,5727.717647058824,51.39075652425398,5335.430071378808,-18.29505964518666,51.39075652425398,73.04402830744488,85,attempt_009
404,6825.198347107438,32.91318169560536,1683.9627750333627,7.3258070962015225,32.91318169560536,41.0361154963937,121,attempt_009
405,7068.508064516129,47.31614386378169,4734.353430557779,9.125872204434227,47.31614386378169,68.80663798324824,124,attempt_009
406,6646.962962962963,22.430034444547992,915.5128747478315,-2.2668476884170086,22.430034444547992,30.257443294961845,81,attempt_009
44,7272.840707964602,28.966057094824496,1667.7677409041696,3.147971919254774,28.966057094824496,40.83831217011998,113,attempt_009
45,7461.713043478261,29.373042476606518,2622.74741642835,6.769539730109694,29.373042476606518,51.21276614701016,115,attempt_009
46,6866.142857142857,41.73809828937595,2792.6050394511876,9.438737134917485,41.73809828937595,52.84510421459293,112,attempt_009
47,7458.7,35.755972930231216,3254.406103726709,-19.786918777077062,35.755972930231216,57.04740225222099,110,attempt_009
48,7629.088495575221,41.47253369666972,3189.0152037346334,9.048734600556527,41.47253369666972,56.47136622868826,113,attempt_009
49,7368.685714285714,29.794135941685617,1192.0754664733754,-1.036437060066514,29.794135941685617,34.526445899822576,105,attempt_009
50,6969.40650406504,34.871174947466,2058.5657570307944,5.318134722712027,34.871174947466,45.37142004644327,123,attempt_009
51,7340.652173913043,44.19122534574105,4134.497882146426,5.259617854001211,44.19122534574105,64.30006129193366,115,attempt_009
52,6755.08547008547,51.956794819910236,5357.7024063576255,-0.2360749823672986,51.956794819910236,73.19632782016886,117,attempt_009
86,7463.786324786325,34.95469042517645,3132.792096560593,20.32211793220491,34.95469042517645,55.971350676579114,117,attempt_009
87,7799.897196261682,45.27536164333759,4085.1429334004993,7.635262403743556,45.27536164333759,63.91512288496752,107,attempt_009
88,7119.520661157025,40.89137306835852,2851.5948523498155,10.05385335927326,40.89137306835852,53.40032633186632,121,attempt_009
89,7283.957983193277,23.681606373726435,840.5549099256517,-10.22542717833732,23.681606373726435,28.992325017591323,119,attempt_009
90,6801.638655462185,67.34607509064539,12799.568875048395,5.110292735892575,67.34607509064539,113.13517965269864,119,attempt_009
91,6887.6,26.02810851816795,1098.1735121368185,3.0812852883856303,26.02810851816795,33.13870112326098,115,attempt_009
92,7277.564516129032,56.544600704416325,6153.152921288823,7.89664530677281,56.544600704416325,78.44203542290845,124,attempt_009
93,7353.140495867769,38.366744107346044,3379.1996004445145,15.862448113111922,38.366744107346044,58.130883361983365,121,attempt_009
94,6769.713043478261,21.954144814208423,948.2377879688339,10.191813467246751,21.954144814208423,30.79346989166427,115,attempt_009
