run_id,workpiece_id,surface_class,usage,workpiece_location,status
1603740,30000000009266,001_control-group,0,left,eligible
1603741,30000000009266,001_control-group,0,right,eligible
1603744,30000000009266,001_control-group,1,left,eligible
1603745,30000000009266,001_control-group,1,right,eligible
1603748,30000000009266,001_control-group,2,left,eligible
1603749,30000000009266,001_control-group,2,right,eligible
1603752,30000000009266,001_control-group,3,left,eligible
1603753,30000000009266,001_control-group,3,right,eligible
1603754,30000000009266,001_control-group,4,left,eligible
1603755,30000000009266,001_control-group,4,right,eligible
1603756,30000000009266,001_control-group,5,left,eligible
1603757,30000000009266,001_control-group,5,right,eligible
1603760,30000000009266,001_control-group,6,left,eligible
1603761,30000000009266,001_control-group,6,right,eligible
1603762,30000000009266,001_control-group,7,left,eligible
1603763,30000000009266,001_control-group,7,right,eligible
1603764,30000000009266,001_control-group,8,left,eligible
1603765,30000000009266,001_control-group,8,right,eligible
1603768,30000000009266,001_control-group,9,left,eligible
1603769,30000000009266,001_control-group,9,right,eligible
1603772,30000000009266,001_control-group,10,left,eligible
1603773,30000000009266,001_control-group,10,right,eligible
1603776,30000000009266,001_control-group,11,left,eligible
1603777,30000000009266,001_control-group,11,right,eligible
1603780,30000000009266,001_control-group,12,left,eligible
1603781,30000000009266,001_control-group,12,right,eligible
1603784,30000000009266,001_control-group,13,left,eligible
1603785,30000000009266,001_control-group,13,right,eligible
1603788,30000000009266,001_control-group,14,left,eligible
1603789,30000000009266,001_control-group,14,right,eligible
1603792,30000000009266,001_control-group,15,left,eligible
1603793,30000000009266,001_control-group,15,right,eligible
1603796,30000000009266,001_control-group,16,left,eligible
1603797,30000000009266,001_control-group,16,right,eligible
1603800,30000000009266,001_control-group,17,left,eligible
1603801,30000000009266,001_control-group,17,right,eligible
1603804,30000000009266,001_control-group,18,left,eligible
1603805,30000000009266,001_control-group,18,right,eligible
1603808,30000000009266,001_control-group,19,left,eligible
1603809,30000000009266,001_control-group,19,right,eligible
1603812,30000000009266,001_control-group,20,left,eligible
1603813,30000000009266,001_control-group,20,right,eligible
1603816,30000000009266,001_control-group,21,left,eligible
1603817,30000000009266,001_control-group,21,right,eligible
1603820,30000000009266,001_control-group,22,left,eligible
1603821,30000000009266,001_control-group,22,right,eligible
1603824,30000000009266,001_control-group,23,left,eligible
1603825,30000000009266,001_control-group,23,right,eligible
1603828,30000000009266,001_control-group,24,left,eligible
1603829,30000000009266,001_control-group,24,right,eligible
1604238,30000000009276,001_control-group,0,left,eligible
1604239,30000000009276,001_control-group,0,right,eligible
1604242,30000000009276,001_control-group,1,left,eligible
1604243,30000000009276,001_control-group,1,right,eligible
1604246,30000000009276,001_control-group,2,left,eligible
1604247,30000000009276,001_control-group,2,right,eligible
1604250,30000000009276,001_control-group,3,left,eligible
1604251,30000000009276,001_control-group,3,right,eligible
1604254,30000000009276,001_control-group,4,left,eligible
1604255,30000000009276,001_control-group,4,right,eligible
1604258,30000000009276,001_control-group,5,left,eligible
1604259,30000000009276,001_control-group,5,right,eligible
1604262,30000000009276,001_control-group,6,left,eligible
1604263,30000000009276,001_control-group,6,right,eligible
1604266,30000000009276,001_control-group,7,left,eligible
1604267,30000000009276,001_control-group,7,right,eligible
1604270,30000000009276,001_control-group,8,left,eligible
1604271,30000000009276,001_control-group,8,right,eligible
1604274,30000000009276,001_control-group,9,left,eligible
1604275,30000000009276,001_control-group,9,right,eligible
1604278,30000000009276,001_control-group,10,left,eligible
1604279,30000000009276,001_control-group,10,right,eligible
1604282,30000000009276,001_control-group,11,left,eligible
1604283,30000000009276,001_control-group,11,right,eligible
1604286,30000000009276,001_control-group,12,left,eligible
1604287,30000000009276,001_control-group,12,right,eligible
1604290,30000000009276,001_control-group,13,left,eligible
1604291,30000000009276,001_control-group,13,right,eligible
1604294,30000000009276,001_control-group,14,left,eligible
1604295,30000000009276,001_control-group,14,right,eligible
1604298,30000000009276,001_control-group,15,left,eligible
1604299,30000000009276,001_control-group,15,right,eligible
1604302,30000000009276,001_control-group,16,left,eligible
1604303,30000000009276,001_control-group,16,right,eligible
1604306,30000000009276,001_control-group,17,left,eligible
1604307,30000000009276,001_control-group,17,right,eligible
1604310,30000000009276,001_control-group,18,left,eligible
1604311,30000000009276,001_control-group,18,right,eligible
1604314,30000000009276,001_control-group,19,left,eligible
1604315,30000000009276,001_control-group,19,right,eligible
1604318,30000000009276,001_control-group,20,left,eligible
1604319,30000000009276,001_control-group,20,right,eligible
1604322,30000000009276,001_control-group,21,left,eligible
1604323,30000000009276,001_control-group,21,right,eligible
1604326,30000000009276,001_control-group,22,left,eligible
1604327,30000000009276,001_control-group,22,right,eligible
1604330,30000000009276,001_control-group,23,left,eligible
1604331,30000000009276,001_control-group,23,right,eligible
1604334,30000000009276,001_control-group,24,left,eligible
1604335,30000000009276,001_control-group,24,right,eligible
1604642,30000000009284,001_control-group,0,left,eligible
1604643,30000000009284,001_control-group,0,right,eligible
1604646,30000000009284,001_control-group,1,left,eligible
1604647,30000000009284,001_control-group,1,right,eligible
1604650,30000000009284,001_control-group,2,left,eligible
1604651,30000000009284,001_control-group,2,right,eligible
1604654,30000000009284,001_control-group,3,left,eligible
1604655,30000000009284,001_control-group,3,right,eligible
1604658,30000000009284,001_control-group,4,left,eligible
1604659,30000000009284,001_control-group,4,right,eligible
1604662,30000000009284,001_control-group,5,left,eligible
1604663,30000000009284,001_control-group,5,right,eligible
1604666,30000000009284,001_control-group,6,left,eligible
1604667,30000000009284,001_control-group,6,right,eligible
1604670,30000000009284,001_control-group,7,left,eligible
1604671,30000000009284,001_control-group,7,right,eligible
1604674,30000000009284,001_control-group,8,left,eligible
1604675,30000000009284,001_control-group,8,right,eligible
1604678,30000000009284,001_control-group,9,left,eligible
1604679,30000000009284,001_control-group,9,right,eligible
1604682,30000000009284,001_control-group,10,left,eligible
1604683,30000000009284,001_control-group,10,right,eligible
1604686,30000000009284,001_control-group,11,left,eligible
1604687,30000000009284,001_control-group,11,right,eligible
1604690,30000000009284,001_control-group,12,left,eligible
1604691,30000000009284,001_control-group,12,right,eligible
1604694,30000000009284,001_control-group,13,left,eligible
1604695,30000000009284,001_control-group,13,right,eligible
1604698,30000000009284,001_control-group,14,left,eligible
1604699,30000000009284,001_control-group,14,right,eligible
1604702,30000000009284,001_control-group,15,left,eligible
1604703,30000000009284,001_control-group,15,right,eligible
1604706,30000000009284,001_control-group,16,left,eligible
1604707,30000000009284,001_control-group,16,right,eligible
1604710,30000000009284,001_control-group,17,left,eligible
1604711,30000000009284,001_control-group,17,right,eligible
1604714,30000000009284,001_control-group,18,left,eligible
1604715,30000000009284,001_control-group,18,right,eligible
1604718,30000000009284,001_control-group,19,left,eligible
1604719,30000000009284,001_control-group,19,right,eligible
1604722,30000000009284,001_control-group,20,left,eligible
1604723,30000000009284,001_control-group,20,right,eligible
1604726,30000000009284,001_control-group,21,left,eligible
1604727,30000000009284,001_control-group,21,right,eligible
1604730,30000000009284,001_control-group,22,left,eligible
1604731,30000000009284,001_control-group,22,right,eligible
1604734,30000000009284,001_control-group,23,left,eligible
1604735,30000000009284,001_control-group,23,right,eligible
1604738,30000000009284,001_control-group,24,left,eligible
1604739,30000000009284,001_control-group,24,right,eligible
1605342,30000000009298,001_control-group,0,left,eligible
1605343,30000000009298,001_control-group,0,right,eligible
1605346,30000000009298,001_control-group,1,left,eligible
1605347,30000000009298,001_control-group,1,right,eligible
1605350,30000000009298,001_control-group,2,left,eligible
1605351,30000000009298,001_control-group,2,right,eligible
1605354,30000000009298,001_control-group,3,left,eligible
1605355,30000000009298,001_control-group,3,right,eligible
1605358,30000000009298,001_control-group,4,left,eligible
1605359,30000000009298,001_control-group,4,right,eligible
1605362,30000000009298,001_control-group,5,left,eligible
1605363,30000000009298,001_control-group,5,right,eligible
1605366,30000000009298,001_control-group,6,left,eligible
1605367,30000000009298,001_control-group,6,right,eligible
1605370,30000000009298,001_control-group,7,left,eligible
1605371,30000000009298,001_control-group,7,right,eligible
1605374,30000000009298,001_control-group,8,left,eligible
1605375,30000000009298,001_control-group,8,right,eligible
1605378,30000000009298,001_control-group,9,left,eligible
1605379,30000000009298,001_control-group,9,right,eligible
1605382,30000000009298,001_control-group,10,left,eligible
1605383,30000000009298,001_control-group,10,right,eligible
1605386,30000000009298,001_control-group,11,left,eligible
1605387,30000000009298,001_control-group,11,right,eligible
1605390,30000000009298,001_control-group,12,left,eligible
1605391,30000000009298,001_control-group,12,right,eligible
1605394,30000000009298,001_control-group,13,left,eligible
1605395,30000000009298,001_control-group,13,right,eligible
1605398,30000000009298,001_control-group,14,left,eligible
1605399,30000000009298,001_control-group,14,right,eligible
1605402,30000000009298,001_control-group,15,left,eligible
1605403,30000000009298,001_control-group,15,right,eligible
1605406,30000000009298,001_control-group,16,left,eligible
1605407,30000000009298,001_control-group,16,right,eligible
1605410,30000000009298,001_control-group,17,left,eligible
1605411,30000000009298,001_control-group,17,right,eligible
1605414,30000000009298,001_control-group,18,left,eligible
1605415,30000000009298,001_control-group,18,right,eligible
1605418,30000000009298,001_control-group,19,left,eligible
1605419,30000000009298,001_control-group,19,right,eligible
1605422,30000000009298,001_control-group,20,left,eligible
1605423,30000000009298,001_control-group,20,right,eligible
1605426,30000000009298,001_control-group,21,left,eligible
1605427,30000000009298,001_control-group,21,right,eligible
1605430,30000000009298,001_control-group,22,left,eligible
1605431,30000000009298,001_control-group,22,right,eligible
1605434,30000000009298,001_control-group,23,left,eligible
1605435,30000000009298,001_control-group,23,right,eligible
1605438,30000000009298,001_control-group,24,left,eligible
1605439,30000000009298,001_control-group,24,right,eligible
1605842,30000000009308,001_control-group,0,left,eligible
1605843,30000000009308,001_control-group,0,right,eligible
1605846,30000000009308,001_control-group,1,left,eligible
1605847,30000000009308,001_control-group,1,right,eligible
1605850,30000000009308,001_control-group,2,left,eligible
1605851,30000000009308,001_control-group,2,right,eligible
1605854,30000000009308,001_control-group,3,left,eligible
1605855,30000000009308,001_control-group,3,right,eligible
1605858,30000000009308,001_control-group,4,left,eligible
1605859,30000000009308,001_control-group,4,right,eligible
1605862,30000000009308,001_control-group,5,left,eligible
1605863,30000000009308,001_control-group,5,right,eligible
1605866,30000000009308,001_control-group,6,left,eligible
1605867,30000000009308,001_control-group,6,right,eligible
1605870,30000000009308,001_control-group,7,left,eligible
1605871,30000000009308,001_control-group,7,right,eligible
1605874,30000000009308,001_control-group,8,left,eligible
1605875,30000000009308,001_control-group,8,right,eligible
1605878,30000000009308,001_control-group,9,left,eligible
1605879,30000000009308,001_control-group,9,right,eligible
1605882,30000000009308,001_control-group,10,left,eligible
1605883,30000000009308,001_control-group,10,right,eligible
1605886,30000000009308,001_control-group,11,left,eligible
1605887,30000000009308,001_control-group,11,right,eligible
1605890,30000000009308,001_control-group,12,left,eligible
1605891,30000000009308,001_control-group,12,right,eligible
1605894,30000000009308,001_control-group,13,left,eligible
1605895,30000000009308,001_control-group,13,right,eligible
1605898,30000000009308,001_control-group,14,left,eligible
1605899,30000000009308,001_control-group,14,right,eligible
1605902,30000000009308,001_control-group,15,left,eligible
1605903,30000000009308,001_control-group,15,right,eligible
1605906,30000000009308,001_control-group,16,left,eligible
1605907,30000000009308,001_control-group,16,right,eligible
1605910,30000000009308,001_control-group,17,left,eligible
1605911,30000000009308,001_control-group,17,right,eligible
1605914,30000000009308,001_control-group,18,left,eligible
1605915,30000000009308,001_control-group,18,right,eligible
1605918,30000000009308,001_control-group,19,left,eligible
1605919,30000000009308,001_control-group,19,right,eligible
1605922,30000000009308,001_control-group,20,left,eligible
1605923,30000000009308,001_control-group,20,right,eligible
1605926,30000000009308,001_control-group,21,left,eligible
1605927,30000000009308,001_control-group,21,right,eligible
1605930,30000000009308,001_control-group,22,left,eligible
1605931,30000000009308,001_control-group,22,right,eligible
1605934,30000000009308,001_control-group,23,left,eligible
1605935,30000000009308,001_control-group,23,right,eligible
1605938,30000000009308,001_control-group,24,left,eligible
1605939,30000000009308,001_control-group,24,right,eligible
1606142,30000000009314,001_control-group,0,left,eligible
1606143,30000000009314,001_control-group,0,right,eligible
1606146,30000000009314,001_control-group,1,left,eligible
1606147,30000000009314,001_control-group,1,right,eligible
1606150,30000000009314,001_control-group,2,left,eligible
1606151,30000000009314,001_control-group,2,right,eligible
1606154,30000000009314,001_control-group,3,left,eligible
1606155,30000000009314,001_control-group,3,right,eligible
1606158,30000000009314,001_control-group,4,left,eligible
1606159,30000000009314,001_control-group,4,right,eligible
1606162,30000000009314,001_control-group,5,left,eligible
1606163,30000000009314,001_control-group,5,right,eligible
1606166,30000000009314,001_control-group,6,left,eligible
1606167,30000000009314,001_control-group,6,right,eligible
1606170,30000000009314,001_control-group,7,left,eligible
1606171,30000000009314,001_control-group,7,right,eligible
1606174,30000000009314,001_control-group,8,left,eligible
1606175,30000000009314,001_control-group,8,right,eligible
1606178,30000000009314,001_control-group,9,left,eligible
1606179,30000000009314,001_control-group,9,right,eligible
1606182,30000000009314,001_control-group,10,left,eligible
1606183,30000000009314,001_control-group,10,right,eligible
1606186,30000000009314,001_control-group,11,left,eligible
1606187,30000000009314,001_control-group,11,right,eligible
1606190,30000000009314,001_control-group,12,left,eligible
1606191,30000000009314,001_control-group,12,right,eligible
1606194,30000000009314,001_control-group,13,left,eligible
1606195,30000000009314,001_control-group,13,right,eligible
1606198,30000000009314,001_control-group,14,left,eligible
1606199,30000000009314,001_control-group,14,right,eligible
1606202,30000000009314,001_control-group,15,left,eligible
1606203,30000000009314,001_control-group,15,right,eligible
1606206,30000000009314,001_control-group,16,left,eligible
1606207,30000000009314,001_control-group,16,right,eligible
1606210,30000000009314,001_control-group,17,left,eligible
1606211,30000000009314,001_control-group,17,right,eligible
1606214,30000000009314,001_control-group,18,left,eligible
1606215,30000000009314,001_control-group,18,right,eligible
1606218,30000000009314,001_control-group,19,left,eligible
1606219,30000000009314,001_control-group,19,right,eligible
1606222,30000000009314,001_control-group,20,left,eligible
1606223,30000000009314,001_control-group,20,right,eligible
1606226,30000000009314,001_control-group,21,left,eligible
1606227,30000000009314,001_control-group,21,right,eligible
1606230,30000000009314,001_control-group,22,left,eligible
1606231,30000000009314,001_control-group,22,right,eligible
1606234,30000000009314,001_control-group,23,left,eligible
1606235,30000000009314,001_control-group,23,right,eligible
1606238,30000000009314,001_control-group,24,left,eligible
1606239,30000000009314,001_control-group,24,right,eligible
1606744,30000000009326,001_control-group,0,left,eligible
1606745,30000000009326,001_control-group,0,right,eligible
1606748,30000000009326,001_control-group,1,left,eligible
1606749,30000000009326,001_control-group,1,right,eligible
1606752,30000000009326,001_control-group,2,left,eligible
1606753,30000000009326,001_control-group,2,right,eligible
1606756,30000000009326,001_control-group,3,left,eligible
1606757,30000000009326,001_control-group,3,right,eligible
1606760,30000000009326,001_control-group,4,left,eligible
1606761,30000000009326,001_control-group,4,right,eligible
1606764,30000000009326,001_control-group,5,left,eligible
1606765,30000000009326,001_control-group,5,right,eligible
1606768,30000000009326,001_control-group,6,left,eligible
1606769,30000000009326,001_control-group,6,right,eligible
1606772,30000000009326,001_control-group,7,left,eligible
1606773,30000000009326,001_control-group,7,right,eligible
1606776,30000000009326,001_control-group,8,left,eligible
1606777,30000000009326,001_control-group,8,right,eligible
1606780,30000000009326,001_control-group,9,left,eligible
1606781,30000000009326,001_control-group,9,right,eligible
1606784,30000000009326,001_control-group,10,left,eligible
1606785,30000000009326,001_control-group,10,right,eligible
1606788,30000000009326,001_control-group,11,left,eligible
1606789,30000000009326,001_control-group,11,right,eligible
1606792,30000000009326,001_control-group,12,left,eligible
1606793,30000000009326,001_control-group,12,right,eligible
1606796,30000000009326,001_control-group,13,left,eligible
1606797,30000000009326,001_control-group,13,right,eligible
1606800,30000000009326,001_control-group,14,left,eligible
1606801,30000000009326,001_control-group,14,right,eligible
1606804,30000000009326,001_control-group,15,left,eligible
1606805,30000000009326,001_control-group,15,right,eligible
1606808,30000000009326,001_control-group,16,left,eligible
1606809,30000000009326,001_control-group,16,right,eligible
1606812,30000000009326,001_control-group,17,left,eligible
1606813,30000000009326,001_control-group,17,right,eligible
1606816,30000000009326,001_control-group,18,left,eligible
1606817,30000000009326,001_control-group,18,right,eligible
1606820,30000000009326,001_control-group,19,left,eligible
1606821,30000000009326,001_control-group,19,right,eligible
1606824,30000000009326,001_control-group,20,left,eligible
1606825,30000000009326,001_control-group,20,right,insufficient_angle_coverage
1606828,30000000009326,001_control-group,21,left,eligible
1606829,30000000009326,001_control-group,21,right,insufficient_angle_coverage
1606832,30000000009326,001_control-group,22,left,eligible
1606833,30000000009326,001_control-group,22,right,eligible
1606836,30000000009326,001_control-group,23,left,eligible
1606837,30000000009326,001_control-group,23,right,eligible
1606840,30000000009326,001_control-group,24,left,eligible
1606841,30000000009326,001_control-group,24,right,insufficient_angle_coverage
1606846,30000000009328,001_control-group,0,left,eligible
1606847,30000000009328,001_control-group,0,right,eligible
1606850,30000000009328,001_control-group,1,left,eligible
1606851,30000000009328,001_control-group,1,right,eligible
1606854,30000000009328,001_control-group,2,left,eligible
1606855,30000000009328,001_control-group,2,right,eligible
1606858,30000000009328,001_control-group,3,left,eligible
1606859,30000000009328,001_control-group,3,right,eligible
1606862,30000000009328,001_control-group,4,left,eligible
1606863,30000000009328,001_control-group,4,right,eligible
1606866,30000000009328,001_control-group,5,left,eligible
1606867,30000000009328,001_control-group,5,right,eligible
1606870,30000000009328,001_control-group,6,left,eligible
1606871,30000000009328,001_control-group,6,right,eligible
1606874,30000000009328,001_control-group,7,left,eligible
1606875,30000000009328,001_control-group,7,right,eligible
1606878,30000000009328,001_control-group,8,left,eligible
1606879,30000000009328,001_control-group,8,right,eligible
1606882,30000000009328,001_control-group,9,left,eligible
1606883,30000000009328,001_control-group,9,right,eligible
1606886,30000000009328,001_control-group,10,left,eligible
1606887,30000000009328,001_control-group,10,right,eligible
1606890,30000000009328,001_control-group,11,left,eligible
1606891,30000000009328,001_control-group,11,right,eligible
1606894,30000000009328,001_control-group,12,left,eligible
1606895,30000000009328,001_control-group,12,right,eligible
1606898,30000000009328,001_control-group,13,left,eligible
1606899,30000000009328,001_control-group,13,right,eligible
1606902,30000000009328,001_control-group,14,left,eligible
1606903,30000000009328,001_control-group,14,right,eligible
1606906,30000000009328,001_control-group,15,left,eligible
1606907,30000000009328,001_control-group,15,right,eligible
1606910,30000000009328,001_control-group,16,left,eligible
1606911,30000000009328,001_control-group,16,right,eligible
1606914,30000000009328,001_control-group,17,left,eligible
1606915,30000000009328,001_control-group,17,right,eligible
1606918,30000000009328,001_control-group,18,left,eligible
1606919,30000000009328,001_control-group,18,right,eligible
1606922,30000000009328,001_control-group,19,left,eligible
1606923,30000000009328,001_control-group,19,right,eligible
1606926,30000000009328,001_control-group,20,left,eligible
1606927,30000000009328,001_control-group,20,right,eligible
1606930,30000000009328,001_control-group,21,left,eligible
1606931,30000000009328,001_control-group,21,right,eligible
1606934,30000000009328,001_control-group,22,left,eligible
1606935,30000000009328,001_control-group,22,right,eligible
1606938,30000000009328,001_control-group,23,left,eligible
1606939,30000000009328,001_control-group,23,right,eligible
1606942,30000000009328,001_control-group,24,left,eligible
1606943,30000000009328,001_control-group,24,right,eligible
1607146,30000000009334,001_control-group,0,left,eligible
1607147,30000000009334,001_control-group,0,right,eligible
1607150,30000000009334,001_control-group,1,left,eligible
1607151,30000000009334,001_control-group,1,right,eligible
1607154,30000000009334,001_control-group,2,left,eligible
1607155,30000000009334,001_control-group,2,right,eligible
1607158,30000000009334,001_control-group,3,left,eligible
1607159,30000000009334,001_control-group,3,right,eligible
1607162,30000000009334,001_control-group,4,left,eligible
1607163,30000000009334,001_control-group,4,right,eligible
1607166,30000000009334,001_control-group,5,left,eligible
1607167,30000000009334,001_control-group,5,right,eligible
1607170,30000000009334,001_control-group,6,left,eligible
1607171,30000000009334,001_control-group,6,right,eligible
1607174,30000000009334,001_control-group,7,left,eligible
1607175,30000000009334,001_control-group,7,right,eligible
1607178,30000000009334,001_control-group,8,left,eligible
1607179,30000000009334,001_control-group,8,right,eligible
1607182,30000000009334,001_control-group,9,left,eligible
1607183,30000000009334,001_control-group,9,right,eligible
1607186,30000000009334,001_control-group,10,left,eligible
1607187,30000000009334,001_control-group,10,right,eligible
1607190,30000000009334,001_control-group,11,left,eligible
1607191,30000000009334,001_control-group,11,right,eligible
1607194,30000000009334,001_control-group,12,left,eligible
1607195,30000000009334,001_control-group,12,right,eligible
1607198,30000000009334,001_control-group,13,left,eligible
1607199,30000000009334,001_control-group,13,right,eligible
1607202,30000000009334,001_control-group,14,left,eligible
1607203,30000000009334,001_control-group,14,right,eligible
1607206,30000000009334,001_control-group,15,left,eligible
1607207,30000000009334,001_control-group,15,right,eligible
1607210,30000000009334,001_control-group,16,left,eligible
1607211,30000000009334,001_control-group,16,right,eligible
1607214,30000000009334,001_control-group,17,left,eligible
1607215,30000000009334,001_control-group,17,right,eligible
1607218,30000000009334,001_control-group,18,left,eligible
1607219,30000000009334,001_control-group,18,right,eligible
1607222,30000000009334,001_control-group,19,left,eligible
1607223,30000000009334,001_control-group,19,right,eligible
1607226,30000000009334,001_control-group,20,left,eligible
1607227,30000000009334,001_control-group,20,right,eligible
1607230,30000000009334,001_control-group,21,left,eligible
1607231,30000000009334,001_control-group,21,right,insufficient_angle_coverage
1607234,30000000009334,001_control-group,22,left,insufficient_angle_coverage
1607235,30000000009334,001_control-group,22,right,insufficient_angle_coverage
1607238,30000000009334,001_control-group,23,left,eligible
1607239,30000000009334,001_control-group,23,right,eligible
1607242,30000000009334,001_control-group,24,left,eligible
1607243,30000000009334,001_control-group,24,right,insufficient_angle_coverage
1607446,30000000009340,001_control-group,0,left,eligible
1607447,30000000009340,001_control-group,0,right,eligible
1607450,30000000009340,001_control-group,1,left,eligible
1607451,30000000009340,001_control-group,1,right,eligible
1607454,30000000009340,001_control-group,2,left,eligible
1607455,30000000009340,001_control-group,2,right,eligible
1607458,30000000009340,001_control-group,3,left,eligible
1607459,30000000009340,001_control-group,3,right,eligible
1607462,30000000009340,001_control-group,4,left,eligible
1607463,30000000009340,001_control-group,4,right,eligible
1607466,30000000009340,001_control-group,5,left,eligible
1607467,30000000009340,001_control-group,5,right,eligible
1607470,30000000009340,001_control-group,6,left,eligible
1607471,30000000009340,001_control-group,6,right,eligible
1607474,30000000009340,001_control-group,7,left,eligible
1607475,30000000009340,001_control-group,7,right,eligible
1607478,30000000009340,001_control-group,8,left,eligible
1607479,30000000009340,001_control-group,8,right,eligible
1607482,30000000009340,001_control-group,9,left,eligible
1607483,30000000009340,001_control-group,9,right,eligible
1607486,30000000009340,001_control-group,10,left,eligible
1607487,30000000009340,001_control-group,10,right,eligible
1607490,30000000009340,001_control-group,11,left,eligible
1607491,30000000009340,001_control-group,11,right,eligible
1607494,30000000009340,001_control-group,12,left,eligible
1607495,30000000009340,001_control-group,12,right,eligible
1607498,30000000009340,001_control-group,13,left,eligible
1607499,30000000009340,001_control-group,13,right,eligible
1607502,30000000009340,001_control-group,14,left,eligible
1607503,30000000009340,001_control-group,14,right,eligible
1607506,30000000009340,001_control-group,15,left,eligible
1607507,30000000009340,001_control-group,15,right,eligible
1607510,30000000009340,001_control-group,16,left,eligible
1607511,30000000009340,001_control-group,16,right,eligible
1607514,30000000009340,001_control-group,17,left,eligible
1607515,30000000009340,001_control-group,17,right,eligible
1607518,30000000009340,001_control-group,18,left,eligible
1607519,30000000009340,001_control-group,18,right,eligible
1607522,30000000009340,001_control-group,19,left,eligible
1607523,30000000009340,001_control-group,19,right,eligible
1607526,30000000009340,001_control-group,20,left,eligible
1607527,30000000009340,001_control-group,20,right,eligible
1607530,30000000009340,001_control-group,21,left,eligible
1607531,30000000009340,001_control-group,21,right,eligible
1607534,30000000009340,001_control-group,22,left,eligible
1607535,30000000009340,001_control-group,22,right,eligible
1607538,30000000009340,001_control-group,23,left,eligible
1607539,30000000009340,001_control-group,23,right,eligible
1607542,30000000009340,001_control-group,24,left,eligible
1607543,30000000009340,001_control-group,24,right,eligible
1605244,30000000009297,101_used-upper-workpiece,0,left,eligible
1605245,30000000009297,101_used-upper-workpiece,0,right,eligible
1605248,30000000009297,101_used-upper-workpiece,1,left,eligible
1605249,30000000009297,101_used-upper-workpiece,1,right,eligible
1605252,30000000009297,101_used-upper-workpiece,2,left,eligible
1605253,30000000009297,101_used-upper-workpiece,2,right,eligible
1605256,30000000009297,101_used-upper-workpiece,3,left,eligible
1605257,30000000009297,101_used-upper-workpiece,3,right,eligible
1605260,30000000009297,101_used-upper-workpiece,4,left,eligible
1605261,30000000009297,101_used-upper-workpiece,4,right,eligible
1605264,30000000009297,101_used-upper-workpiece,5,left,eligible
1605265,30000000009297,101_used-upper-workpiece,5,right,eligible
1605268,30000000009297,101_used-upper-workpiece,6,left,eligible
1605269,30000000009297,101_used-upper-workpiece,6,right,eligible
1605272,30000000009297,101_used-upper-workpiece,7,left,eligible
1605273,30000000009297,101_used-upper-workpiece,7,right,eligible
1605276,30000000009297,101_used-upper-workpiece,8,left,eligible
1605277,30000000009297,101_used-upper-workpiece,8,right,eligible
1605280,30000000009297,101_used-upper-workpiece,9,left,eligible
1605281,30000000009297,101_used-upper-workpiece,9,right,eligible
1605284,30000000009297,101_used-upper-workpiece,10,left,eligible
1605285,30000000009297,101_used-upper-workpiece,10,right,eligible
1605288,30000000009297,101_used-upper-workpiece,11,left,eligible
1605289,30000000009297,101_used-upper-workpiece,11,right,eligible
1605292,30000000009297,101_used-upper-workpiece,12,left,eligible
1605293,30000000009297,101_used-upper-workpiece,12,right,eligible
1605296,30000000009297,101_used-upper-workpiece,13,left,eligible
1605297,30000000009297,101_used-upper-workpiece,13,right,eligible
1605300,30000000009297,101_used-upper-workpiece,14,left,eligible
1605301,30000000009297,101_used-upper-workpiece,14,right,eligible
1605304,30000000009297,101_used-upper-workpiece,15,left,eligible
1605305,30000000009297,101_used-upper-workpiece,15,right,eligible
1605308,30000000009297,101_used-upper-workpiece,16,left,eligible
1605309,30000000009297,101_used-upper-workpiece,16,right,eligible
1605312,30000000009297,101_used-upper-workpiece,17,left,eligible
1605313,30000000009297,101_used-upper-workpiece,17,right,eligible
1605316,30000000009297,101_used-upper-workpiece,18,left,eligible
1605317,30000000009297,101_used-upper-workpiece,18,right,eligible
1605320,30000000009297,101_used-upper-workpiece,19,left,eligible
1605321,30000000009297,101_used-upper-workpiece,19,right,eligible
1605324,30000000009297,101_used-upper-workpiece,20,left,eligible
1605325,30000000009297,101_used-upper-workpiece,20,right,eligible
1605328,30000000009297,101_used-upper-workpiece,21,left,eligible
1605329,30000000009297,101_used-upper-workpiece,21,right,eligible
1605332,30000000009297,101_used-upper-workpiece,22,left,eligible
1605333,30000000009297,101_used-upper-workpiece,22,right,eligible
1605336,30000000009297,101_used-upper-workpiece,23,left,eligible
1605337,30000000009297,101_used-upper-workpiece,23,right,eligible
1605340,30000000009297,101_used-upper-workpiece,24,left,eligible
1605341,30000000009297,101_used-upper-workpiece,24,right,eligible
1605444,30000000009301,101_used-upper-workpiece,0,left,eligible
1605445,30000000009301,101_used-upper-workpiece,0,right,eligible
1605448,30000000009301,101_used-upper-workpiece,1,left,eligible
1605449,30000000009301,101_used-upper-workpiece,1,right,eligible
1605452,30000000009301,101_used-upper-workpiece,2,left,eligible
1605453,30000000009301,101_used-upper-workpiece,2,right,eligible
1605456,30000000009301,101_used-upper-workpiece,3,left,eligible
1605457,30000000009301,101_used-upper-workpiece,3,right,eligible
1605460,30000000009301,101_used-upper-workpiece,4,left,eligible
1605461,30000000009301,101_used-upper-workpiece,4,right,eligible
1605464,30000000009301,101_used-upper-workpiece,5,left,eligible
1605465,30000000009301,101_used-upper-workpiece,5,right,eligible
1605468,30000000009301,101_used-upper-workpiece,6,left,eligible
1605469,30000000009301,101_used-upper-workpiece,6,right,eligible
1605472,30000000009301,101_used-upper-workpiece,7,left,eligible
1605473,30000000009301,101_used-upper-workpiece,7,right,eligible
1605476,30000000009301,101_used-upper-workpiece,8,left,eligible
1605477,30000000009301,101_used-upper-workpiece,8,right,eligible
1605480,30000000009301,101_used-upper-workpiece,9,left,eligible
1605481,30000000009301,101_used-upper-workpiece,9,right,eligible
1605484,30000000009301,101_used-upper-workpiece,10,left,eligible
1605485,30000000009301,101_used-upper-workpiece,10,right,eligible
1605488,30000000009301,101_used-upper-workpiece,11,left,eligible
1605489,30000000009301,101_used-upper-workpiece,11,right,eligible
1605492,30000000009301,101_used-upper-workpiece,12,left,eligible
1605493,30000000009301,101_used-upper-workpiece,12,right,eligible
1605496,30000000009301,101_used-upper-workpiece,13,left,eligible
1605497,30000000009301,101_used-upper-workpiece,13,right,eligible
1605500,30000000009301,101_used-upper-workpiece,14,left,eligible
1605501,30000000009301,101_used-upper-workpiece,14,right,eligible
1605504,30000000009301,101_used-upper-workpiece,15,left,eligible
1605505,30000000009301,101_used-upper-workpiece,15,right,eligible
1605508,30000000009301,101_used-upper-workpiece,16,left,eligible
1605509,30000000009301,101_used-upper-workpiece,16,right,eligible
1605512,30000000009301,101_used-upper-workpiece,17,left,eligible
1605513,30000000009301,101_used-upper-workpiece,17,right,eligible
1605516,30000000009301,101_used-upper-workpiece,18,left,eligible
1605517,30000000009301,101_used-upper-workpiece,18,right,eligible
1605520,30000000009301,101_used-upper-workpiece,19,left,eligible
1605521,30000000009301,101_used-upper-workpiece,19,right,eligible
1605524,30000000009301,101_used-upper-workpiece,20,left,eligible
1605525,30000000009301,101_used-upper-workpiece,20,right,eligible
1605528,30000000009301,101_used-upper-workpiece,21,left,eligible
1605529,30000000009301,101_used-upper-workpiece,21,right,eligible
1605532,30000000009301,101_used-upper-workpiece,22,left,eligible
1605533,30000000009301,101_used-upper-workpiece,22,right,eligible
1605536,30000000009301,101_used-upper-workpiece,23,left,eligible
1605537,30000000009301,101_used-upper-workpiece,23,right,eligible
1605540,30000000009301,101_used-upper-workpiece,24,left,eligible
1605541,30000000009301,101_used-upper-workpiece,24,right,eligible
1605644,30000000009305,101_used-upper-workpiece,0,left,eligible
1605645,30000000009305,101_used-upper-workpiece,0,right,eligible
1605648,30000000009305,101_used-upper-workpiece,1,left,eligible
1605649,30000000009305,101_used-upper-workpiece,1,right,eligible
1605652,30000000009305,101_used-upper-workpiece,2,left,eligible
1605653,30000000009305,101_used-upper-workpiece,2,right,eligible
1605656,30000000009305,101_used-upper-workpiece,3,left,eligible
1605657,30000000009305,101_used-upper-workpiece,3,right,eligible
1605660,30000000009305,101_used-upper-workpiece,4,left,eligible
1605661,30000000009305,101_used-upper-workpiece,4,right,eligible
1605664,30000000009305,101_used-upper-workpiece,5,left,eligible
1605665,30000000009305,101_used-upper-workpiece,5,right,eligible
1605668,30000000009305,101_used-upper-workpiece,6,left,eligible
1605669,30000000009305,101_used-upper-workpiece,6,right,eligible
1605672,30000000009305,101_used-upper-workpiece,7,left,eligible
1605673,30000000009305,101_used-upper-workpiece,7,right,eligible
1605676,30000000009305,101_used-upper-workpiece,8,left,eligible
1605677,30000000009305,101_used-upper-workpiece,8,right,eligible
1605680,30000000009305,101_used-upper-workpiece,9,left,eligible
1605681,30000000009305,101_used-upper-workpiece,9,right,eligible
1605684,30000000009305,101_used-upper-workpiece,10,left,eligible
1605685,30000000009305,101_used-upper-workpiece,10,right,eligible
1605688,30000000009305,101_used-upper-workpiece,11,left,eligible
1605689,30000000009305,101_used-upper-workpiece,11,right,eligible
1605692,30000000009305,101_used-upper-workpiece,12,left,eligible
1605693,30000000009305,101_used-upper-workpiece,12,right,eligible
1605696,30000000009305,101_used-upper-workpiece,13,left,eligible
1605697,30000000009305,101_used-upper-workpiece,13,right,eligible
1605700,30000000009305,101_used-upper-workpiece,14,left,eligible
1605701,30000000009305,101_used-upper-workpiece,14,right,eligible
1605704,30000000009305,101_used-upper-workpiece,15,left,eligible
1605705,30000000009305,101_used-upper-workpiece,15,right,eligible
1605708,30000000009305,101_used-upper-workpiece,16,left,eligible
1605709,30000000009305,101_used-upper-workpiece,16,right,eligible
1605712,30000000009305,101_used-upper-workpiece,17,left,eligible
1605713,30000000009305,101_used-upper-workpiece,17,right,eligible
1605716,30000000009305,101_used-upper-workpiece,18,left,eligible
1605717,30000000009305,101_used-upper-workpiece,18,right,eligible
1605720,30000000009305,101_used-upper-workpiece,19,left,eligible
1605721,30000000009305,101_used-upper-workpiece,19,right,eligible
1605724,30000000009305,101_used-upper-workpiece,20,left,eligible
1605725,30000000009305,101_used-upper-workpiece,20,right,eligible
1605728,30000000009305,101_used-upper-workpiece,21,left,eligible
1605729,30000000009305,101_used-upper-workpiece,21,right,eligible
1605732,30000000009305,101_used-upper-workpiece,22,left,eligible
1605733,30000000009305,101_used-upper-workpiece,22,right,eligible
1605736,30000000009305,101_used-upper-workpiece,23,left,eligible
1605737,30000000009305,101_used-upper-workpiece,23,right,eligible
1605740,30000000009305,101_used-upper-workpiece,24,left,eligible
1605741,30000000009305,101_used-upper-workpiece,24,right,eligible
1606144,30000000009315,101_used-upper-workpiece,0,left,eligible
1606145,30000000009315,101_used-upper-workpiece,0,right,eligible
1606148,30000000009315,101_used-upper-workpiece,1,left,eligible
1606149,30000000009315,101_used-upper-workpiece,1,right,eligible
1606152,30000000009315,101_used-upper-workpiece,2,left,eligible
1606153,30000000009315,101_used-upper-workpiece,2,right,eligible
1606156,30000000009315,101_used-upper-workpiece,3,left,eligible
1606157,30000000009315,101_used-upper-workpiece,3,right,eligible
1606160,30000000009315,101_used-upper-workpiece,4,left,eligible
1606161,30000000009315,101_used-upper-workpiece,4,right,eligible
1606164,30000000009315,101_used-upper-workpiece,5,left,eligible
1606165,30000000009315,101_used-upper-workpiece,5,right,eligible
1606168,30000000009315,101_used-upper-workpiece,6,left,eligible
1606169,30000000009315,101_used-upper-workpiece,6,right,eligible
1606172,30000000009315,101_used-upper-workpiece,7,left,eligible
1606173,30000000009315,101_used-upper-workpiece,7,right,eligible
1606176,30000000009315,101_used-upper-workpiece,8,left,eligible
1606177,30000000009315,101_used-upper-workpiece,8,right,eligible
1606180,30000000009315,101_used-upper-workpiece,9,left,eligible
1606181,30000000009315,101_used-upper-workpiece,9,right,eligible
1606184,30000000009315,101_used-upper-workpiece,10,left,eligible
1606185,30000000009315,101_used-upper-workpiece,10,right,eligible
1606188,30000000009315,101_used-upper-workpiece,11,left,eligible
1606189,30000000009315,101_used-upper-workpiece,11,right,eligible
1606192,30000000009315,101_used-upper-workpiece,12,left,eligible
1606193,30000000009315,101_used-upper-workpiece,12,right,eligible
1606196,30000000009315,101_used-upper-workpiece,13,left,eligible
1606197,30000000009315,101_used-upper-workpiece,13,right,eligible
1606200,30000000009315,101_used-upper-workpiece,14,left,eligible
1606201,30000000009315,101_used-upper-workpiece,14,right,eligible
1606204,30000000009315,101_used-upper-workpiece,15,left,eligible
1606205,30000000009315,101_used-upper-workpiece,15,right,eligible
1606208,30000000009315,101_used-upper-workpiece,16,left,eligible
1606209,30000000009315,101_used-upper-workpiece,16,right,eligible
1606212,30000000009315,101_used-upper-workpiece,17,left,eligible
1606213,30000000009315,101_used-upper-workpiece,17,right,eligible
1606216,30000000009315,101_used-upper-workpiece,18,left,eligible
1606217,30000000009315,101_used-upper-workpiece,18,right,eligible
1606220,30000000009315,101_used-upper-workpiece,19,left,eligible
1606221,30000000009315,101_used-upper-workpiece,19,right,eligible
1606224,30000000009315,101_used-upper-workpiece,20,left,eligible
1606225,30000000009315,101_used-upper-workpiece,20,right,eligible
1606228,30000000009315,101_used-upper-workpiece,21,left,eligible
1606229,30000000009315,101_used-upper-workpiece,21,right,eligible
1606232,30000000009315,101_used-upper-workpiece,22,left,eligible
1606233,30000000009315,101_used-upper-workpiece,22,right,eligible
1606236,30000000009315,101_used-upper-workpiece,23,left,eligible
1606237,30000000009315,101_used-upper-workpiece,23,right,eligible
1606240,30000000009315,101_used-upper-workpiece,24,left,eligible
1606241,30000000009315,101_used-upper-workpiece,24,right,eligible
1607348,30000000009339,101_used-upper-workpiece,0,left,eligible
1607349,30000000009339,101_used-upper-workpiece,0,right,eligible
1607352,30000000009339,101_used-upper-workpiece,1,left,eligible
1607353,30000000009339,101_used-upper-workpiece,1,right,eligible
1607356,30000000009339,101_used-upper-workpiece,2,left,eligible
1607357,30000000009339,101_used-upper-workpiece,2,right,eligible
1607360,30000000009339,101_used-upper-workpiece,3,left,eligible
1607361,30000000009339,101_used-upper-workpiece,3,right,eligible
1607364,30000000009339,101_used-upper-workpiece,4,left,eligible
1607365,30000000009339,101_used-upper-workpiece,4,right,eligible
1607368,30000000009339,101_used-upper-workpiece,5,left,eligible
1607369,30000000009339,101_used-upper-workpiece,5,right,eligible
1607372,30000000009339,101_used-upper-workpiece,6,left,eligible
1607373,30000000009339,101_used-upper-workpiece,6,right,eligible
1607376,30000000009339,101_used-upper-workpiece,7,left,eligible
1607377,30000000009339,101_used-upper-workpiece,7,right,eligible
1607380,30000000009339,101_used-upper-workpiece,8,left,eligible
1607381,30000000009339,101_used-upper-workpiece,8,right,eligible
1607384,30000000009339,101_used-upper-workpiece,9,left,eligible
1607385,30000000009339,101_used-upper-workpiece,9,right,eligible
1607388,30000000009339,101_used-upper-workpiece,10,left,eligible
1607389,30000000009339,101_used-upper-workpiece,10,right,eligible
1607392,30000000009339,101_used-upper-workpiece,11,left,eligible
1607393,30000000009339,101_used-upper-workpiece,11,right,eligible
1607396,30000000009339,101_used-upper-workpiece,12,left,eligible
1607397,30000000009339,101_used-upper-workpiece,12,right,eligible
1607400,30000000009339,101_used-upper-workpiece,13,left,eligible
1607401,30000000009339,101_used-upper-workpiece,13,right,eligible
1607404,30000000009339,101_used-upper-workpiece,14,left,eligible
1607405,30000000009339,101_used-upper-workpiece,14,right,eligible
1607408,30000000009339,101_used-upper-workpiece,15,left,eligible
1607409,30000000009339,101_used-upper-workpiece,15,right,eligible
1607412,30000000009339,101_used-upper-workpiece,16,left,eligible
1607413,30000000009339,101_used-upper-workpiece,16,right,eligible
1607416,30000000009339,101_used-upper-workpiece,17,left,eligible
1607417,30000000009339,101_used-upper-workpiece,17,right,eligible
1607420,30000000009339,101_used-upper-workpiece,18,left,eligible
1607421,30000000009339,101_used-upper-workpiece,18,right,eligible
1607424,30000000009339,101_used-upper-workpiece,19,left,eligible
1607425,30000000009339,101_used-upper-workpiece,19,right,eligible
1607428,30000000009339,101_used-upper-workpiece,20,left,insufficient_angle_coverage
1607429,30000000009339,101_used-upper-workpiece,20,right,eligible
1607432,30000000009339,101_used-upper-workpiece,21,left,eligible
1607433,30000000009339,101_used-upper-workpiece,21,right,insufficient_angle_coverage
1607436,30000000009339,101_used-upper-workpiece,22,left,eligible
1607437,30000000009339,101_used-upper-workpiece,22,right,eligible
1607440,30000000009339,101_used-upper-workpiece,23,left,eligible
1607441,30000000009339,101_used-upper-workpiece,23,right,eligible
1607444,30000000009339,101_used-upper-workpiece,24,left,eligible
1607445,30000000009339,101_used-upper-workpiece,24,right,eligible
1607948,30000000009351,101_used-upper-workpiece,0,left,eligible
1607949,30000000009351,101_used-upper-workpiece,0,right,eligible
1607952,30000000009351,101_used-upper-workpiece,1,left,eligible
1607953,30000000009351,101_used-upper-workpiece,1,right,eligible
1607956,30000000009351,101_used-upper-workpiece,2,left,eligible
1607957,30000000009351,101_used-upper-workpiece,2,right,eligible
1607960,30000000009351,101_used-upper-workpiece,3,left,eligible
1607961,30000000009351,101_used-upper-workpiece,3,right,eligible
1607964,30000000009351,101_used-upper-workpiece,4,left,eligible
1607965,30000000009351,101_used-upper-workpiece,4,right,eligible
1607968,30000000009351,101_used-upper-workpiece,5,left,eligible
1607969,30000000009351,101_used-upper-workpiece,5,right,eligible
1607972,30000000009351,101_used-upper-workpiece,6,left,eligible
1607973,30000000009351,101_used-upper-workpiece,6,right,eligible
1607976,30000000009351,101_used-upper-workpiece,7,left,eligible
1607977,30000000009351,101_used-upper-workpiece,7,right,eligible
1607980,30000000009351,101_used-upper-workpiece,8,left,eligible
1607981,30000000009351,101_used-upper-workpiece,8,right,eligible
1607984,30000000009351,101_used-upper-workpiece,9,left,eligible
1607985,30000000009351,101_used-upper-workpiece,9,right,eligible
1607988,30000000009351,101_used-upper-workpiece,10,left,eligible
1607989,30000000009351,101_used-upper-workpiece,10,right,eligible
1607992,30000000009351,101_used-upper-workpiece,11,left,eligible
1607993,30000000009351,101_used-upper-workpiece,11,right,eligible
1607996,30000000009351,101_used-upper-workpiece,12,left,eligible
1607997,30000000009351,101_used-upper-workpiece,12,right,eligible
1608000,30000000009351,101_used-upper-workpiece,13,left,eligible
1608001,30000000009351,101_used-upper-workpiece,13,right,eligible
1608004,30000000009351,101_used-upper-workpiece,14,left,eligible
1608005,30000000009351,101_used-upper-workpiece,14,right,eligible
1608008,30000000009351,101_used-upper-workpiece,15,left,eligible
1608009,30000000009351,101_used-upper-workpiece,15,right,eligible
1608012,30000000009351,101_used-upper-workpiece,16,left,eligible
1608013,30000000009351,101_used-upper-workpiece,16,right,eligible
1608016,30000000009351,101_used-upper-workpiece,17,left,eligible
1608017,30000000009351,101_used-upper-workpiece,17,right,eligible
1608020,30000000009351,101_used-upper-workpiece,18,left,eligible
1608021,30000000009351,101_used-upper-workpiece,18,right,eligible
1608024,30000000009351,101_used-upper-workpiece,19,left,eligible
1608025,30000000009351,101_used-upper-workpiece,19,right,eligible
1608028,30000000009351,101_used-upper-workpiece,20,left,eligible
1608029,30000000009351,101_used-upper-workpiece,20,right,eligible
1608032,30000000009351,101_used-upper-workpiece,21,left,eligible
1608033,30000000009351,101_used-upper-workpiece,21,right,eligible
1608036,30000000009351,101_used-upper-workpiece,22,left,eligible
1608037,30000000009351,101_used-upper-workpiece,22,right,eligible
1608040,30000000009351,101_used-upper-workpiece,23,left,eligible
1608041,30000000009351,101_used-upper-workpiece,23,right,eligible
1608044,30000000009351,101_used-upper-workpiece,24,left,eligible
1608045,30000000009351,101_used-upper-workpiece,24,right,eligible
1608148,30000000009355,101_used-upper-workpiece,0,left,eligible
1608149,30000000009355,101_used-upper-workpiece,0,right,eligible
1608152,30000000009355,101_used-upper-workpiece,1,left,eligible
1608153,30000000009355,101_used-upper-workpiece,1,right,eligible
1608156,30000000009355,101_used-upper-workpiece,2,left,eligible
1608157,30000000009355,101_used-upper-workpiece,2,right,eligible
1608160,30000000009355,101_used-upper-workpiece,3,left,eligible
1608161,30000000009355,101_used-upper-workpiece,3,right,eligible
1608164,30000000009355,101_used-upper-workpiece,4,left,eligible
1608165,30000000009355,101_used-upper-workpiece,4,right,eligible
1608168,30000000009355,101_used-upper-workpiece,5,left,eligible
1608169,30000000009355,101_used-upper-workpiece,5,right,eligible
1608172,30000000009355,101_used-upper-workpiece,6,left,eligible
1608173,30000000009355,101_used-upper-workpiece,6,right,eligible
1608176,30000000009355,101_used-upper-workpiece,7,left,eligible
1608177,30000000009355,101_used-upper-workpiece,7,right,eligible
1608180,30000000009355,101_used-upper-workpiece,8,left,eligible
1608181,30000000009355,101_used-upper-workpiece,8,right,eligible
1608184,30000000009355,101_used-upper-workpiece,9,left,eligible
1608185,30000000009355,101_used-upper-workpiece,9,right,eligible
1608188,30000000009355,101_used-upper-workpiece,10,left,eligible
1608189,30000000009355,101_used-upper-workpiece,10,right,eligible
1608192,30000000009355,101_used-upper-workpiece,11,left,eligible
1608193,30000000009355,101_used-upper-workpiece,11,right,eligible
1608196,30000000009355,101_used-upper-workpiece,12,left,eligible
1608197,30000000009355,101_used-upper-workpiece,12,right,eligible
1608200,30000000009355,101_used-upper-workpiece,13,left,eligible
1608201,30000000009355,101_used-upper-workpiece,13,right,eligible
1608204,30000000009355,101_used-upper-workpiece,14,left,eligible
1608205,30000000009355,101_used-upper-workpiece,14,right,eligible
1608208,30000000009355,101_used-upper-workpiece,15,left,eligible
1608209,30000000009355,101_used-upper-workpiece,15,right,eligible
1608212,30000000009355,101_used-upper-workpiece,16,left,eligible
1608213,30000000009355,101_used-upper-workpiece,16,right,eligible
1608216,30000000009355,101_used-upper-workpiece,17,left,eligible
1608217,30000000009355,101_used-upper-workpiece,17,right,eligible
1608220,30000000009355,101_used-upper-workpiece,18,left,eligible
1608221,30000000009355,101_used-upper-workpiece,18,right,eligible
1608224,30000000009355,101_used-upper-workpiece,19,left,eligible
1608225,30000000009355,101_used-upper-workpiece,19,right,eligible
1608228,30000000009355,101_used-upper-workpiece,20,left,eligible
1608229,30000000009355,101_used-upper-workpiece,20,right,eligible
1608232,30000000009355,101_used-upper-workpiece,21,left,eligible
1608233,30000000009355,101_used-upper-workpiece,21,right,eligible
1608236,30000000009355,101_used-upper-workpiece,22,left,eligible
1608237,30000000009355,101_used-upper-workpiece,22,right,eligible
1608240,30000000009355,101_used-upper-workpiece,23,left,insufficient_angle_coverage
1608241,30000000009355,101_used-upper-workpiece,23,right,eligible
1608244,30000000009355,101_used-upper-workpiece,24,left,insufficient_angle_coverage
1608245,30000000009355,101_used-upper-workpiece,24,right,eligible
1608248,30000000009357,101_used-upper-workpiece,0,left,eligible
1608249,30000000009357,101_used-upper-workpiece,0,right,eligible
1608252,30000000009357,101_used-upper-workpiece,1,left,eligible
1608253,30000000009357,101_used-upper-workpiece,1,right,eligible
1608256,30000000009357,101_used-upper-workpiece,2,left,eligible
1608257,30000000009357,101_used-upper-workpiece,2,right,eligible
1608260,30000000009357,101_used-upper-workpiece,3,left,eligible
1608261,30000000009357,101_used-upper-workpiece,3,right,eligible
1608264,30000000009357,101_used-upper-workpiece,4,left,eligible
1608265,30000000009357,101_used-upper-workpiece,4,right,eligible
1608268,30000000009357,101_used-upper-workpiece,5,left,eligible
1608269,30000000009357,101_used-upper-workpiece,5,right,eligible
1608272,30000000009357,101_used-upper-workpiece,6,left,eligible
1608273,30000000009357,101_used-upper-workpiece,6,right,eligible
1608276,30000000009357,101_used-upper-workpiece,7,left,eligible
1608277,30000000009357,101_used-upper-workpiece,7,right,eligible
1608280,30000000009357,101_used-upper-workpiece,8,left,eligible
1608281,30000000009357,101_used-upper-workpiece,8,right,eligible
1608284,30000000009357,101_used-upper-workpiece,9,left,eligible
1608285,30000000009357,101_used-upper-workpiece,9,right,eligible
1608288,30000000009357,101_used-upper-workpiece,10,left,eligible
1608289,30000000009357,101_used-upper-workpiece,10,right,eligible
1608292,30000000009357,101_used-upper-workpiece,11,left,eligible
1608293,30000000009357,101_used-upper-workpiece,11,right,eligible
1608296,30000000009357,101_used-upper-workpiece,12,left,eligible
1608297,30000000009357,101_used-upper-workpiece,12,right,eligible
1608300,30000000009357,101_used-upper-workpiece,13,left,eligible
1608301,30000000009357,101_used-upper-workpiece,13,right,eligible
1608304,30000000009357,101_used-upper-workpiece,14,left,eligible
1608305,30000000009357,101_used-upper-workpiece,14,right,eligible
1608308,30000000009357,101_used-upper-workpiece,15,left,eligible
1608309,30000000009357,101_used-upper-workpiece,15,right,eligible
1608312,30000000009357,101_used-upper-workpiece,16,left,eligible
1608313,30000000009357,101_used-upper-workpiece,16,right,insufficient_angle_coverage
1608316,30000000009357,101_used-upper-workpiece,17,left,eligible
1608317,30000000009357,101_used-upper-workpiece,17,right,eligible
1608320,30000000009357,101_used-upper-workpiece,18,left,eligible
1608321,30000000009357,101_used-upper-workpiece,18,right,eligible
1608324,30000000009357,101_used-upper-workpiece,19,left,eligible
1608325,30000000009357,101_used-upper-workpiece,19,right,eligible
1608328,30000000009357,101_used-upper-workpiece,20,left,eligible
1608329,30000000009357,101_used-upper-workpiece,20,right,eligible
1608332,30000000009357,101_used-upper-workpiece,21,left,eligible
1608333,30000000009357,101_used-upper-workpiece,21,right,eligible
1608336,30000000009357,101_used-upper-workpiece,22,left,eligible
1608337,30000000009357,101_used-upper-workpiece,22,right,eligible
1608340,30000000009357,101_used-upper-workpiece,23,left,eligible
1608341,30000000009357,101_used-upper-workpiece,23,right,eligible
1608344,30000000009357,101_used-upper-workpiece,24,left,eligible
1608345,30000000009357,101_used-upper-workpiece,24,right,eligible
1608348,30000000009359,101_used-upper-workpiece,0,left,eligible
1608349,30000000009359,101_used-upper-workpiece,0,right,eligible
1608352,30000000009359,101_used-upper-workpiece,1,left,eligible
1608353,30000000009359,101_used-upper-workpiece,1,right,eligible
1608356,30000000009359,101_used-upper-workpiece,2,left,eligible
1608357,30000000009359,101_used-upper-workpiece,2,right,eligible
1608360,30000000009359,101_used-upper-workpiece,3,left,eligible
1608361,30000000009359,101_used-upper-workpiece,3,right,eligible
1608364,30000000009359,101_used-upper-workpiece,4,left,eligible
1608365,30000000009359,101_used-upper-workpiece,4,right,eligible
1608368,30000000009359,101_used-upper-workpiece,5,left,eligible
1608369,30000000009359,101_used-upper-workpiece,5,right,eligible
1608372,30000000009359,101_used-upper-workpiece,6,left,eligible
1608373,30000000009359,101_used-upper-workpiece,6,right,eligible
1608376,30000000009359,101_used-upper-workpiece,7,left,eligible
1608377,30000000009359,101_used-upper-workpiece,7,right,eligible
1608380,30000000009359,101_used-upper-workpiece,8,left,eligible
1608381,30000000009359,101_used-upper-workpiece,8,right,eligible
1608384,30000000009359,101_used-upper-workpiece,9,left,eligible
1608385,30000000009359,101_used-upper-workpiece,9,right,eligible
1608388,30000000009359,101_used-upper-workpiece,10,left,eligible
1608389,30000000009359,101_used-upper-workpiece,10,right,eligible
1608392,30000000009359,101_used-upper-workpiece,11,left,eligible
1608393,30000000009359,101_used-upper-workpiece,11,right,eligible
1608396,30000000009359,101_used-upper-workpiece,12,left,eligible
1608397,30000000009359,101_used-upper-workpiece,12,right,eligible
1608400,30000000009359,101_used-upper-workpiece,13,left,eligible
1608401,30000000009359,101_used-upper-workpiece,13,right,eligible
1608404,30000000009359,101_used-upper-workpiece,14,left,eligible
1608405,30000000009359,101_used-upper-workpiece,14,right,eligible
1608408,30000000009359,101_used-upper-workpiece,15,left,eligible
1608409,30000000009359,101_used-upper-workpiece,15,right,eligible
1608412,30000000009359,101_used-upper-workpiece,16,left,eligible
1608413,30000000009359,101_used-upper-workpiece,16,right,eligible
1608416,30000000009359,101_used-upper-workpiece,17,left,eligible
1608417,30000000009359,101_used-upper-workpiece,17,right,eligible
1608420,30000000009359,101_used-upper-workpiece,18,left,eligible
1608421,30000000009359,101_used-upper-workpiece,18,right,eligible
1608424,30000000009359,101_used-upper-workpiece,19,left,eligible
1608425,30000000009359,101_used-upper-workpiece,19,right,eligible
1608428,30000000009359,101_used-upper-workpiece,20,left,eligible
1608429,30000000009359,101_used-upper-workpiece,20,right,eligible
1608432,30000000009359,101_used-upper-workpiece,21,left,eligible
1608433,30000000009359,101_used-upper-workpiece,21,right,eligible
1608436,30000000009359,101_used-upper-workpiece,22,left,eligible
1608437,30000000009359,101_used-upper-workpiece,22,right,eligible
1608440,30000000009359,101_used-upper-workpiece,23,left,eligible
1608441,30000000009359,101_used-upper-workpiece,23,right,eligible
1608444,30000000009359,101_used-upper-workpiece,24,left,eligible
1608445,30000000009359,101_used-upper-workpiece,24,right,eligible
1608448,30000000009361,101_used-upper-workpiece,0,left,eligible
1608449,30000000009361,101_used-upper-workpiece,0,right,eligible
1608452,30000000009361,101_used-upper-workpiece,1,left,eligible
1608453,30000000009361,101_used-upper-workpiece,1,right,eligible
1608456,30000000009361,101_used-upper-workpiece,2,left,eligible
1608457,30000000009361,101_used-upper-workpiece,2,right,eligible
1608460,30000000009361,101_used-upper-workpiece,3,left,eligible
1608461,30000000009361,101_used-upper-workpiece,3,right,eligible
1608464,30000000009361,101_used-upper-workpiece,4,left,eligible
1608465,30000000009361,101_used-upper-workpiece,4,right,eligible
1608468,30000000009361,101_used-upper-workpiece,5,left,eligible
1608469,30000000009361,101_used-upper-workpiece,5,right,eligible
1608472,30000000009361,101_used-upper-workpiece,6,left,eligible
1608473,30000000009361,101_used-upper-workpiece,6,right,eligible
1608476,30000000009361,101_used-upper-workpiece,7,left,eligible
1608477,30000000009361,101_used-upper-workpiece,7,right,eligible
1608480,30000000009361,101_used-upper-workpiece,8,left,eligible
1608481,30000000009361,101_used-upper-workpiece,8,right,eligible
1608484,30000000009361,101_used-upper-workpiece,9,left,eligible
1608485,30000000009361,101_used-upper-workpiece,9,right,eligible
1608488,30000000009361,101_used-upper-workpiece,10,left,eligible
1608489,30000000009361,101_used-upper-workpiece,10,right,eligible
1608492,30000000009361,101_used-upper-workpiece,11,left,eligible
1608493,30000000009361,101_used-upper-workpiece,11,right,eligible
1608496,30000000009361,101_used-upper-workpiece,12,left,eligible
1608497,30000000009361,101_used-upper-workpiece,12,right,eligible
1608500,30000000009361,101_used-upper-workpiece,13,left,eligible
1608501,30000000009361,101_used-upper-workpiece,13,right,eligible
1608504,30000000009361,101_used-upper-workpiece,14,left,eligible
1608505,30000000009361,101_used-upper-workpiece,14,right,eligible
1608508,30000000009361,101_used-upper-workpiece,15,left,eligible
1608509,30000000009361,101_used-upper-workpiece,15,right,eligible
1608512,30000000009361,101_used-upper-workpiece,16,left,eligible
1608513,30000000009361,101_used-upper-workpiece,16,right,eligible
1608516,30000000009361,101_used-upper-workpiece,17,left,eligible
1608517,30000000009361,101_used-upper-workpiece,17,right,eligible
1608520,30000000009361,101_used-upper-workpiece,18,left,eligible
1608521,30000000009361,101_used-upper-workpiece,18,right,eligible
1608524,30000000009361,101_used-upper-workpiece,19,left,eligible
1608525,30000000009361,101_used-upper-workpiece,19,right,insufficient_angle_coverage
1608528,30000000009361,101_used-upper-workpiece,20,left,eligible
1608529,30000000009361,101_used-upper-workpiece,20,right,eligible
1608532,30000000009361,101_used-upper-workpiece,21,left,eligible
1608533,30000000009361,101_used-upper-workpiece,21,right,eligible
1608536,30000000009361,101_used-upper-workpiece,22,left,eligible
1608537,30000000009361,101_used-upper-workpiece,22,right,eligible
1608540,30000000009361,101_used-upper-workpiece,23,left,eligible
1608541,30000000009361,101_used-upper-workpiece,23,right,eligible
1608544,30000000009361,101_used-upper-workpiece,24,left,insufficient_angle_coverage
1608545,30000000009361,101_used-upper-workpiece,24,right,eligible
1618164,30000000009899,201_lubricant-water,0,left,eligible
1618165,30000000009899,201_lubricant-water,0,right,eligible
1618168,30000000009899,201_lubricant-water,1,left,eligible
1618169,30000000009899,201_lubricant-water,1,right,eligible
1618172,30000000009899,201_lubricant-water,2,left,eligible
1618173,30000000009899,201_lubricant-water,2,right,eligible
1618176,30000000009899,201_lubricant-water,3,left,eligible
1618177,30000000009899,201_lubricant-water,3,right,eligible
1618180,30000000009899,201_lubricant-water,4,left,eligible
1618181,30000000009899,201_lubricant-water,4,right,eligible
1618184,30000000009899,201_lubricant-water,5,left,eligible
1618185,30000000009899,201_lubricant-water,5,right,eligible
1618188,30000000009899,201_lubricant-water,6,left,eligible
1618189,30000000009899,201_lubricant-water,6,right,eligible
1618192,30000000009899,201_lubricant-water,7,left,eligible
1618193,30000000009899,201_lubricant-water,7,right,eligible
1618196,30000000009899,201_lubricant-water,8,left,eligible
1618197,30000000009899,201_lubricant-water,8,right,eligible
1618200,30000000009899,201_lubricant-water,9,left,eligible
1618201,30000000009899,201_lubricant-water,9,right,eligible
1618204,30000000009899,201_lubricant-water,10,left,eligible
1618205,30000000009899,201_lubricant-water,10,right,eligible
1618208,30000000009899,201_lubricant-water,11,left,eligible
1618209,30000000009899,201_lubricant-water,11,right,eligible
1618212,30000000009899,201_lubricant-water,12,left,eligible
1618213,30000000009899,201_lubricant-water,12,right,eligible
1618216,30000000009899,201_lubricant-water,13,left,eligible
1618217,30000000009899,201_lubricant-water,13,right,eligible
1618220,30000000009899,201_lubricant-water,14,left,eligible
1618221,30000000009899,201_lubricant-water,14,right,eligible
1618224,30000000009899,201_lubricant-water,15,left,eligible
1618225,30000000009899,201_lubricant-water,15,right,eligible
1618228,30000000009899,201_lubricant-water,16,left,eligible
1618229,30000000009899,201_lubricant-water,16,right,eligible
1618232,30000000009899,201_lubricant-water,17,left,eligible
1618233,30000000009899,201_lubricant-water,17,right,eligible
1618236,30000000009899,201_lubricant-water,18,left,eligible
1618237,30000000009899,201_lubricant-water,18,right,eligible
1618240,30000000009899,201_lubricant-water,19,left,eligible
1618241,30000000009899,201_lubricant-water,19,right,eligible
1618244,30000000009899,201_lubricant-water,20,left,eligible
1618245,30000000009899,201_lubricant-water,20,right,eligible
1618248,30000000009899,201_lubricant-water,21,left,eligible
1618249,30000000009899,201_lubricant-water,21,right,eligible
1618252,30000000009899,201_lubricant-water,22,left,eligible
1618253,30000000009899,201_lubricant-water,22,right,eligible
1618256,30000000009899,201_lubricant-water,23,left,eligible
1618257,30000000009899,201_lubricant-water,23,right,eligible
1618260,30000000009899,201_lubricant-water,24,left,eligible
1618261,30000000009899,201_lubricant-water,24,right,eligible
1618264,30000000009901,201_lubricant-water,0,left,eligible
1618265,30000000009901,201_lubricant-water,0,right,eligible
1618266,30000000009902,201_lubricant-water,0,left,eligible
1618267,30000000009902,201_lubricant-water,0,right,eligible
1618268,30000000009901,201_lubricant-water,1,left,eligible
1618269,30000000009901,201_lubricant-water,1,right,eligible
1618270,30000000009902,201_lubricant-water,1,left,eligible
1618271,30000000009902,201_lubricant-water,1,right,eligible
1618272,30000000009901,201_lubricant-water,2,left,eligible
1618273,30000000009901,201_lubricant-water,2,right,eligible
1618274,30000000009902,201_lubricant-water,2,left,eligible
1618275,30000000009902,201_lubricant-water,2,right,eligible
1618276,30000000009901,201_lubricant-water,3,left,eligible
1618277,30000000009901,201_lubricant-water,3,right,eligible
1618278,30000000009902,201_lubricant-water,3,left,eligible
1618279,30000000009902,201_lubricant-water,3,right,eligible
1618280,30000000009901,201_lubricant-water,4,left,eligible
1618281,30000000009901,201_lubricant-water,4,right,eligible
1618282,30000000009902,201_lubricant-water,4,left,eligible
1618283,30000000009902,201_lubricant-water,4,right,eligible
1618284,30000000009901,201_lubricant-water,5,left,eligible
1618285,30000000009901,201_lubricant-water,5,right,eligible
1618286,30000000009902,201_lubricant-water,5,left,eligible
1618287,30000000009902,201_lubricant-water,5,right,eligible
1618288,30000000009901,201_lubricant-water,6,left,eligible
1618289,30000000009901,201_lubricant-water,6,right,eligible
1618290,30000000009902,201_lubricant-water,6,left,eligible
1618291,30000000009902,201_lubricant-water,6,right,eligible
1618292,30000000009901,201_lubricant-water,7,left,eligible
1618293,30000000009901,201_lubricant-water,7,right,eligible
1618294,30000000009902,201_lubricant-water,7,left,eligible
1618295,30000000009902,201_lubricant-water,7,right,eligible
1618296,30000000009901,201_lubricant-water,8,left,eligible
1618297,30000000009901,201_lubricant-water,8,right,eligible
1618298,30000000009902,201_lubricant-water,8,left,eligible
1618299,30000000009902,201_lubricant-water,8,right,eligible
1618300,30000000009901,201_lubricant-water,9,left,eligible
1618301,30000000009901,201_lubricant-water,9,right,eligible
1618302,30000000009902,201_lubricant-water,9,left,eligible
1618303,30000000009902,201_lubricant-water,9,right,eligible
1618304,30000000009901,201_lubricant-water,10,left,eligible
1618305,30000000009901,201_lubricant-water,10,right,eligible
1618306,30000000009902,201_lubricant-water,10,left,eligible
1618307,30000000009902,201_lubricant-water,10,right,eligible
1618308,30000000009901,201_lubricant-water,11,left,eligible
1618309,30000000009901,201_lubricant-water,11,right,eligible
1618310,30000000009902,201_lubricant-water,11,left,eligible
1618311,30000000009902,201_lubricant-water,11,right,eligible
1618312,30000000009901,201_lubricant-water,12,left,eligible
1618313,30000000009901,201_lubricant-water,12,right,eligible
1618314,30000000009902,201_lubricant-water,12,left,eligible
1618315,30000000009902,201_lubricant-water,12,right,eligible
1618316,30000000009901,201_lubricant-water,13,left,eligible
1618317,30000000009901,201_lubricant-water,13,right,eligible
1618318,30000000009902,201_lubricant-water,13,left,eligible
1618319,30000000009902,201_lubricant-water,13,right,eligible
1618320,30000000009901,201_lubricant-water,14,left,eligible
1618321,30000000009901,201_lubricant-water,14,right,eligible
1618322,30000000009902,201_lubricant-water,14,left,eligible
1618323,30000000009902,201_lubricant-water,14,right,eligible
1618324,30000000009901,201_lubricant-water,15,left,eligible
1618325,30000000009901,201_lubricant-water,15,right,eligible
1618326,30000000009902,201_lubricant-water,15,left,eligible
1618327,30000000009902,201_lubricant-water,15,right,eligible
1618328,30000000009901,201_lubricant-water,16,left,eligible
1618329,30000000009901,201_lubricant-water,16,right,eligible
1618330,30000000009902,201_lubricant-water,16,left,eligible
1618331,30000000009902,201_lubricant-water,16,right,eligible
1618332,30000000009901,201_lubricant-water,17,left,eligible
1618333,30000000009901,201_lubricant-water,17,right,eligible
1618334,30000000009902,201_lubricant-water,17,left,eligible
1618335,30000000009902,201_lubricant-water,17,right,eligible
1618336,30000000009901,201_lubricant-water,18,left,eligible
1618337,30000000009901,201_lubricant-water,18,right,eligible
1618338,30000000009902,201_lubricant-water,18,left,eligible
1618339,30000000009902,201_lubricant-water,18,right,eligible
1618340,30000000009901,201_lubricant-water,19,left,eligible
1618341,30000000009901,201_lubricant-water,19,right,eligible
1618342,30000000009902,201_lubricant-water,19,left,eligible
1618343,30000000009902,201_lubricant-water,19,right,eligible
1618344,30000000009901,201_lubricant-water,20,left,eligible
1618345,30000000009901,201_lubricant-water,20,right,eligible
1618346,30000000009902,201_lubricant-water,20,left,eligible
1618347,30000000009902,201_lubricant-water,20,right,eligible
1618348,30000000009901,201_lubricant-water,21,left,eligible
1618349,30000000009901,201_lubricant-water,21,right,eligible
1618350,30000000009902,201_lubricant-water,21,left,eligible
1618351,30000000009902,201_lubricant-water,21,right,eligible
1618352,30000000009901,201_lubricant-water,22,left,eligible
1618353,30000000009901,201_lubricant-water,22,right,eligible
1618354,30000000009902,201_lubricant-water,22,left,eligible
1618355,30000000009902,201_lubricant-water,22,right,eligible
1618356,30000000009901,201_lubricant-water,23,left,eligible
1618357,30000000009901,201_lubricant-water,23,right,eligible
1618358,30000000009902,201_lubricant-water,23,left,eligible
1618359,30000000009902,201_lubricant-water,23,right,eligible
1618360,30000000009901,201_lubricant-water,24,left,eligible
1618361,30000000009901,201_lubricant-water,24,right,eligible
1618362,30000000009902,201_lubricant-water,24,left,eligible
1618363,30000000009902,201_lubricant-water,24,right,eligible
1618766,30000000009912,201_lubricant-water,0,left,eligible
1618767,30000000009912,201_lubricant-water,0,right,eligible
1618770,30000000009912,201_lubricant-water,1,left,eligible
1618771,30000000009912,201_lubricant-water,1,right,eligible
1618774,30000000009912,201_lubricant-water,2,left,eligible
1618775,30000000009912,201_lubricant-water,2,right,eligible
1618778,30000000009912,201_lubricant-water,3,left,eligible
1618779,30000000009912,201_lubricant-water,3,right,eligible
1618782,30000000009912,201_lubricant-water,4,left,eligible
1618783,30000000009912,201_lubricant-water,4,right,eligible
1618786,30000000009912,201_lubricant-water,5,left,eligible
1618787,30000000009912,201_lubricant-water,5,right,eligible
1618790,30000000009912,201_lubricant-water,6,left,eligible
1618791,30000000009912,201_lubricant-water,6,right,eligible
1618794,30000000009912,201_lubricant-water,7,left,eligible
1618795,30000000009912,201_lubricant-water,7,right,eligible
1618798,30000000009912,201_lubricant-water,8,left,eligible
1618799,30000000009912,201_lubricant-water,8,right,eligible
1618802,30000000009912,201_lubricant-water,9,left,eligible
1618803,30000000009912,201_lubricant-water,9,right,'Thread forming'
1618806,30000000009912,201_lubricant-water,10,left,eligible
1618807,30000000009912,201_lubricant-water,10,right,eligible
1618810,30000000009912,201_lubricant-water,11,left,eligible
1618811,30000000009912,201_lubricant-water,11,right,eligible
1618814,30000000009912,201_lubricant-water,12,left,eligible
1618815,30000000009912,201_lubricant-water,12,right,eligible
1618818,30000000009912,201_lubricant-water,13,left,eligible
1618819,30000000009912,201_lubricant-water,13,right,eligible
1618822,30000000009912,201_lubricant-water,14,left,eligible
1618823,30000000009912,201_lubricant-water,14,right,eligible
1618826,30000000009912,201_lubricant-water,15,left,eligible
1618827,30000000009912,201_lubricant-water,15,right,eligible
1618830,30000000009912,201_lubricant-water,16,left,eligible
1618831,30000000009912,201_lubricant-water,16,right,eligible
1618834,30000000009912,201_lubricant-water,17,left,eligible
1618835,30000000009912,201_lubricant-water,17,right,eligible
1618838,30000000009912,201_lubricant-water,18,left,eligible
1618839,30000000009912,201_lubricant-water,18,right,eligible
1618842,30000000009912,201_lubricant-water,19,left,eligible
1618843,30000000009912,201_lubricant-water,19,right,eligible
1618846,30000000009912,201_lubricant-water,20,left,eligible
1618847,30000000009912,201_lubricant-water,20,right,eligible
1618850,30000000009912,201_lubricant-water,21,left,eligible
1618851,30000000009912,201_lubricant-water,21,right,eligible
1618854,30000000009912,201_lubricant-water,22,left,eligible
1618855,30000000009912,201_lubricant-water,22,right,eligible
1618858,30000000009912,201_lubricant-water,23,left,eligible
1618859,30000000009912,201_lubricant-water,23,right,eligible
1618862,30000000009912,201_lubricant-water,24,left,eligible
1618863,30000000009912,201_lubricant-water,24,right,eligible
1619164,30000000009919,201_lubricant-water,0,left,eligible
1619165,30000000009919,201_lubricant-water,0,right,eligible
1619168,30000000009919,201_lubricant-water,1,left,eligible
1619169,30000000009919,201_lubricant-water,1,right,eligible
1619172,30000000009919,201_lubricant-water,2,left,eligible
1619173,30000000009919,201_lubricant-water,2,right,eligible
1619176,30000000009919,201_lubricant-water,3,left,eligible
1619177,30000000009919,201_lubricant-water,3,right,eligible
1619180,30000000009919,201_lubricant-water,4,left,eligible
1619181,30000000009919,201_lubricant-water,4,right,eligible
1619184,30000000009919,201_lubricant-water,5,left,eligible
1619185,30000000009919,201_lubricant-water,5,right,eligible
1619188,30000000009919,201_lubricant-water,6,left,eligible
1619189,30000000009919,201_lubricant-water,6,right,eligible
1619192,30000000009919,201_lubricant-water,7,left,eligible
1619193,30000000009919,201_lubricant-water,7,right,eligible
1619196,30000000009919,201_lubricant-water,8,left,eligible
1619197,30000000009919,201_lubricant-water,8,right,eligible
1619200,30000000009919,201_lubricant-water,9,left,eligible
1619201,30000000009919,201_lubricant-water,9,right,eligible
1619204,30000000009919,201_lubricant-water,10,left,eligible
1619205,30000000009919,201_lubricant-water,10,right,eligible
1619208,30000000009919,201_lubricant-water,11,left,eligible
1619209,30000000009919,201_lubricant-water,11,right,eligible
1619212,30000000009919,201_lubricant-water,12,left,eligible
1619213,30000000009919,201_lubricant-water,12,right,eligible
1619216,30000000009919,201_lubricant-water,13,left,eligible
1619217,30000000009919,201_lubricant-water,13,right,eligible
1619220,30000000009919,201_lubricant-water,14,left,eligible
1619221,30000000009919,201_lubricant-water,14,right,eligible
1619224,30000000009919,201_lubricant-water,15,left,eligible
1619225,30000000009919,201_lubricant-water,15,right,eligible
1619228,30000000009919,201_lubricant-water,16,left,eligible
1619229,30000000009919,201_lubricant-water,16,right,eligible
1619232,30000000009919,201_lubricant-water,17,left,eligible
1619233,30000000009919,201_lubricant-water,17,right,eligible
1619236,30000000009919,201_lubricant-water,18,left,eligible
1619237,30000000009919,201_lubricant-water,18,right,eligible
1619240,30000000009919,201_lubricant-water,19,left,eligible
1619241,30000000009919,201_lubricant-water,19,right,eligible
1619244,30000000009919,201_lubricant-water,20,left,eligible
1619245,30000000009919,201_lubricant-water,20,right,eligible
1619248,30000000009919,201_lubricant-water,21,left,eligible
1619249,30000000009919,201_lubricant-water,21,right,eligible
1619252,30000000009919,201_lubricant-water,22,left,eligible
1619253,30000000009919,201_lubricant-water,22,right,eligible
1619256,30000000009919,201_lubricant-water,23,left,eligible
1619257,30000000009919,201_lubricant-water,23,right,eligible
1619260,30000000009919,201_lubricant-water,24,left,eligible
1619261,30000000009919,201_lubricant-water,24,right,eligible
1608648,30000000009365,202_lubricant-oil-based,0,left,eligible
1608649,30000000009365,202_lubricant-oil-based,0,right,eligible
1608652,30000000009365,202_lubricant-oil-based,1,left,eligible
1608653,30000000009365,202_lubricant-oil-based,1,right,eligible
1608656,30000000009365,202_lubricant-oil-based,2,left,eligible
1608657,30000000009365,202_lubricant-oil-based,2,right,eligible
1608660,30000000009365,202_lubricant-oil-based,3,left,eligible
1608661,30000000009365,202_lubricant-oil-based,3,right,eligible
1608664,30000000009365,202_lubricant-oil-based,4,left,eligible
1608665,30000000009365,202_lubricant-oil-based,4,right,eligible
1608668,30000000009365,202_lubricant-oil-based,5,left,eligible
1608669,30000000009365,202_lubricant-oil-based,5,right,eligible
1608672,30000000009365,202_lubricant-oil-based,6,left,eligible
1608673,30000000009365,202_lubricant-oil-based,6,right,eligible
1608676,30000000009365,202_lubricant-oil-based,7,left,eligible
1608677,30000000009365,202_lubricant-oil-based,7,right,eligible
1608680,30000000009365,202_lubricant-oil-based,8,left,eligible
1608681,30000000009365,202_lubricant-oil-based,8,right,eligible
1608684,30000000009365,202_lubricant-oil-based,9,left,eligible
1608685,30000000009365,202_lubricant-oil-based,9,right,eligible
1608688,30000000009365,202_lubricant-oil-based,10,left,eligible
1608689,30000000009365,202_lubricant-oil-based,10,right,eligible
1608692,30000000009365,202_lubricant-oil-based,11,left,eligible
1608693,30000000009365,202_lubricant-oil-based,11,right,eligible
1608696,30000000009365,202_lubricant-oil-based,12,left,eligible
1608697,30000000009365,202_lubricant-oil-based,12,right,eligible
1608700,30000000009365,202_lubricant-oil-based,13,left,eligible
1608701,30000000009365,202_lubricant-oil-based,13,right,eligible
1608704,30000000009365,202_lubricant-oil-based,14,left,eligible
1608705,30000000009365,202_lubricant-oil-based,14,right,eligible
1608708,30000000009365,202_lubricant-oil-based,15,left,eligible
1608709,30000000009365,202_lubricant-oil-based,15,right,eligible
1608712,30000000009365,202_lubricant-oil-based,16,left,eligible
1608713,30000000009365,202_lubricant-oil-based,16,right,eligible
1608716,30000000009365,202_lubricant-oil-based,17,left,eligible
1608717,30000000009365,202_lubricant-oil-based,17,right,eligible
1608720,30000000009365,202_lubricant-oil-based,18,left,eligible
1608721,30000000009365,202_lubricant-oil-based,18,right,eligible
1608724,30000000009365,202_lubricant-oil-based,19,left,eligible
1608725,30000000009365,202_lubricant-oil-based,19,right,eligible
1608728,30000000009365,202_lubricant-oil-based,20,left,eligible
1608729,30000000009365,202_lubricant-oil-based,20,right,eligible
1608732,30000000009365,202_lubricant-oil-based,21,left,eligible
1608733,30000000009365,202_lubricant-oil-based,21,right,eligible
1608736,30000000009365,202_lubricant-oil-based,22,left,eligible
1608737,30000000009365,202_lubricant-oil-based,22,right,eligible
1608740,30000000009365,202_lubricant-oil-based,23,left,eligible
1608741,30000000009365,202_lubricant-oil-based,23,right,eligible
1608744,30000000009365,202_lubricant-oil-based,24,left,eligible
1608745,30000000009365,202_lubricant-oil-based,24,right,eligible
1608946,30000000009370,202_lubricant-oil-based,0,left,eligible
1608947,30000000009370,202_lubricant-oil-based,0,right,eligible
1608950,30000000009370,202_lubricant-oil-based,1,left,eligible
1608951,30000000009370,202_lubricant-oil-based,1,right,eligible
1608954,30000000009370,202_lubricant-oil-based,2,left,eligible
1608955,30000000009370,202_lubricant-oil-based,2,right,eligible
1608958,30000000009370,202_lubricant-oil-based,3,left,eligible
1608959,30000000009370,202_lubricant-oil-based,3,right,eligible
1608962,30000000009370,202_lubricant-oil-based,4,left,eligible
1608963,30000000009370,202_lubricant-oil-based,4,right,eligible
1608966,30000000009370,202_lubricant-oil-based,5,left,eligible
1608967,30000000009370,202_lubricant-oil-based,5,right,eligible
1608970,30000000009370,202_lubricant-oil-based,6,left,eligible
1608971,30000000009370,202_lubricant-oil-based,6,right,eligible
1608974,30000000009370,202_lubricant-oil-based,7,left,eligible
1608975,30000000009370,202_lubricant-oil-based,7,right,eligible
1608978,30000000009370,202_lubricant-oil-based,8,left,eligible
1608979,30000000009370,202_lubricant-oil-based,8,right,eligible
1608982,30000000009370,202_lubricant-oil-based,9,left,eligible
1608983,30000000009370,202_lubricant-oil-based,9,right,eligible
1608986,30000000009370,202_lubricant-oil-based,10,left,eligible
1608987,30000000009370,202_lubricant-oil-based,10,right,eligible
1608990,30000000009370,202_lubricant-oil-based,11,left,eligible
1608991,30000000009370,202_lubricant-oil-based,11,right,eligible
1608994,30000000009370,202_lubricant-oil-based,12,left,eligible
1608995,30000000009370,202_lubricant-oil-based,12,right,eligible
1608998,30000000009370,202_lubricant-oil-based,13,left,eligible
1608999,30000000009370,202_lubricant-oil-based,13,right,eligible
1609002,30000000009370,202_lubricant-oil-based,14,left,eligible
1609003,30000000009370,202_lubricant-oil-based,14,right,eligible
1609006,30000000009370,202_lubricant-oil-based,15,left,eligible
1609007,30000000009370,202_lubricant-oil-based,15,right,eligible
1609010,30000000009370,202_lubricant-oil-based,16,left,eligible
1609011,30000000009370,202_lubricant-oil-based,16,right,eligible
1609014,30000000009370,202_lubricant-oil-based,17,left,eligible
1609015,30000000009370,202_lubricant-oil-based,17,right,eligible
1609018,30000000009370,202_lubricant-oil-based,18,left,eligible
1609019,30000000009370,202_lubricant-oil-based,18,right,eligible
1609022,30000000009370,202_lubricant-oil-based,19,left,eligible
1609023,30000000009370,202_lubricant-oil-based,19,right,eligible
1609026,30000000009370,202_lubricant-oil-based,20,left,eligible
1609027,30000000009370,202_lubricant-oil-based,20,right,eligible
1609030,30000000009370,202_lubricant-oil-based,21,left,eligible
1609031,30000000009370,202_lubricant-oil-based,21,right,eligible
1609034,30000000009370,202_lubricant-oil-based,22,left,eligible
1609035,30000000009370,202_lubricant-oil-based,22,right,eligible
1609038,30000000009370,202_lubricant-oil-based,23,left,eligible
1609039,30000000009370,202_lubricant-oil-based,23,right,eligible
1609042,30000000009370,202_lubricant-oil-based,24,left,eligible
1609043,30000000009370,202_lubricant-oil-based,24,right,eligible
1609046,30000000009372,202_lubricant-oil-based,0,left,eligible
1609047,30000000009372,202_lubricant-oil-based,0,right,eligible
1609050,30000000009372,202_lubricant-oil-based,1,left,eligible
1609051,30000000009372,202_lubricant-oil-based,1,right,eligible
1609054,30000000009372,202_lubricant-oil-based,2,left,eligible
1609055,30000000009372,202_lubricant-oil-based,2,right,eligible
1609058,30000000009372,202_lubricant-oil-based,3,left,eligible
1609059,30000000009372,202_lubricant-oil-based,3,right,eligible
1609062,30000000009372,202_lubricant-oil-based,4,left,eligible
1609063,30000000009372,202_lubricant-oil-based,4,right,eligible
1609066,30000000009372,202_lubricant-oil-based,5,left,eligible
1609067,30000000009372,202_lubricant-oil-based,5,right,eligible
1609070,30000000009372,202_lubricant-oil-based,6,left,eligible
1609071,30000000009372,202_lubricant-oil-based,6,right,eligible
1609074,30000000009372,202_lubricant-oil-based,7,left,eligible
1609075,30000000009372,202_lubricant-oil-based,7,right,eligible
1609078,30000000009372,202_lubricant-oil-based,8,left,eligible
1609079,30000000009372,202_lubricant-oil-based,8,right,eligible
1609082,30000000009372,202_lubricant-oil-based,9,left,eligible
1609083,30000000009372,202_lubricant-oil-based,9,right,eligible
1609086,30000000009372,202_lubricant-oil-based,10,left,eligible
1609087,30000000009372,202_lubricant-oil-based,10,right,eligible
1609090,30000000009372,202_lubricant-oil-based,11,left,eligible
1609091,30000000009372,202_lubricant-oil-based,11,right,eligible
1609094,30000000009372,202_lubricant-oil-based,12,left,eligible
1609095,30000000009372,202_lubricant-oil-based,12,right,eligible
1609098,30000000009372,202_lubricant-oil-based,13,left,eligible
1609099,30000000009372,202_lubricant-oil-based,13,right,eligible
1609102,30000000009372,202_lubricant-oil-based,14,left,eligible
1609103,30000000009372,202_lubricant-oil-based,14,right,eligible
1609106,30000000009372,202_lubricant-oil-based,15,left,eligible
1609107,30000000009372,202_lubricant-oil-based,15,right,eligible
1609110,30000000009372,202_lubricant-oil-based,16,left,eligible
1609111,30000000009372,202_lubricant-oil-based,16,right,eligible
1609114,30000000009372,202_lubricant-oil-based,17,left,eligible
1609115,30000000009372,202_lubricant-oil-based,17,right,eligible
1609118,30000000009372,202_lubricant-oil-based,18,left,eligible
1609119,30000000009372,202_lubricant-oil-based,18,right,eligible
1609122,30000000009372,202_lubricant-oil-based,19,left,eligible
1609123,30000000009372,202_lubricant-oil-based,19,right,eligible
1609126,30000000009372,202_lubricant-oil-based,20,left,eligible
1609127,30000000009372,202_lubricant-oil-based,20,right,eligible
1609130,30000000009372,202_lubricant-oil-based,21,left,eligible
1609131,30000000009372,202_lubricant-oil-based,21,right,insufficient_angle_coverage
1609134,30000000009372,202_lubricant-oil-based,22,left,eligible
1609135,30000000009372,202_lubricant-oil-based,22,right,eligible
1609138,30000000009372,202_lubricant-oil-based,23,left,eligible
1609139,30000000009372,202_lubricant-oil-based,23,right,insufficient_angle_coverage
1609142,30000000009372,202_lubricant-oil-based,24,left,eligible
1609143,30000000009372,202_lubricant-oil-based,24,right,insufficient_angle_coverage
1609146,30000000009374,202_lubricant-oil-based,0,left,eligible
1609147,30000000009374,202_lubricant-oil-based,0,right,eligible
1609150,30000000009374,202_lubricant-oil-based,1,left,eligible
1609151,30000000009374,202_lubricant-oil-based,1,right,eligible
1609154,30000000009374,202_lubricant-oil-based,2,left,eligible
1609155,30000000009374,202_lubricant-oil-based,2,right,eligible
1609158,30000000009374,202_lubricant-oil-based,3,left,eligible
1609159,30000000009374,202_lubricant-oil-based,3,right,eligible
1609162,30000000009374,202_lubricant-oil-based,4,left,eligible
1609163,30000000009374,202_lubricant-oil-based,4,right,eligible
1609166,30000000009374,202_lubricant-oil-based,5,left,eligible
1609167,30000000009374,202_lubricant-oil-based,5,right,eligible
1609170,30000000009374,202_lubricant-oil-based,6,left,eligible
1609171,30000000009374,202_lubricant-oil-based,6,right,eligible
1609174,30000000009374,202_lubricant-oil-based,7,left,eligible
1609175,30000000009374,202_lubricant-oil-based,7,right,eligible
1609178,30000000009374,202_lubricant-oil-based,8,left,eligible
1609179,30000000009374,202_lubricant-oil-based,8,right,eligible
1609182,30000000009374,202_lubricant-oil-based,9,left,eligible
1609183,30000000009374,202_lubricant-oil-based,9,right,eligible
1609186,30000000009374,202_lubricant-oil-based,10,left,eligible
1609187,30000000009374,202_lubricant-oil-based,10,right,eligible
1609190,30000000009374,202_lubricant-oil-based,11,left,eligible
1609191,30000000009374,202_lubricant-oil-based,11,right,eligible
1609194,30000000009374,202_lubricant-oil-based,12,left,eligible
1609195,30000000009374,202_lubricant-oil-based,12,right,eligible
1609198,30000000009374,202_lubricant-oil-based,13,left,eligible
1609199,30000000009374,202_lubricant-oil-based,13,right,eligible
1609202,30000000009374,202_lubricant-oil-based,14,left,eligible
1609203,30000000009374,202_lubricant-oil-based,14,right,eligible
1609206,30000000009374,202_lubricant-oil-based,15,left,eligible
1609207,30000000009374,202_lubricant-oil-based,15,right,eligible
1609210,30000000009374,202_lubricant-oil-based,16,left,eligible
1609211,30000000009374,202_lubricant-oil-based,16,right,eligible
1609214,30000000009374,202_lubricant-oil-based,17,left,eligible
1609215,30000000009374,202_lubricant-oil-based,17,right,eligible
1609218,30000000009374,202_lubricant-oil-based,18,left,eligible
1609219,30000000009374,202_lubricant-oil-based,18,right,eligible
1609222,30000000009374,202_lubricant-oil-based,19,left,eligible
1609223,30000000009374,202_lubricant-oil-based,19,right,eligible
1609226,30000000009374,202_lubricant-oil-based,20,left,eligible
1609227,30000000009374,202_lubricant-oil-based,20,right,eligible
1609230,30000000009374,202_lubricant-oil-based,21,left,eligible
1609231,30000000009374,202_lubricant-oil-based,21,right,eligible
1609234,30000000009374,202_lubricant-oil-based,22,left,eligible
1609235,30000000009374,202_lubricant-oil-based,22,right,eligible
1609238,30000000009374,202_lubricant-oil-based,23,left,eligible
1609239,30000000009374,202_lubricant-oil-based,23,right,eligible
1609242,30000000009374,202_lubricant-oil-based,24,left,eligible
1609243,30000000009374,202_lubricant-oil-based,24,right,eligible
1609548,30000000009383,202_lubricant-oil-based,0,left,eligible
1609549,30000000009383,202_lubricant-oil-based,0,right,eligible
1609552,30000000009383,202_lubricant-oil-based,1,left,eligible
1609553,30000000009383,202_lubricant-oil-based,1,right,eligible
1609556,30000000009383,202_lubricant-oil-based,2,left,eligible
1609557,30000000009383,202_lubricant-oil-based,2,right,eligible
1609560,30000000009383,202_lubricant-oil-based,3,left,eligible
1609561,30000000009383,202_lubricant-oil-based,3,right,eligible
1609564,30000000009383,202_lubricant-oil-based,4,left,eligible
1609565,30000000009383,202_lubricant-oil-based,4,right,eligible
1609568,30000000009383,202_lubricant-oil-based,5,left,eligible
1609569,30000000009383,202_lubricant-oil-based,5,right,eligible
1609572,30000000009383,202_lubricant-oil-based,6,left,eligible
1609573,30000000009383,202_lubricant-oil-based,6,right,eligible
1609576,30000000009383,202_lubricant-oil-based,7,left,eligible
1609577,30000000009383,202_lubricant-oil-based,7,right,eligible
1609580,30000000009383,202_lubricant-oil-based,8,left,eligible
1609581,30000000009383,202_lubricant-oil-based,8,right,eligible
1609584,30000000009383,202_lubricant-oil-based,9,left,eligible
1609585,30000000009383,202_lubricant-oil-based,9,right,eligible
1609588,30000000009383,202_lubricant-oil-based,10,left,eligible
1609589,30000000009383,202_lubricant-oil-based,10,right,eligible
1609592,30000000009383,202_lubricant-oil-based,11,left,eligible
1609593,30000000009383,202_lubricant-oil-based,11,right,eligible
1609596,30000000009383,202_lubricant-oil-based,12,left,eligible
1609597,30000000009383,202_lubricant-oil-based,12,right,eligible
1609600,30000000009383,202_lubricant-oil-based,13,left,eligible
1609601,30000000009383,202_lubricant-oil-based,13,right,eligible
1609604,30000000009383,202_lubricant-oil-based,14,left,eligible
1609605,30000000009383,202_lubricant-oil-based,14,right,eligible
1609608,30000000009383,202_lubricant-oil-based,15,left,eligible
1609609,30000000009383,202_lubricant-oil-based,15,right,eligible
1609612,30000000009383,202_lubricant-oil-based,16,left,eligible
1609613,30000000009383,202_lubricant-oil-based,16,right,eligible
1609616,30000000009383,202_lubricant-oil-based,17,left,eligible
1609617,30000000009383,202_lubricant-oil-based,17,right,eligible
1609620,30000000009383,202_lubricant-oil-based,18,left,eligible
1609621,30000000009383,202_lubricant-oil-based,18,right,eligible
1609624,30000000009383,202_lubricant-oil-based,19,left,eligible
1609625,30000000009383,202_lubricant-oil-based,19,right,eligible
1609628,30000000009383,202_lubricant-oil-based,20,left,eligible
1609629,30000000009383,202_lubricant-oil-based,20,right,eligible
1609632,30000000009383,202_lubricant-oil-based,21,left,eligible
1609633,30000000009383,202_lubricant-oil-based,21,right,eligible
1609636,30000000009383,202_lubricant-oil-based,22,left,eligible
1609637,30000000009383,202_lubricant-oil-based,22,right,eligible
1609640,30000000009383,202_lubricant-oil-based,23,left,eligible
1609641,30000000009383,202_lubricant-oil-based,23,right,eligible
1609644,30000000009383,202_lubricant-oil-based,24,left,eligible
1609645,30000000009383,202_lubricant-oil-based,24,right,eligible
1610126,30000000009407,301_sanding-coarse,0,left,eligible
1610127,30000000009407,301_sanding-coarse,0,right,eligible
1610130,30000000009407,301_sanding-coarse,1,left,eligible
1610131,30000000009407,301_sanding-coarse,1,right,eligible
1610134,30000000009407,301_sanding-coarse,2,left,eligible
1610135,30000000009407,301_sanding-coarse,2,right,eligible
1610138,30000000009407,301_sanding-coarse,3,left,eligible
1610139,30000000009407,301_sanding-coarse,3,right,eligible
1610142,30000000009407,301_sanding-coarse,4,left,eligible
1610143,30000000009407,301_sanding-coarse,4,right,eligible
1610146,30000000009407,301_sanding-coarse,5,left,eligible
1610147,30000000009407,301_sanding-coarse,5,right,eligible
1610150,30000000009407,301_sanding-coarse,6,left,eligible
1610151,30000000009407,301_sanding-coarse,6,right,eligible
1610154,30000000009407,301_sanding-coarse,7,left,eligible
1610155,30000000009407,301_sanding-coarse,7,right,eligible
1610158,30000000009407,301_sanding-coarse,8,left,eligible
1610159,30000000009407,301_sanding-coarse,8,right,eligible
1610162,30000000009407,301_sanding-coarse,9,left,eligible
1610163,30000000009407,301_sanding-coarse,9,right,eligible
1610166,30000000009407,301_sanding-coarse,10,left,eligible
1610167,30000000009407,301_sanding-coarse,10,right,eligible
1610170,30000000009407,301_sanding-coarse,11,left,eligible
1610171,30000000009407,301_sanding-coarse,11,right,eligible
1610174,30000000009407,301_sanding-coarse,12,left,eligible
1610175,30000000009407,301_sanding-coarse,12,right,eligible
1610178,30000000009407,301_sanding-coarse,13,left,eligible
1610179,30000000009407,301_sanding-coarse,13,right,eligible
1610182,30000000009407,301_sanding-coarse,14,left,eligible
1610183,30000000009407,301_sanding-coarse,14,right,eligible
1610186,30000000009407,301_sanding-coarse,15,left,eligible
1610187,30000000009407,301_sanding-coarse,15,right,eligible
1610190,30000000009407,301_sanding-coarse,16,left,eligible
1610191,30000000009407,301_sanding-coarse,16,right,eligible
1610194,30000000009407,301_sanding-coarse,17,left,eligible
1610195,30000000009407,301_sanding-coarse,17,right,eligible
1610198,30000000009407,301_sanding-coarse,18,left,eligible
1610199,30000000009407,301_sanding-coarse,18,right,eligible
1610202,30000000009407,301_sanding-coarse,19,left,eligible
1610203,30000000009407,301_sanding-coarse,19,right,eligible
1610206,30000000009407,301_sanding-coarse,20,left,eligible
1610207,30000000009407,301_sanding-coarse,20,right,eligible
1610210,30000000009407,301_sanding-coarse,21,left,eligible
1610211,30000000009407,301_sanding-coarse,21,right,eligible
1610214,30000000009407,301_sanding-coarse,22,left,eligible
1610215,30000000009407,301_sanding-coarse,22,right,eligible
1610218,30000000009407,301_sanding-coarse,23,left,eligible
1610219,30000000009407,301_sanding-coarse,23,right,eligible
1610222,30000000009407,301_sanding-coarse,24,left,insufficient_angle_coverage
1610223,30000000009407,301_sanding-coarse,24,right,eligible
1610530,30000000009415,301_sanding-coarse,0,left,eligible
1610531,30000000009415,301_sanding-coarse,0,right,eligible
1610534,30000000009415,301_sanding-coarse,1,left,eligible
1610535,30000000009415,301_sanding-coarse,1,right,eligible
1610538,30000000009415,301_sanding-coarse,2,left,eligible
1610539,30000000009415,301_sanding-coarse,2,right,eligible
1610542,30000000009415,301_sanding-coarse,3,left,eligible
1610543,30000000009415,301_sanding-coarse,3,right,eligible
1610546,30000000009415,301_sanding-coarse,4,left,eligible
1610547,30000000009415,301_sanding-coarse,4,right,eligible
1610550,30000000009415,301_sanding-coarse,5,left,eligible
1610551,30000000009415,301_sanding-coarse,5,right,eligible
1610554,30000000009415,301_sanding-coarse,6,left,eligible
1610555,30000000009415,301_sanding-coarse,6,right,eligible
1610558,30000000009415,301_sanding-coarse,7,left,eligible
1610559,30000000009415,301_sanding-coarse,7,right,eligible
1610562,30000000009415,301_sanding-coarse,8,left,eligible
1610563,30000000009415,301_sanding-coarse,8,right,eligible
1610566,30000000009415,301_sanding-coarse,9,left,eligible
1610567,30000000009415,301_sanding-coarse,9,right,eligible
1610570,30000000009415,301_sanding-coarse,10,left,eligible
1610571,30000000009415,301_sanding-coarse,10,right,eligible
1610574,30000000009415,301_sanding-coarse,11,left,eligible
1610575,30000000009415,301_sanding-coarse,11,right,eligible
1610578,30000000009415,301_sanding-coarse,12,left,eligible
1610579,30000000009415,301_sanding-coarse,12,right,eligible
1610582,30000000009415,301_sanding-coarse,13,left,eligible
1610583,30000000009415,301_sanding-coarse,13,right,eligible
1610586,30000000009415,301_sanding-coarse,14,left,eligible
1610587,30000000009415,301_sanding-coarse,14,right,eligible
1610590,30000000009415,301_sanding-coarse,15,left,eligible
1610591,30000000009415,301_sanding-coarse,15,right,eligible
1610594,30000000009415,301_sanding-coarse,16,left,eligible
1610595,30000000009415,301_sanding-coarse,16,right,eligible
1610598,30000000009415,301_sanding-coarse,17,left,eligible
1610599,30000000009415,301_sanding-coarse,17,right,eligible
1610602,30000000009415,301_sanding-coarse,18,left,eligible
1610603,30000000009415,301_sanding-coarse,18,right,eligible
1610606,30000000009415,301_sanding-coarse,19,left,eligible
1610607,30000000009415,301_sanding-coarse,19,right,eligible
1610610,30000000009415,301_sanding-coarse,20,left,eligible
1610611,30000000009415,301_sanding-coarse,20,right,eligible
1610614,30000000009415,301_sanding-coarse,21,left,eligible
1610615,30000000009415,301_sanding-coarse,21,right,eligible
1610618,30000000009415,301_sanding-coarse,22,left,eligible
1610619,30000000009415,301_sanding-coarse,22,right,eligible
1610622,30000000009415,301_sanding-coarse,23,left,eligible
1610623,30000000009415,301_sanding-coarse,23,right,eligible
1610626,30000000009415,301_sanding-coarse,24,left,eligible
1610627,30000000009415,301_sanding-coarse,24,right,eligible
1610630,30000000009417,301_sanding-coarse,0,left,eligible
1610631,30000000009417,301_sanding-coarse,0,right,eligible
1610634,30000000009417,301_sanding-coarse,1,left,eligible
1610635,30000000009417,301_sanding-coarse,1,right,eligible
1610638,30000000009417,301_sanding-coarse,2,left,eligible
1610639,30000000009417,301_sanding-coarse,2,right,eligible
1610642,30000000009417,301_sanding-coarse,3,left,eligible
1610643,30000000009417,301_sanding-coarse,3,right,eligible
1610646,30000000009417,301_sanding-coarse,4,left,eligible
1610647,30000000009417,301_sanding-coarse,4,right,eligible
1610650,30000000009417,301_sanding-coarse,5,left,eligible
1610651,30000000009417,301_sanding-coarse,5,right,eligible
1610654,30000000009417,301_sanding-coarse,6,left,eligible
1610655,30000000009417,301_sanding-coarse,6,right,eligible
1610658,30000000009417,301_sanding-coarse,7,left,eligible
1610659,30000000009417,301_sanding-coarse,7,right,eligible
1610662,30000000009417,301_sanding-coarse,8,left,eligible
1610663,30000000009417,301_sanding-coarse,8,right,eligible
1610666,30000000009417,301_sanding-coarse,9,left,eligible
1610667,30000000009417,301_sanding-coarse,9,right,eligible
1610670,30000000009417,301_sanding-coarse,10,left,eligible
1610671,30000000009417,301_sanding-coarse,10,right,eligible
1610674,30000000009417,301_sanding-coarse,11,left,eligible
1610675,30000000009417,301_sanding-coarse,11,right,eligible
1610678,30000000009417,301_sanding-coarse,12,left,eligible
1610679,30000000009417,301_sanding-coarse,12,right,eligible
1610682,30000000009417,301_sanding-coarse,13,left,eligible
1610683,30000000009417,301_sanding-coarse,13,right,eligible
1610686,30000000009417,301_sanding-coarse,14,left,eligible
1610687,30000000009417,301_sanding-coarse,14,right,eligible
1610690,30000000009417,301_sanding-coarse,15,left,eligible
1610691,30000000009417,301_sanding-coarse,15,right,eligible
1610694,30000000009417,301_sanding-coarse,16,left,eligible
1610695,30000000009417,301_sanding-coarse,16,right,eligible
1610698,30000000009417,301_sanding-coarse,17,left,eligible
1610699,30000000009417,301_sanding-coarse,17,right,eligible
1610702,30000000009417,301_sanding-coarse,18,left,eligible
1610703,30000000009417,301_sanding-coarse,18,right,eligible
1610706,30000000009417,301_sanding-coarse,19,left,eligible
1610707,30000000009417,301_sanding-coarse,19,right,eligible
1610710,30000000009417,301_sanding-coarse,20,left,eligible
1610711,30000000009417,301_sanding-coarse,20,right,eligible
1610714,30000000009417,301_sanding-coarse,21,left,eligible
1610715,30000000009417,301_sanding-coarse,21,right,eligible
1610718,30000000009417,301_sanding-coarse,22,left,eligible
1610719,30000000009417,301_sanding-coarse,22,right,eligible
1610722,30000000009417,301_sanding-coarse,23,left,eligible
1610723,30000000009417,301_sanding-coarse,23,right,eligible
1610726,30000000009417,301_sanding-coarse,24,left,eligible
1610727,30000000009417,301_sanding-coarse,24,right,eligible
1611130,30000000009427,301_sanding-coarse,0,left,eligible
1611131,30000000009427,301_sanding-coarse,0,right,eligible
1611134,30000000009427,301_sanding-coarse,1,left,eligible
1611135,30000000009427,301_sanding-coarse,1,right,eligible
1611138,30000000009427,301_sanding-coarse,2,left,eligible
1611139,30000000009427,301_sanding-coarse,2,right,eligible
1611142,30000000009427,301_sanding-coarse,3,left,eligible
1611143,30000000009427,301_sanding-coarse,3,right,eligible
1611146,30000000009427,301_sanding-coarse,4,left,eligible
1611147,30000000009427,301_sanding-coarse,4,right,eligible
1611150,30000000009427,301_sanding-coarse,5,left,eligible
1611151,30000000009427,301_sanding-coarse,5,right,eligible
1611154,30000000009427,301_sanding-coarse,6,left,eligible
1611155,30000000009427,301_sanding-coarse,6,right,eligible
1611158,30000000009427,301_sanding-coarse,7,left,eligible
1611159,30000000009427,301_sanding-coarse,7,right,eligible
1611162,30000000009427,301_sanding-coarse,8,left,eligible
1611163,30000000009427,301_sanding-coarse,8,right,eligible
1611166,30000000009427,301_sanding-coarse,9,left,eligible
1611167,30000000009427,301_sanding-coarse,9,right,eligible
1611170,30000000009427,301_sanding-coarse,10,left,eligible
1611171,30000000009427,301_sanding-coarse,10,right,eligible
1611174,30000000009427,301_sanding-coarse,11,left,eligible
1611175,30000000009427,301_sanding-coarse,11,right,eligible
1611178,30000000009427,301_sanding-coarse,12,left,eligible
1611179,30000000009427,301_sanding-coarse,12,right,eligible
1611182,30000000009427,301_sanding-coarse,13,left,eligible
1611183,30000000009427,301_sanding-coarse,13,right,eligible
1611186,30000000009427,301_sanding-coarse,14,left,eligible
1611187,30000000009427,301_sanding-coarse,14,right,eligible
1611190,30000000009427,301_sanding-coarse,15,left,eligible
1611191,30000000009427,301_sanding-coarse,15,right,eligible
1611194,30000000009427,301_sanding-coarse,16,left,eligible
1611195,30000000009427,301_sanding-coarse,16,right,eligible
1611198,30000000009427,301_sanding-coarse,17,left,eligible
1611199,30000000009427,301_sanding-coarse,17,right,eligible
1611202,30000000009427,301_sanding-coarse,18,left,eligible
1611203,30000000009427,301_sanding-coarse,18,right,eligible
1611206,30000000009427,301_sanding-coarse,19,left,eligible
1611207,30000000009427,301_sanding-coarse,19,right,eligible
1611210,30000000009427,301_sanding-coarse,20,left,eligible
1611211,30000000009427,301_sanding-coarse,20,right,eligible
1611214,30000000009427,301_sanding-coarse,21,left,eligible
1611215,30000000009427,301_sanding-coarse,21,right,eligible
1611218,30000000009427,301_sanding-coarse,22,left,eligible
1611219,30000000009427,301_sanding-coarse,22,right,eligible
1611222,30000000009427,301_sanding-coarse,23,left,eligible
1611223,30000000009427,301_sanding-coarse,23,right,eligible
1611226,30000000009427,301_sanding-coarse,24,left,eligible
1611227,30000000009427,301_sanding-coarse,24,right,eligible
1612028,30000000009445,301_sanding-coarse,0,left,eligible
1612029,30000000009445,301_sanding-coarse,0,right,eligible
1612032,30000000009445,301_sanding-coarse,1,left,eligible
1612033,30000000009445,301_sanding-coarse,1,right,eligible
1612036,30000000009445,301_sanding-coarse,2,left,eligible
1612037,30000000009445,301_sanding-coarse,2,right,eligible
1612040,30000000009445,301_sanding-coarse,3,left,eligible
1612041,30000000009445,301_sanding-coarse,3,right,eligible
1612044,30000000009445,301_sanding-coarse,4,left,eligible
1612045,30000000009445,301_sanding-coarse,4,right,eligible
1612048,30000000009445,301_sanding-coarse,5,left,eligible
1612049,30000000009445,301_sanding-coarse,5,right,eligible
1612052,30000000009445,301_sanding-coarse,6,left,eligible
1612053,30000000009445,301_sanding-coarse,6,right,eligible
1612056,30000000009445,301_sanding-coarse,7,left,eligible
1612057,30000000009445,301_sanding-coarse,7,right,eligible
1612060,30000000009445,301_sanding-coarse,8,left,eligible
1612061,30000000009445,301_sanding-coarse,8,right,eligible
1612064,30000000009445,301_sanding-coarse,9,left,eligible
1612065,30000000009445,301_sanding-coarse,9,right,eligible
1612068,30000000009445,301_sanding-coarse,10,left,eligible
1612069,30000000009445,301_sanding-coarse,10,right,eligible
1612072,30000000009445,301_sanding-coarse,11,left,eligible
1612073,30000000009445,301_sanding-coarse,11,right,eligible
1612076,30000000009445,301_sanding-coarse,12,left,eligible
1612077,30000000009445,301_sanding-coarse,12,right,eligible
1612080,30000000009445,301_sanding-coarse,13,left,eligible
1612081,30000000009445,301_sanding-coarse,13,right,eligible
1612084,30000000009445,301_sanding-coarse,14,left,eligible
1612085,30000000009445,301_sanding-coarse,14,right,eligible
1612088,30000000009445,301_sanding-coarse,15,left,eligible
1612089,30000000009445,301_sanding-coarse,15,right,eligible
1612092,30000000009445,301_sanding-coarse,16,left,eligible
1612093,30000000009445,301_sanding-coarse,16,right,insufficient_angle_coverage
1612096,30000000009445,301_sanding-coarse,17,left,eligible
1612097,30000000009445,301_sanding-coarse,17,right,eligible
1612100,30000000009445,301_sanding-coarse,18,left,eligible
1612101,30000000009445,301_sanding-coarse,18,right,insufficient_angle_coverage
1612104,30000000009445,301_sanding-coarse,19,left,eligible
1612105,30000000009445,301_sanding-coarse,19,right,eligible
1612108,30000000009445,301_sanding-coarse,20,left,eligible
1612109,30000000009445,301_sanding-coarse,20,right,eligible
1612112,30000000009445,301_sanding-coarse,21,left,eligible
1612113,30000000009445,301_sanding-coarse,21,right,eligible
1612116,30000000009445,301_sanding-coarse,22,left,eligible
1612117,30000000009445,301_sanding-coarse,22,right,eligible
1612120,30000000009445,301_sanding-coarse,23,left,eligible
1612121,30000000009445,301_sanding-coarse,23,right,insufficient_angle_coverage
1612124,30000000009445,301_sanding-coarse,24,left,eligible
1612125,30000000009445,301_sanding-coarse,24,right,eligible
1611032,30000000009426,302_sanding-fine,0,left,eligible
1611033,30000000009426,302_sanding-fine,0,right,eligible
1611036,30000000009426,302_sanding-fine,1,left,eligible
1611037,30000000009426,302_sanding-fine,1,right,eligible
1611040,30000000009426,302_sanding-fine,2,left,eligible
1611041,30000000009426,302_sanding-fine,2,right,eligible
1611044,30000000009426,302_sanding-fine,3,left,eligible
1611045,30000000009426,302_sanding-fine,3,right,eligible
1611048,30000000009426,302_sanding-fine,4,left,eligible
1611049,30000000009426,302_sanding-fine,4,right,eligible
1611052,30000000009426,302_sanding-fine,5,left,eligible
1611053,30000000009426,302_sanding-fine,5,right,eligible
1611056,30000000009426,302_sanding-fine,6,left,eligible
1611057,30000000009426,302_sanding-fine,6,right,eligible
1611060,30000000009426,302_sanding-fine,7,left,eligible
1611061,30000000009426,302_sanding-fine,7,right,eligible
1611064,30000000009426,302_sanding-fine,8,left,eligible
1611065,30000000009426,302_sanding-fine,8,right,eligible
1611068,30000000009426,302_sanding-fine,9,left,eligible
1611069,30000000009426,302_sanding-fine,9,right,eligible
1611072,30000000009426,302_sanding-fine,10,left,eligible
1611073,30000000009426,302_sanding-fine,10,right,eligible
1611076,30000000009426,302_sanding-fine,11,left,eligible
1611077,30000000009426,302_sanding-fine,11,right,eligible
1611080,30000000009426,302_sanding-fine,12,left,eligible
1611081,30000000009426,302_sanding-fine,12,right,eligible
1611084,30000000009426,302_sanding-fine,13,left,eligible
1611085,30000000009426,302_sanding-fine,13,right,eligible
1611088,30000000009426,302_sanding-fine,14,left,eligible
1611089,30000000009426,302_sanding-fine,14,right,eligible
1611092,30000000009426,302_sanding-fine,15,left,eligible
1611093,30000000009426,302_sanding-fine,15,right,eligible
1611096,30000000009426,302_sanding-fine,16,left,eligible
1611097,30000000009426,302_sanding-fine,16,right,eligible
1611100,30000000009426,302_sanding-fine,17,left,eligible
1611101,30000000009426,302_sanding-fine,17,right,eligible
1611104,30000000009426,302_sanding-fine,18,left,eligible
1611105,30000000009426,302_sanding-fine,18,right,eligible
1611108,30000000009426,302_sanding-fine,19,left,eligible
1611109,30000000009426,302_sanding-fine,19,right,eligible
1611112,30000000009426,302_sanding-fine,20,left,eligible
1611113,30000000009426,302_sanding-fine,20,right,eligible
1611116,30000000009426,302_sanding-fine,21,left,eligible
1611117,30000000009426,302_sanding-fine,21,right,eligible
1611120,30000000009426,302_sanding-fine,22,left,eligible
1611121,30000000009426,302_sanding-fine,22,right,eligible
1611124,30000000009426,302_sanding-fine,23,left,eligible
1611125,30000000009426,302_sanding-fine,23,right,eligible
1611128,30000000009426,302_sanding-fine,24,left,eligible
1611129,30000000009426,302_sanding-fine,24,right,eligible
1611532,30000000009436,302_sanding-fine,0,left,eligible
1611533,30000000009436,302_sanding-fine,0,right,eligible
1611536,30000000009436,302_sanding-fine,1,left,eligible
1611537,30000000009436,302_sanding-fine,1,right,eligible
1611540,30000000009436,302_sanding-fine,2,left,eligible
1611541,30000000009436,302_sanding-fine,2,right,eligible
1611544,30000000009436,302_sanding-fine,3,left,eligible
1611545,30000000009436,302_sanding-fine,3,right,eligible
1611548,30000000009436,302_sanding-fine,4,left,eligible
1611549,30000000009436,302_sanding-fine,4,right,eligible
1611552,30000000009436,302_sanding-fine,5,left,eligible
1611553,30000000009436,302_sanding-fine,5,right,eligible
1611556,30000000009436,302_sanding-fine,6,left,eligible
1611557,30000000009436,302_sanding-fine,6,right,eligible
1611560,30000000009436,302_sanding-fine,7,left,eligible
1611561,30000000009436,302_sanding-fine,7,right,eligible
1611564,30000000009436,302_sanding-fine,8,left,eligible
1611565,30000000009436,302_sanding-fine,8,right,eligible
1611568,30000000009436,302_sanding-fine,9,left,eligible
1611569,30000000009436,302_sanding-fine,9,right,eligible
1611572,30000000009436,302_sanding-fine,10,left,eligible
1611573,30000000009436,302_sanding-fine,10,right,eligible
1611576,30000000009436,302_sanding-fine,11,left,eligible
1611577,30000000009436,302_sanding-fine,11,right,eligible
1611580,30000000009436,302_sanding-fine,12,left,eligible
1611581,30000000009436,302_sanding-fine,12,right,eligible
1611584,30000000009436,302_sanding-fine,13,left,eligible
1611585,30000000009436,302_sanding-fine,13,right,eligible
1611588,30000000009436,302_sanding-fine,14,left,eligible
1611589,30000000009436,302_sanding-fine,14,right,eligible
1611592,30000000009436,302_sanding-fine,15,left,insufficient_angle_coverage
1611593,30000000009436,302_sanding-fine,15,right,eligible
1611596,30000000009436,302_sanding-fine,16,left,eligible
1611597,30000000009436,302_sanding-fine,16,right,eligible
1611600,30000000009436,302_sanding-fine,17,left,insufficient_angle_coverage
1611601,30000000009436,302_sanding-fine,17,right,eligible
1611604,30000000009436,302_sanding-fine,18,left,eligible
1611605,30000000009436,302_sanding-fine,18,right,eligible
1611608,30000000009436,302_sanding-fine,19,left,eligible
1611609,30000000009436,302_sanding-fine,19,right,eligible
1611612,30000000009436,302_sanding-fine,20,left,eligible
1611613,30000000009436,302_sanding-fine,20,right,eligible
1611616,30000000009436,302_sanding-fine,21,left,eligible
1611617,30000000009436,302_sanding-fine,21,right,eligible
1611620,30000000009436,302_sanding-fine,22,left,eligible
1611621,30000000009436,302_sanding-fine,22,right,eligible
1611624,30000000009436,302_sanding-fine,23,left,eligible
1611625,30000000009436,302_sanding-fine,23,right,eligible
1611628,30000000009436,302_sanding-fine,24,left,eligible
1611629,30000000009436,302_sanding-fine,24,right,eligible
1611632,30000000009438,302_sanding-fine,0,left,eligible
1611633,30000000009438,302_sanding-fine,0,right,eligible
1611636,30000000009438,302_sanding-fine,1,left,eligible
1611637,30000000009438,302_sanding-fine,1,right,eligible
1611640,30000000009438,302_sanding-fine,2,left,eligible
1611641,30000000009438,302_sanding-fine,2,right,eligible
1611644,30000000009438,302_sanding-fine,3,left,eligible
1611645,30000000009438,302_sanding-fine,3,right,eligible
1611648,30000000009438,302_sanding-fine,4,left,eligible
1611649,30000000009438,302_sanding-fine,4,right,eligible
1611652,30000000009438,302_sanding-fine,5,left,eligible
1611653,30000000009438,302_sanding-fine,5,right,eligible
1611656,30000000009438,302_sanding-fine,6,left,eligible
1611657,30000000009438,302_sanding-fine,6,right,eligible
1611660,30000000009438,302_sanding-fine,7,left,eligible
1611661,30000000009438,302_sanding-fine,7,right,eligible
1611664,30000000009438,302_sanding-fine,8,left,eligible
1611665,30000000009438,302_sanding-fine,8,right,eligible
1611668,30000000009438,302_sanding-fine,9,left,eligible
1611669,30000000009438,302_sanding-fine,9,right,eligible
1611672,30000000009438,302_sanding-fine,10,left,eligible
1611673,30000000009438,302_sanding-fine,10,right,eligible
1611676,30000000009438,302_sanding-fine,11,left,eligible
1611677,30000000009438,302_sanding-fine,11,right,eligible
1611680,30000000009438,302_sanding-fine,12,left,eligible
1611681,30000000009438,302_sanding-fine,12,right,eligible
1611684,30000000009438,302_sanding-fine,13,left,eligible
1611685,30000000009438,302_sanding-fine,13,right,eligible
1611688,30000000009438,302_sanding-fine,14,left,eligible
1611689,30000000009438,302_sanding-fine,14,right,eligible
1611692,30000000009438,302_sanding-fine,15,left,eligible
1611693,30000000009438,302_sanding-fine,15,right,eligible
1611696,30000000009438,302_sanding-fine,16,left,eligible
1611697,30000000009438,302_sanding-fine,16,right,eligible
1611700,30000000009438,302_sanding-fine,17,left,eligible
1611701,30000000009438,302_sanding-fine,17,right,eligible
1611704,30000000009438,302_sanding-fine,18,left,eligible
1611705,30000000009438,302_sanding-fine,18,right,eligible
1611708,30000000009438,302_sanding-fine,19,left,eligible
1611709,30000000009438,302_sanding-fine,19,right,eligible
1611712,30000000009438,302_sanding-fine,20,left,eligible
1611713,30000000009438,302_sanding-fine,20,right,eligible
1611716,30000000009438,302_sanding-fine,21,left,eligible
1611717,30000000009438,302_sanding-fine,21,right,eligible
1611720,30000000009438,302_sanding-fine,22,left,eligible
1611721,30000000009438,302_sanding-fine,22,right,eligible
1611724,30000000009438,302_sanding-fine,23,left,eligible
1611725,30000000009438,302_sanding-fine,23,right,eligible
1611728,30000000009438,302_sanding-fine,24,left,eligible
1611729,30000000009438,302_sanding-fine,24,right,eligible
1611832,30000000009442,302_sanding-fine,0,left,eligible
1611833,30000000009442,302_sanding-fine,0,right,eligible
1611836,30000000009442,302_sanding-fine,1,left,eligible
1611837,30000000009442,302_sanding-fine,1,right,eligible
1611840,30000000009442,302_sanding-fine,2,left,eligible
1611841,30000000009442,302_sanding-fine,2,right,eligible
1611844,30000000009442,302_sanding-fine,3,left,eligible
1611845,30000000009442,302_sanding-fine,3,right,eligible
1611848,30000000009442,302_sanding-fine,4,left,eligible
1611849,30000000009442,302_sanding-fine,4,right,eligible
1611851,30000000009442,302_sanding-fine,5,left,eligible
1611852,30000000009442,302_sanding-fine,5,right,eligible
1611855,30000000009442,302_sanding-fine,6,left,eligible
1611856,30000000009442,302_sanding-fine,6,right,eligible
1611859,30000000009442,302_sanding-fine,7,left,eligible
1611860,30000000009442,302_sanding-fine,7,right,eligible
1611863,30000000009442,302_sanding-fine,8,left,eligible
1611864,30000000009442,302_sanding-fine,8,right,eligible
1611867,30000000009442,302_sanding-fine,9,left,eligible
1611868,30000000009442,302_sanding-fine,9,right,eligible
1611871,30000000009442,302_sanding-fine,10,left,eligible
1611872,30000000009442,302_sanding-fine,10,right,eligible
1611875,30000000009442,302_sanding-fine,11,left,eligible
1611876,30000000009442,302_sanding-fine,11,right,eligible
1611879,30000000009442,302_sanding-fine,12,left,eligible
1611880,30000000009442,302_sanding-fine,12,right,eligible
1611883,30000000009442,302_sanding-fine,13,left,eligible
1611884,30000000009442,302_sanding-fine,13,right,eligible
1611887,30000000009442,302_sanding-fine,14,left,eligible
1611888,30000000009442,302_sanding-fine,14,right,eligible
1611891,30000000009442,302_sanding-fine,15,left,eligible
1611892,30000000009442,302_sanding-fine,15,right,eligible
1611895,30000000009442,302_sanding-fine,16,left,eligible
1611896,30000000009442,302_sanding-fine,16,right,eligible
1611899,30000000009442,302_sanding-fine,17,left,eligible
1611900,30000000009442,302_sanding-fine,17,right,eligible
1611903,30000000009442,302_sanding-fine,18,left,eligible
1611904,30000000009442,302_sanding-fine,18,right,eligible
1611907,30000000009442,302_sanding-fine,19,left,eligible
1611908,30000000009442,302_sanding-fine,19,right,eligible
1611911,30000000009442,302_sanding-fine,20,left,eligible
1611912,30000000009442,302_sanding-fine,20,right,eligible
1611915,30000000009442,302_sanding-fine,21,left,eligible
1611916,30000000009442,302_sanding-fine,21,right,eligible
1611919,30000000009442,302_sanding-fine,22,left,eligible
1611920,30000000009442,302_sanding-fine,22,right,eligible
1611923,30000000009442,302_sanding-fine,23,left,eligible
1611924,30000000009442,302_sanding-fine,23,right,eligible
1611927,30000000009442,302_sanding-fine,24,left,eligible
1611928,30000000009442,302_sanding-fine,24,right,eligible
1612230,30000000009450,302_sanding-fine,0,left,eligible
1612231,30000000009450,302_sanding-fine,0,right,eligible
1612234,30000000009450,302_sanding-fine,1,left,eligible
1612235,30000000009450,302_sanding-fine,1,right,eligible
1612238,30000000009450,302_sanding-fine,2,left,eligible
1612239,30000000009450,302_sanding-fine,2,right,eligible
1612242,30000000009450,302_sanding-fine,3,left,eligible
1612243,30000000009450,302_sanding-fine,3,right,eligible
1612246,30000000009450,302_sanding-fine,4,left,eligible
1612247,30000000009450,302_sanding-fine,4,right,eligible
1612250,30000000009450,302_sanding-fine,5,left,eligible
1612251,30000000009450,302_sanding-fine,5,right,eligible
1612254,30000000009450,302_sanding-fine,6,left,eligible
1612255,30000000009450,302_sanding-fine,6,right,eligible
1612258,30000000009450,302_sanding-fine,7,left,eligible
1612259,30000000009450,302_sanding-fine,7,right,eligible
1612262,30000000009450,302_sanding-fine,8,left,eligible
1612263,30000000009450,302_sanding-fine,8,right,eligible
1612266,30000000009450,302_sanding-fine,9,left,eligible
1612267,30000000009450,302_sanding-fine,9,right,eligible
1612270,30000000009450,302_sanding-fine,10,left,eligible
1612271,30000000009450,302_sanding-fine,10,right,eligible
1612274,30000000009450,302_sanding-fine,11,left,eligible
1612275,30000000009450,302_sanding-fine,11,right,eligible
1612278,30000000009450,302_sanding-fine,12,left,eligible
1612279,30000000009450,302_sanding-fine,12,right,eligible
1612282,30000000009450,302_sanding-fine,13,left,eligible
1612283,30000000009450,302_sanding-fine,13,right,eligible
1612286,30000000009450,302_sanding-fine,14,left,insufficient_angle_coverage
1612287,30000000009450,302_sanding-fine,14,right,eligible
1612290,30000000009450,302_sanding-fine,15,left,eligible
1612291,30000000009450,302_sanding-fine,15,right,eligible
1612294,30000000009450,302_sanding-fine,16,left,eligible
1612295,30000000009450,302_sanding-fine,16,right,eligible
1612298,30000000009450,302_sanding-fine,17,left,eligible
1612299,30000000009450,302_sanding-fine,17,right,eligible
1612302,30000000009450,302_sanding-fine,18,left,eligible
1612303,30000000009450,302_sanding-fine,18,right,eligible
1612306,30000000009450,302_sanding-fine,19,left,eligible
1612307,30000000009450,302_sanding-fine,19,right,eligible
1612310,30000000009450,302_sanding-fine,20,left,eligible
1612311,30000000009450,302_sanding-fine,20,right,eligible
1612314,30000000009450,302_sanding-fine,21,left,eligible
1612315,30000000009450,302_sanding-fine,21,right,eligible
1612318,30000000009450,302_sanding-fine,22,left,eligible
1612319,30000000009450,302_sanding-fine,22,right,eligible
1612322,30000000009450,302_sanding-fine,23,left,eligible
1612323,30000000009450,302_sanding-fine,23,right,eligible
1612326,30000000009450,302_sanding-fine,24,left,insufficient_angle_coverage
1612327,30000000009450,302_sanding-fine,24,right,eligible
1615676,30000000009846,401_plastic-adhesive,0,left,eligible
1615677,30000000009846,401_plastic-adhesive,0,right,eligible
1615680,30000000009846,401_plastic-adhesive,1,left,eligible
1615681,30000000009846,401_plastic-adhesive,1,right,eligible
1615684,30000000009846,401_plastic-adhesive,2,left,eligible
1615685,30000000009846,401_plastic-adhesive,2,right,eligible
1615688,30000000009846,401_plastic-adhesive,3,left,eligible
1615689,30000000009846,401_plastic-adhesive,3,right,eligible
1615692,30000000009846,401_plastic-adhesive,4,left,eligible
1615693,30000000009846,401_plastic-adhesive,4,right,eligible
1615696,30000000009846,401_plastic-adhesive,5,left,eligible
1615697,30000000009846,401_plastic-adhesive,5,right,eligible
1615700,30000000009846,401_plastic-adhesive,6,left,eligible
1615701,30000000009846,401_plastic-adhesive,6,right,eligible
1615704,30000000009846,401_plastic-adhesive,7,left,eligible
1615705,30000000009846,401_plastic-adhesive,7,right,eligible
1615708,30000000009846,401_plastic-adhesive,8,left,eligible
1615709,30000000009846,401_plastic-adhesive,8,right,eligible
1615712,30000000009846,401_plastic-adhesive,9,left,eligible
1615713,30000000009846,401_plastic-adhesive,9,right,eligible
1615716,30000000009846,401_plastic-adhesive,10,left,eligible
1615717,30000000009846,401_plastic-adhesive,10,right,eligible
1615720,30000000009846,401_plastic-adhesive,11,left,eligible
1615721,30000000009846,401_plastic-adhesive,11,right,eligible
1615724,30000000009846,401_plastic-adhesive,12,left,eligible
1615725,30000000009846,401_plastic-adhesive,12,right,eligible
1615728,30000000009846,401_plastic-adhesive,13,left,eligible
1615729,30000000009846,401_plastic-adhesive,13,right,eligible
1615732,30000000009846,401_plastic-adhesive,14,left,eligible
1615733,30000000009846,401_plastic-adhesive,14,right,eligible
1615736,30000000009846,401_plastic-adhesive,15,left,eligible
1615737,30000000009846,401_plastic-adhesive,15,right,eligible
1615740,30000000009846,401_plastic-adhesive,16,left,eligible
1615741,30000000009846,401_plastic-adhesive,16,right,eligible
1615744,30000000009846,401_plastic-adhesive,17,left,eligible
1615745,30000000009846,401_plastic-adhesive,17,right,insufficient_angle_coverage
1615748,30000000009846,401_plastic-adhesive,18,left,eligible
1615749,30000000009846,401_plastic-adhesive,18,right,eligible
1615752,30000000009846,401_plastic-adhesive,19,left,eligible
1615753,30000000009846,401_plastic-adhesive,19,right,eligible
1615756,30000000009846,401_plastic-adhesive,20,left,eligible
1615757,30000000009846,401_plastic-adhesive,20,right,eligible
1615760,30000000009846,401_plastic-adhesive,21,left,eligible
1615761,30000000009846,401_plastic-adhesive,21,right,eligible
1615764,30000000009846,401_plastic-adhesive,22,left,eligible
1615765,30000000009846,401_plastic-adhesive,22,right,eligible
1615768,30000000009846,401_plastic-adhesive,23,left,eligible
1615769,30000000009846,401_plastic-adhesive,23,right,eligible
1615772,30000000009846,401_plastic-adhesive,24,left,eligible
1615773,30000000009846,401_plastic-adhesive,24,right,eligible
1615774,30000000009847,401_plastic-adhesive,0,left,eligible
1615775,30000000009847,401_plastic-adhesive,0,right,eligible
1615778,30000000009847,401_plastic-adhesive,1,left,eligible
1615779,30000000009847,401_plastic-adhesive,1,right,eligible
1615782,30000000009847,401_plastic-adhesive,2,left,eligible
1615783,30000000009847,401_plastic-adhesive,2,right,eligible
1615786,30000000009847,401_plastic-adhesive,3,left,eligible
1615787,30000000009847,401_plastic-adhesive,3,right,eligible
1615790,30000000009847,401_plastic-adhesive,4,left,eligible
1615791,30000000009847,401_plastic-adhesive,4,right,eligible
1615794,30000000009847,401_plastic-adhesive,5,left,eligible
1615795,30000000009847,401_plastic-adhesive,5,right,eligible
1615798,30000000009847,401_plastic-adhesive,6,left,eligible
1615799,30000000009847,401_plastic-adhesive,6,right,eligible
1615802,30000000009847,401_plastic-adhesive,7,left,eligible
1615803,30000000009847,401_plastic-adhesive,7,right,eligible
1615806,30000000009847,401_plastic-adhesive,8,left,eligible
1615807,30000000009847,401_plastic-adhesive,8,right,eligible
1615810,30000000009847,401_plastic-adhesive,9,left,eligible
1615811,30000000009847,401_plastic-adhesive,9,right,eligible
1615814,30000000009847,401_plastic-adhesive,10,left,eligible
1615815,30000000009847,401_plastic-adhesive,10,right,eligible
1615818,30000000009847,401_plastic-adhesive,11,left,eligible
1615819,30000000009847,401_plastic-adhesive,11,right,eligible
1615822,30000000009847,401_plastic-adhesive,12,left,eligible
1615823,30000000009847,401_plastic-adhesive,12,right,eligible
1615826,30000000009847,401_plastic-adhesive,13,left,eligible
1615827,30000000009847,401_plastic-adhesive,13,right,eligible
1615830,30000000009847,401_plastic-adhesive,14,left,eligible
1615831,30000000009847,401_plastic-adhesive,14,right,eligible
1615834,30000000009847,401_plastic-adhesive,15,left,eligible
1615835,30000000009847,401_plastic-adhesive,15,right,eligible
1615838,30000000009847,401_plastic-adhesive,16,left,eligible
1615839,30000000009847,401_plastic-adhesive,16,right,eligible
1615842,30000000009847,401_plastic-adhesive,17,left,eligible
1615843,30000000009847,401_plastic-adhesive,17,right,eligible
1615846,30000000009847,401_plastic-adhesive,18,left,eligible
1615847,30000000009847,401_plastic-adhesive,18,right,eligible
1615850,30000000009847,401_plastic-adhesive,19,left,eligible
1615851,30000000009847,401_plastic-adhesive,19,right,eligible
1615852,30000000009847,401_plastic-adhesive,20,left,eligible
1615853,30000000009847,401_plastic-adhesive,20,right,eligible
1615854,30000000009847,401_plastic-adhesive,21,left,eligible
1615855,30000000009847,401_plastic-adhesive,21,right,eligible
1615858,30000000009847,401_plastic-adhesive,22,left,eligible
1615859,30000000009847,401_plastic-adhesive,22,right,eligible
1615862,30000000009847,401_plastic-adhesive,23,left,eligible
1615863,30000000009847,401_plastic-adhesive,23,right,eligible
1615866,30000000009847,401_plastic-adhesive,24,left,eligible
1615867,30000000009847,401_plastic-adhesive,24,right,eligible
1616062,30000000009855,401_plastic-adhesive,0,left,eligible
1616063,30000000009855,401_plastic-adhesive,0,right,eligible
1616066,30000000009855,401_plastic-adhesive,1,left,eligible
1616067,30000000009855,401_plastic-adhesive,1,right,eligible
1616070,30000000009855,401_plastic-adhesive,2,left,eligible
1616071,30000000009855,401_plastic-adhesive,2,right,eligible
1616074,30000000009855,401_plastic-adhesive,3,left,eligible
1616075,30000000009855,401_plastic-adhesive,3,right,eligible
1616078,30000000009855,401_plastic-adhesive,4,left,eligible
1616079,30000000009855,401_plastic-adhesive,4,right,eligible
1616082,30000000009855,401_plastic-adhesive,5,left,eligible
1616083,30000000009855,401_plastic-adhesive,5,right,eligible
1616086,30000000009855,401_plastic-adhesive,6,left,eligible
1616087,30000000009855,401_plastic-adhesive,6,right,eligible
1616090,30000000009855,401_plastic-adhesive,7,left,eligible
1616091,30000000009855,401_plastic-adhesive,7,right,eligible
1616094,30000000009855,401_plastic-adhesive,8,left,eligible
1616095,30000000009855,401_plastic-adhesive,8,right,eligible
1616098,30000000009855,401_plastic-adhesive,9,left,eligible
1616099,30000000009855,401_plastic-adhesive,9,right,eligible
1616102,30000000009855,401_plastic-adhesive,10,left,eligible
1616103,30000000009855,401_plastic-adhesive,10,right,eligible
1616106,30000000009855,401_plastic-adhesive,11,left,eligible
1616107,30000000009855,401_plastic-adhesive,11,right,eligible
1616110,30000000009855,401_plastic-adhesive,12,left,eligible
1616111,30000000009855,401_plastic-adhesive,12,right,eligible
1616114,30000000009855,401_plastic-adhesive,13,left,eligible
1616115,30000000009855,401_plastic-adhesive,13,right,eligible
1616118,30000000009855,401_plastic-adhesive,14,left,eligible
1616119,30000000009855,401_plastic-adhesive,14,right,eligible
1616122,30000000009855,401_plastic-adhesive,15,left,eligible
1616123,30000000009855,401_plastic-adhesive,15,right,eligible
1616126,30000000009855,401_plastic-adhesive,16,left,eligible
1616127,30000000009855,401_plastic-adhesive,16,right,eligible
1616130,30000000009855,401_plastic-adhesive,17,left,eligible
1616131,30000000009855,401_plastic-adhesive,17,right,eligible
1616134,30000000009855,401_plastic-adhesive,18,left,eligible
1616135,30000000009855,401_plastic-adhesive,18,right,eligible
1616138,30000000009855,401_plastic-adhesive,19,left,eligible
1616139,30000000009855,401_plastic-adhesive,19,right,eligible
1616140,30000000009855,401_plastic-adhesive,20,left,eligible
1616141,30000000009855,401_plastic-adhesive,20,right,eligible
1616144,30000000009855,401_plastic-adhesive,21,left,eligible
1616145,30000000009855,401_plastic-adhesive,21,right,eligible
1616148,30000000009855,401_plastic-adhesive,22,left,eligible
1616149,30000000009855,401_plastic-adhesive,22,right,eligible
1616152,30000000009855,401_plastic-adhesive,23,left,eligible
1616153,30000000009855,401_plastic-adhesive,23,right,eligible
1616156,30000000009855,401_plastic-adhesive,24,left,eligible
1616157,30000000009855,401_plastic-adhesive,24,right,eligible
1616364,30000000009863,401_plastic-adhesive,0,left,eligible
1616365,30000000009863,401_plastic-adhesive,0,right,eligible
1616368,30000000009863,401_plastic-adhesive,1,left,eligible
1616369,30000000009863,401_plastic-adhesive,1,right,eligible
1616372,30000000009863,401_plastic-adhesive,2,left,eligible
1616373,30000000009863,401_plastic-adhesive,2,right,eligible
1616376,30000000009863,401_plastic-adhesive,3,left,eligible
1616377,30000000009863,401_plastic-adhesive,3,right,eligible
1616380,30000000009863,401_plastic-adhesive,4,left,eligible
1616381,30000000009863,401_plastic-adhesive,4,right,eligible
1616384,30000000009863,401_plastic-adhesive,5,left,eligible
1616385,30000000009863,401_plastic-adhesive,5,right,eligible
1616388,30000000009863,401_plastic-adhesive,6,left,eligible
1616389,30000000009863,401_plastic-adhesive,6,right,eligible
1616392,30000000009863,401_plastic-adhesive,7,left,eligible
1616393,30000000009863,401_plastic-adhesive,7,right,eligible
1616396,30000000009863,401_plastic-adhesive,8,left,eligible
1616397,30000000009863,401_plastic-adhesive,8,right,eligible
1616400,30000000009863,401_plastic-adhesive,9,left,eligible
1616401,30000000009863,401_plastic-adhesive,9,right,eligible
1616404,30000000009863,401_plastic-adhesive,10,left,eligible
1616405,30000000009863,401_plastic-adhesive,10,right,eligible
1616408,30000000009863,401_plastic-adhesive,11,left,eligible
1616409,30000000009863,401_plastic-adhesive,11,right,eligible
1616412,30000000009863,401_plastic-adhesive,12,left,eligible
1616413,30000000009863,401_plastic-adhesive,12,right,eligible
1616416,30000000009863,401_plastic-adhesive,13,left,eligible
1616417,30000000009863,401_plastic-adhesive,13,right,eligible
1616420,30000000009863,401_plastic-adhesive,14,left,eligible
1616421,30000000009863,401_plastic-adhesive,14,right,eligible
1616424,30000000009863,401_plastic-adhesive,15,left,eligible
1616425,30000000009863,401_plastic-adhesive,15,right,eligible
1616428,30000000009863,401_plastic-adhesive,16,left,eligible
1616429,30000000009863,401_plastic-adhesive,16,right,eligible
1616432,30000000009863,401_plastic-adhesive,17,left,eligible
1616433,30000000009863,401_plastic-adhesive,17,right,eligible
1616436,30000000009863,401_plastic-adhesive,18,left,eligible
1616437,30000000009863,401_plastic-adhesive,18,right,eligible
1616440,30000000009863,401_plastic-adhesive,19,left,eligible
1616441,30000000009863,401_plastic-adhesive,19,right,eligible
1616444,30000000009863,401_plastic-adhesive,20,left,eligible
1616445,30000000009863,401_plastic-adhesive,20,right,eligible
1616448,30000000009863,401_plastic-adhesive,21,left,eligible
1616449,30000000009863,401_plastic-adhesive,21,right,eligible
1616452,30000000009863,401_plastic-adhesive,22,left,eligible
1616453,30000000009863,401_plastic-adhesive,22,right,eligible
1616456,30000000009863,401_plastic-adhesive,23,left,eligible
1616457,30000000009863,401_plastic-adhesive,23,right,eligible
1616460,30000000009863,401_plastic-adhesive,24,left,eligible
1616461,30000000009863,401_plastic-adhesive,24,right,eligible
1616764,30000000009871,401_plastic-adhesive,0,left,eligible
1616765,30000000009871,401_plastic-adhesive,0,right,eligible
1616768,30000000009871,401_plastic-adhesive,1,left,eligible
1616769,30000000009871,401_plastic-adhesive,1,right,eligible
1616772,30000000009871,401_plastic-adhesive,2,left,eligible
1616773,30000000009871,401_plastic-adhesive,2,right,eligible
1616776,30000000009871,401_plastic-adhesive,3,left,eligible
1616777,30000000009871,401_plastic-adhesive,3,right,eligible
1616780,30000000009871,401_plastic-adhesive,4,left,eligible
1616781,30000000009871,401_plastic-adhesive,4,right,eligible
1616784,30000000009871,401_plastic-adhesive,5,left,eligible
1616785,30000000009871,401_plastic-adhesive,5,right,eligible
1616788,30000000009871,401_plastic-adhesive,6,left,eligible
1616789,30000000009871,401_plastic-adhesive,6,right,eligible
1616792,30000000009871,401_plastic-adhesive,7,left,eligible
1616793,30000000009871,401_plastic-adhesive,7,right,eligible
1616796,30000000009871,401_plastic-adhesive,8,left,eligible
1616797,30000000009871,401_plastic-adhesive,8,right,eligible
1616800,30000000009871,401_plastic-adhesive,9,left,eligible
1616801,30000000009871,401_plastic-adhesive,9,right,eligible
1616804,30000000009871,401_plastic-adhesive,10,left,eligible
1616805,30000000009871,401_plastic-adhesive,10,right,eligible
1616808,30000000009871,401_plastic-adhesive,11,left,eligible
1616809,30000000009871,401_plastic-adhesive,11,right,eligible
1616812,30000000009871,401_plastic-adhesive,12,left,eligible
1616813,30000000009871,401_plastic-adhesive,12,right,eligible
1616816,30000000009871,401_plastic-adhesive,13,left,eligible
1616817,30000000009871,401_plastic-adhesive,13,right,eligible
1616820,30000000009871,401_plastic-adhesive,14,left,eligible
1616821,30000000009871,401_plastic-adhesive,14,right,eligible
1616824,30000000009871,401_plastic-adhesive,15,left,eligible
1616825,30000000009871,401_plastic-adhesive,15,right,eligible
1616828,30000000009871,401_plastic-adhesive,16,left,eligible
1616829,30000000009871,401_plastic-adhesive,16,right,eligible
1616832,30000000009871,401_plastic-adhesive,17,left,eligible
1616833,30000000009871,401_plastic-adhesive,17,right,eligible
1616836,30000000009871,401_plastic-adhesive,18,left,eligible
1616837,30000000009871,401_plastic-adhesive,18,right,eligible
1616840,30000000009871,401_plastic-adhesive,19,left,eligible
1616841,30000000009871,401_plastic-adhesive,19,right,eligible
1616844,30000000009871,401_plastic-adhesive,20,left,eligible
1616845,30000000009871,401_plastic-adhesive,20,right,eligible
1616848,30000000009871,401_plastic-adhesive,21,left,eligible
1616849,30000000009871,401_plastic-adhesive,21,right,eligible
1616852,30000000009871,401_plastic-adhesive,22,left,eligible
1616853,30000000009871,401_plastic-adhesive,22,right,eligible
1616856,30000000009871,401_plastic-adhesive,23,left,eligible
1616857,30000000009871,401_plastic-adhesive,23,right,eligible
1616860,30000000009871,401_plastic-adhesive,24,left,eligible
1616861,30000000009871,401_plastic-adhesive,24,right,eligible
1617014,30000000009877,402_surface-chipped,0,left,eligible
1617015,30000000009877,402_surface-chipped,0,right,eligible
1617018,30000000009877,402_surface-chipped,1,left,eligible
1617019,30000000009877,402_surface-chipped,1,right,eligible
1617022,30000000009877,402_surface-chipped,2,left,eligible
1617023,30000000009877,402_surface-chipped,2,right,eligible
1617026,30000000009877,402_surface-chipped,3,left,eligible
1617027,30000000009877,402_surface-chipped,3,right,eligible
1617030,30000000009877,402_surface-chipped,4,left,eligible
1617031,30000000009877,402_surface-chipped,4,right,eligible
1617034,30000000009877,402_surface-chipped,5,left,eligible
1617035,30000000009877,402_surface-chipped,5,right,eligible
1617038,30000000009877,402_surface-chipped,6,left,eligible
1617039,30000000009877,402_surface-chipped,6,right,eligible
1617042,30000000009877,402_surface-chipped,7,left,eligible
1617043,30000000009877,402_surface-chipped,7,right,eligible
1617046,30000000009877,402_surface-chipped,8,left,eligible
1617047,30000000009877,402_surface-chipped,8,right,eligible
1617050,30000000009877,402_surface-chipped,9,left,eligible
1617051,30000000009877,402_surface-chipped,9,right,eligible
1617054,30000000009877,402_surface-chipped,10,left,eligible
1617055,30000000009877,402_surface-chipped,10,right,eligible
1617058,30000000009877,402_surface-chipped,11,left,eligible
1617059,30000000009877,402_surface-chipped,11,right,eligible
1617062,30000000009877,402_surface-chipped,12,left,eligible
1617063,30000000009877,402_surface-chipped,12,right,eligible
1617066,30000000009877,402_surface-chipped,13,left,eligible
1617067,30000000009877,402_surface-chipped,13,right,eligible
1617070,30000000009877,402_surface-chipped,14,left,eligible
1617071,30000000009877,402_surface-chipped,14,right,eligible
1617074,30000000009877,402_surface-chipped,15,left,eligible
1617075,30000000009877,402_surface-chipped,15,right,eligible
1617078,30000000009877,402_surface-chipped,16,left,eligible
1617079,30000000009877,402_surface-chipped,16,right,eligible
1617082,30000000009877,402_surface-chipped,17,left,eligible
1617083,30000000009877,402_surface-chipped,17,right,eligible
1617086,30000000009877,402_surface-chipped,18,left,eligible
1617087,30000000009877,402_surface-chipped,18,right,eligible
1617090,30000000009877,402_surface-chipped,19,left,eligible
1617091,30000000009877,402_surface-chipped,19,right,eligible
1617094,30000000009877,402_surface-chipped,20,left,eligible
1617095,30000000009877,402_surface-chipped,20,right,eligible
1617098,30000000009877,402_surface-chipped,21,left,eligible
1617099,30000000009877,402_surface-chipped,21,right,eligible
1617102,30000000009877,402_surface-chipped,22,left,eligible
1617103,30000000009877,402_surface-chipped,22,right,eligible
1617106,30000000009877,402_surface-chipped,23,left,eligible
1617107,30000000009877,402_surface-chipped,23,right,eligible
1617110,30000000009877,402_surface-chipped,24,left,eligible
1617111,30000000009877,402_surface-chipped,24,right,eligible
1617114,30000000009879,402_surface-chipped,0,left,eligible
1617115,30000000009879,402_surface-chipped,0,right,eligible
1617118,30000000009879,402_surface-chipped,1,left,eligible
1617119,30000000009879,402_surface-chipped,1,right,eligible
1617122,30000000009879,402_surface-chipped,2,left,eligible
1617123,30000000009879,402_surface-chipped,2,right,eligible
1617126,30000000009879,402_surface-chipped,3,left,eligible
1617127,30000000009879,402_surface-chipped,3,right,eligible
1617130,30000000009879,402_surface-chipped,4,left,eligible
1617131,30000000009879,402_surface-chipped,4,right,eligible
1617134,30000000009879,402_surface-chipped,5,left,eligible
1617135,30000000009879,402_surface-chipped,5,right,eligible
1617138,30000000009879,402_surface-chipped,6,left,eligible
1617139,30000000009879,402_surface-chipped,6,right,eligible
1617142,30000000009879,402_surface-chipped,7,left,eligible
1617143,30000000009879,402_surface-chipped,7,right,eligible
1617146,30000000009879,402_surface-chipped,8,left,eligible
1617147,30000000009879,402_surface-chipped,8,right,eligible
1617150,30000000009879,402_surface-chipped,9,left,eligible
1617151,30000000009879,402_surface-chipped,9,right,eligible
1617154,30000000009879,402_surface-chipped,10,left,eligible
1617155,30000000009879,402_surface-chipped,10,right,eligible
1617158,30000000009879,402_surface-chipped,11,left,eligible
1617159,30000000009879,402_surface-chipped,11,right,eligible
1617162,30000000009879,402_surface-chipped,12,left,eligible
1617163,30000000009879,402_surface-chipped,12,right,eligible
1617166,30000000009879,402_surface-chipped,13,left,eligible
1617167,30000000009879,402_surface-chipped,13,right,eligible
1617170,30000000009879,402_surface-chipped,14,left,eligible
1617171,30000000009879,402_surface-chipped,14,right,eligible
1617174,30000000009879,402_surface-chipped,15,left,eligible
1617175,30000000009879,402_surface-chipped,15,right,eligible
1617178,30000000009879,402_surface-chipped,16,left,eligible
1617179,30000000009879,402_surface-chipped,16,right,eligible
1617182,30000000009879,402_surface-chipped,17,left,eligible
1617183,30000000009879,402_surface-chipped,17,right,eligible
1617186,30000000009879,402_surface-chipped,18,left,eligible
1617187,30000000009879,402_surface-chipped,18,right,eligible
1617190,30000000009879,402_surface-chipped,19,left,eligible
1617191,30000000009879,402_surface-chipped,19,right,eligible
1617194,30000000009879,402_surface-chipped,20,left,eligible
1617195,30000000009879,402_surface-chipped,20,right,eligible
1617198,30000000009879,402_surface-chipped,21,left,eligible
1617199,30000000009879,402_surface-chipped,21,right,eligible
1617202,30000000009879,402_surface-chipped,22,left,eligible
1617203,30000000009879,402_surface-chipped,22,right,eligible
1617206,30000000009879,402_surface-chipped,23,left,eligible
1617207,30000000009879,402_surface-chipped,23,right,eligible
1617210,30000000009879,402_surface-chipped,24,left,eligible
1617211,30000000009879,402_surface-chipped,24,right,eligible
1617314,30000000009883,402_surface-chipped,0,left,eligible
1617315,30000000009883,402_surface-chipped,0,right,eligible
1617318,30000000009883,402_surface-chipped,1,left,eligible
1617319,30000000009883,402_surface-chipped,1,right,eligible
1617322,30000000009883,402_surface-chipped,2,left,eligible
1617323,30000000009883,402_surface-chipped,2,right,eligible
1617326,30000000009883,402_surface-chipped,3,left,eligible
1617327,30000000009883,402_surface-chipped,3,right,eligible
1617330,30000000009883,402_surface-chipped,4,left,eligible
1617331,30000000009883,402_surface-chipped,4,right,eligible
1617334,30000000009883,402_surface-chipped,5,left,eligible
1617335,30000000009883,402_surface-chipped,5,right,eligible
1617338,30000000009883,402_surface-chipped,6,left,eligible
1617339,30000000009883,402_surface-chipped,6,right,eligible
1617342,30000000009883,402_surface-chipped,7,left,eligible
1617343,30000000009883,402_surface-chipped,7,right,eligible
1617346,30000000009883,402_surface-chipped,8,left,eligible
1617347,30000000009883,402_surface-chipped,8,right,eligible
1617350,30000000009883,402_surface-chipped,9,left,eligible
1617351,30000000009883,402_surface-chipped,9,right,eligible
1617354,30000000009883,402_surface-chipped,10,left,eligible
1617355,30000000009883,402_surface-chipped,10,right,eligible
1617358,30000000009883,402_surface-chipped,11,left,eligible
1617359,30000000009883,402_surface-chipped,11,right,eligible
1617362,30000000009883,402_surface-chipped,12,left,eligible
1617363,30000000009883,402_surface-chipped,12,right,eligible
1617366,30000000009883,402_surface-chipped,13,left,eligible
1617367,30000000009883,402_surface-chipped,13,right,eligible
1617370,30000000009883,402_surface-chipped,14,left,eligible
1617371,30000000009883,402_surface-chipped,14,right,eligible
1617374,30000000009883,402_surface-chipped,15,left,eligible
1617375,30000000009883,402_surface-chipped,15,right,eligible
1617378,30000000009883,402_surface-chipped,16,left,eligible
1617379,30000000009883,402_surface-chipped,16,right,eligible
1617382,30000000009883,402_surface-chipped,17,left,eligible
1617383,30000000009883,402_surface-chipped,17,right,eligible
1617386,30000000009883,402_surface-chipped,18,left,eligible
1617387,30000000009883,402_surface-chipped,18,right,eligible
1617390,30000000009883,402_surface-chipped,19,left,eligible
1617391,30000000009883,402_surface-chipped,19,right,eligible
1617394,30000000009883,402_surface-chipped,20,left,eligible
1617395,30000000009883,402_surface-chipped,20,right,eligible
1617398,30000000009883,402_surface-chipped,21,left,eligible
1617399,30000000009883,402_surface-chipped,21,right,eligible
1617402,30000000009883,402_surface-chipped,22,left,eligible
1617403,30000000009883,402_surface-chipped,22,right,eligible
1617406,30000000009883,402_surface-chipped,23,left,eligible
1617407,30000000009883,402_surface-chipped,23,right,eligible
1617410,30000000009883,402_surface-chipped,24,left,eligible
1617411,30000000009883,402_surface-chipped,24,right,eligible
1617412,30000000009884,402_surface-chipped,0,left,eligible
1617413,30000000009884,402_surface-chipped,0,right,eligible
1617419,30000000009884,402_surface-chipped,1,left,eligible
1617420,30000000009884,402_surface-chipped,1,right,eligible
1617421,30000000009884,402_surface-chipped,2,left,eligible
1617422,30000000009884,402_surface-chipped,2,right,eligible
1617425,30000000009884,402_surface-chipped,3,left,eligible
1617426,30000000009884,402_surface-chipped,3,right,eligible
1617429,30000000009884,402_surface-chipped,4,left,eligible
1617430,30000000009884,402_surface-chipped,4,right,eligible
1617433,30000000009884,402_surface-chipped,5,left,eligible
1617434,30000000009884,402_surface-chipped,5,right,eligible
1617437,30000000009884,402_surface-chipped,6,left,eligible
1617438,30000000009884,402_surface-chipped,6,right,eligible
1617441,30000000009884,402_surface-chipped,7,left,eligible
1617442,30000000009884,402_surface-chipped,7,right,eligible
1617445,30000000009884,402_surface-chipped,8,left,eligible
1617446,30000000009884,402_surface-chipped,8,right,eligible
1617449,30000000009884,402_surface-chipped,9,left,eligible
1617450,30000000009884,402_surface-chipped,9,right,eligible
1617453,30000000009884,402_surface-chipped,10,left,eligible
1617454,30000000009884,402_surface-chipped,10,right,eligible
1617457,30000000009884,402_surface-chipped,11,left,eligible
1617458,30000000009884,402_surface-chipped,11,right,eligible
1617461,30000000009884,402_surface-chipped,12,left,eligible
1617462,30000000009884,402_surface-chipped,12,right,eligible
1617465,30000000009884,402_surface-chipped,13,left,eligible
1617466,30000000009884,402_surface-chipped,13,right,eligible
1617469,30000000009884,402_surface-chipped,14,left,eligible
1617470,30000000009884,402_surface-chipped,14,right,eligible
1617473,30000000009884,402_surface-chipped,15,left,eligible
1617474,30000000009884,402_surface-chipped,15,right,eligible
1617477,30000000009884,402_surface-chipped,16,left,eligible
1617478,30000000009884,402_surface-chipped,16,right,eligible
1617481,30000000009884,402_surface-chipped,17,left,eligible
1617482,30000000009884,402_surface-chipped,17,right,eligible
1617485,30000000009884,402_surface-chipped,18,left,eligible
1617486,30000000009884,402_surface-chipped,18,right,eligible
1617489,30000000009884,402_surface-chipped,19,left,eligible
1617490,30000000009884,402_surface-chipped,19,right,eligible
1617493,30000000009884,402_surface-chipped,20,left,eligible
1617494,30000000009884,402_surface-chipped,20,right,eligible
1617497,30000000009884,402_surface-chipped,21,left,eligible
1617498,30000000009884,402_surface-chipped,21,right,eligible
1617501,30000000009884,402_surface-chipped,22,left,eligible
1617502,30000000009884,402_surface-chipped,22,right,eligible
1617505,30000000009884,402_surface-chipped,23,left,eligible
1617506,30000000009884,402_surface-chipped,23,right,eligible
1617509,30000000009884,402_surface-chipped,24,left,eligible
1617510,30000000009884,402_surface-chipped,24,right,eligible
1618014,30000000009896,402_surface-chipped,0,left,eligible
1618015,30000000009896,402_surface-chipped,0,right,eligible
1618018,30000000009896,402_surface-chipped,1,left,eligible
1618019,30000000009896,402_surface-chipped,1,right,eligible
1618022,30000000009896,402_surface-chipped,2,left,eligible
1618023,30000000009896,402_surface-chipped,2,right,eligible
1618026,30000000009896,402_surface-chipped,3,left,eligible
1618027,30000000009896,402_surface-chipped,3,right,eligible
1618030,30000000009896,402_surface-chipped,4,left,eligible
1618031,30000000009896,402_surface-chipped,4,right,eligible
1618034,30000000009896,402_surface-chipped,5,left,eligible
1618035,30000000009896,402_surface-chipped,5,right,eligible
1618038,30000000009896,402_surface-chipped,6,left,eligible
1618039,30000000009896,402_surface-chipped,6,right,eligible
1618042,30000000009896,402_surface-chipped,7,left,eligible
1618043,30000000009896,402_surface-chipped,7,right,eligible
1618046,30000000009896,402_surface-chipped,8,left,eligible
1618047,30000000009896,402_surface-chipped,8,right,eligible
1618050,30000000009896,402_surface-chipped,9,left,eligible
1618051,30000000009896,402_surface-chipped,9,right,eligible
1618054,30000000009896,402_surface-chipped,10,left,eligible
1618055,30000000009896,402_surface-chipped,10,right,eligible
1618058,30000000009896,402_surface-chipped,11,left,eligible
1618059,30000000009896,402_surface-chipped,11,right,eligible
1618062,30000000009896,402_surface-chipped,12,left,eligible
1618063,30000000009896,402_surface-chipped,12,right,eligible
1618066,30000000009896,402_surface-chipped,13,left,eligible
1618067,30000000009896,402_surface-chipped,13,right,eligible
1618070,30000000009896,402_surface-chipped,14,left,eligible
1618071,30000000009896,402_surface-chipped,14,right,eligible
1618074,30000000009896,402_surface-chipped,15,left,eligible
1618075,30000000009896,402_surface-chipped,15,right,eligible
1618078,30000000009896,402_surface-chipped,16,left,eligible
1618079,30000000009896,402_surface-chipped,16,right,eligible
1618082,30000000009896,402_surface-chipped,17,left,eligible
1618083,30000000009896,402_surface-chipped,17,right,eligible
1618086,30000000009896,402_surface-chipped,18,left,eligible
1618087,30000000009896,402_surface-chipped,18,right,eligible
1618090,30000000009896,402_surface-chipped,19,left,eligible
1618091,30000000009896,402_surface-chipped,19,right,eligible
1618094,30000000009896,402_surface-chipped,20,left,eligible
1618095,30000000009896,402_surface-chipped,20,right,eligible
1618098,30000000009896,402_surface-chipped,21,left,eligible
1618099,30000000009896,402_surface-chipped,21,right,eligible
1618102,30000000009896,402_surface-chipped,22,left,eligible
1618103,30000000009896,402_surface-chipped,22,right,eligible
1618106,30000000009896,402_surface-chipped,23,left,eligible
1618107,30000000009896,402_surface-chipped,23,right,eligible
1618110,30000000009896,402_surface-chipped,24,left,eligible
1618111,30000000009896,402_surface-chipped,24,right,eligible
