model,group,primary_error,mae,rmse,bias,n,weight_sum,p90
reference,episode:198682,9.30827877833717,9.30827877833717,9.404057772735124,9.30827877833717,6,6.0,10.615461377764133
reference,episode:199130,0.0,0.0,0.0,0.0,1,1.0,0.0
reference,episode:199176,5.630885037293952,5.630885037293952,5.69431942512243,-5.630885037293952,2,2.0,6.308956378487242
reference,episode:199292,0.49304147158965606,0.49304147158965606,0.49304147158965606,-0.49304147158965606,1,1.0,0.49304147158965606
reference,episode:199504,4.450262643588274,4.450262643588274,4.47029170305605,-4.450262643588274,2,2.0,4.788417934300193
reference,episode:199572,2.156740008742654,2.156740008742654,2.4147539745007456,-1.086052158994164,2,2.0,3.025581735937985
reference,episode:199916,2.372230110830797,2.372230110830797,2.5983893539960925,-2.372230110830797,2,2.0,3.2204382121749657
reference,episode:199974,7.325247947153555,7.325247947153555,7.356730275229551,7.325247947153555,2,2.0,7.869143734349119
reference,episode:199994,3.7627621220053147,3.7627621220053147,3.7627621220053147,-3.7627621220053147,1,1.0,3.7627621220053147
reference,episode:200216,5.6730107534289775,5.6730107534289775,5.6730107534289775,-5.6730107534289775,1,1.0,5.6730107534289775
reference,episode:200273,8.443864737471895,8.443864737471895,8.443864737471895,8.443864737471895,1,1.0,8.443864737471895
reference,episode:200340,2.777304639863447,2.777304639863447,3.0094197317421734,-2.777304639863447,2,2.0,3.704471872827892
reference,episode:200399,5.141135199561907,5.141135199561907,5.141135199561907,-5.141135199561907,1,1.0,5.141135199561907
reference,episode:200409,5.267029227328834,5.267029227328834,5.670713650306355,2.101284469612491,2,2.0,6.948056803018827
reference,episode:200422,3.7240588008327573,3.7240588008327573,3.7456334341338193,-3.7240588008327573,6,6.0,4.160307157229695
reference,episode:200425,3.654465515375694,3.654465515375694,3.654465515375694,3.654465515375694,1,1.0,3.654465515375694
reference,episode:200683,4.1278697015363655,4.1278697015363655,4.128917788865957,-4.1278697015363655,2,2.0,4.202290491542702
reference,episode:200691,2.538345961159827,2.538345961159827,2.5871092885888207,0.49993424824285526,2,2.0,2.938293359754111
reference,episode:200718,3.7399069329907686,3.7399069329907686,3.7399069329907686,3.7399069329907686,1,1.0,3.7399069329907686
reference,episode:200793,8.410706666439054,8.410706666439054,8.410706666439054,8.410706666439054,1,1.0,8.410706666439054
reference,episode:200837,5.192296067448794,5.192296067448794,5.2099839497490885,5.192296067448794,3,3.0,5.629681344204195
reference,episode:200858,4.631093414220435,4.631093414220435,4.932214551553006,-4.631093414220435,2,2.0,5.988671061959899
reference,episode:201093,0.4168441432788388,0.4168441432788388,0.4168441432788388,0.4168441432788388,1,1.0,0.4168441432788388
reference,episode:201169,6.144291306590225,6.144291306590225,6.144291306590225,6.144291306590225,1,1.0,6.144291306590225
reference,episode:201222,3.361588271112484,3.361588271112484,3.361588271112484,3.361588271112484,1,1.0,3.361588271112484
reference,episode:201232,10.22201674466416,10.22201674466416,10.22201674466416,10.22201674466416,1,1.0,10.22201674466416
reference,episode:201307,4.080050489876445,4.080050489876445,4.102267697588418,4.080050489876445,2,2.0,4.421143568304123
reference,episode:201332,6.823629025049179,6.823629025049179,6.98998250662572,-6.823629025049179,3,3.0,8.206839857031948
reference,episode:201336,5.726528093530313,5.726528093530313,5.726528093530313,-5.726528093530313,1,1.0,5.726528093530313
reference,episode:201346,6.363412726716498,6.363412726716498,6.363412726716498,-6.363412726716498,1,1.0,6.363412726716498
reference,episode:201364,2.4748818114877027,2.4748818114877027,2.4748818114877027,2.4748818114877027,1,1.0,2.4748818114877027
reference,episode:201583,4.31354692254749,4.31354692254749,4.461618203939874,4.31354692254749,7,7.0,5.975097957702357
reference,episode:201678,5.256312920140723,5.256312920140723,5.677034328755167,-1.525849073421071,11,11.0,6.819492172120567
reference,episode:201777,6.313480524258108,6.313480524258108,6.5666408783786405,6.313480524258108,3,3.0,8.099837351494772
reference,episode:201896,7.569635160531744,7.569635160531744,7.587610653474805,-7.569635160531744,2,2.0,7.987215976310182
reference,episode:202009,3.0931713015476436,3.0931713015476436,3.4551532995864,-3.0931713015476436,4,4.0,4.823817103378843
reference,episode:202014,6.05920122810932,6.05920122810932,6.05920122810932,-6.05920122810932,1,1.0,6.05920122810932
reference,episode:202092,1.8549103405130882,1.8549103405130882,1.8549103405130882,-1.8549103405130882,1,1.0,1.8549103405130882
reference,episode:202200,1.2744514358909849,1.2744514358909849,1.5017859411960834,-1.0040931880677408,11,11.0,2.3287640619765213
reference,episode:202225,1.3376293706108022,1.3376293706108022,1.3376293706108022,-1.3376293706108022,1,1.0,1.3376293706108022
reference,episode:202390,1.096408066944053,1.096408066944053,1.1998188351714851,-1.011647418364927,5,5.0,1.5329725674394798
reference,episode:202437,5.286710440102821,5.286710440102821,5.286710440102821,-5.286710440102821,1,1.0,5.286710440102821
reference,episode:202516,5.962220222286412,5.962220222286412,6.01101711395366,3.339907329016777,4,4.0,6.754605729021594
reference,episode:202529,5.46418405048362,5.46418405048362,5.46418405048362,-5.46418405048362,1,1.0,5.46418405048362
reference,episode:202577,1.7651824230496267,1.7651824230496267,1.7651824230496267,-1.7651824230496267,1,1.0,1.7651824230496267
reference,episode:202592,4.387684345790369,4.387684345790369,4.538754611899085,-4.387684345790369,8,8.0,5.957445743559054
reference,episode:202647,2.513659762460692,2.513659762460692,2.641225530454177,0.8109173208835823,2,2.0,3.162393619167558
reference,episode:202651,4.655793319650694,4.655793319650694,4.905184157637865,0.8510833672311477,4,4.0,6.3838026598874515
reference,episode:202669,3.590968223921979,3.590968223921979,3.590968223921979,3.590968223921979,1,1.0,3.590968223921979
reference,episode:202759,5.306848664444037,5.306848664444037,6.4829711808066275,3.723744430523907,2,2.0,8.285844208863162
reference,episode:202844,5.133430769287282,5.133430769287282,7.2113244553962526,5.0432065973859,15,15.0,11.489354333216006
reference,episode:202845,4.9689766869617875,4.9689766869617875,6.983089758871556,3.7779396935013394,10,10.0,11.333726735201163
reference,episode:202925,3.9065091970182775,3.9065091970182775,3.916490595003001,-3.9065091970182775,2,2.0,4.1300579916683215
reference,episode:202928,12.868983115518942,12.868983115518942,12.868983115518942,12.868983115518942,1,1.0,12.868983115518942
reference,episode:202936,3.0518341689603226,3.0518341689603226,3.0518341689603226,3.0518341689603226,1,1.0,3.0518341689603226
reference,episode:202961,2.5979687616901996,2.5979687616901996,2.5984205513882266,2.5979687616901996,2,2.0,2.6367310126761208
reference,episode:203019,0.5099083729233893,0.5099083729233893,0.5099083729233893,0.5099083729233893,1,1.0,0.5099083729233893
reference,episode:203089,3.618876419476074,3.618876419476074,3.7718924968237846,-3.618876419476074,4,4.0,4.834419457558242
reference,episode:203174,0.9636872039363187,0.9636872039363187,0.9636872039363187,0.9636872039363187,1,1.0,0.9636872039363187
reference,episode:203200,4.870874462632058,4.870874462632058,5.025373031623975,-4.870874462632058,2,2.0,5.860082170245345
reference,episode:203361,4.945886580384702,4.945886580384702,4.945886580384702,4.945886580384702,1,1.0,4.945886580384702
reference,episode:203450,4.241824302248211,4.241824302248211,4.286667914232485,4.241824302248211,5,5.0,4.948131764989282
reference,episode:203514,3.5549854141352926,3.5549854141352926,3.5549854141352926,3.5549854141352926,1,1.0,3.5549854141352926
reference,episode:203518,0.7288443978935142,0.7288443978935142,0.7288443978935142,-0.7288443978935142,1,1.0,0.7288443978935142
reference,episode:203538,7.188121044514777,7.188121044514777,7.58037957410297,7.188121044514777,3,3.0,9.22030280178658
reference,episode:203576,3.054214264685345,3.054214264685345,3.054214264685345,3.054214264685345,1,1.0,3.054214264685345
reference,episode:203682,6.39917203812318,6.39917203812318,6.39917203812318,6.39917203812318,1,1.0,6.39917203812318
reference,episode:203752,7.584623624910277,7.584623624910277,7.584623624910277,-7.584623624910277,1,1.0,7.584623624910277
reference,episode:203754,3.6651818446690294,3.6651818446690294,3.6651818446690294,3.6651818446690294,1,1.0,3.6651818446690294
reference,episode:204035,3.5060797203710132,3.5060797203710132,3.5060797203710132,-3.5060797203710132,1,1.0,3.5060797203710132
reference,episode:204318,5.731747424713231,5.731747424713231,5.731747424713231,-5.731747424713231,1,1.0,5.731747424713231
reference,episode:204641,4.370770003536998,4.370770003536998,4.370770003536998,4.370770003536998,1,1.0,4.370770003536998
reference,episode:204686,1.1795586016204815,1.1795586016204815,1.1795586016204815,1.1795586016204815,1,1.0,1.1795586016204815
reference,episode:204770,3.5678731957274263,3.5678731957274263,3.8116049660154343,1.1663187266913628,7,7.0,5.222597229302719
reference,episode:204797,4.039402078011552,4.039402078011552,4.266291822889658,4.039402078011552,4,4.0,5.485355763072011
reference,episode:205128,1.1047812544846156,1.1047812544846156,1.1047812544846156,1.1047812544846156,1,1.0,1.1047812544846156
reference,episode:205159,4.44823770928604,4.44823770928604,4.7001741269909525,4.44823770928604,2,2.0,5.662767901443213
reference,episode:205164,7.2166247120544,7.2166247120544,7.423676033975998,7.2166247120544,3,3.0,8.96169193158633
reference,episode:205248,5.552827535640427,5.552827535640427,5.552827535640427,5.552827535640427,1,1.0,5.552827535640427
reference,episode:206508,0.0,0.0,0.0,0.0,1,1.0,0.0
reference,episode:206523,6.370152560901542,6.370152560901542,6.370152560901542,-6.370152560901542,1,1.0,6.370152560901542
reference,episode:206529,2.099101259350423,2.099101259350423,2.099101259350423,2.099101259350423,1,1.0,2.099101259350423
reference,episode:206537,3.4428516833652214,3.4428516833652214,3.4428516833652214,3.4428516833652214,1,1.0,3.4428516833652214
reference,episode:206610,1.744940882651445,1.744940882651445,1.744940882651445,1.744940882651445,1,1.0,1.744940882651445
reference,episode:206807,1.9199111126777009,1.9199111126777009,1.9199111126777009,1.9199111126777009,1,1.0,1.9199111126777009
reference,episode:207350,5.735644368437039,5.735644368437039,5.73564437529213,-5.735644368437039,2,2.0,5.735868706361763
reference,episode:207831,6.631704313169348,6.631704313169348,6.631704313169348,-6.631704313169348,1,1.0,6.631704313169348
reference,episode:207904,0.5860084842518924,0.5860084842518924,0.5860084842518924,0.5860084842518924,1,1.0,0.5860084842518924
reference,episode:208023,5.817748243564857,5.817748243564857,5.817748243564857,-5.817748243564857,1,1.0,5.817748243564857
reference,episode:208170,1.8565023656325748,1.8565023656325748,1.8565023656325748,1.8565023656325748,1,1.0,1.8565023656325748
reference,episode:208204,1.7605363372464566,1.7605363372464566,1.7605363372464566,1.7605363372464566,1,1.0,1.7605363372464566
reference,episode:208270,5.4767569403305005,5.4767569403305005,5.994473567269385,0.4715006495809722,3,3.0,7.901344204906683
reference,episode:208464,6.972256542567656,6.972256542567656,6.972256542567656,-6.972256542567656,1,1.0,6.972256542567656
reference,episode:209460,5.378888570647055,5.378888570647055,5.901507269307222,5.378888570647055,5,5.0,8.130760400228809
constant,episode:198682,5.634642114945755,5.634642114945755,5.634642114945755,5.634642114945755,6,6.0,5.634642114945755
constant,episode:199130,5.634642114945755,5.634642114945755,5.634642114945755,5.634642114945755,1,1.0,5.634642114945755
constant,episode:199176,7.0539740738394885,7.0539740738394885,7.054395141025211,-7.0539740738394885,2,2.0,7.115634155294791
constant,episode:199292,5.8782933499744745,5.8782933499744745,5.8782933499744745,-5.8782933499744745,1,1.0,5.8782933499744745
constant,episode:199504,7.487723262456574,7.487723262456574,7.487723262456574,-7.487723262456574,2,2.0,7.487723262456574
constant,episode:199572,3.7785474674747386,3.7785474674747386,3.883281109309895,-3.7785474674747386,2,2.0,4.49518459627601
constant,episode:199916,6.683008306215524,6.683008306215524,6.731282655017818,-6.683008306215524,2,2.0,7.326780271208364
constant,episode:199974,5.634642114945755,5.634642114945755,5.634642114945755,5.634642114945755,2,2.0,5.634642114945755
constant,episode:199994,3.981230029583135,3.981230029583135,3.981230029583135,-3.981230029583135,1,1.0,3.981230029583135
constant,episode:200216,6.794578081890628,6.794578081890628,6.794578081890628,-6.794578081890628,1,1.0,6.794578081890628
constant,episode:200273,5.634642114945755,5.634642114945755,5.634642114945755,5.634642114945755,1,1.0,5.634642114945755
constant,episode:200340,5.531724759619503,5.531724759619503,5.5425705772690055,-5.531724759619503,2,2.0,5.8089796319034805
constant,episode:200399,6.283755124777083,6.283755124777083,6.283755124777083,-6.283755124777083,1,1.0,6.283755124777083
constant,episode:200409,6.430500605334573,6.430500605334573,6.479562390465292,-0.7958584903888184,2,2.0,7.067187397645628
constant,episode:200422,6.168689618583276,6.168689618583276,6.199225071656265,-6.168689618583276,6,6.0,6.794578081890628
constant,episode:200425,5.634642114945755,5.634642114945755,5.634642114945755,5.634642114945755,1,1.0,5.634642114945755
constant,episode:200683,5.989876125280589,5.989876125280589,6.1743147022607054,-5.989876125280589,2,2.0,7.188153835021377
constant,episode:200691,4.125176040234543,4.125176040234543,4.482242481686474,-4.125176040234543,2,2.0,5.527669888026488
constant,episode:200718,5.634642114945755,5.634642114945755,5.634642114945755,5.634642114945755,1,1.0,5.634642114945755
constant,episode:200793,5.634642114945755,5.634642114945755,5.634642114945755,5.634642114945755,1,1.0,5.634642114945755
constant,episode:200837,5.634642114945755,5.634642114945755,5.634642114945754,5.634642114945755,3,3.0,5.634642114945755
constant,episode:200858,5.734476646019854,5.734476646019854,5.996506991723926,-5.734476646019854,2,2.0,7.13707393916923
constant,episode:201093,2.3720587304946124,2.3720587304946124,2.3720587304946124,-2.3720587304946124,1,1.0,2.3720587304946124
constant,episode:201169,5.634642114945755,5.634642114945755,5.634642114945755,5.634642114945755,1,1.0,5.634642114945755
constant,episode:201222,5.634642114945755,5.634642114945755,5.634642114945755,5.634642114945755,1,1.0,5.634642114945755
constant,episode:201232,5.634642114945755,5.634642114945755,5.634642114945755,5.634642114945755,1,1.0,5.634642114945755
constant,episode:201307,5.634642114945755,5.634642114945755,5.634642114945755,5.634642114945755,2,2.0,5.634642114945755
constant,episode:201332,6.4147969858351175,6.4147969858351175,6.727529453374532,-6.4147969858351175,3,3.0,8.04224020690573
constant,episode:201336,5.185156169264531,5.185156169264531,5.185156169264531,-5.185156169264531,1,1.0,5.185156169264531
constant,episode:201346,4.268895436340416,4.268895436340416,4.268895436340416,-4.268895436340416,1,1.0,4.268895436340416
constant,episode:201364,5.634642114945755,5.634642114945755,5.634642114945755,5.634642114945755,1,1.0,5.634642114945755
constant,episode:201583,5.634642114945755,5.634642114945755,5.634642114945755,5.634642114945755,7,7.0,5.634642114945755
constant,episode:201678,6.33149578539537,6.33149578539537,6.385270772518565,-3.2580546317885957,11,11.0,7.264580211141239
constant,episode:201777,5.634642114945755,5.634642114945755,5.634642114945754,5.634642114945755,3,3.0,5.634642114945755
constant,episode:201896,4.38046221222251,4.38046221222251,4.381882738982189,-4.38046221222251,2,2.0,4.469715632928186
constant,episode:202009,5.442698144025417,5.442698144025417,6.517725118883949,-5.442698144025417,4,4.0,9.428367954484568
constant,episode:202014,5.65515229863214,5.65515229863214,5.65515229863214,-5.65515229863214,1,1.0,5.65515229863214
constant,episode:202092,5.772933945416031,5.772933945416031,5.772933945416031,-5.772933945416031,1,1.0,5.772933945416031
constant,episode:202200,4.874184721676548,4.874184721676548,5.271401577750689,-4.874184721676548,11,11.0,6.9768989720203605
constant,episode:202225,5.185156169264531,5.185156169264531,5.185156169264531,-5.185156169264531,1,1.0,5.185156169264531
constant,episode:202390,4.496788291928189,4.496788291928189,4.587729541567957,-4.496788291928189,5,5.0,5.601038477690498
constant,episode:202437,5.590614610817139,5.590614610817139,5.590614610817139,-5.590614610817139,1,1.0,5.590614610817139
constant,episode:202516,5.796920367403587,5.796920367403587,5.803730562291881,2.655042805015045,4,4.0,6.089021221827685
constant,episode:202529,3.35267969790437,3.35267969790437,3.35267969790437,-3.35267969790437,1,1.0,3.35267969790437
constant,episode:202577,4.492028988104605,4.492028988104605,4.492028988104605,-4.492028988104605,1,1.0,4.492028988104605
constant,episode:202592,5.627803029088876,5.627803029088876,5.67023272596071,-5.627803029088876,8,8.0,6.3031165561191616
constant,episode:202647,3.8007011672918667,3.8007011672918667,4.220031843782153,1.833940947653888,2,2.0,5.267853925414977
constant,episode:202651,4.131023504214818,4.131023504214818,4.399866469608865,1.5036186107309368,4,4.0,5.634642114945755
constant,episode:202669,5.634642114945755,5.634642114945755,5.634642114945755,5.634642114945755,1,1.0,5.634642114945755
constant,episode:202759,6.7803097993286165,6.7803097993286165,6.876420247331518,-1.145667684382862,2,2.0,7.696843946834906
constant,episode:202844,5.51762006862609,5.51762006862609,5.555871374284355,-0.25862076134338613,15,15.0,5.634642114945755
constant,episode:202845,6.11041770918057,6.11041770918057,6.22427879087695,-1.6027040172239666,10,10.0,8.221415920495529
constant,episode:202925,5.531724759619503,5.531724759619503,5.5425705772690055,-5.531724759619503,2,2.0,5.8089796319034805
constant,episode:202928,5.634642114945755,5.634642114945755,5.634642114945755,5.634642114945755,1,1.0,5.634642114945755
constant,episode:202936,5.634642114945755,5.634642114945755,5.634642114945755,5.634642114945755,1,1.0,5.634642114945755
constant,episode:202961,5.634642114945755,5.634642114945755,5.634642114945755,5.634642114945755,2,2.0,5.634642114945755
constant,episode:203019,5.634642114945755,5.634642114945755,5.634642114945755,5.634642114945755,1,1.0,5.634642114945755
constant,episode:203089,4.380499706935729,4.380499706935729,4.5424873142596525,-4.380499706935729,4,4.0,5.670352195761492
constant,episode:203174,5.634642114945755,5.634642114945755,5.634642114945755,5.634642114945755,1,1.0,5.634642114945755
constant,episode:203200,6.730662532490031,6.730662532490031,6.760010764644516,-6.730662532490031,2,2.0,7.2340446374367104
constant,episode:203361,5.634642114945755,5.634642114945755,5.634642114945755,5.634642114945755,1,1.0,5.634642114945755
constant,episode:203450,5.634642114945755,5.634642114945755,5.634642114945755,5.634642114945755,5,5.0,5.634642114945755
constant,episode:203514,5.634642114945755,5.634642114945755,5.634642114945755,5.634642114945755,1,1.0,5.634642114945755
constant,episode:203518,7.487723262456574,7.487723262456574,7.487723262456574,-7.487723262456574,1,1.0,7.487723262456574
constant,episode:203538,5.634642114945755,5.634642114945755,5.634642114945754,5.634642114945755,3,3.0,5.634642114945755
constant,episode:203576,5.634642114945755,5.634642114945755,5.634642114945755,5.634642114945755,1,1.0,5.634642114945755
constant,episode:203682,5.634642114945755,5.634642114945755,5.634642114945755,5.634642114945755,1,1.0,5.634642114945755
constant,episode:203752,6.794578081890628,6.794578081890628,6.794578081890628,-6.794578081890628,1,1.0,6.794578081890628
constant,episode:203754,5.634642114945755,5.634642114945755,5.634642114945755,5.634642114945755,1,1.0,5.634642114945755
constant,episode:204035,3.5757982520307623,3.5757982520307623,3.5757982520307623,-3.5757982520307623,1,1.0,3.5757982520307623
constant,episode:204318,2.8827510564731496,2.8827510564731496,2.8827510564731496,-2.8827510564731496,1,1.0,2.8827510564731496
constant,episode:204641,5.634642114945755,5.634642114945755,5.634642114945755,5.634642114945755,1,1.0,5.634642114945755
constant,episode:204686,5.634642114945755,5.634642114945755,5.634642114945755,5.634642114945755,1,1.0,5.634642114945755
constant,episode:204770,5.138138768037723,5.138138768037723,5.29916489863644,2.9113499675990693,7,7.0,5.711585501726377
constant,episode:204797,5.634642114945755,5.634642114945755,5.634642114945755,5.634642114945755,4,4.0,5.634642114945755
constant,episode:205128,5.634642114945755,5.634642114945755,5.634642114945755,5.634642114945755,1,1.0,5.634642114945755
constant,episode:205159,5.634642114945755,5.634642114945755,5.634642114945755,5.634642114945755,2,2.0,5.634642114945755
constant,episode:205164,5.634642114945755,5.634642114945755,5.634642114945754,5.634642114945755,3,3.0,5.634642114945755
constant,episode:205248,5.634642114945755,5.634642114945755,5.634642114945755,5.634642114945755,1,1.0,5.634642114945755
constant,episode:206508,5.634642114945755,5.634642114945755,5.634642114945755,5.634642114945755,1,1.0,5.634642114945755
constant,episode:206523,2.8827510564731496,2.8827510564731496,2.8827510564731496,-2.8827510564731496,1,1.0,2.8827510564731496
constant,episode:206529,5.634642114945755,5.634642114945755,5.634642114945755,5.634642114945755,1,1.0,5.634642114945755
constant,episode:206537,5.634642114945755,5.634642114945755,5.634642114945755,5.634642114945755,1,1.0,5.634642114945755
constant,episode:206610,5.634642114945755,5.634642114945755,5.634642114945755,5.634642114945755,1,1.0,5.634642114945755
constant,episode:206807,5.634642114945755,5.634642114945755,5.634642114945755,5.634642114945755,1,1.0,5.634642114945755
constant,episode:207350,5.989876125280589,5.989876125280589,6.1743147022607054,-5.989876125280589,2,2.0,7.188153835021377
constant,episode:207831,4.268895436340416,4.268895436340416,4.268895436340416,-4.268895436340416,1,1.0,4.268895436340416
constant,episode:207904,5.634642114945755,5.634642114945755,5.634642114945755,5.634642114945755,1,1.0,5.634642114945755
constant,episode:208023,4.962017617837824,4.962017617837824,4.962017617837824,-4.962017617837824,1,1.0,4.962017617837824
constant,episode:208170,5.634642114945755,5.634642114945755,5.634642114945755,5.634642114945755,1,1.0,5.634642114945755
constant,episode:208204,5.634642114945755,5.634642114945755,5.634642114945755,5.634642114945755,1,1.0,5.634642114945755
constant,episode:208270,4.397223465519883,4.397223465519883,4.486487767032662,-0.6407953888893809,3,3.0,5.303959697873231
constant,episode:208464,4.828489796546212,4.828489796546212,4.828489796546212,-4.828489796546212,1,1.0,4.828489796546212
constant,episode:209460,5.634642114945755,5.634642114945755,5.634642114945755,5.634642114945755,5,5.0,5.634642114945755
domain,episode:198682,7.218658969485705,7.218658969485705,7.411119841666613,7.218658969485705,6,6.0,8.943919829331467
domain,episode:199130,4.219603649711326,4.219603649711326,4.219603649711326,4.219603649711326,1,1.0,4.219603649711326
domain,episode:199176,7.744251620748531,7.744251620748531,7.755823048503289,-7.744251620748531,2,2.0,8.083057046186637
domain,episode:199292,1.6101104498218106,1.6101104498218106,1.6101104498218106,-1.6101104498218106,1,1.0,1.6101104498218106
domain,episode:199504,7.120477284391065,7.120477284391065,7.150573545217808,-7.120477284391065,2,2.0,7.64477049581513
domain,episode:199572,3.593356903723279,3.593356903723279,3.9951467197437482,-3.593356903723279,2,2.0,4.990263995779093
domain,episode:199916,3.836855197506396,3.836855197506396,3.897183079415117,-3.836855197506396,2,2.0,4.383307404586299
domain,episode:199974,5.761700179041098,5.761700179041098,5.82964474940271,5.761700179041098,2,2.0,6.471660831957065
domain,episode:199994,5.256745552475147,5.256745552475147,5.256745552475147,-5.256745552475147,1,1.0,5.256745552475147
domain,episode:200216,7.2660572531359255,7.2660572531359255,7.2660572531359255,-7.2660572531359255,1,1.0,7.2660572531359255
domain,episode:200273,6.0522833731983505,6.0522833731983505,6.0522833731983505,6.0522833731983505,1,1.0,6.0522833731983505
domain,episode:200340,3.503837385783767,3.503837385783767,3.886860888735473,-3.503837385783767,2,2.0,4.849838548901361
domain,episode:200399,7.098635926029835,7.098635926029835,7.098635926029835,-7.098635926029835,1,1.0,7.098635926029835
domain,episode:200409,4.511990073969359,4.511990073969359,4.63842535196166,1.0756092776294883,2,2.0,5.372477496072949
domain,episode:200422,5.414558456432965,5.414558456432965,5.437708445788385,-5.414558456432965,6,6.0,5.8486957068393135
domain,episode:200425,4.2360819991099055,4.2360819991099055,4.2360819991099055,4.2360819991099055,1,1.0,4.2360819991099055
domain,episode:200683,6.460849130372408,6.460849130372408,6.497739828867103,-6.460849130372408,2,2.0,7.0139792189191015
domain,episode:200691,2.9423154251132075,2.9423154251132075,3.4065432770753357,-1.716775185552276,2,2.0,4.3157355735550285
domain,episode:200718,4.270695621483399,4.270695621483399,4.270695621483399,4.270695621483399,1,1.0,4.270695621483399
domain,episode:200793,5.170180207709993,5.170180207709993,5.170180207709993,5.170180207709993,1,1.0,5.170180207709993
domain,episode:200837,4.884372175597879,4.884372175597879,4.885354358662337,4.884372175597879,3,3.0,4.983676790125251
domain,episode:200858,7.092127344647444,7.092127344647444,7.301780827792591,-7.092127344647444,2,2.0,8.481857214093662
domain,episode:201093,1.8463179951649806,1.8463179951649806,1.8463179951649806,-1.8463179951649806,1,1.0,1.8463179951649806
domain,episode:201169,4.517082503246131,4.517082503246131,4.517082503246131,4.517082503246131,1,1.0,4.517082503246131
domain,episode:201222,4.23132747661068,4.23132747661068,4.23132747661068,4.23132747661068,1,1.0,4.23132747661068
domain,episode:201232,8.826756023881881,8.826756023881881,8.826756023881881,8.826756023881881,1,1.0,8.826756023881881
domain,episode:201307,4.347387346506721,4.347387346506721,4.347970771081057,4.347387346506721,2,2.0,4.404367823772246
domain,episode:201332,7.442209710648111,7.442209710648111,7.662808007629833,-7.442209710648111,3,3.0,9.005400727616669
domain,episode:201336,6.363153951708978,6.363153951708978,6.363153951708978,-6.363153951708978,1,1.0,6.363153951708978
domain,episode:201346,5.667455552176265,5.667455552176265,5.667455552176265,-5.667455552176265,1,1.0,5.667455552176265
domain,episode:201364,4.234300031752713,4.234300031752713,4.234300031752713,4.234300031752713,1,1.0,4.234300031752713
domain,episode:201583,4.620037798074043,4.620037798074043,4.640754129819746,4.620037798074043,7,7.0,5.258389857297276
domain,episode:201678,5.86237152229622,5.86237152229622,6.156548389913546,-3.0657966029241788,11,11.0,7.648944221250559
domain,episode:201777,4.670939995065485,4.670939995065485,4.706951710235563,4.670939995065485,3,3.0,5.251045600470765
domain,episode:201896,5.7491735509982504,5.7491735509982504,5.750669084031693,-5.7491735509982504,2,2.0,5.8540876706659235
domain,episode:202009,3.333777830262863,3.333777830262863,3.4266303882782454,-3.333777830262863,4,4.0,4.1114549528457465
domain,episode:202014,6.733742903083741,6.733742903083741,6.733742903083741,-6.733742903083741,1,1.0,6.733742903083741
domain,episode:202092,3.2313807930035647,3.2313807930035647,3.2313807930035647,-3.2313807930035647,1,1.0,3.2313807930035647
domain,episode:202200,2.883097091639984,2.883097091639984,3.0571485513361614,-2.883097091639984,11,11.0,4.190102378596477
domain,episode:202225,3.71600111445116,3.71600111445116,3.71600111445116,-3.71600111445116,1,1.0,3.71600111445116
domain,episode:202390,3.282631274925783,3.282631274925783,3.391348761540268,-3.282631274925783,5,5.0,3.9860014741058856
domain,episode:202437,6.530378248492479,6.530378248492479,6.530378248492479,-6.530378248492479,1,1.0,6.530378248492479
domain,episode:202516,5.616785833873604,5.616785833873604,5.652129790663622,2.399966863797932,4,4.0,6.242636945750154
domain,episode:202529,4.761353176066496,4.761353176066496,4.761353176066496,-4.761353176066496,1,1.0,4.761353176066496
domain,episode:202577,3.353010940431801,3.353010940431801,3.353010940431801,-3.353010940431801,1,1.0,3.353010940431801
domain,episode:202592,5.566955127279924,5.566955127279924,5.6488098481953655,-5.566955127279924,8,8.0,6.83089538511604
domain,episode:202647,3.37936710917983,3.37936710917983,3.5019787426791007,0.9185494301178654,2,2.0,4.114206653274122
domain,episode:202651,4.525833315131146,4.525833315131146,4.627890127329302,0.6588181329334426,4,4.0,5.555719303535518
domain,episode:202669,4.426372789904582,4.426372789904582,4.426372789904582,4.426372789904582,1,1.0,4.426372789904582
domain,episode:202759,4.047544709143959,4.047544709143959,4.622209884741472,2.2320855821590966,2,2.0,5.833213174871236
domain,episode:202844,5.329878022090043,5.329878022090043,6.902307880380645,4.4837331441992,15,15.0,11.259807208283794
domain,episode:202845,4.7844591814427515,4.7844591814427515,6.574606033858044,3.260825010967255,10,10.0,11.125365940221684
domain,episode:202925,6.114470148883113,6.114470148883113,6.120842192273913,-6.114470148883113,2,2.0,6.33784633903826
domain,episode:202928,15.147594132205093,15.147594132205093,15.147594132205093,15.147594132205093,1,1.0,15.147594132205093
domain,episode:202936,4.398556293113558,4.398556293113558,4.398556293113558,4.398556293113558,1,1.0,4.398556293113558
domain,episode:202961,4.335360546856872,4.335360546856872,4.33537324782227,4.335360546856872,2,2.0,4.343755848014906
domain,episode:203019,4.223384665726428,4.223384665726428,4.223384665726428,4.223384665726428,1,1.0,4.223384665726428
domain,episode:203089,4.443109710878044,4.443109710878044,4.6164351162912975,-4.443109710878044,4,4.0,5.785482432257849
domain,episode:203174,4.223384665726428,4.223384665726428,4.223384665726428,4.223384665726428,1,1.0,4.223384665726428
domain,episode:203200,5.237150730409327,5.237150730409327,5.466013276073619,-5.237150730409327,2,2.0,6.489234653778327
domain,episode:203361,4.473921044675475,4.473921044675475,4.473921044675475,4.473921044675475,1,1.0,4.473921044675475
domain,episode:203450,5.061110344985545,5.061110344985545,5.088716313998943,5.061110344985545,5,5.0,5.678266980247231
domain,episode:203514,4.572881906744482,4.572881906744482,4.572881906744482,4.572881906744482,1,1.0,4.572881906744482
domain,episode:203518,0.2590963082602329,0.2590963082602329,0.2590963082602329,-0.2590963082602329,1,1.0,0.2590963082602329
domain,episode:203538,8.575131188997712,8.575131188997712,9.086329754123208,8.575131188997712,3,3.0,11.22347823699021
domain,episode:203576,4.21980278228831,4.21980278228831,4.21980278228831,4.21980278228831,1,1.0,4.21980278228831
domain,episode:203682,4.512082320388423,4.512082320388423,4.512082320388423,4.512082320388423,1,1.0,4.512082320388423
domain,episode:203752,7.845175886971089,7.845175886971089,7.845175886971089,-7.845175886971089,1,1.0,7.845175886971089
domain,episode:203754,4.310462362713692,4.310462362713692,4.310462362713692,4.310462362713692,1,1.0,4.310462362713692
domain,episode:204035,4.732896129357091,4.732896129357091,4.732896129357091,-4.732896129357091,1,1.0,4.732896129357091
domain,episode:204318,4.138667693573166,4.138667693573166,4.138667693573166,-4.138667693573166,1,1.0,4.138667693573166
domain,episode:204641,4.321032827202944,4.321032827202944,4.321032827202944,4.321032827202944,1,1.0,4.321032827202944
domain,episode:204686,4.251083123979762,4.251083123979762,4.251083123979762,4.251083123979762,1,1.0,4.251083123979762
domain,episode:204770,4.470567245799347,4.470567245799347,4.601506602014558,1.989891722629258,7,7.0,5.430239666904408
domain,episode:204797,4.807335203243257,4.807335203243257,4.8622487736219755,4.807335203243257,4,4.0,5.584626630856311
domain,episode:205128,4.256981809387265,4.256981809387265,4.256981809387265,4.256981809387265,1,1.0,4.256981809387265
domain,episode:205159,4.535830638119947,4.535830638119947,4.544858661092078,4.535830638119947,2,2.0,4.76488877445543
domain,episode:205164,5.621982226130378,5.621982226130378,5.789853954849545,5.621982226130378,3,3.0,7.032257779338522
domain,episode:205248,6.4011483456147955,6.4011483456147955,6.4011483456147955,6.4011483456147955,1,1.0,6.4011483456147955
domain,episode:206508,4.21980278228831,4.21980278228831,4.21980278228831,4.21980278228831,1,1.0,4.21980278228831
domain,episode:206523,4.1810584424022625,4.1810584424022625,4.1810584424022625,-4.1810584424022625,1,1.0,4.1810584424022625
domain,episode:206529,4.240037731310996,4.240037731310996,4.240037731310996,4.240037731310996,1,1.0,4.240037731310996
domain,episode:206537,4.571483364006782,4.571483364006782,4.571483364006782,4.571483364006782,1,1.0,4.571483364006782
domain,episode:206610,4.220201003496466,4.220201003496466,4.220201003496466,4.220201003496466,1,1.0,4.220201003496466
domain,episode:206807,4.220201003496466,4.220201003496466,4.220201003496466,4.220201003496466,1,1.0,4.220201003496466
domain,episode:207350,6.8165340914903645,6.8165340914903645,6.891930236976262,-6.8165340914903645,2,2.0,7.629849428474908
domain,episode:207831,5.483075006745235,5.483075006745235,5.483075006745235,-5.483075006745235,1,1.0,5.483075006745235
domain,episode:207904,4.2325168904434,4.2325168904434,4.2325168904434,4.2325168904434,1,1.0,4.2325168904434
domain,episode:208023,5.775462968529222,5.775462968529222,5.775462968529222,-5.775462968529222,1,1.0,5.775462968529222
domain,episode:208170,4.227358984723178,4.227358984723178,4.227358984723178,4.227358984723178,1,1.0,4.227358984723178
domain,episode:208204,4.274601125031568,4.274601125031568,4.274601125031568,4.274601125031568,1,1.0,4.274601125031568
domain,episode:208270,5.746613421460862,5.746613421460862,5.926751438958611,-0.5512864352232439,3,3.0,7.202298824400617
domain,episode:208464,6.153632550253805,6.153632550253805,6.153632550253805,-6.153632550253805,1,1.0,6.153632550253805
domain,episode:209460,5.6408080737140915,5.6408080737140915,6.095243903760635,5.6408080737140915,5,5.0,8.169018165422967
flexible,episode:198682,7.476309067610756,7.476309067610756,7.573163306435111,7.476309067610756,6,6.0,8.83720210336571
flexible,episode:199130,1.7320107826305589,1.7320107826305589,1.7320107826305589,1.7320107826305589,1,1.0,1.7320107826305589
flexible,episode:199176,6.171592700672024,6.171592700672024,6.265353252226736,-6.171592700672024,2,2.0,7.035479697800671
flexible,episode:199292,5.06203375342758,5.06203375342758,5.06203375342758,-5.06203375342758,1,1.0,5.06203375342758
flexible,episode:199504,3.97593023363084,3.97593023363084,4.0334316939752615,-3.97593023363084,2,2.0,4.518840911964939
flexible,episode:199572,2.8141510163929215,2.8141510163929215,3.201575012122814,-2.8141510163929215,2,2.0,4.035464830986732
flexible,episode:199916,3.1114217706443013,3.1114217706443013,3.736179672995957,-3.1114217706443013,2,2.0,4.766105907573181
flexible,episode:199974,6.4524155024356,6.4524155024356,6.482099843903073,6.4524155024356,2,2.0,6.948126754037242
flexible,episode:199994,4.827405868306338,4.827405868306338,4.827405868306338,-4.827405868306338,1,1.0,4.827405868306338
flexible,episode:200216,5.610830381331214,5.610830381331214,5.610830381331214,-5.610830381331214,1,1.0,5.610830381331214
flexible,episode:200273,8.446960457144538,8.446960457144538,8.446960457144538,8.446960457144538,1,1.0,8.446960457144538
flexible,episode:200340,2.7317021680420153,2.7317021680420153,3.4360062924844543,-2.7317021680420153,2,2.0,4.399072314274904
flexible,episode:200399,4.966024992169661,4.966024992169661,4.966024992169661,-4.966024992169661,1,1.0,4.966024992169661
flexible,episode:200409,4.035292311059248,4.035292311059248,5.352277363181688,4.035292311059248,2,2.0,6.848209821316042
flexible,episode:200422,4.329635588984152,4.329635588984152,4.426575468569789,-4.329635588984152,6,6.0,5.400694485694297
flexible,episode:200425,2.125990219269066,2.125990219269066,2.125990219269066,2.125990219269066,1,1.0,2.125990219269066
flexible,episode:200683,5.168908430023031,5.168908430023031,5.182087097406336,-5.168908430023031,2,2.0,5.464380745766706
flexible,episode:200691,2.295809314489311,2.295809314489311,2.458435630544851,-2.295809314489311,2,2.0,2.9992478820013657
flexible,episode:200718,4.064467866482499,4.064467866482499,4.064467866482499,4.064467866482499,1,1.0,4.064467866482499
flexible,episode:200793,6.874388910740793,6.874388910740793,6.874388910740793,6.874388910740793,1,1.0,6.874388910740793
flexible,episode:200837,1.9946523432108652,1.9946523432108652,2.368571268576263,1.9946523432108652,3,3.0,3.2897875269514554
flexible,episode:200858,8.505382801249766,8.505382801249766,8.67078283689117,-8.505382801249766,2,2.0,9.853789483815504
flexible,episode:201093,0.3301927638530415,0.3301927638530415,0.3301927638530415,0.3301927638530415,1,1.0,0.3301927638530415
flexible,episode:201169,5.124491124802889,5.124491124802889,5.124491124802889,5.124491124802889,1,1.0,5.124491124802889
flexible,episode:201222,4.987707840022491,4.987707840022491,4.987707840022491,4.987707840022491,1,1.0,4.987707840022491
flexible,episode:201232,9.299376769177782,9.299376769177782,9.299376769177782,9.299376769177782,1,1.0,9.299376769177782
flexible,episode:201307,5.082039594754663,5.082039594754663,5.091844626182448,5.082039594754663,2,2.0,5.334712036660218
flexible,episode:201332,6.805030825563473,6.805030825563473,7.036859519734756,-6.805030825563473,3,3.0,8.338692368035515
flexible,episode:201336,5.4748246302700245,5.4748246302700245,5.4748246302700245,-5.4748246302700245,1,1.0,5.4748246302700245
flexible,episode:201346,4.716524001366249,4.716524001366249,4.716524001366249,-4.716524001366249,1,1.0,4.716524001366249
flexible,episode:201364,3.3770560296563823,3.3770560296563823,3.3770560296563823,3.3770560296563823,1,1.0,3.3770560296563823
flexible,episode:201583,5.050180536601372,5.050180536601372,5.111143273302792,5.050180536601372,7,7.0,5.990042167249099
flexible,episode:201678,5.790991683938364,5.790991683938364,6.029620411391353,-1.7785093340513427,11,11.0,7.049056057488477
flexible,episode:201777,5.540381759207932,5.540381759207932,5.570218829603358,5.540381759207932,3,3.0,6.123637204660944
flexible,episode:201896,6.28266147995563,6.28266147995563,6.288014019280361,-6.28266147995563,2,2.0,6.490176352595594
flexible,episode:202009,3.576010138297996,3.576010138297996,5.581021072804589,-3.5275219613110633,4,4.0,8.318507449597224
flexible,episode:202014,5.629455178519635,5.629455178519635,5.629455178519635,-5.629455178519635,1,1.0,5.629455178519635
flexible,episode:202092,0.7356563354755199,0.7356563354755199,0.7356563354755199,-0.7356563354755199,1,1.0,0.7356563354755199
flexible,episode:202200,1.6493729658414147,1.6493729658414147,1.973356167059936,-0.5986050496806969,11,11.0,2.4800338647451863
flexible,episode:202225,0.8021576599363307,0.8021576599363307,0.8021576599363307,-0.8021576599363307,1,1.0,0.8021576599363307
flexible,episode:202390,1.7512678160788546,1.7512678160788546,1.8743524094285984,-1.7512678160788546,5,5.0,2.5698308731615125
flexible,episode:202437,4.719870041962698,4.719870041962698,4.719870041962698,-4.719870041962698,1,1.0,4.719870041962698
flexible,episode:202516,5.461651034947618,5.461651034947618,5.618829318478413,1.871067846343593,4,4.0,6.781095835867632
flexible,episode:202529,5.621679650554587,5.621679650554587,5.621679650554587,-5.621679650554587,1,1.0,5.621679650554587
flexible,episode:202577,0.4860662126288595,0.4860662126288595,0.4860662126288595,-0.4860662126288595,1,1.0,0.4860662126288595
flexible,episode:202592,3.608844730465452,3.608844730465452,3.9655824577189085,-3.608844730465452,8,8.0,5.734788405278873
flexible,episode:202647,2.513976173250016,2.513976173250016,3.4989890062120406,2.4336901745957573,2,2.0,4.460928312926622
flexible,episode:202651,4.836827913502403,4.836827913502403,4.925516645768736,0.10588336857470293,4,4.0,5.7854625953791015
flexible,episode:202669,3.1631214766054674,3.1631214766054674,3.1631214766054674,3.1631214766054674,1,1.0,3.1631214766054674
flexible,episode:202759,7.360241942810389,7.360241942810389,7.425641396402019,0.9833558314537418,2,2.0,8.146926607973382
flexible,episode:202844,5.158737043480843,5.158737043480843,6.4464689239518425,2.1085253500706838,15,15.0,9.7498407194317
flexible,episode:202845,6.1849892875518115,6.1849892875518115,6.905470101199927,0.47342998870638675,10,10.0,9.886851849575889
flexible,episode:202925,3.6301087673527697,3.6301087673527697,3.6386832545794126,-3.6301087673527697,2,2.0,3.829830436635087
flexible,episode:202928,4.319652258625457,4.319652258625457,4.319652258625457,4.319652258625457,1,1.0,4.319652258625457
flexible,episode:202936,1.235795503245645,1.235795503245645,1.235795503245645,1.235795503245645,1,1.0,1.235795503245645
flexible,episode:202961,0.33074389757803063,0.33074389757803063,0.3313788832285091,0.33074389757803063,2,2.0,0.3471475745251949
flexible,episode:203019,2.5802477366660996,2.5802477366660996,2.5802477366660996,2.5802477366660996,1,1.0,2.5802477366660996
flexible,episode:203089,3.342445516567189,3.342445516567189,3.8457819503523853,-3.0551919122280684,4,4.0,5.2741446452054594
flexible,episode:203174,0.0,0.0,0.0,0.0,1,1.0,0.0
flexible,episode:203200,5.967702507019885,5.967702507019885,6.110696800612296,-5.967702507019885,2,2.0,7.019068757715634
flexible,episode:203361,5.921967297761279,5.921967297761279,5.921967297761279,5.921967297761279,1,1.0,5.921967297761279
flexible,episode:203450,3.0039570960705064,3.0039570960705064,3.1174794226614497,3.0039570960705064,5,5.0,4.01974762962338
flexible,episode:203514,2.1496669103889863,2.1496669103889863,2.1496669103889863,2.1496669103889863,1,1.0,2.1496669103889863
flexible,episode:203518,7.985460345150503,7.985460345150503,7.985460345150503,-7.985460345150503,1,1.0,7.985460345150503
flexible,episode:203538,4.4484086790030934,4.4484086790030934,5.400615155487575,4.4484086790030934,3,3.0,7.570793173622989
flexible,episode:203576,2.4674370514714097,2.4674370514714097,2.4674370514714097,2.4674370514714097,1,1.0,2.4674370514714097
flexible,episode:203682,6.443436403880386,6.443436403880386,6.443436403880386,6.443436403880386,1,1.0,6.443436403880386
flexible,episode:203752,7.361672217470528,7.361672217470528,7.361672217470528,-7.361672217470528,1,1.0,7.361672217470528
flexible,episode:203754,3.267471096031521,3.267471096031521,3.267471096031521,3.267471096031521,1,1.0,3.267471096031521
flexible,episode:204035,4.471945312013988,4.471945312013988,4.471945312013988,-4.471945312013988,1,1.0,4.471945312013988
flexible,episode:204318,5.814930497060237,5.814930497060237,5.814930497060237,-5.814930497060237,1,1.0,5.814930497060237
flexible,episode:204641,4.380665095699348,4.380665095699348,4.380665095699348,4.380665095699348,1,1.0,4.380665095699348
flexible,episode:204686,1.3746911290633759,1.3746911290633759,1.3746911290633759,1.3746911290633759,1,1.0,1.3746911290633759
flexible,episode:204770,3.4259097867789317,3.4259097867789317,4.012032167858114,-0.21635015333988536,7,7.0,6.070049748277938
flexible,episode:204797,2.5060943612258377,2.5060943612258377,2.5435069136506963,2.5060943612258377,4,4.0,2.9983722374117727
flexible,episode:205128,0.8868909728490937,0.8868909728490937,0.8868909728490937,0.8868909728490937,1,1.0,0.8868909728490937
flexible,episode:205159,5.640962693022521,5.640962693022521,5.713729561816367,5.640962693022521,2,2.0,6.368147027948344
flexible,episode:205164,6.787766673778613,6.787766673778613,7.008301002168426,6.787766673778613,3,3.0,8.557962656849867
flexible,episode:205248,2.2695971824197025,2.2695971824197025,2.2695971824197025,2.2695971824197025,1,1.0,2.2695971824197025
flexible,episode:206508,2.6038476950810567,2.6038476950810567,2.6038476950810567,2.6038476950810567,1,1.0,2.6038476950810567
flexible,episode:206523,6.206557501999592,6.206557501999592,6.206557501999592,-6.206557501999592,1,1.0,6.206557501999592
flexible,episode:206529,3.207881895780951,3.207881895780951,3.207881895780951,3.207881895780951,1,1.0,3.207881895780951
flexible,episode:206537,4.195905941442751,4.195905941442751,4.195905941442751,4.195905941442751,1,1.0,4.195905941442751
flexible,episode:206610,2.0206955682117855,2.0206955682117855,2.0206955682117855,2.0206955682117855,1,1.0,2.0206955682117855
flexible,episode:206807,3.5214112175697254,3.5214112175697254,3.5214112175697254,3.5214112175697254,1,1.0,3.5214112175697254
flexible,episode:207350,8.129810536108057,8.129810536108057,8.187101313965488,-8.129810536108057,2,2.0,8.903294528287596
flexible,episode:207831,6.691312311688497,6.691312311688497,6.691312311688497,-6.691312311688497,1,1.0,6.691312311688497
flexible,episode:207904,2.7990082242793832,2.7990082242793832,2.7990082242793832,2.7990082242793832,1,1.0,2.7990082242793832
flexible,episode:208023,2.2575683501529014,2.2575683501529014,2.2575683501529014,-2.2575683501529014,1,1.0,2.2575683501529014
flexible,episode:208170,3.440573556804197,3.440573556804197,3.440573556804197,3.440573556804197,1,1.0,3.440573556804197
flexible,episode:208204,2.062720868995165,2.062720868995165,2.062720868995165,2.062720868995165,1,1.0,2.062720868995165
flexible,episode:208270,6.144886677585731,6.144886677585731,6.3068910509680345,-0.7131831327481155,3,3.0,7.573477309343131
flexible,episode:208464,6.56842018451748,6.56842018451748,6.56842018451748,-6.56842018451748,1,1.0,6.56842018451748
flexible,episode:209460,3.170315853391197,3.170315853391197,3.55860919453179,3.170315853391197,5,5.0,4.318098556233491
attempt_001,episode:198682,7.860732915429199,7.860732915429199,7.950382676148396,7.860732915429199,6,6.0,9.059479371496082
attempt_001,episode:199130,0.6300960041404238,0.6300960041404238,0.6300960041404238,0.6300960041404238,1,1.0,0.6300960041404238
attempt_001,episode:199176,5.5812045359250035,5.5812045359250035,5.6403057543012824,-5.5812045359250035,2,2.0,6.2327036957952
attempt_001,episode:199292,1.6673534108012706,1.6673534108012706,1.6673534108012706,-1.6673534108012706,1,1.0,1.6673534108012706
attempt_001,episode:199504,5.404917869795317,5.404917869795317,5.415770728443496,-5.404917869795317,2,2.0,5.679068664893372
attempt_001,episode:199572,2.177663264583664,2.177663264583664,2.9585375513811916,-2.002679991665028,2,2.0,3.7798072579156865
attempt_001,episode:199916,3.340097923287404,3.340097923287404,3.5474865798731785,-3.340097923287404,2,2.0,4.296225746451306
attempt_001,episode:199974,7.2020289774631046,7.2020289774631046,7.223507075599998,7.2020289774631046,2,2.0,7.647330190773814
attempt_001,episode:199994,4.723180328776804,4.723180328776804,4.723180328776804,-4.723180328776804,1,1.0,4.723180328776804
attempt_001,episode:200216,6.1940356892047,6.1940356892047,6.1940356892047,-6.1940356892047,1,1.0,6.1940356892047
attempt_001,episode:200273,7.35208100785132,7.35208100785132,7.35208100785132,7.35208100785132,1,1.0,7.35208100785132
attempt_001,episode:200340,2.8839375253708677,2.8839375253708677,3.0828653476532812,-2.8839375253708677,2,2.0,3.755520215063735
attempt_001,episode:200399,6.1901512525500335,6.1901512525500335,6.1901512525500335,-6.1901512525500335,1,1.0,6.1901512525500335
attempt_001,episode:200409,5.459025363973878,5.459025363973878,5.659511184120912,1.4930200664021749,2,2.0,6.653441417095618
attempt_001,episode:200422,4.223331755093103,4.223331755093103,4.245120102956468,-4.223331755093103,6,6.0,4.690144185314847
attempt_001,episode:200425,3.231752737432113,3.231752737432113,3.231752737432113,3.231752737432113,1,1.0,3.231752737432113
attempt_001,episode:200683,5.690455945088374,5.690455945088374,5.690514966878612,-5.690455945088374,2,2.0,5.711190075835629
attempt_001,episode:200691,2.469147165300037,2.469147165300037,2.832027966538827,-1.386973207869869,2,2.0,3.5787257315959327
attempt_001,episode:200718,4.102456250831169,4.102456250831169,4.102456250831169,4.102456250831169,1,1.0,4.102456250831169
attempt_001,episode:200793,6.8890049804618165,6.8890049804618165,6.8890049804618165,6.8890049804618165,1,1.0,6.8890049804618165
attempt_001,episode:200837,5.977380989655283,5.977380989655283,6.0020335832119915,5.977380989655283,3,3.0,6.515925972124787
attempt_001,episode:200858,6.739515822224434,6.739515822224434,6.94925203782263,-6.739515822224434,2,2.0,8.095045030684298
attempt_001,episode:201093,0.7060679326866675,0.7060679326866675,0.7060679326866675,-0.7060679326866675,1,1.0,0.7060679326866675
attempt_001,episode:201169,4.366986186846695,4.366986186846695,4.366986186846695,4.366986186846695,1,1.0,4.366986186846695
attempt_001,episode:201222,2.946244853236557,2.946244853236557,2.946244853236557,2.946244853236557,1,1.0,2.946244853236557
attempt_001,episode:201232,9.043723255138064,9.043723255138064,9.043723255138064,9.043723255138064,1,1.0,9.043723255138064
attempt_001,episode:201307,3.8843475871186666,3.8843475871186666,3.898397029512767,3.8843475871186666,2,2.0,4.148884280569669
attempt_001,episode:201332,6.739124736668626,6.739124736668626,6.928243968095151,-6.739124736668626,3,3.0,8.169477983601256
attempt_001,episode:201336,5.686482998546213,5.686482998546213,5.686482998546213,-5.686482998546213,1,1.0,5.686482998546213
attempt_001,episode:201346,6.671784813854058,6.671784813854058,6.671784813854058,-6.671784813854058,1,1.0,6.671784813854058
attempt_001,episode:201364,2.980834519518762,2.980834519518762,2.980834519518762,2.980834519518762,1,1.0,2.980834519518762
attempt_001,episode:201583,4.431251597561787,4.431251597561787,4.554635484630209,4.431251597561787,7,7.0,5.9351156647442345
attempt_001,episode:201678,5.781702123068559,5.781702123068559,6.037532925727756,-2.5628316665332664,11,11.0,7.655887736832523
attempt_001,episode:201777,5.042115007106023,5.042115007106023,5.317231154100028,5.042115007106023,3,3.0,6.698707149672113
attempt_001,episode:201896,6.780409952260321,6.780409952260321,6.7982144641426725,-6.780409952260321,2,2.0,7.1737633544973125
attempt_001,episode:202009,3.49909902554294,3.49909902554294,3.840625479800032,-3.49909902554294,4,4.0,5.273424445938425
attempt_001,episode:202014,6.306112947451306,6.306112947451306,6.306112947451306,-6.306112947451306,1,1.0,6.306112947451306
attempt_001,episode:202092,2.9869821150214477,2.9869821150214477,2.9869821150214477,-2.9869821150214477,1,1.0,2.9869821150214477
attempt_001,episode:202200,2.2192249789391085,2.2192249789391085,2.488143278550131,-2.1978236448379675,11,11.0,3.700442174991325
attempt_001,episode:202225,2.5620480245803012,2.5620480245803012,2.5620480245803012,-2.5620480245803012,1,1.0,2.5620480245803012
attempt_001,episode:202390,2.3406633877339917,2.3406633877339917,2.4039874320245764,-2.3406633877339917,5,5.0,2.8096093634143102
attempt_001,episode:202437,5.9899476974176,5.9899476974176,5.9899476974176,-5.9899476974176,1,1.0,5.9899476974176
attempt_001,episode:202516,6.201888837960855,6.201888837960855,6.296138918628044,3.8919283581761888,4,4.0,7.234473326827271
attempt_001,episode:202529,6.775969808381271,6.775969808381271,6.775969808381271,-6.775969808381271,1,1.0,6.775969808381271
attempt_001,episode:202577,2.508462911659846,2.508462911659846,2.508462911659846,-2.508462911659846,1,1.0,2.508462911659846
attempt_001,episode:202592,4.651135651133449,4.651135651133449,4.794122107396496,-4.651135651133449,8,8.0,6.134235032897546
attempt_001,episode:202647,2.660687659569006,2.660687659569006,2.7941088859386807,0.8531035369160653,2,2.0,3.3431704891018583
attempt_001,episode:202651,4.630179757304651,4.630179757304651,4.848822014320452,0.8802862675555769,4,4.0,6.209169301057479
attempt_001,episode:202669,4.6759625676275025,4.6759625676275025,4.6759625676275025,4.6759625676275025,1,1.0,4.6759625676275025
attempt_001,episode:202759,5.468101407229984,5.468101407229984,6.018228646830235,2.5137507922977487,2,2.0,7.479102041068183
attempt_001,episode:202844,4.868486617599177,4.868486617599177,6.729721518057343,4.30163720648006,15,15.0,10.69735571089048
attempt_001,episode:202845,5.087559474228154,5.087559474228154,6.703372964314112,3.0886968235327763,10,10.0,10.754491580055474
attempt_001,episode:202925,4.370863313312231,4.370863313312231,4.380618664900614,-4.370863313312231,2,2.0,4.604613653450576
attempt_001,episode:202928,12.209157155189468,12.209157155189468,12.209157155189468,12.209157155189468,1,1.0,12.209157155189468
attempt_001,episode:202936,4.595483510858499,4.595483510858499,4.595483510858499,4.595483510858499,1,1.0,4.595483510858499
attempt_001,episode:202961,4.382468736948049,4.382468736948049,4.382646333400738,4.382468736948049,2,2.0,4.414032294100249
attempt_001,episode:203019,1.6426928753799528,1.6426928753799528,1.6426928753799528,1.6426928753799528,1,1.0,1.6426928753799528
attempt_001,episode:203089,3.4068234584915107,3.4068234584915107,3.5396241941221116,-3.4068234584915107,4,4.0,4.481282643710887
attempt_001,episode:203174,1.6426928753799528,1.6426928753799528,1.6426928753799528,1.6426928753799528,1,1.0,1.6426928753799528
attempt_001,episode:203200,3.9779735683955644,3.9779735683955644,4.1485531635837605,-3.9779735683955644,2,2.0,4.919876201232598
attempt_001,episode:203361,4.248616868695669,4.248616868695669,4.248616868695669,4.248616868695669,1,1.0,4.248616868695669
attempt_001,episode:203450,5.827638088402838,5.827638088402838,5.852390215722362,5.827638088402838,5,5.0,6.403881430753121
attempt_001,episode:203514,5.168060044817818,5.168060044817818,5.168060044817818,5.168060044817818,1,1.0,5.168060044817818
attempt_001,episode:203518,1.9510521827468938,1.9510521827468938,1.9510521827468938,-1.9510521827468938,1,1.0,1.9510521827468938
attempt_001,episode:203538,8.512069672061159,8.512069672061159,8.791571010281208,8.512069672061159,3,3.0,10.393288812796282
attempt_001,episode:203576,1.5264938231577687,1.5264938231577687,1.5264938231577687,1.5264938231577687,1,1.0,1.5264938231577687
attempt_001,episode:203682,5.308828982403666,5.308828982403666,5.308828982403666,5.308828982403666,1,1.0,5.308828982403666
attempt_001,episode:203752,6.785109165806912,6.785109165806912,6.785109165806912,-6.785109165806912,1,1.0,6.785109165806912
attempt_001,episode:203754,4.746502608285009,4.746502608285009,4.746502608285009,4.746502608285009,1,1.0,4.746502608285009
attempt_001,episode:204035,4.40162865190968,4.40162865190968,4.40162865190968,-4.40162865190968,1,1.0,4.40162865190968
attempt_001,episode:204318,4.768420782748869,4.768420782748869,4.768420782748869,-4.768420782748869,1,1.0,4.768420782748869
attempt_001,episode:204641,5.123423840678504,5.123423840678504,5.123423840678504,5.123423840678504,1,1.0,5.123423840678504
attempt_001,episode:204686,3.4426910029676847,3.4426910029676847,3.4426910029676847,3.4426910029676847,1,1.0,3.4426910029676847
attempt_001,episode:204770,4.05558900227111,4.05558900227111,4.268664207348491,2.263663947913658,7,7.0,5.437703530925051
attempt_001,episode:204797,5.1914722998749285,5.1914722998749285,5.339597629017168,5.1914722998749285,4,4.0,6.506689260022636
attempt_001,episode:205128,3.2083810192720863,3.2083810192720863,3.2083810192720863,3.2083810192720863,1,1.0,3.2083810192720863
attempt_001,episode:205159,4.310696415199747,4.310696415199747,4.538739272928332,4.310696415199747,2,2.0,5.447161278848368
attempt_001,episode:205164,6.13002291299262,6.13002291299262,6.32730835319499,6.13002291299262,3,3.0,7.705372583577357
attempt_001,episode:205248,7.635956324067341,7.635956324067341,7.635956324067341,7.635956324067341,1,1.0,7.635956324067341
attempt_001,episode:206508,1.5264938231577687,1.5264938231577687,1.5264938231577687,1.5264938231577687,1,1.0,1.5264938231577687
attempt_001,episode:206523,4.355324409679998,4.355324409679998,4.355324409679998,-4.355324409679998,1,1.0,4.355324409679998
attempt_001,episode:206529,3.6374315968951687,3.6374315968951687,3.6374315968951687,3.6374315968951687,1,1.0,3.6374315968951687
attempt_001,episode:206537,4.8392189468160165,4.8392189468160165,4.8392189468160165,4.8392189468160165,1,1.0,4.8392189468160165
attempt_001,episode:206610,1.5401963789255142,1.5401963789255142,1.5401963789255142,1.5401963789255142,1,1.0,1.5401963789255142
attempt_001,episode:206807,2.4879337426586305,2.4879337426586305,2.4879337426586305,2.4879337426586305,1,1.0,2.4879337426586305
attempt_001,episode:207350,5.8284080229894775,5.8284080229894775,5.828642017098307,-5.8284080229894775,2,2.0,5.870189787706425
attempt_001,episode:207831,5.442888497539337,5.442888497539337,5.442888497539337,-5.442888497539337,1,1.0,5.442888497539337
attempt_001,episode:207904,1.8840118766359613,1.8840118766359613,1.8840118766359613,1.8840118766359613,1,1.0,1.8840118766359613
attempt_001,episode:208023,5.527630210247391,5.527630210247391,5.527630210247391,-5.527630210247391,1,1.0,5.527630210247391
attempt_001,episode:208170,2.604132794880815,2.604132794880815,2.604132794880815,2.604132794880815,1,1.0,2.604132794880815
attempt_001,episode:208204,3.7110204258776998,3.7110204258776998,3.7110204258776998,3.7110204258776998,1,1.0,3.7110204258776998
attempt_001,episode:208270,5.385925042449038,5.385925042449038,5.79696249751634,0.22524765954050885,3,3.0,7.52222258834768
attempt_001,episode:208464,6.18235166805838,6.18235166805838,6.18235166805838,-6.18235166805838,1,1.0,6.18235166805838
attempt_001,episode:209460,5.958341284088798,5.958341284088798,6.3530540534389255,5.958341284088798,5,5.0,8.408368110401687
attempt_002,episode:198682,8.101091592183224,8.101091592183224,8.19688975323474,8.101091592183224,6,6.0,9.336462875046033
attempt_002,episode:199130,1.4089874170832128,1.4089874170832128,1.4089874170832128,1.4089874170832128,1,1.0,1.4089874170832128
attempt_002,episode:199176,5.1903854712939825,5.1903854712939825,5.260102764462797,-5.1903854712939825,2,2.0,5.873240537422425
attempt_002,episode:199292,2.2078853263365765,2.2078853263365765,2.2078853263365765,-2.2078853263365765,1,1.0,2.2078853263365765
attempt_002,episode:199504,5.123335431762351,5.123335431762351,5.136965790785398,-5.123335431762351,2,2.0,5.422509322973934
attempt_002,episode:199572,2.041944679105978,2.041944679105978,2.522215819299395,-1.4805521154606152,2,2.0,3.2263863714744705
attempt_002,episode:199916,3.44982366975455,3.44982366975455,3.665197971387024,-3.44982366975455,2,2.0,4.440142508775052
attempt_002,episode:199974,7.713024150600999,7.713024150600999,7.726073556401743,7.713024150600999,2,2.0,8.072108364613042
attempt_002,episode:199994,4.365602379662109,4.365602379662109,4.365602379662109,-4.365602379662109,1,1.0,4.365602379662109
attempt_002,episode:200216,5.278497449922261,5.278497449922261,5.278497449922261,-5.278497449922261,1,1.0,5.278497449922261
attempt_002,episode:200273,7.557428417471516,7.557428417471516,7.557428417471516,7.557428417471516,1,1.0,7.557428417471516
attempt_002,episode:200340,2.19864991071723,2.19864991071723,2.45272779102496,-2.19864991071723,2,2.0,3.068339395338235
attempt_002,episode:200399,5.839337032351595,5.839337032351595,5.839337032351595,-5.839337032351595,1,1.0,5.839337032351595
attempt_002,episode:200409,5.733450734737125,5.733450734737125,5.991907768528011,1.740833529918544,2,2.0,7.12611755867196
attempt_002,episode:200422,3.880322728107611,3.880322728107611,3.944182986241595,-3.880322728107611,6,6.0,4.576960907734683
attempt_002,episode:200425,1.2925550753184898,1.2925550753184898,1.2925550753184898,1.2925550753184898,1,1.0,1.2925550753184898
attempt_002,episode:200683,5.526651169977561,5.526651169977561,5.52732538204165,-5.526651169977561,2,2.0,5.595714500207248
attempt_002,episode:200691,1.7532355199384098,1.7532355199384098,2.102211766218314,-1.1599394474079316,2,2.0,2.681187077864755
attempt_002,episode:200718,3.804982542297906,3.804982542297906,3.804982542297906,3.804982542297906,1,1.0,3.804982542297906
attempt_002,episode:200793,7.7441643127416055,7.7441643127416055,7.7441643127416055,7.7441643127416055,1,1.0,7.7441643127416055
attempt_002,episode:200837,5.818837686832545,5.818837686832545,5.908474151906811,5.818837686832545,3,3.0,6.858018632298435
attempt_002,episode:200858,6.87636988296277,6.87636988296277,7.01707867027844,-6.87636988296277,2,2.0,7.994920458680246
attempt_002,episode:201093,0.5056428522602605,0.5056428522602605,0.5056428522602605,-0.5056428522602605,1,1.0,0.5056428522602605
attempt_002,episode:201169,4.1647598806562,4.1647598806562,4.1647598806562,4.1647598806562,1,1.0,4.1647598806562
attempt_002,episode:201222,2.5222442907617606,2.5222442907617606,2.5222442907617606,2.5222442907617606,1,1.0,2.5222442907617606
attempt_002,episode:201232,8.787621426380248,8.787621426380248,8.787621426380248,8.787621426380248,1,1.0,8.787621426380248
attempt_002,episode:201307,4.350105524628404,4.350105524628404,4.369612468477275,4.350105524628404,2,2.0,4.68004617312823
attempt_002,episode:201332,6.680763088885796,6.680763088885796,6.8801308405970625,-6.680763088885796,3,3.0,8.12862121137303
attempt_002,episode:201336,5.573661935099937,5.573661935099937,5.573661935099937,-5.573661935099937,1,1.0,5.573661935099937
attempt_002,episode:201346,6.600178207637043,6.600178207637043,6.600178207637043,-6.600178207637043,1,1.0,6.600178207637043
attempt_002,episode:201364,2.5903999147409653,2.5903999147409653,2.5903999147409653,2.5903999147409653,1,1.0,2.5903999147409653
attempt_002,episode:201583,4.890172530711837,4.890172530711837,5.00255717300659,4.890172530711837,7,7.0,6.24283854835184
attempt_002,episode:201678,6.001608547075278,6.001608547075278,6.2054776179986755,-2.590067111803714,11,11.0,7.256656899634122
attempt_002,episode:201777,4.702247553648448,4.702247553648448,4.897285465680985,4.702247553648448,3,3.0,6.0580243649187056
attempt_002,episode:201896,6.418530254132329,6.418530254132329,6.444069318778841,-6.418530254132329,2,2.0,6.877048746332436
attempt_002,episode:202009,3.2063428597222234,3.2063428597222234,3.6593700135223113,-3.2063428597222234,4,4.0,5.1972350356706585
attempt_002,episode:202014,6.350976971650426,6.350976971650426,6.350976971650426,-6.350976971650426,1,1.0,6.350976971650426
attempt_002,episode:202092,4.087165227293504,4.087165227293504,4.087165227293504,-4.087165227293504,1,1.0,4.087165227293504
attempt_002,episode:202200,2.2167468590498305,2.2167468590498305,2.4985927766309994,-2.026717051033283,11,11.0,3.4494866239222652
attempt_002,episode:202225,2.454300649084958,2.454300649084958,2.454300649084958,-2.454300649084958,1,1.0,2.454300649084958
attempt_002,episode:202390,2.140591036170726,2.140591036170726,2.193125205603559,-2.140591036170726,5,5.0,2.5208373247694733
attempt_002,episode:202437,6.005685316623945,6.005685316623945,6.005685316623945,-6.005685316623945,1,1.0,6.005685316623945
attempt_002,episode:202516,6.577015449223991,6.577015449223991,6.692014126631703,4.080908869988601,4,4.0,7.799189301186627
attempt_002,episode:202529,7.197192390366041,7.197192390366041,7.197192390366041,-7.197192390366041,1,1.0,7.197192390366041
attempt_002,episode:202577,2.1573659436726427,2.1573659436726427,2.1573659436726427,-2.1573659436726427,1,1.0,2.1573659436726427
attempt_002,episode:202592,4.409092944282945,4.409092944282945,4.543286949443007,-4.409092944282945,8,8.0,5.731067962156292
attempt_002,episode:202647,2.630606086402966,2.630606086402966,2.817810298520371,1.0099339070588398,2,2.0,3.4385532120500377
attempt_002,episode:202651,4.441914671445206,4.441914671445206,4.537474590358769,0.16645341779193856,4,4.0,5.437569533826279
attempt_002,episode:202669,4.117432789478621,4.117432789478621,4.117432789478621,4.117432789478621,1,1.0,4.117432789478621
attempt_002,episode:202759,5.615876193729727,5.615876193729727,6.223132653151761,2.6812897261249846,2,2.0,7.760907974629714
attempt_002,episode:202844,4.883321744163393,4.883321744163393,6.822227871468879,4.387924990132839,15,15.0,10.921397788160354
attempt_002,episode:202845,5.139885004983963,5.139885004983963,6.827983317816859,3.239004656239461,10,10.0,11.188943734452192
attempt_002,episode:202925,3.6064381516418402,3.6064381516418402,3.6143763635400243,-3.6064381516418402,2,2.0,3.7979715107398295
attempt_002,episode:202928,11.314046059888701,11.314046059888701,11.314046059888701,11.314046059888701,1,1.0,11.314046059888701
attempt_002,episode:202936,4.77644552987832,4.77644552987832,4.77644552987832,4.77644552987832,1,1.0,4.77644552987832
attempt_002,episode:202961,4.017390223925684,4.017390223925684,4.018142345238861,4.017390223925684,2,2.0,4.079583189742708
attempt_002,episode:203019,1.699065194121737,1.699065194121737,1.699065194121737,1.699065194121737,1,1.0,1.699065194121737
attempt_002,episode:203089,3.46872223561094,3.46872223561094,3.628967977804284,-3.46872223561094,4,4.0,4.61814663313532
attempt_002,episode:203174,0.0,0.0,0.0,0.0,1,1.0,0.0
attempt_002,episode:203200,4.270883259913491,4.270883259913491,4.386638815466327,-4.270883259913491,2,2.0,5.071745306479426
attempt_002,episode:203361,4.089028977163052,4.089028977163052,4.089028977163052,4.089028977163052,1,1.0,4.089028977163052
attempt_002,episode:203450,5.995174131269112,5.995174131269112,6.014006640411539,5.995174131269112,5,5.0,6.5205871602811785
attempt_002,episode:203514,5.037317867935059,5.037317867935059,5.037317867935059,5.037317867935059,1,1.0,5.037317867935059
attempt_002,episode:203518,2.2875510886491153,2.2875510886491153,2.2875510886491153,-2.2875510886491153,1,1.0,2.2875510886491153
attempt_002,episode:203538,8.09305079795901,8.09305079795901,8.304269885275918,8.09305079795901,3,3.0,9.656282680107116
attempt_002,episode:203576,2.287695105187856,2.287695105187856,2.287695105187856,2.287695105187856,1,1.0,2.287695105187856
attempt_002,episode:203682,5.9759510623596075,5.9759510623596075,5.9759510623596075,5.9759510623596075,1,1.0,5.9759510623596075
attempt_002,episode:203752,6.5974543104442125,6.5974543104442125,6.5974543104442125,-6.5974543104442125,1,1.0,6.5974543104442125
attempt_002,episode:203754,4.9622179353794875,4.9622179353794875,4.9622179353794875,4.9622179353794875,1,1.0,4.9622179353794875
attempt_002,episode:204035,4.352982145118529,4.352982145118529,4.352982145118529,-4.352982145118529,1,1.0,4.352982145118529
attempt_002,episode:204318,4.700858907364637,4.700858907364637,4.700858907364637,-4.700858907364637,1,1.0,4.700858907364637
attempt_002,episode:204641,5.284060569021645,5.284060569021645,5.284060569021645,5.284060569021645,1,1.0,5.284060569021645
attempt_002,episode:204686,3.6266446618374455,3.6266446618374455,3.6266446618374455,3.6266446618374455,1,1.0,3.6266446618374455
attempt_002,episode:204770,3.983603843778655,3.983603843778655,4.1773347818551265,2.2600558143872793,7,7.0,5.511380743555388
attempt_002,episode:204797,5.108575897319457,5.108575897319457,5.1968536382884105,5.108575897319457,4,4.0,6.17745593253082
attempt_002,episode:205128,2.221169482786932,2.221169482786932,2.221169482786932,2.221169482786932,1,1.0,2.221169482786932
attempt_002,episode:205159,4.2743011574776535,4.2743011574776535,4.545821340687399,4.2743011574776535,2,2.0,5.512323135087854
attempt_002,episode:205164,6.135614114624739,6.135614114624739,6.3187341654706906,6.135614114624739,3,3.0,7.672485771603959
attempt_002,episode:205248,7.008110540593073,7.008110540593073,7.008110540593073,7.008110540593073,1,1.0,7.008110540593073
attempt_002,episode:206508,2.287695105187856,2.287695105187856,2.287695105187856,2.287695105187856,1,1.0,2.287695105187856
attempt_002,episode:206523,4.611617510115766,4.611617510115766,4.611617510115766,-4.611617510115766,1,1.0,4.611617510115766
attempt_002,episode:206529,3.689617396747801,3.689617396747801,3.689617396747801,3.689617396747801,1,1.0,3.689617396747801
attempt_002,episode:206537,4.579950721661079,4.579950721661079,4.579950721661079,4.579950721661079,1,1.0,4.579950721661079
attempt_002,episode:206610,2.3146946787264135,2.3146946787264135,2.3146946787264135,2.3146946787264135,1,1.0,2.3146946787264135
attempt_002,episode:206807,3.2301613082429195,3.2301613082429195,3.2301613082429195,3.2301613082429195,1,1.0,3.2301613082429195
attempt_002,episode:207350,6.466574436296309,6.466574436296309,6.561466642175889,-6.466574436296309,2,2.0,7.356072112507238
attempt_002,episode:207831,5.672642899514565,5.672642899514565,5.672642899514565,-5.672642899514565,1,1.0,5.672642899514565
attempt_002,episode:207904,0.8787132437773608,0.8787132437773608,0.8787132437773608,0.8787132437773608,1,1.0,0.8787132437773608
attempt_002,episode:208023,5.150796007300982,5.150796007300982,5.150796007300982,-5.150796007300982,1,1.0,5.150796007300982
attempt_002,episode:208170,3.4591204096514665,3.4591204096514665,3.4591204096514665,3.4591204096514665,1,1.0,3.4591204096514665
attempt_002,episode:208204,3.548552374539266,3.548552374539266,3.548552374539266,3.548552374539266,1,1.0,3.548552374539266
attempt_002,episode:208270,5.66916980680541,5.66916980680541,5.903188507295035,-0.4891489804690596,3,3.0,7.3132096352938785
attempt_002,episode:208464,5.828520110568987,5.828520110568987,5.828520110568987,-5.828520110568987,1,1.0,5.828520110568987
attempt_002,episode:209460,6.009091684741457,6.009091684741457,6.3132672999011055,6.009091684741457,5,5.0,8.142187460326307
attempt_003,episode:198682,8.458348677959458,8.458348677959458,8.536984354016852,8.458348677959458,6,6.0,9.598777232358
attempt_003,episode:199130,0.741871640492894,0.741871640492894,0.741871640492894,0.741871640492894,1,1.0,0.741871640492894
attempt_003,episode:199176,5.5590415828087965,5.5590415828087965,5.620618485520422,-5.5590415828087965,2,2.0,6.222804837170617
attempt_003,episode:199292,2.2136162508939705,2.2136162508939705,2.2136162508939705,-2.2136162508939705,1,1.0,2.2136162508939705
attempt_003,episode:199504,4.869033104054836,4.869033104054836,4.879844129313994,-4.869033104054836,2,2.0,5.1287503139808654
attempt_003,episode:199572,2.000473861293945,2.000473861293945,2.396817513184406,-1.3201660962875748,2,2.0,3.056606738324005
attempt_003,episode:199916,3.596663765918705,3.596663765918705,3.811737064867322,-3.596663765918705,2,2.0,4.606487261501438
attempt_003,episode:199974,7.255850602961359,7.255850602961359,7.265187068932223,7.255850602961359,2,2.0,7.550414876787247
attempt_003,episode:199994,3.84028395193494,3.84028395193494,3.84028395193494,-3.84028395193494,1,1.0,3.84028395193494
attempt_003,episode:200216,5.430251323587791,5.430251323587791,5.430251323587791,-5.430251323587791,1,1.0,5.430251323587791
attempt_003,episode:200273,8.192330886193806,8.192330886193806,8.192330886193806,8.192330886193806,1,1.0,8.192330886193806
attempt_003,episode:200340,2.733271555184799,2.733271555184799,2.9104861899436676,-2.733271555184799,2,2.0,3.533334139724975
attempt_003,episode:200399,5.433436298512946,5.433436298512946,5.433436298512946,-5.433436298512946,1,1.0,5.433436298512946
attempt_003,episode:200409,5.828708570413579,5.828708570413579,6.03560576512358,1.5667461036110124,2,2.0,7.08210545330239
attempt_003,episode:200422,4.151364085278316,4.151364085278316,4.214860101519057,-4.151364085278316,6,6.0,4.828760825981414
attempt_003,episode:200425,2.070310631919508,2.070310631919508,2.070310631919508,2.070310631919508,1,1.0,2.070310631919508
attempt_003,episode:200683,4.625447564330054,4.625447564330054,4.625476848920806,-4.625447564330054,2,2.0,4.63861502812286
attempt_003,episode:200691,1.7427622177151596,1.7427622177151596,1.771333049502587,-0.3168605762234753,2,2.0,1.9962506786939398
attempt_003,episode:200718,3.787638976338468,3.787638976338468,3.787638976338468,3.787638976338468,1,1.0,3.787638976338468
attempt_003,episode:200793,8.563647453712269,8.563647453712269,8.563647453712269,8.563647453712269,1,1.0,8.563647453712269
attempt_003,episode:200837,5.047070169067587,5.047070169067587,5.148221775809026,5.047070169067587,3,3.0,6.0776109646709715
attempt_003,episode:200858,5.187699761552002,5.187699761552002,5.381140663871196,-5.187699761552002,2,2.0,6.331572769429762
attempt_003,episode:201093,0.26570202566021806,0.26570202566021806,0.26570202566021806,-0.26570202566021806,1,1.0,0.26570202566021806
attempt_003,episode:201169,5.198595380837814,5.198595380837814,5.198595380837814,5.198595380837814,1,1.0,5.198595380837814
attempt_003,episode:201222,3.264995043995052,3.264995043995052,3.264995043995052,3.264995043995052,1,1.0,3.264995043995052
attempt_003,episode:201232,9.037495987660726,9.037495987660726,9.037495987660726,9.037495987660726,1,1.0,9.037495987660726
attempt_003,episode:201307,4.436180208388843,4.436180208388843,4.452323196680022,4.436180208388843,2,2.0,4.739217638572386
attempt_003,episode:201332,6.709824984096258,6.709824984096258,6.921622239969837,-6.709824984096258,3,3.0,8.183946211410172
attempt_003,episode:201336,5.507037327926657,5.507037327926657,5.507037327926657,-5.507037327926657,1,1.0,5.507037327926657
attempt_003,episode:201346,5.984129618827696,5.984129618827696,5.984129618827696,-5.984129618827696,1,1.0,5.984129618827696
attempt_003,episode:201364,2.541744767403805,2.541744767403805,2.541744767403805,2.541744767403805,1,1.0,2.541744767403805
attempt_003,episode:201583,4.7565258186809904,4.7565258186809904,4.85074824673093,4.7565258186809904,7,7.0,5.949703883340799
attempt_003,episode:201678,5.7723403787379395,5.7723403787379395,5.991497323594235,-2.02950815410884,11,11.0,6.6088274479325495
attempt_003,episode:201777,5.748387925099397,5.748387925099397,5.886607940829752,5.748387925099397,3,3.0,6.9994430721038965
attempt_003,episode:201896,6.6473302069385305,6.6473302069385305,6.670208797321151,-6.6473302069385305,2,2.0,7.088917539932966
attempt_003,episode:202009,3.240101564648567,3.240101564648567,3.728174542469964,-3.240101564648567,4,4.0,5.299090658752819
attempt_003,episode:202014,6.159518596477599,6.159518596477599,6.159518596477599,-6.159518596477599,1,1.0,6.159518596477599
attempt_003,episode:202092,3.8808626717089325,3.8808626717089325,3.8808626717089325,-3.8808626717089325,1,1.0,3.8808626717089325
attempt_003,episode:202200,1.9525044192968115,1.9525044192968115,2.1952230011910934,-1.5979370027059316,11,11.0,3.0238607928724814
attempt_003,episode:202225,1.9782258043612373,1.9782258043612373,1.9782258043612373,-1.9782258043612373,1,1.0,1.9782258043612373
attempt_003,episode:202390,1.3849567085153118,1.3849567085153118,1.4554436499444157,-1.3849567085153118,5,5.0,1.6921197563223596
attempt_003,episode:202437,5.514633431605845,5.514633431605845,5.514633431605845,-5.514633431605845,1,1.0,5.514633431605845
attempt_003,episode:202516,6.296113744465543,6.296113744465543,6.357506220160516,3.4877746269245486,4,4.0,7.205194915163563
attempt_003,episode:202529,5.658712602532208,5.658712602532208,5.658712602532208,-5.658712602532208,1,1.0,5.658712602532208
attempt_003,episode:202577,1.9783971363455013,1.9783971363455013,1.9783971363455013,-1.9783971363455013,1,1.0,1.9783971363455013
attempt_003,episode:202592,4.396836431566129,4.396836431566129,4.515181949624269,-4.396836431566129,8,8.0,5.613924156843971
attempt_003,episode:202647,2.7466905317899553,2.7466905317899553,2.956350054702413,1.0934792035125183,2,2.0,3.62147389459997
attempt_003,episode:202651,4.375070723790142,4.375070723790142,4.463353510748916,0.3887544277010282,4,4.0,5.354332300118121
attempt_003,episode:202669,3.5880061624379858,3.5880061624379858,3.5880061624379858,3.5880061624379858,1,1.0,3.5880061624379858
attempt_003,episode:202759,5.730147202853175,5.730147202853175,6.5811339649767335,3.236778846106777,2,2.0,8.319570279738596
attempt_003,episode:202844,4.902931318560153,4.902931318560153,6.915139844952962,4.5326194434255624,15,15.0,10.997541995894913
attempt_003,episode:202845,5.170406861522166,5.170406861522166,6.8728691708427245,3.2954337938159375,10,10.0,11.290480336455895
attempt_003,episode:202925,3.273817152084596,3.273817152084596,3.2832532525167646,-3.273817152084596,2,2.0,3.4728117045786675
attempt_003,episode:202928,10.978937407613815,10.978937407613815,10.978937407613815,10.978937407613815,1,1.0,10.978937407613815
attempt_003,episode:202936,3.7562736791196505,3.7562736791196505,3.7562736791196505,3.7562736791196505,1,1.0,3.7562736791196505
attempt_003,episode:202961,2.883396573089187,2.883396573089187,2.8842646955092284,2.883396573089187,2,2.0,2.940004903548799
attempt_003,episode:203019,1.3641124793905508,1.3641124793905508,1.3641124793905508,1.3641124793905508,1,1.0,1.3641124793905508
attempt_003,episode:203089,3.742320597211082,3.742320597211082,3.8897355141790433,-3.742320597211082,4,4.0,4.896638284554344
attempt_003,episode:203174,0.0,0.0,0.0,0.0,1,1.0,0.0
attempt_003,episode:203200,5.148236286817394,5.148236286817394,5.236854405421049,-5.148236286817394,2,2.0,5.915697430558025
attempt_003,episode:203361,4.620924130820425,4.620924130820425,4.620924130820425,4.620924130820425,1,1.0,4.620924130820425
attempt_003,episode:203450,4.755832442519748,4.755832442519748,4.774719655533502,4.755832442519748,5,5.0,5.216891330816674
attempt_003,episode:203514,3.9591014455300177,3.9591014455300177,3.9591014455300177,3.9591014455300177,1,1.0,3.9591014455300177
attempt_003,episode:203518,2.018825844384182,2.018825844384182,2.018825844384182,-2.018825844384182,1,1.0,2.018825844384182
attempt_003,episode:203538,6.767607171613544,6.767607171613544,6.975866414156452,6.767607171613544,3,3.0,8.1967777435257
attempt_003,episode:203576,4.040100436057992,4.040100436057992,4.040100436057992,4.040100436057992,1,1.0,4.040100436057992
attempt_003,episode:203682,6.5761278925714715,6.5761278925714715,6.5761278925714715,6.5761278925714715,1,1.0,6.5761278925714715
attempt_003,episode:203752,6.940182906849106,6.940182906849106,6.940182906849106,-6.940182906849106,1,1.0,6.940182906849106
attempt_003,episode:203754,4.453968613020211,4.453968613020211,4.453968613020211,4.453968613020211,1,1.0,4.453968613020211
attempt_003,episode:204035,3.379586834100147,3.379586834100147,3.379586834100147,-3.379586834100147,1,1.0,3.379586834100147
attempt_003,episode:204318,5.325708163665063,5.325708163665063,5.325708163665063,-5.325708163665063,1,1.0,5.325708163665063
attempt_003,episode:204641,5.164636828555192,5.164636828555192,5.164636828555192,5.164636828555192,1,1.0,5.164636828555192
attempt_003,episode:204686,2.312300864066752,2.312300864066752,2.312300864066752,2.312300864066752,1,1.0,2.312300864066752
attempt_003,episode:204770,3.6944324087620184,3.6944324087620184,3.8535701851131723,1.4557577969077136,7,7.0,4.9867160437707145
attempt_003,episode:204797,4.337573581374729,4.337573581374729,4.42234256419621,4.337573581374729,4,4.0,5.30787385137188
attempt_003,episode:205128,1.0553533876191352,1.0553533876191352,1.0553533876191352,1.0553533876191352,1,1.0,1.0553533876191352
attempt_003,episode:205159,4.672457150530411,4.672457150530411,4.88481186990293,4.672457150530411,2,2.0,5.812150072204117
attempt_003,episode:205164,6.89407434983362,6.89407434983362,7.032187490720716,6.89407434983362,3,3.0,8.301903140329943
attempt_003,episode:205248,5.2325531221568955,5.2325531221568955,5.2325531221568955,5.2325531221568955,1,1.0,5.2325531221568955
attempt_003,episode:206508,1.5218423513866295,1.5218423513866295,1.5218423513866295,1.5218423513866295,1,1.0,1.5218423513866295
attempt_003,episode:206523,5.945779727020273,5.945779727020273,5.945779727020273,-5.945779727020273,1,1.0,5.945779727020273
attempt_003,episode:206529,3.020476054388638,3.020476054388638,3.020476054388638,3.020476054388638,1,1.0,3.020476054388638
attempt_003,episode:206537,3.539501925936388,3.539501925936388,3.539501925936388,3.539501925936388,1,1.0,3.539501925936388
attempt_003,episode:206610,3.2346684850707637,3.2346684850707637,3.2346684850707637,3.2346684850707637,1,1.0,3.2346684850707637
attempt_003,episode:206807,3.457248280434739,3.457248280434739,3.457248280434739,3.457248280434739,1,1.0,3.457248280434739
attempt_003,episode:207350,6.272790191336215,6.272790191336215,6.378957194607059,-6.272790191336215,2,2.0,7.1999615821305
attempt_003,episode:207831,6.322439868253553,6.322439868253553,6.322439868253553,-6.322439868253553,1,1.0,6.322439868253553
attempt_003,episode:207904,0.3751302298515107,0.3751302298515107,0.3751302298515107,0.3751302298515107,1,1.0,0.3751302298515107
attempt_003,episode:208023,5.8482127911882,5.8482127911882,5.8482127911882,-5.8482127911882,1,1.0,5.8482127911882
attempt_003,episode:208170,3.024459520847814,3.024459520847814,3.024459520847814,3.024459520847814,1,1.0,3.024459520847814
attempt_003,episode:208204,2.4566574258064477,2.4566574258064477,2.4566574258064477,2.4566574258064477,1,1.0,2.4566574258064477
attempt_003,episode:208270,5.58906423319218,5.58906423319218,5.839386756975955,-0.41812716127707744,3,3.0,7.2814939900238125
attempt_003,episode:208464,6.46470949308436,6.46470949308436,6.46470949308436,-6.46470949308436,1,1.0,6.46470949308436
attempt_003,episode:209460,5.144871186831635,5.144871186831635,5.443308298537009,5.144871186831635,5,5.0,7.078284185073354
attempt_004,episode:198682,9.518608255546868,9.518608255546868,9.625638381988006,9.518608255546868,6,6.0,10.884630661346062
attempt_004,episode:199130,0.22287593238496228,0.22287593238496228,0.22287593238496228,0.22287593238496228,1,1.0,0.22287593238496228
attempt_004,episode:199176,5.54049859364058,5.54049859364058,5.611888273684944,-5.54049859364058,2,2.0,6.254323369983603
attempt_004,episode:199292,1.0587543636937227,1.0587543636937227,1.0587543636937227,-1.0587543636937227,1,1.0,1.0587543636937227
attempt_004,episode:199504,4.306331281560481,4.306331281560481,4.332324020562901,-4.306331281560481,2,2.0,4.685418448402063
attempt_004,episode:199572,1.9983038996344655,1.9983038996344655,2.0739355678782214,-0.5549687057988484,2,2.0,2.4422788642735442
attempt_004,episode:199916,2.6184569128160904,2.6184569128160904,2.829542326374232,-2.6184569128160904,2,2.0,3.4763587897111785
attempt_004,episode:199974,7.586956622123683,7.586956622123683,7.609944432097605,7.586956622123683,2,2.0,8.05979890356776
attempt_004,episode:199994,3.4016899394434263,3.4016899394434263,3.4016899394434263,-3.4016899394434263,1,1.0,3.4016899394434263
attempt_004,episode:200216,4.902289382186332,4.902289382186332,4.902289382186332,-4.902289382186332,1,1.0,4.902289382186332
attempt_004,episode:200273,8.78321266328273,8.78321266328273,8.78321266328273,8.78321266328273,1,1.0,8.78321266328273
attempt_004,episode:200340,2.2417640540315285,2.2417640540315285,2.5264107921587464,-2.2417640540315285,2,2.0,3.173771064061238
attempt_004,episode:200399,4.89564856563805,4.89564856563805,4.89564856563805,-4.89564856563805,1,1.0,4.89564856563805
attempt_004,episode:200409,5.522765176727467,5.522765176727467,5.965086114510873,2.2541777117735995,2,2.0,7.326107346146347
attempt_004,episode:200422,3.5771697653173917,3.5771697653173917,3.6360058041469956,-3.5771697653173917,6,6.0,4.252716595185923
attempt_004,episode:200425,1.5689736786420934,1.5689736786420934,1.5689736786420934,1.5689736786420934,1,1.0,1.5689736786420934
attempt_004,episode:200683,4.006496584217186,4.006496584217186,4.0133051013187595,-4.006496584217186,2,2.0,4.193434789069506
attempt_004,episode:200691,1.7781477666063772,1.7781477666063772,1.9650909217210153,0.8365242678745801,2,2.0,2.447367180906041
attempt_004,episode:200718,3.2945946983286998,3.2945946983286998,3.2945946983286998,3.2945946983286998,1,1.0,3.2945946983286998
attempt_004,episode:200793,9.263986583115717,9.263986583115717,9.263986583115717,9.263986583115717,1,1.0,9.263986583115717
attempt_004,episode:200837,4.83832168658821,4.83832168658821,4.927316639453717,4.83832168658821,3,3.0,5.788339214527596
attempt_004,episode:200858,4.755299399428209,4.755299399428209,4.950783809903742,-4.755299399428209,2,2.0,5.857265048026089
attempt_004,episode:201093,0.5141005674960066,0.5141005674960066,0.5141005674960066,0.5141005674960066,1,1.0,0.5141005674960066
attempt_004,episode:201169,5.922794502992824,5.922794502992824,5.922794502992824,5.922794502992824,1,1.0,5.922794502992824
attempt_004,episode:201222,2.9083913533543795,2.9083913533543795,2.9083913533543795,2.9083913533543795,1,1.0,2.9083913533543795
attempt_004,episode:201232,9.919158718335671,9.919158718335671,9.919158718335671,9.919158718335671,1,1.0,9.919158718335671
attempt_004,episode:201307,4.395416040712449,4.395416040712449,4.427768263037303,4.395416040712449,2,2.0,4.822835924355185
attempt_004,episode:201332,6.835790012350452,6.835790012350452,7.0057804541479864,-6.835790012350452,3,3.0,8.227632809964346
attempt_004,episode:201336,5.675238051010095,5.675238051010095,5.675238051010095,-5.675238051010095,1,1.0,5.675238051010095
attempt_004,episode:201346,6.300947031427725,6.300947031427725,6.300947031427725,-6.300947031427725,1,1.0,6.300947031427725
attempt_004,episode:201364,1.910097301267264,1.910097301267264,1.910097301267264,1.910097301267264,1,1.0,1.910097301267264
attempt_004,episode:201583,4.738984796384285,4.738984796384285,4.8770166347440345,4.738984796384285,7,7.0,6.269618545937717
attempt_004,episode:201678,5.50657186351084,5.50657186351084,5.86833020237606,-1.6103979085002498,11,11.0,6.492168069065062
attempt_004,episode:201777,5.922717474083744,5.922717474083744,6.105433865037739,5.922717474083744,3,3.0,7.406481027888699
attempt_004,episode:201896,7.167346656910721,7.167346656910721,7.193621831140374,-7.167346656910721,2,2.0,7.658768723410855
attempt_004,episode:202009,2.7663354046999897,2.7663354046999897,3.265190915713758,-2.7663354046999897,4,4.0,4.727331598046158
attempt_004,episode:202014,6.122498415208801,6.122498415208801,6.122498415208801,-6.122498415208801,1,1.0,6.122498415208801
attempt_004,episode:202092,3.067352891954256,3.067352891954256,3.067352891954256,-3.067352891954256,1,1.0,3.067352891954256
attempt_004,episode:202200,1.4471150072329506,1.4471150072329506,1.6445597710773194,-0.8496586928417872,11,11.0,2.313379153932841
attempt_004,episode:202225,1.247315594858545,1.247315594858545,1.247315594858545,-1.247315594858545,1,1.0,1.247315594858545
attempt_004,episode:202390,0.829319289836171,0.829319289836171,0.8604717212946633,-0.6383327074081293,5,5.0,1.0763444959088624
attempt_004,episode:202437,5.241842238724065,5.241842238724065,5.241842238724065,-5.241842238724065,1,1.0,5.241842238724065
attempt_004,episode:202516,6.2980432071741,6.2980432071741,6.370170212227484,3.390851786854859,4,4.0,7.222130725782276
attempt_004,episode:202529,5.766513486599073,5.766513486599073,5.766513486599073,-5.766513486599073,1,1.0,5.766513486599073
attempt_004,episode:202577,1.3170255242968985,1.3170255242968985,1.3170255242968985,-1.3170255242968985,1,1.0,1.3170255242968985
attempt_004,episode:202592,4.140947138324843,4.140947138324843,4.281025833141693,-4.140947138324843,8,8.0,5.5522977921611325
attempt_004,episode:202647,2.4517058540007834,2.4517058540007834,2.69607462001654,1.1215867162888564,2,2.0,3.3489752270318687
attempt_004,episode:202651,4.459008532070764,4.459008532070764,4.591622886278206,0.21645546433623397,4,4.0,5.631461488749723
attempt_004,episode:202669,3.1350171464600267,3.1350171464600267,3.1350171464600267,3.1350171464600267,1,1.0,3.1350171464600267
attempt_004,episode:202759,5.434627900782593,5.434627900782593,6.769866038266724,4.036818766815348,2,2.0,8.664082914234871
attempt_004,episode:202844,5.240207553513335,5.240207553513335,7.345345164855146,5.18701996090208,15,15.0,11.712808087048582
attempt_004,episode:202845,5.107649816277636,5.107649816277636,7.133459613118555,3.983912351517701,10,10.0,11.752807382970456
attempt_004,episode:202925,3.0769494493220835,3.0769494493220835,3.0847902327836483,-3.0769494493220835,2,2.0,3.252790953581205
attempt_004,episode:202928,11.953996018067567,11.953996018067567,11.953996018067567,11.953996018067567,1,1.0,11.953996018067567
attempt_004,episode:202936,3.136775984836879,3.136775984836879,3.136775984836879,3.136775984836879,1,1.0,3.136775984836879
attempt_004,episode:202961,2.053027043267347,2.053027043267347,2.0550729654248396,2.053027043267347,2,2.0,2.1263694308280603
attempt_004,episode:203019,0.5298325790568628,0.5298325790568628,0.5298325790568628,0.5298325790568628,1,1.0,0.5298325790568628
attempt_004,episode:203089,3.782884202782708,3.782884202782708,3.9558252108541625,-3.782884202782708,4,4.0,5.030855643104167
attempt_004,episode:203174,0.0,0.0,0.0,0.0,1,1.0,0.0
attempt_004,episode:203200,5.196176279860724,5.196176279860724,5.302749396667867,-5.196176279860724,2,2.0,6.0424020587067
attempt_004,episode:203361,4.840375976640436,4.840375976640436,4.840375976640436,4.840375976640436,1,1.0,4.840375976640436
attempt_004,episode:203450,4.49485826141527,4.49485826141527,4.52788761919804,4.49485826141527,5,5.0,5.083718262986715
attempt_004,episode:203514,3.476559305580409,3.476559305580409,3.476559305580409,3.476559305580409,1,1.0,3.476559305580409
attempt_004,episode:203518,0.9523186896496139,0.9523186896496139,0.9523186896496139,-0.9523186896496139,1,1.0,0.9523186896496139
attempt_004,episode:203538,6.662216722631041,6.662216722631041,6.980046876274508,6.662216722631041,3,3.0,8.37791759502781
attempt_004,episode:203576,4.061734954356816,4.061734954356816,4.061734954356816,4.061734954356816,1,1.0,4.061734954356816
attempt_004,episode:203682,6.9846794111773445,6.9846794111773445,6.9846794111773445,6.9846794111773445,1,1.0,6.9846794111773445
attempt_004,episode:203752,7.196840666386936,7.196840666386936,7.196840666386936,-7.196840666386936,1,1.0,7.196840666386936
attempt_004,episode:203754,3.852829791665034,3.852829791665034,3.852829791665034,3.852829791665034,1,1.0,3.852829791665034
attempt_004,episode:204035,3.1684209987158143,3.1684209987158143,3.1684209987158143,-3.1684209987158143,1,1.0,3.1684209987158143
attempt_004,episode:204318,5.662230843903986,5.662230843903986,5.662230843903986,-5.662230843903986,1,1.0,5.662230843903986
attempt_004,episode:204641,4.8451871893810985,4.8451871893810985,4.8451871893810985,4.8451871893810985,1,1.0,4.8451871893810985
attempt_004,episode:204686,1.4447861236918413,1.4447861236918413,1.4447861236918413,1.4447861236918413,1,1.0,1.4447861236918413
attempt_004,episode:204770,3.476675833701297,3.476675833701297,3.695323731752986,1.1317008362221868,7,7.0,4.922190193732596
attempt_004,episode:204797,3.9039128341781963,3.9039128341781963,4.050718907263138,3.9039128341781963,4,4.0,5.10850692516776
attempt_004,episode:205128,0.1374152100011452,0.1374152100011452,0.1374152100011452,0.1374152100011452,1,1.0,0.1374152100011452
attempt_004,episode:205159,4.572452190520912,4.572452190520912,4.8684731092805045,4.572452190520912,2,2.0,5.909843413746283
attempt_004,episode:205164,7.34229342182338,7.34229342182338,7.537144544735593,7.34229342182338,3,3.0,9.077686986089908
attempt_004,episode:205248,4.86300320063704,4.86300320063704,4.86300320063704,4.86300320063704,1,1.0,4.86300320063704
attempt_004,episode:206508,0.6976470188203701,0.6976470188203701,0.6976470188203701,0.6976470188203701,1,1.0,0.6976470188203701
attempt_004,episode:206523,6.517118635351321,6.517118635351321,6.517118635351321,-6.517118635351321,1,1.0,6.517118635351321
attempt_004,episode:206529,2.335527732212303,2.335527732212303,2.335527732212303,2.335527732212303,1,1.0,2.335527732212303
attempt_004,episode:206537,3.401256041443046,3.401256041443046,3.401256041443046,3.401256041443046,1,1.0,3.401256041443046
attempt_004,episode:206610,3.048467106092943,3.048467106092943,3.048467106092943,3.048467106092943,1,1.0,3.048467106092943
attempt_004,episode:206807,3.0590906794774773,3.0590906794774773,3.0590906794774773,3.0590906794774773,1,1.0,3.0590906794774773
attempt_004,episode:207350,6.045496296076295,6.045496296076295,6.15145657662213,-6.045496296076295,2,2.0,6.954963849562996
attempt_004,episode:207831,6.746946257317019,6.746946257317019,6.746946257317019,-6.746946257317019,1,1.0,6.746946257317019
attempt_004,episode:207904,0.0,0.0,0.0,0.0,1,1.0,0.0
attempt_004,episode:208023,5.230575304335179,5.230575304335179,5.230575304335179,-5.230575304335179,1,1.0,5.230575304335179
attempt_004,episode:208170,2.863010959475509,2.863010959475509,2.863010959475509,2.863010959475509,1,1.0,2.863010959475509
attempt_004,episode:208204,1.704013490958264,1.704013490958264,1.704013490958264,1.704013490958264,1,1.0,1.704013490958264
attempt_004,episode:208270,5.674392990721745,5.674392990721745,6.1061125900481015,0.11472921911092193,3,3.0,7.9638652349262555
attempt_004,episode:208464,6.514727739101891,6.514727739101891,6.514727739101891,-6.514727739101891,1,1.0,6.514727739101891
attempt_004,episode:209460,5.346878368556408,5.346878368556408,5.775357836475897,5.346878368556408,5,5.0,7.815352343367538
attempt_005,episode:198682,9.30827877833717,9.30827877833717,9.404057772735124,9.30827877833717,6,6.0,10.615461377764133
attempt_005,episode:199130,0.0,0.0,0.0,0.0,1,1.0,0.0
attempt_005,episode:199176,5.630885037293952,5.630885037293952,5.69431942512243,-5.630885037293952,2,2.0,6.308956378487242
attempt_005,episode:199292,0.49304147158965606,0.49304147158965606,0.49304147158965606,-0.49304147158965606,1,1.0,0.49304147158965606
attempt_005,episode:199504,4.450262643588274,4.450262643588274,4.47029170305605,-4.450262643588274,2,2.0,4.788417934300193
attempt_005,episode:199572,2.156740008742654,2.156740008742654,2.4147539745007456,-1.086052158994164,2,2.0,3.025581735937985
attempt_005,episode:199916,2.372230110830797,2.372230110830797,2.5983893539960925,-2.372230110830797,2,2.0,3.2204382121749657
attempt_005,episode:199974,7.325247947153555,7.325247947153555,7.356730275229551,7.325247947153555,2,2.0,7.869143734349119
attempt_005,episode:199994,3.7627621220053147,3.7627621220053147,3.7627621220053147,-3.7627621220053147,1,1.0,3.7627621220053147
attempt_005,episode:200216,5.6730107534289775,5.6730107534289775,5.6730107534289775,-5.6730107534289775,1,1.0,5.6730107534289775
attempt_005,episode:200273,8.443864737471895,8.443864737471895,8.443864737471895,8.443864737471895,1,1.0,8.443864737471895
attempt_005,episode:200340,2.777304639863447,2.777304639863447,3.0094197317421734,-2.777304639863447,2,2.0,3.704471872827892
attempt_005,episode:200399,5.141135199561907,5.141135199561907,5.141135199561907,-5.141135199561907,1,1.0,5.141135199561907
attempt_005,episode:200409,5.267029227328834,5.267029227328834,5.670713650306355,2.101284469612491,2,2.0,6.948056803018827
attempt_005,episode:200422,3.7240588008327573,3.7240588008327573,3.7456334341338193,-3.7240588008327573,6,6.0,4.160307157229695
attempt_005,episode:200425,3.654465515375694,3.654465515375694,3.654465515375694,3.654465515375694,1,1.0,3.654465515375694
attempt_005,episode:200683,4.1278697015363655,4.1278697015363655,4.128917788865957,-4.1278697015363655,2,2.0,4.202290491542702
attempt_005,episode:200691,2.538345961159827,2.538345961159827,2.5871092885888207,0.49993424824285526,2,2.0,2.938293359754111
attempt_005,episode:200718,3.7399069329907686,3.7399069329907686,3.7399069329907686,3.7399069329907686,1,1.0,3.7399069329907686
attempt_005,episode:200793,8.410706666439054,8.410706666439054,8.410706666439054,8.410706666439054,1,1.0,8.410706666439054
attempt_005,episode:200837,5.192296067448794,5.192296067448794,5.2099839497490885,5.192296067448794,3,3.0,5.629681344204195
attempt_005,episode:200858,4.631093414220435,4.631093414220435,4.932214551553006,-4.631093414220435,2,2.0,5.988671061959899
attempt_005,episode:201093,0.4168441432788388,0.4168441432788388,0.4168441432788388,0.4168441432788388,1,1.0,0.4168441432788388
attempt_005,episode:201169,6.144291306590225,6.144291306590225,6.144291306590225,6.144291306590225,1,1.0,6.144291306590225
attempt_005,episode:201222,3.361588271112484,3.361588271112484,3.361588271112484,3.361588271112484,1,1.0,3.361588271112484
attempt_005,episode:201232,10.22201674466416,10.22201674466416,10.22201674466416,10.22201674466416,1,1.0,10.22201674466416
attempt_005,episode:201307,4.080050489876445,4.080050489876445,4.102267697588418,4.080050489876445,2,2.0,4.421143568304123
attempt_005,episode:201332,6.823629025049179,6.823629025049179,6.98998250662572,-6.823629025049179,3,3.0,8.206839857031948
attempt_005,episode:201336,5.726528093530313,5.726528093530313,5.726528093530313,-5.726528093530313,1,1.0,5.726528093530313
attempt_005,episode:201346,6.363412726716498,6.363412726716498,6.363412726716498,-6.363412726716498,1,1.0,6.363412726716498
attempt_005,episode:201364,2.4748818114877027,2.4748818114877027,2.4748818114877027,2.4748818114877027,1,1.0,2.4748818114877027
attempt_005,episode:201583,4.31354692254749,4.31354692254749,4.461618203939874,4.31354692254749,7,7.0,5.975097957702357
attempt_005,episode:201678,5.256312920140723,5.256312920140723,5.677034328755167,-1.525849073421071,11,11.0,6.819492172120567
attempt_005,episode:201777,6.313480524258108,6.313480524258108,6.5666408783786405,6.313480524258108,3,3.0,8.099837351494772
attempt_005,episode:201896,7.569635160531744,7.569635160531744,7.587610653474805,-7.569635160531744,2,2.0,7.987215976310182
attempt_005,episode:202009,3.0931713015476436,3.0931713015476436,3.4551532995864,-3.0931713015476436,4,4.0,4.823817103378843
attempt_005,episode:202014,6.05920122810932,6.05920122810932,6.05920122810932,-6.05920122810932,1,1.0,6.05920122810932
attempt_005,episode:202092,1.8549103405130882,1.8549103405130882,1.8549103405130882,-1.8549103405130882,1,1.0,1.8549103405130882
attempt_005,episode:202200,1.2744514358909849,1.2744514358909849,1.5017859411960834,-1.0040931880677408,11,11.0,2.3287640619765213
attempt_005,episode:202225,1.3376293706108022,1.3376293706108022,1.3376293706108022,-1.3376293706108022,1,1.0,1.3376293706108022
attempt_005,episode:202390,1.096408066944053,1.096408066944053,1.1998188351714851,-1.011647418364927,5,5.0,1.5329725674394798
attempt_005,episode:202437,5.286710440102821,5.286710440102821,5.286710440102821,-5.286710440102821,1,1.0,5.286710440102821
attempt_005,episode:202516,5.962220222286412,5.962220222286412,6.01101711395366,3.339907329016777,4,4.0,6.754605729021594
attempt_005,episode:202529,5.46418405048362,5.46418405048362,5.46418405048362,-5.46418405048362,1,1.0,5.46418405048362
attempt_005,episode:202577,1.7651824230496267,1.7651824230496267,1.7651824230496267,-1.7651824230496267,1,1.0,1.7651824230496267
attempt_005,episode:202592,4.387684345790369,4.387684345790369,4.538754611899085,-4.387684345790369,8,8.0,5.957445743559054
attempt_005,episode:202647,2.513659762460692,2.513659762460692,2.641225530454177,0.8109173208835823,2,2.0,3.162393619167558
attempt_005,episode:202651,4.655793319650694,4.655793319650694,4.905184157637865,0.8510833672311477,4,4.0,6.3838026598874515
attempt_005,episode:202669,3.590968223921979,3.590968223921979,3.590968223921979,3.590968223921979,1,1.0,3.590968223921979
attempt_005,episode:202759,5.306848664444037,5.306848664444037,6.4829711808066275,3.723744430523907,2,2.0,8.285844208863162
attempt_005,episode:202844,5.133430769287282,5.133430769287282,7.2113244553962526,5.0432065973859,15,15.0,11.489354333216006
attempt_005,episode:202845,4.9689766869617875,4.9689766869617875,6.983089758871556,3.7779396935013394,10,10.0,11.333726735201163
attempt_005,episode:202925,3.9065091970182775,3.9065091970182775,3.916490595003001,-3.9065091970182775,2,2.0,4.1300579916683215
attempt_005,episode:202928,12.868983115518942,12.868983115518942,12.868983115518942,12.868983115518942,1,1.0,12.868983115518942
attempt_005,episode:202936,3.0518341689603226,3.0518341689603226,3.0518341689603226,3.0518341689603226,1,1.0,3.0518341689603226
attempt_005,episode:202961,2.5979687616901996,2.5979687616901996,2.5984205513882266,2.5979687616901996,2,2.0,2.6367310126761208
attempt_005,episode:203019,0.5099083729233893,0.5099083729233893,0.5099083729233893,0.5099083729233893,1,1.0,0.5099083729233893
attempt_005,episode:203089,3.618876419476074,3.618876419476074,3.7718924968237846,-3.618876419476074,4,4.0,4.834419457558242
attempt_005,episode:203174,0.9636872039363187,0.9636872039363187,0.9636872039363187,0.9636872039363187,1,1.0,0.9636872039363187
attempt_005,episode:203200,4.870874462632058,4.870874462632058,5.025373031623975,-4.870874462632058,2,2.0,5.860082170245345
attempt_005,episode:203361,4.945886580384702,4.945886580384702,4.945886580384702,4.945886580384702,1,1.0,4.945886580384702
attempt_005,episode:203450,4.241824302248211,4.241824302248211,4.286667914232485,4.241824302248211,5,5.0,4.948131764989282
attempt_005,episode:203514,3.5549854141352926,3.5549854141352926,3.5549854141352926,3.5549854141352926,1,1.0,3.5549854141352926
attempt_005,episode:203518,0.7288443978935142,0.7288443978935142,0.7288443978935142,-0.7288443978935142,1,1.0,0.7288443978935142
attempt_005,episode:203538,7.188121044514777,7.188121044514777,7.58037957410297,7.188121044514777,3,3.0,9.22030280178658
attempt_005,episode:203576,3.054214264685345,3.054214264685345,3.054214264685345,3.054214264685345,1,1.0,3.054214264685345
attempt_005,episode:203682,6.39917203812318,6.39917203812318,6.39917203812318,6.39917203812318,1,1.0,6.39917203812318
attempt_005,episode:203752,7.584623624910277,7.584623624910277,7.584623624910277,-7.584623624910277,1,1.0,7.584623624910277
attempt_005,episode:203754,3.6651818446690294,3.6651818446690294,3.6651818446690294,3.6651818446690294,1,1.0,3.6651818446690294
attempt_005,episode:204035,3.5060797203710132,3.5060797203710132,3.5060797203710132,-3.5060797203710132,1,1.0,3.5060797203710132
attempt_005,episode:204318,5.731747424713231,5.731747424713231,5.731747424713231,-5.731747424713231,1,1.0,5.731747424713231
attempt_005,episode:204641,4.370770003536998,4.370770003536998,4.370770003536998,4.370770003536998,1,1.0,4.370770003536998
attempt_005,episode:204686,1.1795586016204815,1.1795586016204815,1.1795586016204815,1.1795586016204815,1,1.0,1.1795586016204815
attempt_005,episode:204770,3.5678731957274263,3.5678731957274263,3.8116049660154343,1.1663187266913628,7,7.0,5.222597229302719
attempt_005,episode:204797,4.039402078011552,4.039402078011552,4.266291822889658,4.039402078011552,4,4.0,5.485355763072011
attempt_005,episode:205128,1.1047812544846156,1.1047812544846156,1.1047812544846156,1.1047812544846156,1,1.0,1.1047812544846156
attempt_005,episode:205159,4.44823770928604,4.44823770928604,4.7001741269909525,4.44823770928604,2,2.0,5.662767901443213
attempt_005,episode:205164,7.2166247120544,7.2166247120544,7.423676033975998,7.2166247120544,3,3.0,8.96169193158633
attempt_005,episode:205248,5.552827535640427,5.552827535640427,5.552827535640427,5.552827535640427,1,1.0,5.552827535640427
attempt_005,episode:206508,0.0,0.0,0.0,0.0,1,1.0,0.0
attempt_005,episode:206523,6.370152560901542,6.370152560901542,6.370152560901542,-6.370152560901542,1,1.0,6.370152560901542
attempt_005,episode:206529,2.099101259350423,2.099101259350423,2.099101259350423,2.099101259350423,1,1.0,2.099101259350423
attempt_005,episode:206537,3.4428516833652214,3.4428516833652214,3.4428516833652214,3.4428516833652214,1,1.0,3.4428516833652214
attempt_005,episode:206610,1.744940882651445,1.744940882651445,1.744940882651445,1.744940882651445,1,1.0,1.744940882651445
attempt_005,episode:206807,1.9199111126777009,1.9199111126777009,1.9199111126777009,1.9199111126777009,1,1.0,1.9199111126777009
attempt_005,episode:207350,5.735644368437039,5.735644368437039,5.73564437529213,-5.735644368437039,2,2.0,5.735868706361763
attempt_005,episode:207831,6.631704313169348,6.631704313169348,6.631704313169348,-6.631704313169348,1,1.0,6.631704313169348
attempt_005,episode:207904,0.5860084842518924,0.5860084842518924,0.5860084842518924,0.5860084842518924,1,1.0,0.5860084842518924
attempt_005,episode:208023,5.817748243564857,5.817748243564857,5.817748243564857,-5.817748243564857,1,1.0,5.817748243564857
attempt_005,episode:208170,1.8565023656325748,1.8565023656325748,1.8565023656325748,1.8565023656325748,1,1.0,1.8565023656325748
attempt_005,episode:208204,1.7605363372464566,1.7605363372464566,1.7605363372464566,1.7605363372464566,1,1.0,1.7605363372464566
attempt_005,episode:208270,5.4767569403305005,5.4767569403305005,5.994473567269385,0.4715006495809722,3,3.0,7.901344204906683
attempt_005,episode:208464,6.972256542567656,6.972256542567656,6.972256542567656,-6.972256542567656,1,1.0,6.972256542567656
attempt_005,episode:209460,5.378888570647055,5.378888570647055,5.901507269307222,5.378888570647055,5,5.0,8.130760400228809
attempt_006,episode:198682,8.727541885153146,8.727541885153146,8.87074497771616,8.727541885153146,6,6.0,10.253982689678395
attempt_006,episode:199130,0.5966373839903042,0.5966373839903042,0.5966373839903042,0.5966373839903042,1,1.0,0.5966373839903042
attempt_006,episode:199176,5.1814357476529755,5.1814357476529755,5.26758979371431,-5.1814357476529755,2,2.0,5.9404775974766135
attempt_006,episode:199292,1.3472064170251201,1.3472064170251201,1.3472064170251201,-1.3472064170251201,1,1.0,1.3472064170251201
attempt_006,episode:199504,4.793872909261646,4.793872909261646,4.824513815793559,-4.793872909261646,2,2.0,5.228174989297352
attempt_006,episode:199572,2.113633742123172,2.113633742123172,2.4261304090160634,-1.191075633917027,2,2.0,3.0664942492567935
attempt_006,episode:199916,2.661849147756212,2.661849147756212,2.8675760801937695,-2.661849147756212,2,2.0,3.515097694069041
attempt_006,episode:199974,8.042359053518824,8.042359053518824,8.073870246197933,8.042359053518824,2,2.0,8.612463103937172
attempt_006,episode:199994,4.603806405466644,4.603806405466644,4.603806405466644,-4.603806405466644,1,1.0,4.603806405466644
attempt_006,episode:200216,4.930883514485555,4.930883514485555,4.930883514485555,-4.930883514485555,1,1.0,4.930883514485555
attempt_006,episode:200273,8.01684939725627,8.01684939725627,8.01684939725627,8.01684939725627,1,1.0,8.01684939725627
attempt_006,episode:200340,1.5149755778558323,1.5149755778558323,2.0162897213658675,-1.5149755778558323,2,2.0,2.579388501937019
attempt_006,episode:200399,5.671240772293821,5.671240772293821,5.671240772293821,-5.671240772293821,1,1.0,5.671240772293821
attempt_006,episode:200409,5.362230272827668,5.362230272827668,5.91098253969323,2.487207487470385,2,2.0,7.351996262803976
attempt_006,episode:200422,3.3657938496507698,3.3657938496507698,3.4222441266893155,-3.3657938496507698,6,6.0,4.069007210992681
attempt_006,episode:200425,0.6145611253085907,0.6145611253085907,0.6145611253085907,0.6145611253085907,1,1.0,0.6145611253085907
attempt_006,episode:200683,5.438119756220516,5.438119756220516,5.453609278569523,-5.438119756220516,2,2.0,5.766712080224561
attempt_006,episode:200691,1.8529013435335058,1.8529013435335058,1.8793110180219472,-0.31395304360750576,2,2.0,2.10406377841951
attempt_006,episode:200718,3.3707128402703495,3.3707128402703495,3.3707128402703495,3.3707128402703495,1,1.0,3.3707128402703495
attempt_006,episode:200793,7.944090339497979,7.944090339497979,7.944090339497979,7.944090339497979,1,1.0,7.944090339497979
attempt_006,episode:200837,5.983081539263694,5.983081539263694,6.057597538739867,5.983081539263694,3,3.0,6.949053391077247
attempt_006,episode:200858,7.2756497966743945,7.2756497966743945,7.399795314450718,-7.2756497966743945,2,2.0,8.355469257708474
attempt_006,episode:201093,0.017723866832788815,0.017723866832788815,0.017723866832788815,0.017723866832788815,1,1.0,0.017723866832788815
attempt_006,episode:201169,4.257611757316893,4.257611757316893,4.257611757316893,4.257611757316893,1,1.0,4.257611757316893
attempt_006,episode:201222,1.9086692377964163,1.9086692377964163,1.9086692377964163,1.9086692377964163,1,1.0,1.9086692377964163
attempt_006,episode:201232,9.637211086244069,9.637211086244069,9.637211086244069,9.637211086244069,1,1.0,9.637211086244069
attempt_006,episode:201307,4.150326849088784,4.150326849088784,4.190499507399294,4.150326849088784,2,2.0,4.613410887938922
attempt_006,episode:201332,6.735638928495331,6.735638928495331,6.891787826764601,-6.735638928495331,3,3.0,8.088721147976152
attempt_006,episode:201336,5.711066645887061,5.711066645887061,5.711066645887061,-5.711066645887061,1,1.0,5.711066645887061
attempt_006,episode:201346,7.143952477910894,7.143952477910894,7.143952477910894,-7.143952477910894,1,1.0,7.143952477910894
attempt_006,episode:201364,1.9959037790085727,1.9959037790085727,1.9959037790085727,1.9959037790085727,1,1.0,1.9959037790085727
attempt_006,episode:201583,4.91772324799637,4.91772324799637,5.092125643009678,4.91772324799637,7,7.0,6.709557287074617
attempt_006,episode:201678,5.817944947873482,5.817944947873482,6.151020357496354,-2.402455529308721,11,11.0,7.614209294672694
attempt_006,episode:201777,4.454136976398295,4.454136976398295,4.763427100891754,4.454136976398295,3,3.0,6.145702127188051
attempt_006,episode:201896,6.828318783284095,6.828318783284095,6.8592293600473555,-6.828318783284095,2,2.0,7.3486817382055385
attempt_006,episode:202009,2.61801150821862,2.61801150821862,3.102559289248107,-2.61801150821862,4,4.0,4.42789112502776
attempt_006,episode:202014,6.339400524435165,6.339400524435165,6.339400524435165,-6.339400524435165,1,1.0,6.339400524435165
attempt_006,episode:202092,3.2721720249206143,3.2721720249206143,3.2721720249206143,-3.2721720249206143,1,1.0,3.2721720249206143
attempt_006,episode:202200,1.7609467228653666,1.7609467228653666,1.9588740858912914,-1.413948549023832,11,11.0,2.89144657530246
attempt_006,episode:202225,1.8734195277169228,1.8734195277169228,1.8734195277169228,-1.8734195277169228,1,1.0,1.8734195277169228
attempt_006,episode:202390,1.5597073028071906,1.5597073028071906,1.687399988814545,-1.5597073028071906,5,5.0,2.1266300472256656
attempt_006,episode:202437,5.869671205083227,5.869671205083227,5.869671205083227,-5.869671205083227,1,1.0,5.869671205083227
attempt_006,episode:202516,6.710046978099217,6.710046978099217,6.8693948028884915,4.30783658903395,4,4.0,8.154653093125539
attempt_006,episode:202529,7.886419532099939,7.886419532099939,7.886419532099939,-7.886419532099939,1,1.0,7.886419532099939
attempt_006,episode:202577,1.469344827078526,1.469344827078526,1.469344827078526,-1.469344827078526,1,1.0,1.469344827078526
attempt_006,episode:202592,4.0773749050352155,4.0773749050352155,4.26087890073799,-4.0773749050352155,8,8.0,5.676757012412274
attempt_006,episode:202647,2.269628870823052,2.269628870823052,2.509369202261869,1.0703824465988072,2,2.0,3.1259348281020976
attempt_006,episode:202651,4.572823004795098,4.572823004795098,4.745709372460068,0.04730952759996887,4,4.0,5.858327852618735
attempt_006,episode:202669,3.9449234032349887,3.9449234032349887,3.9449234032349887,3.9449234032349887,1,1.0,3.9449234032349887
attempt_006,episode:202759,5.239605024380047,5.239605024380047,6.270807975314623,3.44522449947182,2,2.0,7.995784623957504
attempt_006,episode:202844,5.262920740305909,5.262920740305909,7.361226585734858,5.200153249484513,15,15.0,11.806915313833219
attempt_006,episode:202845,5.168120513658588,5.168120513658588,7.195715988152841,4.116141788834261,10,10.0,11.844025276714506
attempt_006,episode:202925,3.4580855001153323,3.4580855001153323,3.4644209743110475,-3.4580855001153323,2,2.0,3.62562269338469
attempt_006,episode:202928,12.721207340900914,12.721207340900914,12.721207340900914,12.721207340900914,1,1.0,12.721207340900914
attempt_006,episode:202936,4.614119078499864,4.614119078499864,4.614119078499864,4.614119078499864,1,1.0,4.614119078499864
attempt_006,episode:202961,3.7149193668655927,3.7149193668655927,3.716251718526238,3.7149193668655927,2,2.0,3.7945221130942364
attempt_006,episode:203019,0.9819262533443989,0.9819262533443989,0.9819262533443989,0.9819262533443989,1,1.0,0.9819262533443989
attempt_006,episode:203089,3.2996576010785805,3.2996576010785805,3.515907976685689,-3.2996576010785805,4,4.0,4.650936102872614
attempt_006,episode:203174,0.0,0.0,0.0,0.0,1,1.0,0.0
attempt_006,episode:203200,3.7715747342404224,3.7715747342404224,3.9395902938852467,-3.7715747342404224,2,2.0,4.682168635459316
attempt_006,episode:203361,4.12710418689721,4.12710418689721,4.12710418689721,4.12710418689721,1,1.0,4.12710418689721
attempt_006,episode:203450,6.262365442656585,6.262365442656585,6.295156553211412,6.262365442656585,5,5.0,6.951100376634329
attempt_006,episode:203514,5.028646803263827,5.028646803263827,5.028646803263827,5.028646803263827,1,1.0,5.028646803263827
attempt_006,episode:203518,1.0743734807012935,1.0743734807012935,1.0743734807012935,-1.0743734807012935,1,1.0,1.0743734807012935
attempt_006,episode:203538,8.705875947477276,8.705875947477276,9.028145808893274,8.705875947477276,3,3.0,10.675345673131279
attempt_006,episode:203576,1.5610367167417745,1.5610367167417745,1.5610367167417745,1.5610367167417745,1,1.0,1.5610367167417745
attempt_006,episode:203682,5.923862459225817,5.923862459225817,5.923862459225817,5.923862459225817,1,1.0,5.923862459225817
attempt_006,episode:203752,6.646924177456205,6.646924177456205,6.646924177456205,-6.646924177456205,1,1.0,6.646924177456205
attempt_006,episode:203754,4.6433790816220135,4.6433790816220135,4.6433790816220135,4.6433790816220135,1,1.0,4.6433790816220135
attempt_006,episode:204035,4.4202913696258594,4.4202913696258594,4.4202913696258594,-4.4202913696258594,1,1.0,4.4202913696258594
attempt_006,episode:204318,4.766761712185387,4.766761712185387,4.766761712185387,-4.766761712185387,1,1.0,4.766761712185387
attempt_006,episode:204641,4.97931425215626,4.97931425215626,4.97931425215626,4.97931425215626,1,1.0,4.97931425215626
attempt_006,episode:204686,3.1566907649291442,3.1566907649291442,3.1566907649291442,3.1566907649291442,1,1.0,3.1566907649291442
attempt_006,episode:204770,3.8876681996066162,3.8876681996066162,4.140163761196309,2.3226891995799224,7,7.0,5.658950247389671
attempt_006,episode:204797,5.069628266483333,5.069628266483333,5.222622889478425,5.069628266483333,4,4.0,6.456993305561432
attempt_006,episode:205128,1.697609655996674,1.697609655996674,1.697609655996674,1.697609655996674,1,1.0,1.697609655996674
attempt_006,episode:205159,4.10069540260439,4.10069540260439,4.508334375204857,4.10069540260439,2,2.0,5.599361701143298
attempt_006,episode:205164,6.377953638933832,6.377953638933832,6.659528666644952,6.377953638933832,3,3.0,8.33185622881512
attempt_006,episode:205248,7.472666566088437,7.472666566088437,7.472666566088437,7.472666566088437,1,1.0,7.472666566088437
attempt_006,episode:206508,1.5610367167417745,1.5610367167417745,1.5610367167417745,1.5610367167417745,1,1.0,1.5610367167417745
attempt_006,episode:206523,4.887062365143639,4.887062365143639,4.887062365143639,-4.887062365143639,1,1.0,4.887062365143639
attempt_006,episode:206529,3.1793674008642965,3.1793674008642965,3.1793674008642965,3.1793674008642965,1,1.0,3.1793674008642965
attempt_006,episode:206537,4.633947222194038,4.633947222194038,4.633947222194038,4.633947222194038,1,1.0,4.633947222194038
attempt_006,episode:206610,1.5955943258288625,1.5955943258288625,1.5955943258288625,1.5955943258288625,1,1.0,1.5955943258288625
attempt_006,episode:206807,2.5954122999663,2.5954122999663,2.5954122999663,2.5954122999663,1,1.0,2.5954122999663
attempt_006,episode:207350,6.5858503979017575,6.5858503979017575,6.656262618849313,-6.5858503979017575,2,2.0,7.3583400198583915
attempt_006,episode:207831,5.800966004670455,5.800966004670455,5.800966004670455,-5.800966004670455,1,1.0,5.800966004670455
attempt_006,episode:207904,0.20818380359125177,0.20818380359125177,0.20818380359125177,0.20818380359125177,1,1.0,0.20818380359125177
attempt_006,episode:208023,4.779801453554599,4.779801453554599,4.779801453554599,-4.779801453554599,1,1.0,4.779801453554599
attempt_006,episode:208170,2.888464303625107,2.888464303625107,2.888464303625107,2.888464303625107,1,1.0,2.888464303625107
attempt_006,episode:208204,3.1354790411034106,3.1354790411034106,3.1354790411034106,3.1354790411034106,1,1.0,3.1354790411034106
attempt_006,episode:208270,5.904198986582224,5.904198986582224,6.219078056706073,-0.24827189281083525,3,3.0,7.881440722953514
attempt_006,episode:208464,6.132506702676549,6.132506702676549,6.132506702676549,-6.132506702676549,1,1.0,6.132506702676549
attempt_006,episode:209460,6.060139276711622,6.060139276711622,6.548028503079665,6.060139276711622,5,5.0,8.877363348871095
