model,group,primary_error,mae,rmse,bias,n,weight_sum,p90
reference,cluster:quakeml:earthquake.usgs.gov/fdsnws/event/1/query?eventid=aka2026ncclpa&format=quakeml,0.0129867611403877,0.0386418363359855,0.0386418363359855,0.0386418363359855,1,1.0,0.0386418363359855
reference,cluster:quakeml:earthquake.usgs.gov/fdsnws/event/1/query?eventid=aka2026ncfzau&format=quakeml,0.5732979165828312,1.6539568027256208,2.061053814946477,0.9458414660713425,7,7.0,3.3721419359382923
reference,cluster:quakeml:earthquake.usgs.gov/fdsnws/event/1/query?eventid=aka2026nzghnm&format=quakeml,0.0854772674611524,0.2067811912634432,0.2067811912634432,-0.2067811912634432,1,1.0,0.2067811912634432
reference,cluster:quakeml:earthquake.usgs.gov/fdsnws/event/1/query?eventid=aka2026ofyant&format=quakeml,0.5414033553701632,1.45366763975191,1.45366763975191,-1.45366763975191,1,1.0,1.45366763975191
reference,cluster:quakeml:earthquake.usgs.gov/fdsnws/event/1/query?eventid=ci40656850&format=quakeml,1.755307711761541,1.148454636164307,1.148454636164307,1.148454636164307,1,1.0,1.148454636164307
reference,cluster:quakeml:earthquake.usgs.gov/fdsnws/event/1/query?eventid=ci40664370&format=quakeml,1.6164969182554576,1.0492091731304087,1.0492091731304087,1.0492091731304087,1,1.0,1.0492091731304087
reference,cluster:quakeml:earthquake.usgs.gov/fdsnws/event/1/query?eventid=ci41285127&format=quakeml,0.9334713471630054,0.6347900129948072,0.6348857473223916,0.6347900129948072,3,3.0,0.642764964978255
reference,cluster:quakeml:earthquake.usgs.gov/fdsnws/event/1/query?eventid=ci41287863&format=quakeml,0.6455770039482029,0.7075279447529199,0.7075279447529199,0.7075279447529199,1,1.0,0.7075279447529199
reference,cluster:quakeml:earthquake.usgs.gov/fdsnws/event/1/query?eventid=nc75406447&format=quakeml,0.6816049666433556,1.191998906215127,1.191998906215127,1.191998906215127,1,1.0,1.191998906215127
reference,cluster:quakeml:earthquake.usgs.gov/fdsnws/event/1/query?eventid=tx2026mvdbvd&format=quakeml,0.5873537721377655,0.435976804618287,0.4382078842527505,0.435976804618287,2,2.0,0.4713072506939317
reference,cluster:quakeml:earthquake.usgs.gov/fdsnws/event/1/query?eventid=tx2026nqayet&format=quakeml,0.456020216007865,0.5590368971577189,0.5968473907721074,0.5590368971577189,3,3.0,0.7627192563252135
reference,cluster:quakeml:earthquake.usgs.gov/fdsnws/event/1/query?eventid=us6000t9h4&format=quakeml,0.3646470509077377,2.4989779641591543,4.103199155573756,-2.2340011731767526,3,3.0,5.74268159310181
reference,cluster:quakeml:earthquake.usgs.gov/fdsnws/event/1/query?eventid=us6000t9kl&format=quakeml,0.0936809044471005,0.1846334018636808,0.1846334018636808,0.1846334018636808,1,1.0,0.1846334018636808
reference,cluster:quakeml:earthquake.usgs.gov/fdsnws/event/1/query?eventid=us6000t9kr&format=quakeml,0.1148396806409121,0.8719416959399702,0.8719416959399702,-0.8719416959399702,1,1.0,0.8719416959399702
reference,cluster:quakeml:earthquake.usgs.gov/fdsnws/event/1/query?eventid=us6000t9lc&format=quakeml,0.1566606553956107,0.5954432082639833,1.2702963843398845,-0.1986428148012675,12,12.0,0.6406124899452176
reference,cluster:quakeml:earthquake.usgs.gov/fdsnws/event/1/query?eventid=us6000t9qx&format=quakeml,0.5350101949110013,4.203205113683165,5.019363653235699,-4.203205113683165,2,2.0,6.398046812682899
reference,cluster:quakeml:earthquake.usgs.gov/fdsnws/event/1/query?eventid=us6000t9qz&format=quakeml,0.3976677425890365,2.5680320564086165,2.6295768792625798,-2.5680320564086165,2,2.0,3.020499723291498
reference,cluster:quakeml:earthquake.usgs.gov/fdsnws/event/1/query?eventid=us6000t9r5&format=quakeml,0.3598089667411315,2.547300319853548,4.822261321822296,-1.534458123455379,23,23.0,4.653712360292471
reference,cluster:quakeml:earthquake.usgs.gov/fdsnws/event/1/query?eventid=us6000t9sq&format=quakeml,0.668287930904143,2.3277338941260792,2.4902537271703373,2.3277338941260792,2,2.0,3.0356405744493644
reference,cluster:quakeml:earthquake.usgs.gov/fdsnws/event/1/query?eventid=us6000t9tt&format=quakeml,0.1147090974242373,0.2054780854960238,0.2054780854960238,-0.2054780854960238,1,1.0,0.2054780854960238
reference,cluster:quakeml:earthquake.usgs.gov/fdsnws/event/1/query?eventid=us6000t9zw&format=quakeml,0.1492579387976996,0.2041691121412968,0.2157964127046381,0.0698789337613635,2,2.0,0.2600722591503877
reference,cluster:quakeml:earthquake.usgs.gov/fdsnws/event/1/query?eventid=us6000ta4c&format=quakeml,0.1662755130799951,0.2668519386204167,0.2668519386204167,-0.2668519386204167,1,1.0,0.2668519386204167
reference,cluster:quakeml:earthquake.usgs.gov/fdsnws/event/1/query?eventid=us6000ta7h&format=quakeml,0.2735863890796896,0.6195870562829031,0.6195870562829031,0.6195870562829031,1,1.0,0.6195870562829031
reference,cluster:quakeml:earthquake.usgs.gov/fdsnws/event/1/query?eventid=us6000ta7l&format=quakeml,0.3954017744348725,0.9491072266964912,0.9491072266964912,0.9491072266964912,1,1.0,0.9491072266964912
reference,cluster:quakeml:earthquake.usgs.gov/fdsnws/event/1/query?eventid=us6000ta86&format=quakeml,0.313439082617896,1.5657299182361946,1.941824534319652,-1.5657299182361946,3,3.0,2.713664026276228
reference,cluster:quakeml:earthquake.usgs.gov/fdsnws/event/1/query?eventid=us6000tahc&format=quakeml,0.1652258988609388,0.7064987065285258,0.7092956316526148,-0.7064987065285258,2,2.0,0.7568407096988525
reference,cluster:quakeml:earthquake.usgs.gov/fdsnws/event/1/query?eventid=us6000tai4&format=quakeml,0.049048473354675,0.0865399644704252,0.0865399644704252,-0.0865399644704252,1,1.0,0.0865399644704252
reference,cluster:quakeml:earthquake.usgs.gov/fdsnws/event/1/query?eventid=us6000takd&format=quakeml,0.0973857331811351,0.158286701783475,0.1891178474395843,-0.1034933826806869,2,2.0,0.2410814079280246
reference,cluster:quakeml:earthquake.usgs.gov/fdsnws/event/1/query?eventid=us6000talg&format=quakeml,0.3538886652631592,3.052964189638549,5.076303048246684,-2.907739443625558,7,7.0,6.54179006228421
reference,cluster:quakeml:earthquake.usgs.gov/fdsnws/event/1/query?eventid=us6000talr&format=quakeml,0.164682995199376,1.065581778930894,1.1237349782794468,-1.065581778930894,3,3.0,1.4215307477697174
reference,cluster:quakeml:earthquake.usgs.gov/fdsnws/event/1/query?eventid=us6000tapb&format=quakeml,0.1963315392323601,1.3428344591445391,1.3428344591445391,-1.3428344591445391,1,1.0,1.3428344591445391
reference,cluster:quakeml:earthquake.usgs.gov/fdsnws/event/1/query?eventid=us6000tary&format=quakeml,0.1392449471812735,0.547202628344611,0.5483704656617838,0.0357694163059885,2,2.0,0.5758181613894018
reference,cluster:quakeml:earthquake.usgs.gov/fdsnws/event/1/query?eventid=us6000tasa&format=quakeml,0.1881292225501054,0.916549397649411,0.916549397649411,0.916549397649411,1,1.0,0.916549397649411
reference,cluster:quakeml:earthquake.usgs.gov/fdsnws/event/1/query?eventid=us6000tatn&format=quakeml,0.3907042949248659,0.6009139983237455,0.6009139983237455,-0.6009139983237455,1,1.0,0.6009139983237455
reference,cluster:quakeml:earthquake.usgs.gov/fdsnws/event/1/query?eventid=us6000tavd&format=quakeml,0.1819631155421898,1.661510704260809,1.683824179465598,-0.2732142876566752,2,2.0,1.880082134386149
reference,cluster:quakeml:earthquake.usgs.gov/fdsnws/event/1/query?eventid=us6000taxu&format=quakeml,0.2604960460900505,2.6680447483442897,2.6680447483442897,2.6680447483442897,1,1.0,2.6680447483442897
reference,cluster:quakeml:earthquake.usgs.gov/fdsnws/event/1/query?eventid=us6000taxz&format=quakeml,0.119983682249517,0.2169719088966666,0.2169719088966666,-0.2169719088966666,1,1.0,0.2169719088966666
reference,cluster:quakeml:earthquake.usgs.gov/fdsnws/event/1/query?eventid=us6000tayu&format=quakeml,0.0657474032425199,0.133331478290348,0.133331478290348,0.133331478290348,1,1.0,0.133331478290348
reference,cluster:quakeml:earthquake.usgs.gov/fdsnws/event/1/query?eventid=us6000tazm&format=quakeml,0.3144400174108244,2.1859385766861843,2.1859385766861843,-2.1859385766861843,1,1.0,2.1859385766861843
reference,cluster:quakeml:earthquake.usgs.gov/fdsnws/event/1/query?eventid=us6000tg2v&format=quakeml,0.3529362737713916,0.8566386562227581,0.8566386562227581,0.8566386562227581,1,1.0,0.8566386562227581
reference,cluster:quakeml:earthquake.usgs.gov/fdsnws/event/1/query?eventid=us6000tg42&format=quakeml,0.311335908659876,1.4788084740616314,2.188596659440064,-0.7362522953138648,23,23.0,3.5701655990267653
reference,cluster:quakeml:earthquake.usgs.gov/fdsnws/event/1/query?eventid=us6000tg4g&format=quakeml,0.272512267023029,1.463894890591365,1.463894890591365,-1.463894890591365,1,1.0,1.463894890591365
reference,cluster:quakeml:earthquake.usgs.gov/fdsnws/event/1/query?eventid=us6000tg5f&format=quakeml,0.2218532543301119,1.8020227231627428,2.320728371829124,-1.4771471158504457,13,13.0,3.3021508186840745
reference,cluster:quakeml:earthquake.usgs.gov/fdsnws/event/1/query?eventid=us6000tg8x&format=quakeml,0.105602867742931,0.7033913968190837,0.7135210222391227,0.1198031387654805,2,2.0,0.7992339078314681
reference,cluster:quakeml:earthquake.usgs.gov/fdsnws/event/1/query?eventid=us6000tgav&format=quakeml,0.4018083832986804,2.31392114162664,2.31392114162664,-2.31392114162664,1,1.0,2.31392114162664
reference,cluster:quakeml:earthquake.usgs.gov/fdsnws/event/1/query?eventid=us6000tgdy&format=quakeml,0.1532710804224475,1.324409169364571,1.3300078456386994,-1.324409169364571,2,2.0,1.42193445737064
reference,cluster:quakeml:earthquake.usgs.gov/fdsnws/event/1/query?eventid=us6000tgea&format=quakeml,0.2610959604449781,1.7075917334969717,1.7075917334969717,-1.7075917334969717,1,1.0,1.7075917334969717
reference,cluster:quakeml:earthquake.usgs.gov/fdsnws/event/1/query?eventid=us6000tgn5&format=quakeml,0.1859516422163661,0.3921745516834054,0.3921745516834054,0.3921745516834054,1,1.0,0.3921745516834054
reference,cluster:quakeml:earthquake.usgs.gov/fdsnws/event/1/query?eventid=us6000tgnw&format=quakeml,0.2748717261560937,1.7597358019218363,2.2501743645246464,0.3618466847082566,4,4.0,3.3379597453296106
reference,cluster:quakeml:earthquake.usgs.gov/fdsnws/event/1/query?eventid=us6000tgp3&format=quakeml,0.5126830387211658,3.835847583977774,3.835847583977774,-3.835847583977774,1,1.0,3.835847583977774
reference,cluster:quakeml:earthquake.usgs.gov/fdsnws/event/1/query?eventid=us6000tgpw&format=quakeml,0.4657051672156843,2.637868754674121,3.1927685852951786,1.798727236787661,2,2.0,4.07685054410425
reference,cluster:quakeml:earthquake.usgs.gov/fdsnws/event/1/query?eventid=us6000tgpy&format=quakeml,0.2774118588745405,0.6103259954303686,0.6103259954303686,0.6103259954303686,1,1.0,0.6103259954303686
reference,cluster:quakeml:earthquake.usgs.gov/fdsnws/event/1/query?eventid=us6000tgqe&format=quakeml,0.3062487028198306,0.6589506318609337,0.6589506318609337,0.6589506318609337,1,1.0,0.6589506318609337
reference,cluster:quakeml:earthquake.usgs.gov/fdsnws/event/1/query?eventid=us6000tgqr&format=quakeml,0.1668757208457734,0.2844898469550716,0.2844898469550716,-0.2844898469550716,1,1.0,0.2844898469550716
reference,cluster:quakeml:earthquake.usgs.gov/fdsnws/event/1/query?eventid=us6000tgqt&format=quakeml,0.1335021686844883,1.1359914670359572,1.588105325123413,-0.6414914766179152,3,3.0,2.2675509574577304
reference,cluster:quakeml:earthquake.usgs.gov/fdsnws/event/1/query?eventid=us6000tgx1&format=quakeml,0.2061238528685008,0.4400821397601475,0.4407654228883165,0.4400821397601475,2,2.0,0.4597085428424687
reference,cluster:quakeml:earthquake.usgs.gov/fdsnws/event/1/query?eventid=us6000tgyz&format=quakeml,0.6630886935692197,3.735426460570317,3.735426460570317,-3.735426460570317,1,1.0,3.735426460570317
reference,cluster:quakeml:earthquake.usgs.gov/fdsnws/event/1/query?eventid=us6000tgzq&format=quakeml,0.1939163824074877,1.0599445746879492,1.375531607915284,1.0599445746879492,7,7.0,2.33766221021044
reference,cluster:quakeml:earthquake.usgs.gov/fdsnws/event/1/query?eventid=us6000th04&format=quakeml,0.2226666120053143,0.4683806519241351,0.4683806519241351,0.4683806519241351,1,1.0,0.4683806519241351
reference,cluster:quakeml:earthquake.usgs.gov/fdsnws/event/1/query?eventid=us6000th0l&format=quakeml,0.1031015715699609,0.2100401476174258,0.2100401476174258,0.2100401476174258,1,1.0,0.2100401476174258
reference,cluster:quakeml:earthquake.usgs.gov/fdsnws/event/1/query?eventid=us6000th0m&format=quakeml,0.3916278681130546,2.5670935422610133,2.845912885650119,-1.639617532173728,4,4.0,3.9493670535685306
reference,cluster:quakeml:earthquake.usgs.gov/fdsnws/event/1/query?eventid=us6000th1b&format=quakeml,0.0953063866478217,0.1889921140425865,0.1889921140425865,0.1889921140425865,1,1.0,0.1889921140425865
reference,cluster:quakeml:earthquake.usgs.gov/fdsnws/event/1/query?eventid=us6000th1h&format=quakeml,0.2302482617156006,1.4283320922228813,1.813746961872124,-1.11783070096798,2,2.0,2.322596652997265
reference,cluster:quakeml:earthquake.usgs.gov/fdsnws/event/1/query?eventid=us6000th1p&format=quakeml,0.1783122076335006,1.1200484941314937,1.1200484941314937,1.1200484941314937,1,1.0,1.1200484941314937
reference,cluster:quakeml:earthquake.usgs.gov/fdsnws/event/1/query?eventid=us6000th5m&format=quakeml,0.1002056819940504,0.1867880476451524,0.1867880476451524,-0.1867880476451524,1,1.0,0.1867880476451524
reference,cluster:quakeml:earthquake.usgs.gov/fdsnws/event/1/query?eventid=us6000th7y&format=quakeml,0.0876761770650953,0.1601623489243537,0.1601623489243537,-0.1601623489243537,1,1.0,0.1601623489243537
reference,cluster:quakeml:earthquake.usgs.gov/fdsnws/event/1/query?eventid=us6000tha9&format=quakeml,0.4764142976311832,2.776129969059414,2.776129969059414,-2.776129969059414,1,1.0,2.776129969059414
reference,cluster:quakeml:earthquake.usgs.gov/fdsnws/event/1/query?eventid=us6000thag&format=quakeml,0.3419225737616951,3.2169821990717544,4.071598419901386,-1.7165450476462365,4,4.0,5.884303824435677
reference,cluster:quakeml:earthquake.usgs.gov/fdsnws/event/1/query?eventid=us6000thbs&format=quakeml,0.5848756086529151,3.5713822920887432,3.5713822920887432,-3.5713822920887432,1,1.0,3.5713822920887432
reference,cluster:quakeml:earthquake.usgs.gov/fdsnws/event/1/query?eventid=us6000thug&format=quakeml,0.1965902723331023,0.4110279174213351,0.4110279174213351,0.4110279174213351,1,1.0,0.4110279174213351
reference,cluster:quakeml:earthquake.usgs.gov/fdsnws/event/1/query?eventid=us6000ti1z&format=quakeml,0.2218524592493282,2.079597432536304,2.079597432536304,-2.079597432536304,1,1.0,2.079597432536304
reference,cluster:quakeml:earthquake.usgs.gov/fdsnws/event/1/query?eventid=us7000sz3s&format=quakeml,0.0501553437845238,0.0978282620694555,0.0978282620694555,0.0978282620694555,1,1.0,0.0978282620694555
reference,cluster:quakeml:earthquake.usgs.gov/fdsnws/event/1/query?eventid=us7000sz4r&format=quakeml,0.2847602611679609,0.4651308053409415,0.4651308053409415,-0.4651308053409415,1,1.0,0.4651308053409415
reference,cluster:quakeml:earthquake.usgs.gov/fdsnws/event/1/query?eventid=us7000sz66&format=quakeml,0.4762783705240969,1.5625202507569094,2.1079863543770148,1.5625202507569094,2,2.0,2.6944953561267795
reference,cluster:quakeml:earthquake.usgs.gov/fdsnws/event/1/query?eventid=us7000sz6t&format=quakeml,0.1968882019358788,0.4215065156448701,0.4215065156448701,0.4215065156448701,1,1.0,0.4215065156448701
reference,cluster:quakeml:earthquake.usgs.gov/fdsnws/event/1/query?eventid=us7000sz6v&format=quakeml,0.8951863361694614,2.769625826512865,2.769625826512865,2.769625826512865,1,1.0,2.769625826512865
reference,cluster:quakeml:earthquake.usgs.gov/fdsnws/event/1/query?eventid=us7000sz7d&format=quakeml,0.1204961514821609,0.8257076646996779,0.8257076646996779,0.8257076646996779,1,1.0,0.8257076646996779
reference,cluster:quakeml:earthquake.usgs.gov/fdsnws/event/1/query?eventid=us7000szcl&format=quakeml,0.1100716564096925,0.188649452428909,0.2618087487346458,-0.1815356852309586,2,2.0,0.333878000613676
reference,cluster:quakeml:earthquake.usgs.gov/fdsnws/event/1/query?eventid=us7000szhi&format=quakeml,0.1254385830928183,0.2580695412532376,0.2580695412532376,0.2580695412532376,1,1.0,0.2580695412532376
reference,cluster:quakeml:earthquake.usgs.gov/fdsnws/event/1/query?eventid=us7000szr0&format=quakeml,0.101117174325299,0.2490050786362923,0.2927461133637971,-0.0041478122270209,4,4.0,0.414075606600097
reference,cluster:quakeml:earthquake.usgs.gov/fdsnws/event/1/query?eventid=us7000sztw&format=quakeml,0.2013955599843155,0.4312687090865161,0.4312687090865161,0.4312687090865161,1,1.0,0.4312687090865161
reference,cluster:quakeml:earthquake.usgs.gov/fdsnws/event/1/query?eventid=us7000szu6&format=quakeml,0.1964766935044737,0.3840622017141848,0.3840622017141848,0.3840622017141848,1,1.0,0.3840622017141848
reference,cluster:quakeml:earthquake.usgs.gov/fdsnws/event/1/query?eventid=us7000szwc&format=quakeml,0.4487193373134974,2.385538165858893,2.385538165858893,-2.385538165858893,1,1.0,2.385538165858893
reference,cluster:quakeml:earthquake.usgs.gov/fdsnws/event/1/query?eventid=us7000szyg&format=quakeml,0.2160845319045264,1.3983491640157748,1.5992309995790586,-0.7759893076009607,2,2.0,2.019140610096543
reference,cluster:quakeml:earthquake.usgs.gov/fdsnws/event/1/query?eventid=us7000szzy&format=quakeml,0.2804731440798036,0.4298668824622748,0.5029074955435618,-0.4298668824622748,2,2.0,0.6386813071533866
reference,cluster:quakeml:earthquake.usgs.gov/fdsnws/event/1/query?eventid=us7000t02u&format=quakeml,0.3331525133698299,2.573852516538355,2.573852516538355,-2.573852516538355,1,1.0,2.573852516538355
reference,cluster:quakeml:earthquake.usgs.gov/fdsnws/event/1/query?eventid=us7000t04s&format=quakeml,0.111021703544348,0.990385354363454,0.990385354363454,-0.990385354363454,1,1.0,0.990385354363454
reference,cluster:quakeml:earthquake.usgs.gov/fdsnws/event/1/query?eventid=us7000t06l&format=quakeml,0.0528759187396515,0.103363193344235,0.1171570077645539,0.0551526493472981,2,2.0,0.1474853128220735
reference,cluster:quakeml:earthquake.usgs.gov/fdsnws/event/1/query?eventid=us7000t097&format=quakeml,0.0982897458033288,0.1985320253247458,0.244108295261199,0.1420348363458177,2,2.0,0.3121598944013999
reference,cluster:quakeml:earthquake.usgs.gov/fdsnws/event/1/query?eventid=us7000t0de&format=quakeml,0.1151686685238243,0.2331397154911105,0.2331397154911105,0.2331397154911105,1,1.0,0.2331397154911105
reference,cluster:quakeml:earthquake.usgs.gov/fdsnws/event/1/query?eventid=us7000t0e6&format=quakeml,0.1898785495187712,0.3939495671143125,0.3939495671143125,0.3939495671143125,1,1.0,0.3939495671143125
reference,cluster:quakeml:earthquake.usgs.gov/fdsnws/event/1/query?eventid=us7000t0q6&format=quakeml,0.3643273827213684,0.8764535661211561,0.8764535661211561,0.8764535661211561,1,1.0,0.8764535661211561
reference,cluster:quakeml:earthquake.usgs.gov/fdsnws/event/1/query?eventid=us7000t0x1&format=quakeml,0.4645795244723401,1.1891946473826556,1.1891946473826556,1.1891946473826556,1,1.0,1.1891946473826556
reference,cluster:quakeml:earthquake.usgs.gov/fdsnws/event/1/query?eventid=us7000t0xw&format=quakeml,0.3088340612392598,1.8349061809888283,1.8349061809888283,-1.8349061809888283,1,1.0,1.8349061809888283
reference,cluster:quakeml:earthquake.usgs.gov/fdsnws/event/1/query?eventid=us7000t0yi&format=quakeml,0.249245759966891,2.204450396089097,2.204450396089097,2.204450396089097,1,1.0,2.204450396089097
reference,cluster:quakeml:earthquake.usgs.gov/fdsnws/event/1/query?eventid=us7000t0yv&format=quakeml,0.2937689106303175,1.3722858598076575,1.3722858598076575,-1.3722858598076575,1,1.0,1.3722858598076575
reference,cluster:quakeml:earthquake.usgs.gov/fdsnws/event/1/query?eventid=us7000t0zd&format=quakeml,0.3934214398236055,5.213523238172186,5.213523238172186,-5.213523238172186,1,1.0,5.213523238172186
reference,cluster:quakeml:earthquake.usgs.gov/fdsnws/event/1/query?eventid=us7000t106&format=quakeml,0.2313062069293218,0.5001910363569204,0.5001910363569204,0.5001910363569204,1,1.0,0.5001910363569204
reference,cluster:quakeml:earthquake.usgs.gov/fdsnws/event/1/query?eventid=us7000t11q&format=quakeml,1.092438748976729,3.869940652381282,3.869940652381282,3.869940652381282,1,1.0,3.869940652381282
reference,cluster:quakeml:earthquake.usgs.gov/fdsnws/event/1/query?eventid=us7000t19p&format=quakeml,0.1325935076576078,0.282663462654266,0.3537363039544835,0.2034663162343107,3,3.0,0.4956484209510019
reference,cluster:quakeml:earthquake.usgs.gov/fdsnws/event/1/query?eventid=us7000t1b3&format=quakeml,0.3112172419276856,2.5905971023942507,3.577153813627451,-2.5905971023942507,2,2.0,4.563993939836278
reference,cluster:quakeml:earthquake.usgs.gov/fdsnws/event/1/query?eventid=us7000t1dh&format=quakeml,0.0768530607398314,0.1398110241038179,0.1398110241038179,-0.1398110241038179,1,1.0,0.1398110241038179
reference,cluster:quakeml:earthquake.usgs.gov/fdsnws/event/1/query?eventid=us7000t1gu&format=quakeml,0.2245426937734704,0.4800875401398583,0.4800875401398583,0.4800875401398583,1,1.0,0.4800875401398583
reference,cluster:quakeml:earthquake.usgs.gov/fdsnws/event/1/query?eventid=us7000t1jw&format=quakeml,0.0112705444891319,0.021285808557776,0.021285808557776,0.021285808557776,1,1.0,0.021285808557776
reference,cluster:quakeml:earthquake.usgs.gov/fdsnws/event/1/query?eventid=us7000t1ld&format=quakeml,0.2469313638499021,0.5246109098038108,0.5246109098038108,0.5246109098038108,1,1.0,0.5246109098038108
reference,cluster:quakeml:earthquake.usgs.gov/fdsnws/event/1/query?eventid=us7000t1ng&format=quakeml,0.0569893958763786,0.1078473905974635,0.1078473905974635,0.1078473905974635,1,1.0,0.1078473905974635
reference,cluster:quakeml:earthquake.usgs.gov/fdsnws/event/1/query?eventid=us7000t1ph&format=quakeml,0.4540316000955801,3.843358865505208,5.290455717141739,-3.635589955699106,2,2.0,6.751830830064494
reference,cluster:quakeml:earthquake.usgs.gov/fdsnws/event/1/query?eventid=us7000t1q1&format=quakeml,0.0351810668689189,0.3524696744238618,0.3524696744238618,-0.3524696744238618,1,1.0,0.3524696744238618
reference,cluster:quakeml:earthquake.usgs.gov/fdsnws/event/1/query?eventid=us7000t1q8&format=quakeml,0.1948217937650951,0.3981397895432148,0.3981397895432148,0.3981397895432148,1,1.0,0.3981397895432148
reference,cluster:quakeml:earthquake.usgs.gov/fdsnws/event/1/query?eventid=us7000t1qt&format=quakeml,0.5122096376711875,4.975195307988839,7.293508241816903,-4.975195307988839,3,3.0,10.30462600442675
reference,cluster:quakeml:earthquake.usgs.gov/fdsnws/event/1/query?eventid=us7000t1w2&format=quakeml,0.1963779160207331,0.3487050103471751,0.3804348085624986,-0.097756856684116,4,4.0,0.4788064828884845
reference,cluster:quakeml:earthquake.usgs.gov/fdsnws/event/1/query?eventid=us7000t1wn&format=quakeml,0.3553169813328735,1.4390324296206565,1.4390324296206565,1.4390324296206565,1,1.0,1.4390324296206565
reference,cluster:quakeml:earthquake.usgs.gov/fdsnws/event/1/query?eventid=us7000t1z0&format=quakeml,0.2002467840964161,0.4296627747406611,0.4296627747406611,0.4296627747406611,1,1.0,0.4296627747406611
reference,cluster:quakeml:earthquake.usgs.gov/fdsnws/event/1/query?eventid=us7000t213&format=quakeml,0.1014136878352944,0.2024751371251223,0.2024751371251223,0.2024751371251223,1,1.0,0.2024751371251223
reference,cluster:quakeml:earthquake.usgs.gov/fdsnws/event/1/query?eventid=us7000t22v&format=quakeml,1.0129514365209047,5.541743989370362,5.541743989370362,5.541743989370362,1,1.0,5.541743989370362
reference,cluster:quakeml:earthquake.usgs.gov/fdsnws/event/1/query?eventid=us7000t27u&format=quakeml,0.1375831930409916,1.240746158541123,1.240746158541123,1.240746158541123,1,1.0,1.240746158541123
reference,cluster:quakeml:earthquake.usgs.gov/fdsnws/event/1/query?eventid=us7000t2et&format=quakeml,0.2526332560056248,0.5432068655578599,0.5432068655578599,0.5432068655578599,1,1.0,0.5432068655578599
reference,cluster:quakeml:earthquake.usgs.gov/fdsnws/event/1/query?eventid=us7000t2iy&format=quakeml,0.4187395419036895,1.947714653474914,1.947714653474914,-1.947714653474914,1,1.0,1.947714653474914
reference,cluster:quakeml:earthquake.usgs.gov/fdsnws/event/1/query?eventid=us7000t2pj&format=quakeml,0.1213645033867026,0.2157775261452019,0.2157775261452019,-0.2157775261452019,1,1.0,0.2157775261452019
reference,cluster:quakeml:earthquake.usgs.gov/fdsnws/event/1/query?eventid=us7000t2pq&format=quakeml,0.1023102423880769,0.186526579683975,0.186526579683975,-0.186526579683975,1,1.0,0.186526579683975
reference,cluster:quakeml:earthquake.usgs.gov/fdsnws/event/1/query?eventid=us7000t2y2&format=quakeml,0.203302600664059,1.4787406319981151,1.4787406319981151,-1.4787406319981151,1,1.0,1.4787406319981151
reference,cluster:quakeml:earthquake.usgs.gov/fdsnws/event/1/query?eventid=us7000t2yy&format=quakeml,0.532769396460149,3.909261329708884,3.909261329708884,-3.909261329708884,1,1.0,3.909261329708884
reference,cluster:quakeml:earthquake.usgs.gov/fdsnws/event/1/query?eventid=us7000t30x&format=quakeml,0.268989506697226,0.4691031158612191,0.4691031158612191,-0.4691031158612191,1,1.0,0.4691031158612191
reference,cluster:quakeml:earthquake.usgs.gov/fdsnws/event/1/query?eventid=us7000t389&format=quakeml,0.2168643466890539,1.6922600206590213,1.6922600206590213,-1.6922600206590213,1,1.0,1.6922600206590213
reference,cluster:quakeml:earthquake.usgs.gov/fdsnws/event/1/query?eventid=us7000t3di&format=quakeml,0.3179669249285891,2.1236934168141763,2.1236934168141763,-2.1236934168141763,1,1.0,2.1236934168141763
reference,cluster:quakeml:earthquake.usgs.gov/fdsnws/event/1/query?eventid=us7000t3dx&format=quakeml,0.0018510675952001,0.00357586902533,0.00357586902533,0.00357586902533,1,1.0,0.00357586902533
reference,cluster:quakeml:earthquake.usgs.gov/fdsnws/event/1/query?eventid=us7000t3hh&format=quakeml,0.3426765644827961,2.937012052020833,2.937012052020833,2.937012052020833,1,1.0,2.937012052020833
reference,cluster:quakeml:earthquake.usgs.gov/fdsnws/event/1/query?eventid=us7000t3hl&format=quakeml,0.1578366242640219,0.2904152988067749,0.2904152988067749,-0.2904152988067749,1,1.0,0.2904152988067749
reference,cluster:quakeml:earthquake.usgs.gov/fdsnws/event/1/query?eventid=us7000t3in&format=quakeml,0.1545095357036097,0.2651409844422261,0.2651409844422261,-0.2651409844422261,1,1.0,0.2651409844422261
reference,cluster:quakeml:earthquake.usgs.gov/fdsnws/event/1/query?eventid=uu80143896&format=quakeml,0.2352976218910582,0.2529545044233235,0.2576638941677384,0.2529545044233235,4,4.0,0.3068275572240944
constant,cluster:quakeml:earthquake.usgs.gov/fdsnws/event/1/query?eventid=aka2026ncclpa&format=quakeml,0.0650039279653837,0.198547899600757,0.198547899600757,0.198547899600757,1,1.0,0.198547899600757
constant,cluster:quakeml:earthquake.usgs.gov/fdsnws/event/1/query?eventid=aka2026ncfzau&format=quakeml,0.3681910586809301,0.9821062426860389,1.1201434489379432,0.3704764710293283,7,7.0,1.603947899600757
constant,cluster:quakeml:earthquake.usgs.gov/fdsnws/event/1/query?eventid=aka2026nzghnm&format=quakeml,0.2230636430822523,0.630747899600757,0.630747899600757,0.630747899600757,1,1.0,0.630747899600757
constant,cluster:quakeml:earthquake.usgs.gov/fdsnws/event/1/query?eventid=aka2026ofyant&format=quakeml,0.0972900252765865,0.3223521003992431,0.3223521003992431,-0.3223521003992431,1,1.0,0.3223521003992431
constant,cluster:quakeml:earthquake.usgs.gov/fdsnws/event/1/query?eventid=ci40656850&format=quakeml,2.576024943401365,2.9147478996007568,2.9147478996007568,2.9147478996007568,1,1.0,2.9147478996007568
constant,cluster:quakeml:earthquake.usgs.gov/fdsnws/event/1/query?eventid=ci40664370&format=quakeml,2.4959822357278285,2.894747899600757,2.894747899600757,2.894747899600757,1,1.0,2.894747899600757
constant,cluster:quakeml:earthquake.usgs.gov/fdsnws/event/1/query?eventid=ci41285127&format=quakeml,2.036368315136768,2.7414145662674234,2.7416617916327244,2.7414145662674234,3,3.0,2.776747899600757
constant,cluster:quakeml:earthquake.usgs.gov/fdsnws/event/1/query?eventid=ci41287863&format=quakeml,1.3973699470597187,2.3747478996007567,2.3747478996007567,2.3747478996007567,1,1.0,2.3747478996007567
constant,cluster:quakeml:earthquake.usgs.gov/fdsnws/event/1/query?eventid=nc75406447&format=quakeml,0.950057729016054,1.934747899600757,1.934747899600757,1.934747899600757,1,1.0,1.934747899600757
constant,cluster:quakeml:earthquake.usgs.gov/fdsnws/event/1/query?eventid=tx2026mvdbvd&format=quakeml,1.7500600207226746,2.604417631644852,2.604871053198796,2.604417631644852,2,2.0,2.6432979918936
constant,cluster:quakeml:earthquake.usgs.gov/fdsnws/event/1/query?eventid=tx2026nqayet&format=quakeml,1.141430160564837,2.123892538031107,2.1345806859822014,2.123892538031107,3,3.0,2.338581189952017
constant,cluster:quakeml:earthquake.usgs.gov/fdsnws/event/1/query?eventid=us6000t9h4&format=quakeml,0.7757229185782198,3.7579159665335857,5.180717349727952,-2.109585433732576,3,3.0,7.2923512602395455
constant,cluster:quakeml:earthquake.usgs.gov/fdsnws/event/1/query?eventid=us6000t9kl&format=quakeml,0.5176368109193613,1.274747899600757,1.274747899600757,1.274747899600757,1,1.0,1.274747899600757
constant,cluster:quakeml:earthquake.usgs.gov/fdsnws/event/1/query?eventid=us6000t9kr&format=quakeml,0.9351472914693624,4.882252100399244,4.882252100399244,-4.882252100399244,1,1.0,4.882252100399244
constant,cluster:quakeml:earthquake.usgs.gov/fdsnws/event/1/query?eventid=us6000t9lc&format=quakeml,0.5681966588131292,1.827789916333964,2.6541387113815738,0.4594145662674236,12,12.0,1.2846478996007569
constant,cluster:quakeml:earthquake.usgs.gov/fdsnws/event/1/query?eventid=us6000t9qx&format=quakeml,0.9704291550742674,6.086252100399243,7.288522801611736,-6.086252100399243,2,2.0,9.294252100399245
constant,cluster:quakeml:earthquake.usgs.gov/fdsnws/event/1/query?eventid=us6000t9qz&format=quakeml,0.9038967096471696,4.648252100399242,4.670468133802646,-4.648252100399242,2,2.0,5.012252100399242
constant,cluster:quakeml:earthquake.usgs.gov/fdsnws/event/1/query?eventid=us6000t9r5&format=quakeml,0.8341135658191388,4.691577274138703,6.946027714524395,-4.143252100399243,23,23.0,6.360452100399243
constant,cluster:quakeml:earthquake.usgs.gov/fdsnws/event/1/query?eventid=us6000t9sq&format=quakeml,0.3236591605591491,0.8152478996007568,0.9634891736825308,0.8152478996007568,2,2.0,1.2260478996007569
constant,cluster:quakeml:earthquake.usgs.gov/fdsnws/event/1/query?eventid=us6000t9tt&format=quakeml,0.5091621839283891,1.258747899600757,1.258747899600757,1.258747899600757,1,1.0,1.258747899600757
constant,cluster:quakeml:earthquake.usgs.gov/fdsnws/event/1/query?eventid=us6000t9zw&format=quakeml,0.7924689791965369,1.674747899600757,1.7191057347403464,1.674747899600757,2,2.0,1.985147899600757
constant,cluster:quakeml:earthquake.usgs.gov/fdsnws/event/1/query?eventid=us6000ta4c&format=quakeml,0.5938747093309079,1.412747899600757,1.412747899600757,1.412747899600757,1,1.0,1.412747899600757
constant,cluster:quakeml:earthquake.usgs.gov/fdsnws/event/1/query?eventid=us6000ta7h&format=quakeml,0.4713827881042304,1.1857478996007569,1.1857478996007569,1.1857478996007569,1,1.0,1.1857478996007569
constant,cluster:quakeml:earthquake.usgs.gov/fdsnws/event/1/query?eventid=us6000ta7l&format=quakeml,0.4774958993472797,1.197747899600757,1.197747899600757,1.197747899600757,1,1.0,1.197747899600757
constant,cluster:quakeml:earthquake.usgs.gov/fdsnws/event/1/query?eventid=us6000ta86&format=quakeml,0.6832779475624507,2.8347507001330805,3.051288090068656,-1.9709187670659096,3,3.0,3.825052100399243
constant,cluster:quakeml:earthquake.usgs.gov/fdsnws/event/1/query?eventid=us6000tahc&format=quakeml,0.3868458208155388,1.568752100399243,1.7882967881498408,-1.568752100399243,2,2.0,2.255552100399243
constant,cluster:quakeml:earthquake.usgs.gov/fdsnws/event/1/query?eventid=us6000tai4&format=quakeml,0.5566873257912341,1.346747899600757,1.346747899600757,1.346747899600757,1,1.0,1.346747899600757
constant,cluster:quakeml:earthquake.usgs.gov/fdsnws/event/1/query?eventid=us6000takd&format=quakeml,0.5753511915514032,1.3792478996007569,1.3804459491603065,1.3792478996007569,2,2.0,1.425247899600757
constant,cluster:quakeml:earthquake.usgs.gov/fdsnws/event/1/query?eventid=us6000talg&format=quakeml,0.9472355489641244,5.710823528970672,7.050019851720793,-5.710823528970672,7,7.0,10.289252100399246
constant,cluster:quakeml:earthquake.usgs.gov/fdsnws/event/1/query?eventid=us6000talr&format=quakeml,0.7866502516357509,3.789585433732576,3.820398842413403,-3.789585433732576,3,3.0,4.2810521003992426
constant,cluster:quakeml:earthquake.usgs.gov/fdsnws/event/1/query?eventid=us6000tapb&format=quakeml,0.8703847810823386,4.378252100399243,4.378252100399243,-4.378252100399243,1,1.0,4.378252100399243
constant,cluster:quakeml:earthquake.usgs.gov/fdsnws/event/1/query?eventid=us6000tary&format=quakeml,0.3434322186902249,1.4189999999999998,1.8191148518065836,-1.138252100399243,2,2.0,2.3296016803193944
constant,cluster:quakeml:earthquake.usgs.gov/fdsnws/event/1/query?eventid=us6000tasa&format=quakeml,0.3390394270851714,1.273252100399243,1.273252100399243,-1.273252100399243,1,1.0,1.273252100399243
constant,cluster:quakeml:earthquake.usgs.gov/fdsnws/event/1/query?eventid=us6000tatn&format=quakeml,0.5294079473695721,1.2967478996007569,1.2967478996007569,1.2967478996007569,1,1.0,1.2967478996007569
constant,cluster:quakeml:earthquake.usgs.gov/fdsnws/event/1/query?eventid=us6000tavd&format=quakeml,1.0437004679835873,6.407752100399243,7.228068015048759,-6.407752100399243,2,2.0,9.083352100399242
constant,cluster:quakeml:earthquake.usgs.gov/fdsnws/event/1/query?eventid=us6000taxu&format=quakeml,1.0445310579720286,5.811252100399242,5.811252100399242,-5.811252100399242,1,1.0,5.811252100399242
constant,cluster:quakeml:earthquake.usgs.gov/fdsnws/event/1/query?eventid=us6000taxz&format=quakeml,0.4971043707356561,1.235747899600757,1.235747899600757,1.235747899600757,1,1.0,1.235747899600757
constant,cluster:quakeml:earthquake.usgs.gov/fdsnws/event/1/query?eventid=us6000tayu&format=quakeml,0.4749442266180477,1.192747899600757,1.192747899600757,1.192747899600757,1,1.0,1.192747899600757
constant,cluster:quakeml:earthquake.usgs.gov/fdsnws/event/1/query?eventid=us6000tazm&format=quakeml,0.9432023570192798,4.947252100399243,4.947252100399243,-4.947252100399243,1,1.0,4.947252100399243
constant,cluster:quakeml:earthquake.usgs.gov/fdsnws/event/1/query?eventid=us6000tg2v&format=quakeml,0.4438328363359998,1.130747899600757,1.130747899600757,1.130747899600757,1,1.0,1.130747899600757
constant,cluster:quakeml:earthquake.usgs.gov/fdsnws/event/1/query?eventid=us6000tg42&format=quakeml,0.645726971573387,2.526575812991403,3.081525379650296,-1.1060781873557648,23,23.0,5.377452100399244
constant,cluster:quakeml:earthquake.usgs.gov/fdsnws/event/1/query?eventid=us6000tg4g&format=quakeml,0.6654274356457408,2.9822521003992426,2.9822521003992426,-2.9822521003992426,1,1.0,2.9822521003992426
constant,cluster:quakeml:earthquake.usgs.gov/fdsnws/event/1/query?eventid=us6000tg5f&format=quakeml,0.9617631143175592,5.303636715783857,5.646213833153769,-5.303636715783857,13,13.0,6.896052100399244
constant,cluster:quakeml:earthquake.usgs.gov/fdsnws/event/1/query?eventid=us6000tg8x&format=quakeml,0.7656320620975211,3.764252100399242,4.002738422050598,-3.764252100399242,2,2.0,4.853052100399243
constant,cluster:quakeml:earthquake.usgs.gov/fdsnws/event/1/query?eventid=us6000tgav&format=quakeml,0.7960010609605108,3.8382521003992434,3.8382521003992434,-3.8382521003992434,1,1.0,3.8382521003992434
constant,cluster:quakeml:earthquake.usgs.gov/fdsnws/event/1/query?eventid=us6000tgdy&format=quakeml,1.1042202530370873,6.427752100399243,6.523657510491096,-6.427752100399243,2,2.0,7.319352100399242
constant,cluster:quakeml:earthquake.usgs.gov/fdsnws/event/1/query?eventid=us6000tgea&format=quakeml,0.8567518514141131,4.276252100399243,4.276252100399243,-4.276252100399243,1,1.0,4.276252100399243
constant,cluster:quakeml:earthquake.usgs.gov/fdsnws/event/1/query?eventid=us6000tgn5&format=quakeml,0.4971043707356561,1.235747899600757,1.235747899600757,1.235747899600757,1,1.0,1.235747899600757
constant,cluster:quakeml:earthquake.usgs.gov/fdsnws/event/1/query?eventid=us6000tgnw&format=quakeml,0.646218755554548,2.992002100399243,3.2477500298350366,-2.992002100399243,4,4.0,4.407752100399243
constant,cluster:quakeml:earthquake.usgs.gov/fdsnws/event/1/query?eventid=us6000tgp3&format=quakeml,1.1089928976061867,6.408252100399244,6.408252100399244,-6.408252100399244,1,1.0,6.408252100399244
constant,cluster:quakeml:earthquake.usgs.gov/fdsnws/event/1/query?eventid=us6000tgpw&format=quakeml,0.579258033368926,3.220252100399243,4.3943285710249,-3.220252100399243,2,2.0,5.612252100399243
constant,cluster:quakeml:earthquake.usgs.gov/fdsnws/event/1/query?eventid=us6000tgpy&format=quakeml,0.5023290430176085,1.245747899600757,1.245747899600757,1.245747899600757,1,1.0,1.245747899600757
constant,cluster:quakeml:earthquake.usgs.gov/fdsnws/event/1/query?eventid=us6000tgqe&format=quakeml,0.539686642139035,1.315747899600757,1.315747899600757,1.315747899600757,1,1.0,1.315747899600757
constant,cluster:quakeml:earthquake.usgs.gov/fdsnws/event/1/query?eventid=us6000tgqr&format=quakeml,0.5331825541698586,1.303747899600757,1.303747899600757,1.303747899600757,1,1.0,1.303747899600757
constant,cluster:quakeml:earthquake.usgs.gov/fdsnws/event/1/query?eventid=us6000tgqt&format=quakeml,0.860269345950727,4.384750700133081,5.18338006794603,-3.5389187670659097,3,3.0,7.169452100399242
constant,cluster:quakeml:earthquake.usgs.gov/fdsnws/event/1/query?eventid=us6000tgx1&format=quakeml,0.4958236168738625,1.233247899600757,1.2333112469566143,1.233247899600757,2,2.0,1.243247899600757
constant,cluster:quakeml:earthquake.usgs.gov/fdsnws/event/1/query?eventid=us6000tgyz&format=quakeml,0.8930906584427469,4.551252100399243,4.551252100399243,-4.551252100399243,1,1.0,4.551252100399243
constant,cluster:quakeml:earthquake.usgs.gov/fdsnws/event/1/query?eventid=us6000tgzq&format=quakeml,0.4401164997651967,1.7929663861135288,1.918426239719216,-1.7929663861135288,7,7.0,2.5354521003992434
constant,cluster:quakeml:earthquake.usgs.gov/fdsnws/event/1/query?eventid=us6000th04&format=quakeml,0.5187012069751479,1.276747899600757,1.276747899600757,1.276747899600757,1,1.0,1.276747899600757
constant,cluster:quakeml:earthquake.usgs.gov/fdsnws/event/1/query?eventid=us6000th0l&format=quakeml,0.4893181907301165,1.220747899600757,1.220747899600757,1.220747899600757,1,1.0,1.220747899600757
constant,cluster:quakeml:earthquake.usgs.gov/fdsnws/event/1/query?eventid=us6000th0m&format=quakeml,0.8784363010616065,4.482752100399243,4.555757746372587,-4.482752100399243,4,4.0,5.349552100399244
constant,cluster:quakeml:earthquake.usgs.gov/fdsnws/event/1/query?eventid=us6000th1b&format=quakeml,0.5123317586896681,1.264747899600757,1.264747899600757,1.264747899600757,1,1.0,1.264747899600757
constant,cluster:quakeml:earthquake.usgs.gov/fdsnws/event/1/query?eventid=us6000th1h&format=quakeml,0.5150363772547825,2.6367521003992427,3.5516871890637858,-2.6367521003992427,2,2.0,4.540352100399242
constant,cluster:quakeml:earthquake.usgs.gov/fdsnws/event/1/query?eventid=us6000th1p&format=quakeml,0.5982021297979541,2.5832521003992435,2.5832521003992435,-2.5832521003992435,1,1.0,2.5832521003992435
constant,cluster:quakeml:earthquake.usgs.gov/fdsnws/event/1/query?eventid=us6000th5m&format=quakeml,0.4764744487988152,1.195747899600757,1.195747899600757,1.195747899600757,1,1.0,1.195747899600757
constant,cluster:quakeml:earthquake.usgs.gov/fdsnws/event/1/query?eventid=us6000th7y&format=quakeml,0.5028530147351242,1.246747899600757,1.246747899600757,1.246747899600757,1,1.0,1.246747899600757
constant,cluster:quakeml:earthquake.usgs.gov/fdsnws/event/1/query?eventid=us6000tha9&format=quakeml,0.842384567141912,4.170252100399243,4.170252100399243,-4.170252100399243,1,1.0,4.170252100399243
constant,cluster:quakeml:earthquake.usgs.gov/fdsnws/event/1/query?eventid=us6000thag&format=quakeml,1.1378270740198813,7.357002100399242,8.128366292975414,-7.357002100399242,4,4.0,10.632152100399244
constant,cluster:quakeml:earthquake.usgs.gov/fdsnws/event/1/query?eventid=us6000thbs&format=quakeml,0.9386251238159532,4.9102521003992425,4.9102521003992425,-4.9102521003992425,1,1.0,4.9102521003992425
constant,cluster:quakeml:earthquake.usgs.gov/fdsnws/event/1/query?eventid=us6000thug&format=quakeml,0.5112741171315326,1.262747899600757,1.262747899600757,1.262747899600757,1,1.0,1.262747899600757
constant,cluster:quakeml:earthquake.usgs.gov/fdsnws/event/1/query?eventid=us6000ti1z&format=quakeml,1.197884759897147,7.297252100399243,7.297252100399243,-7.297252100399243,1,1.0,7.297252100399243
constant,cluster:quakeml:earthquake.usgs.gov/fdsnws/event/1/query?eventid=us7000sz3s&format=quakeml,0.5060026236380205,1.252747899600757,1.252747899600757,1.252747899600757,1,1.0,1.252747899600757
constant,cluster:quakeml:earthquake.usgs.gov/fdsnws/event/1/query?eventid=us7000sz4r&format=quakeml,0.5192338301568472,1.277747899600757,1.277747899600757,1.277747899600757,1,1.0,1.277747899600757
constant,cluster:quakeml:earthquake.usgs.gov/fdsnws/event/1/query?eventid=us7000sz66&format=quakeml,0.6423296559357445,2.5285,2.847129134812721,-1.308752100399243,2,2.0,3.575501680319394
constant,cluster:quakeml:earthquake.usgs.gov/fdsnws/event/1/query?eventid=us7000sz6t&format=quakeml,0.4877682033363601,1.217747899600757,1.217747899600757,1.217747899600757,1,1.0,1.217747899600757
constant,cluster:quakeml:earthquake.usgs.gov/fdsnws/event/1/query?eventid=us7000sz6v&format=quakeml,0.5002358973031031,1.241747899600757,1.241747899600757,1.241747899600757,1,1.0,1.241747899600757
constant,cluster:quakeml:earthquake.usgs.gov/fdsnws/event/1/query?eventid=us7000sz7d&format=quakeml,0.7148614174431083,3.2932521003992434,3.2932521003992434,-3.2932521003992434,1,1.0,3.2932521003992434
constant,cluster:quakeml:earthquake.usgs.gov/fdsnws/event/1/query?eventid=us7000szcl&format=quakeml,0.5002524295778624,1.2417478996007572,1.241796620289688,1.2417478996007572,2,2.0,1.250547899600757
constant,cluster:quakeml:earthquake.usgs.gov/fdsnws/event/1/query?eventid=us7000szhi&format=quakeml,0.4908705843148416,1.223747899600757,1.223747899600757,1.223747899600757,1,1.0,1.223747899600757
constant,cluster:quakeml:earthquake.usgs.gov/fdsnws/event/1/query?eventid=us7000szr0&format=quakeml,0.5021932335867115,1.3218739498003784,1.3254460090836109,0.6997478996007569,4,4.0,1.433347899600757
constant,cluster:quakeml:earthquake.usgs.gov/fdsnws/event/1/query?eventid=us7000sztw&format=quakeml,0.4898353875350251,1.221747899600757,1.221747899600757,1.221747899600757,1,1.0,1.221747899600757
constant,cluster:quakeml:earthquake.usgs.gov/fdsnws/event/1/query?eventid=us7000szu6&format=quakeml,0.5784941725835708,1.385747899600757,1.385747899600757,1.385747899600757,1,1.0,1.385747899600757
constant,cluster:quakeml:earthquake.usgs.gov/fdsnws/event/1/query?eventid=us7000szwc&format=quakeml,0.7378579850451706,3.443252100399243,3.443252100399243,-3.443252100399243,1,1.0,3.443252100399243
constant,cluster:quakeml:earthquake.usgs.gov/fdsnws/event/1/query?eventid=us7000szyg&format=quakeml,0.7826483823339121,3.7767521003992433,3.833557444185504,-3.7767521003992433,2,2.0,4.302752100399244
constant,cluster:quakeml:earthquake.usgs.gov/fdsnws/event/1/query?eventid=us7000szzy&format=quakeml,0.5235514377723323,1.285747899600757,1.2858738901337714,1.285747899600757,2,2.0,1.300147899600757
constant,cluster:quakeml:earthquake.usgs.gov/fdsnws/event/1/query?eventid=us7000t02u&format=quakeml,1.057606036482093,5.929252100399243,5.929252100399243,-5.929252100399243,1,1.0,5.929252100399243
constant,cluster:quakeml:earthquake.usgs.gov/fdsnws/event/1/query?eventid=us7000t04s&format=quakeml,1.0944571455728551,6.270252100399244,6.270252100399244,-6.270252100399244,1,1.0,6.270252100399244
constant,cluster:quakeml:earthquake.usgs.gov/fdsnws/event/1/query?eventid=us7000t06l&format=quakeml,0.5065286626134224,1.2537478996007572,1.253748298404951,1.2537478996007572,2,2.0,1.254547899600757
constant,cluster:quakeml:earthquake.usgs.gov/fdsnws/event/1/query?eventid=us7000t097&format=quakeml,0.5118167808486263,1.263747899600757,1.2637874638345343,1.263747899600757,2,2.0,1.271747899600757
constant,cluster:quakeml:earthquake.usgs.gov/fdsnws/event/1/query?eventid=us7000t0de&format=quakeml,0.5018053457026805,1.244747899600757,1.244747899600757,1.244747899600757,1,1.0,1.244747899600757
constant,cluster:quakeml:earthquake.usgs.gov/fdsnws/event/1/query?eventid=us7000t0e6&format=quakeml,0.5155114116070477,1.270747899600757,1.270747899600757,1.270747899600757,1,1.0,1.270747899600757
constant,cluster:quakeml:earthquake.usgs.gov/fdsnws/event/1/query?eventid=us7000t0q6&format=quakeml,0.4587659162215725,1.160747899600757,1.160747899600757,1.160747899600757,1,1.0,1.160747899600757
constant,cluster:quakeml:earthquake.usgs.gov/fdsnws/event/1/query?eventid=us7000t0x1&format=quakeml,0.4502764769707039,1.1437478996007568,1.1437478996007568,1.1437478996007568,1,1.0,1.1437478996007568
constant,cluster:quakeml:earthquake.usgs.gov/fdsnws/event/1/query?eventid=us7000t0xw&format=quakeml,0.7834820112065815,3.7512521003992423,3.7512521003992423,-3.7512521003992423,1,1.0,3.7512521003992423
constant,cluster:quakeml:earthquake.usgs.gov/fdsnws/event/1/query?eventid=us7000t0yi&format=quakeml,0.9036754997487344,4.633252100399243,4.633252100399243,-4.633252100399243,1,1.0,4.633252100399243
constant,cluster:quakeml:earthquake.usgs.gov/fdsnws/event/1/query?eventid=us7000t0yv&format=quakeml,0.5358223087083126,2.236252100399243,2.236252100399243,-2.236252100399243,1,1.0,2.236252100399243
constant,cluster:quakeml:earthquake.usgs.gov/fdsnws/event/1/query?eventid=us7000t0zd&format=quakeml,1.625490993882525,12.874252100399245,12.874252100399245,-12.874252100399245,1,1.0,12.874252100399245
constant,cluster:quakeml:earthquake.usgs.gov/fdsnws/event/1/query?eventid=us7000t106&format=quakeml,0.4955422772131183,1.232747899600757,1.232747899600757,1.232747899600757,1,1.0,1.232747899600757
constant,cluster:quakeml:earthquake.usgs.gov/fdsnws/event/1/query?eventid=us7000t11q&format=quakeml,0.4795419358666771,1.201747899600757,1.201747899600757,1.201747899600757,1,1.0,1.201747899600757
constant,cluster:quakeml:earthquake.usgs.gov/fdsnws/event/1/query?eventid=us7000t19p&format=quakeml,0.5073870353512793,1.253747899600757,1.2562347693617264,1.253747899600757,3,3.0,1.327747899600757
constant,cluster:quakeml:earthquake.usgs.gov/fdsnws/event/1/query?eventid=us7000t1b3&format=quakeml,0.8874001944949448,5.074252100399243,5.895255327668695,-5.074252100399243,2,2.0,7.475052100399243
constant,cluster:quakeml:earthquake.usgs.gov/fdsnws/event/1/query?eventid=us7000t1dh&format=quakeml,0.5123317586896681,1.264747899600757,1.264747899600757,1.264747899600757,1,1.0,1.264747899600757
constant,cluster:quakeml:earthquake.usgs.gov/fdsnws/event/1/query?eventid=us7000t1gu&format=quakeml,0.503377261142937,1.247747899600757,1.247747899600757,1.247747899600757,1,1.0,1.247747899600757
constant,cluster:quakeml:earthquake.usgs.gov/fdsnws/event/1/query?eventid=us7000t1jw&format=quakeml,0.5187012069751479,1.276747899600757,1.276747899600757,1.276747899600757,1,1.0,1.276747899600757
constant,cluster:quakeml:earthquake.usgs.gov/fdsnws/event/1/query?eventid=us7000t1ld&format=quakeml,0.5213671642992675,1.281747899600757,1.281747899600757,1.281747899600757,1,1.0,1.281747899600757
constant,cluster:quakeml:earthquake.usgs.gov/fdsnws/event/1/query?eventid=us7000t1ng&format=quakeml,0.539686642139035,1.315747899600757,1.315747899600757,1.315747899600757,1,1.0,1.315747899600757
constant,cluster:quakeml:earthquake.usgs.gov/fdsnws/event/1/query?eventid=us7000t1ph&format=quakeml,0.8025250014753572,5.255752100399243,6.986783408039142,-5.255752100399243,2,2.0,8.938552100399242
constant,cluster:quakeml:earthquake.usgs.gov/fdsnws/event/1/query?eventid=us7000t1q1&format=quakeml,1.17308689875265,7.041252100399243,7.041252100399243,-7.041252100399243,1,1.0,7.041252100399243
constant,cluster:quakeml:earthquake.usgs.gov/fdsnws/event/1/query?eventid=us7000t1q8&format=quakeml,0.5331825541698586,1.303747899600757,1.303747899600757,1.303747899600757,1,1.0,1.303747899600757
constant,cluster:quakeml:earthquake.usgs.gov/fdsnws/event/1/query?eventid=us7000t1qt&format=quakeml,1.1622993434481554,7.8812521003992435,9.287647029076531,-7.8812521003992435,3,3.0,12.821852100399244
constant,cluster:quakeml:earthquake.usgs.gov/fdsnws/event/1/query?eventid=us7000t1w2&format=quakeml,0.5199681066059573,1.274247899600757,1.2811201971856274,1.274247899600757,4,4.0,1.419947899600757
constant,cluster:quakeml:earthquake.usgs.gov/fdsnws/event/1/query?eventid=us7000t1wn&format=quakeml,0.0668939683182942,0.2182521003992432,0.2182521003992432,-0.2182521003992432,1,1.0,0.2182521003992432
constant,cluster:quakeml:earthquake.usgs.gov/fdsnws/event/1/query?eventid=us7000t1z0&format=quakeml,0.4872520742926446,1.216747899600757,1.216747899600757,1.216747899600757,1,1.0,1.216747899600757
constant,cluster:quakeml:earthquake.usgs.gov/fdsnws/event/1/query?eventid=us7000t213&format=quakeml,0.5086348968083418,1.257747899600757,1.257747899600757,1.257747899600757,1,1.0,1.257747899600757
constant,cluster:quakeml:earthquake.usgs.gov/fdsnws/event/1/query?eventid=us7000t22v&format=quakeml,0.0016634398376017,0.0052521003992431,0.0052521003992431,-0.0052521003992431,1,1.0,0.0052521003992431
constant,cluster:quakeml:earthquake.usgs.gov/fdsnws/event/1/query?eventid=us7000t27u&format=quakeml,0.9807506700792344,5.257252100399244,5.257252100399244,-5.257252100399244,1,1.0,5.257252100399244
constant,cluster:quakeml:earthquake.usgs.gov/fdsnws/event/1/query?eventid=us7000t2et&format=quakeml,0.5123317586896681,1.264747899600757,1.264747899600757,1.264747899600757,1,1.0,1.264747899600757
constant,cluster:quakeml:earthquake.usgs.gov/fdsnws/event/1/query?eventid=us7000t2iy&format=quakeml,0.5903287622077257,2.5382521003992427,2.5382521003992427,-2.5382521003992427,1,1.0,2.5382521003992427
constant,cluster:quakeml:earthquake.usgs.gov/fdsnws/event/1/query?eventid=us7000t2pj&format=quakeml,0.5133905200379101,1.266747899600757,1.266747899600757,1.266747899600757,1,1.0,1.266747899600757
constant,cluster:quakeml:earthquake.usgs.gov/fdsnws/event/1/query?eventid=us7000t2pq&format=quakeml,0.4976256112999726,1.236747899600757,1.236747899600757,1.236747899600757,1,1.0,1.236747899600757
constant,cluster:quakeml:earthquake.usgs.gov/fdsnws/event/1/query?eventid=us7000t2y2&format=quakeml,0.9352717082657904,4.883252100399243,4.883252100399243,-4.883252100399243,1,1.0,4.883252100399243
constant,cluster:quakeml:earthquake.usgs.gov/fdsnws/event/1/query?eventid=us7000t2yy&format=quakeml,1.0986921969000671,6.310252100399243,6.310252100399243,-6.310252100399243,1,1.0,6.310252100399243
constant,cluster:quakeml:earthquake.usgs.gov/fdsnws/event/1/query?eventid=us7000t30x&format=quakeml,0.4612765878893837,1.1657478996007569,1.1657478996007569,1.1657478996007569,1,1.0,1.1657478996007569
constant,cluster:quakeml:earthquake.usgs.gov/fdsnws/event/1/query?eventid=us7000t389&format=quakeml,1.0121129409110396,5.525252100399243,5.525252100399243,-5.525252100399243,1,1.0,5.525252100399243
constant,cluster:quakeml:earthquake.usgs.gov/fdsnws/event/1/query?eventid=us7000t3di&format=quakeml,0.9048304565662438,4.642252100399243,4.642252100399243,-4.642252100399243,1,1.0,4.642252100399243
constant,cluster:quakeml:earthquake.usgs.gov/fdsnws/event/1/query?eventid=us7000t3dx&format=quakeml,0.4913885848444248,1.224747899600757,1.224747899600757,1.224747899600757,1,1.0,1.224747899600757
constant,cluster:quakeml:earthquake.usgs.gov/fdsnws/event/1/query?eventid=us7000t3hh&format=quakeml,0.823226100930108,4.031252100399243,4.031252100399243,-4.031252100399243,1,1.0,4.031252100399243
constant,cluster:quakeml:earthquake.usgs.gov/fdsnws/event/1/query?eventid=us7000t3hl&format=quakeml,0.4612765878893837,1.1657478996007569,1.1657478996007569,1.1657478996007569,1,1.0,1.1657478996007569
constant,cluster:quakeml:earthquake.usgs.gov/fdsnws/event/1/query?eventid=us7000t3in&format=quakeml,0.5326424515372313,1.3027478996007569,1.3027478996007569,1.3027478996007569,1,1.0,1.3027478996007569
constant,cluster:quakeml:earthquake.usgs.gov/fdsnws/event/1/query?eventid=uu80143896&format=quakeml,1.189949908760197,2.1897478996007567,2.1921384225924068,2.1897478996007567,4,4.0,2.280747899600757
domain,cluster:quakeml:earthquake.usgs.gov/fdsnws/event/1/query?eventid=aka2026ncclpa&format=quakeml,0.273958834201252,0.9316779474826852,0.9316779474826852,0.9316779474826852,1,1.0,0.9316779474826852
domain,cluster:quakeml:earthquake.usgs.gov/fdsnws/event/1/query?eventid=aka2026ncfzau&format=quakeml,0.3483165929440525,0.92309498960074,1.1481483620764978,-0.3232672572979653,7,7.0,1.856293121355124
domain,cluster:quakeml:earthquake.usgs.gov/fdsnws/event/1/query?eventid=aka2026nzghnm&format=quakeml,0.3071505480562715,0.9074931691554444,0.9074931691554444,0.9074931691554444,1,1.0,0.9074931691554444
domain,cluster:quakeml:earthquake.usgs.gov/fdsnws/event/1/query?eventid=aka2026ofyant&format=quakeml,0.1102642753911821,0.4053363756188348,0.4053363756188348,0.4053363756188348,1,1.0,0.4053363756188348
domain,cluster:quakeml:earthquake.usgs.gov/fdsnws/event/1/query?eventid=ci40656850&format=quakeml,1.566294970495446,0.9093293689699468,0.9093293689699468,0.9093293689699468,1,1.0,0.9093293689699468
domain,cluster:quakeml:earthquake.usgs.gov/fdsnws/event/1/query?eventid=ci40664370&format=quakeml,1.5018305924348332,0.9073741898659378,0.9073741898659378,0.9073741898659378,1,1.0,0.9073741898659378
domain,cluster:quakeml:earthquake.usgs.gov/fdsnws/event/1/query?eventid=ci41285127&format=quakeml,1.074187348747431,0.7941662987570687,0.7949887109834464,0.7941662987570687,3,3.0,0.8293743682015335
domain,cluster:quakeml:earthquake.usgs.gov/fdsnws/event/1/query?eventid=ci41287863&format=quakeml,0.672506097415507,0.748129957911664,0.748129957911664,0.748129957911664,1,1.0,0.748129957911664
domain,cluster:quakeml:earthquake.usgs.gov/fdsnws/event/1/query?eventid=nc75406447&format=quakeml,0.4018992317172399,0.6034860670467839,0.6034860670467839,0.6034860670467839,1,1.0,0.6034860670467839
domain,cluster:quakeml:earthquake.usgs.gov/fdsnws/event/1/query?eventid=tx2026mvdbvd&format=quakeml,0.6426062891951594,0.4944084366061082,0.4949137589290403,0.4944084366061082,2,2.0,0.512295667179473
domain,cluster:quakeml:earthquake.usgs.gov/fdsnws/event/1/query?eventid=tx2026nqayet&format=quakeml,0.7286776506457827,1.0580954913546698,1.0755964029843337,1.0580954913546698,3,3.0,1.2331380565651413
domain,cluster:quakeml:earthquake.usgs.gov/fdsnws/event/1/query?eventid=us6000t9h4&format=quakeml,0.9451221087326012,4.3338557375258135,5.496819594031845,-1.7423543046318208,3,3.0,7.69965712167279
domain,cluster:quakeml:earthquake.usgs.gov/fdsnws/event/1/query?eventid=us6000t9kl&format=quakeml,0.5141763981371256,1.2638500360720384,1.2638500360720384,1.2638500360720384,1,1.0,1.2638500360720384
domain,cluster:quakeml:earthquake.usgs.gov/fdsnws/event/1/query?eventid=us6000t9kr&format=quakeml,0.9128091071721106,4.810987765838108,4.810987765838108,-4.810987765838108,1,1.0,4.810987765838108
domain,cluster:quakeml:earthquake.usgs.gov/fdsnws/event/1/query?eventid=us6000t9lc&format=quakeml,0.5960635742026794,1.9409943728025263,2.4406896926731165,0.8620571508082328,12,12.0,2.696863267166224
domain,cluster:quakeml:earthquake.usgs.gov/fdsnws/event/1/query?eventid=us6000t9qx&format=quakeml,1.1618661471012204,6.556716463423846,7.368797594357475,-6.556716463423846,2,2.0,9.246983032208458
domain,cluster:quakeml:earthquake.usgs.gov/fdsnws/event/1/query?eventid=us6000t9qz&format=quakeml,1.037676954781207,5.043194864918184,5.065701269734867,-5.043194864918184,2,2.0,5.4247830480948105
domain,cluster:quakeml:earthquake.usgs.gov/fdsnws/event/1/query?eventid=us6000t9r5&format=quakeml,0.8049744424867005,4.597510497844454,6.740642678710893,-3.924478135671608,23,23.0,6.678435474418467
domain,cluster:quakeml:earthquake.usgs.gov/fdsnws/event/1/query?eventid=us6000t9sq&format=quakeml,0.3105305234059994,0.888922896898034,0.9516725351432014,0.888922896898034,2,2.0,1.1608013374011914
domain,cluster:quakeml:earthquake.usgs.gov/fdsnws/event/1/query?eventid=us6000t9tt&format=quakeml,0.691638836169107,1.890284669496875,1.890284669496875,1.890284669496875,1,1.0,1.890284669496875
domain,cluster:quakeml:earthquake.usgs.gov/fdsnws/event/1/query?eventid=us6000t9zw&format=quakeml,0.529414166825619,0.9682790503144502,0.9696514943864916,0.9682790503144502,2,2.0,1.009536883805628
domain,cluster:quakeml:earthquake.usgs.gov/fdsnws/event/1/query?eventid=us6000ta4c&format=quakeml,0.211504260986281,0.4103023710365323,0.4103023710365323,0.4103023710365323,1,1.0,0.4103023710365323
domain,cluster:quakeml:earthquake.usgs.gov/fdsnws/event/1/query?eventid=us6000ta7h&format=quakeml,0.8700084947074241,2.730867394418177,2.730867394418177,2.730867394418177,1,1.0,2.730867394418177
domain,cluster:quakeml:earthquake.usgs.gov/fdsnws/event/1/query?eventid=us6000ta7l&format=quakeml,1.0772113302620712,3.789689895364213,3.789689895364213,3.789689895364213,1,1.0,3.789689895364213
domain,cluster:quakeml:earthquake.usgs.gov/fdsnws/event/1/query?eventid=us6000ta86&format=quakeml,0.7703152808120636,3.0786267006142354,3.452380746477018,-2.483899514201459,3,3.0,4.33706495688282
domain,cluster:quakeml:earthquake.usgs.gov/fdsnws/event/1/query?eventid=us6000tahc&format=quakeml,0.28362975649901,1.1595750887634937,1.172704122129036,-1.1595750887634937,2,2.0,1.2995649662891346
domain,cluster:quakeml:earthquake.usgs.gov/fdsnws/event/1/query?eventid=us6000tai4&format=quakeml,0.4790233898044296,1.1110103913737086,1.1110103913737086,1.1110103913737086,1,1.0,1.1110103913737086
domain,cluster:quakeml:earthquake.usgs.gov/fdsnws/event/1/query?eventid=us6000takd&format=quakeml,0.4093234079544268,0.9632824279832728,1.1057776423862768,0.9632824279832728,2,2.0,1.3976692847568204
domain,cluster:quakeml:earthquake.usgs.gov/fdsnws/event/1/query?eventid=us6000talg&format=quakeml,0.9367155648171464,5.612001612462605,6.909318512142533,-5.612001612462605,7,7.0,9.200779527199298
domain,cluster:quakeml:earthquake.usgs.gov/fdsnws/event/1/query?eventid=us6000talr&format=quakeml,0.7837944007542523,3.7722762838849255,3.786339941113337,-3.7722762838849255,3,3.0,4.087491987622719
domain,cluster:quakeml:earthquake.usgs.gov/fdsnws/event/1/query?eventid=us6000tapb&format=quakeml,0.6110726258850082,3.444325873869566,3.444325873869566,-3.444325873869566,1,1.0,3.444325873869566
domain,cluster:quakeml:earthquake.usgs.gov/fdsnws/event/1/query?eventid=us6000tary&format=quakeml,0.324822797510166,1.2868417639659104,1.483394674014164,-1.2868417639659104,2,2.0,1.877162643979724
domain,cluster:quakeml:earthquake.usgs.gov/fdsnws/event/1/query?eventid=us6000tasa&format=quakeml,0.4593072295609273,1.630738828936683,1.630738828936683,-1.630738828936683,1,1.0,1.630738828936683
domain,cluster:quakeml:earthquake.usgs.gov/fdsnws/event/1/query?eventid=us6000tatn&format=quakeml,0.41335221931105,0.9510682920600186,0.9510682920600186,0.9510682920600186,1,1.0,0.9510682920600186
domain,cluster:quakeml:earthquake.usgs.gov/fdsnws/event/1/query?eventid=us6000tavd&format=quakeml,0.8179825713318534,5.567980899014809,6.220823527712063,-5.567980899014809,2,2.0,7.787347882082505
domain,cluster:quakeml:earthquake.usgs.gov/fdsnws/event/1/query?eventid=us6000taxu&format=quakeml,0.8201565529804564,5.017707950973743,5.017707950973743,-5.017707950973743,1,1.0,5.017707950973743
domain,cluster:quakeml:earthquake.usgs.gov/fdsnws/event/1/query?eventid=us6000taxz&format=quakeml,0.4992088402942372,1.2423939612848782,1.2423939612848782,1.2423939612848782,1,1.0,1.2423939612848782
domain,cluster:quakeml:earthquake.usgs.gov/fdsnws/event/1/query?eventid=us6000tayu&format=quakeml,0.8714589181739953,2.727956368471566,2.727956368471566,2.727956368471566,1,1.0,2.727956368471566
domain,cluster:quakeml:earthquake.usgs.gov/fdsnws/event/1/query?eventid=us6000tazm&format=quakeml,0.8786401094071086,4.736855731696375,4.736855731696375,-4.736855731696375,1,1.0,4.736855731696375
domain,cluster:quakeml:earthquake.usgs.gov/fdsnws/event/1/query?eventid=us6000tg2v&format=quakeml,0.5135194807945481,1.35843286195473,1.35843286195473,1.35843286195473,1,1.0,1.35843286195473
domain,cluster:quakeml:earthquake.usgs.gov/fdsnws/event/1/query?eventid=us6000tg42&format=quakeml,0.7302523782402911,2.7989635642821478,3.322251293053799,-0.9170308026449232,23,23.0,4.820234166331961
domain,cluster:quakeml:earthquake.usgs.gov/fdsnws/event/1/query?eventid=us6000tg4g&format=quakeml,0.5581561988243209,2.6250205493199728,2.6250205493199728,-2.6250205493199728,1,1.0,2.6250205493199728
domain,cluster:quakeml:earthquake.usgs.gov/fdsnws/event/1/query?eventid=us6000tg5f&format=quakeml,0.9128343767682848,5.099128466620399,5.395396782677541,-5.099128466620399,13,13.0,6.610062286677354
domain,cluster:quakeml:earthquake.usgs.gov/fdsnws/event/1/query?eventid=us6000tg8x&format=quakeml,0.7431050937750965,3.672444412892864,3.806627599848152,-3.672444412892864,2,2.0,4.473869430975105
domain,cluster:quakeml:earthquake.usgs.gov/fdsnws/event/1/query?eventid=us6000tgav&format=quakeml,0.8122744093847925,3.8891749457721656,3.8891749457721656,-3.8891749457721656,1,1.0,3.8891749457721656
domain,cluster:quakeml:earthquake.usgs.gov/fdsnws/event/1/query?eventid=us6000tgdy&format=quakeml,0.9194465919828654,5.745064766615776,5.77088915922339,-5.745064766615776,2,2.0,6.181334419326716
domain,cluster:quakeml:earthquake.usgs.gov/fdsnws/event/1/query?eventid=us6000tgea&format=quakeml,0.6800449061197232,3.666498182696338,3.666498182696338,-3.666498182696338,1,1.0,3.666498182696338
domain,cluster:quakeml:earthquake.usgs.gov/fdsnws/event/1/query?eventid=us6000tgn5&format=quakeml,0.8806633770308142,2.710586679636289,2.710586679636289,2.710586679636289,1,1.0,2.710586679636289
domain,cluster:quakeml:earthquake.usgs.gov/fdsnws/event/1/query?eventid=us6000tgnw&format=quakeml,0.6408916449878397,2.88413485308355,3.4969422046534797,-2.88413485308355,4,4.0,4.930353894665074
domain,cluster:quakeml:earthquake.usgs.gov/fdsnws/event/1/query?eventid=us6000tgp3&format=quakeml,1.1032836590027344,6.390189378776348,6.390189378776348,-6.390189378776348,1,1.0,6.390189378776348
domain,cluster:quakeml:earthquake.usgs.gov/fdsnws/event/1/query?eventid=us6000tgpw&format=quakeml,0.6508641353505187,3.435069262624425,4.465482770909083,-3.435069262624425,2,2.0,5.717641220851722
domain,cluster:quakeml:earthquake.usgs.gov/fdsnws/event/1/query?eventid=us6000tgpy&format=quakeml,0.9989547496473749,3.2747788311258867,3.2747788311258867,3.2747788311258867,1,1.0,3.2747788311258867
domain,cluster:quakeml:earthquake.usgs.gov/fdsnws/event/1/query?eventid=us6000tgqe&format=quakeml,1.0555307462784074,3.4453662215812586,3.4453662215812586,3.4453662215812586,1,1.0,3.4453662215812586
domain,cluster:quakeml:earthquake.usgs.gov/fdsnws/event/1/query?eventid=us6000tgqr&format=quakeml,0.5544958939550495,1.371707766799716,1.371707766799716,1.371707766799716,1,1.0,1.371707766799716
domain,cluster:quakeml:earthquake.usgs.gov/fdsnws/event/1/query?eventid=us6000tgqt&format=quakeml,0.8245305057546527,4.265522735450392,5.000237982807158,-3.2618439060438096,3,3.0,6.91808027353618
domain,cluster:quakeml:earthquake.usgs.gov/fdsnws/event/1/query?eventid=us6000tgx1&format=quakeml,0.8418044760869614,2.5384275011482784,2.53987786427009,2.5384275011482784,2,2.0,2.6070849666339195
domain,cluster:quakeml:earthquake.usgs.gov/fdsnws/event/1/query?eventid=us6000tgyz&format=quakeml,1.091415153430496,5.118779605195967,5.118779605195967,-5.118779605195967,1,1.0,5.118779605195967
domain,cluster:quakeml:earthquake.usgs.gov/fdsnws/event/1/query?eventid=us6000tgzq&format=quakeml,0.3639636669550078,1.4726755617209375,1.603778161102612,-1.4726755617209375,7,7.0,2.1614601740946173
domain,cluster:quakeml:earthquake.usgs.gov/fdsnws/event/1/query?eventid=us6000th04&format=quakeml,0.9280502320117724,2.8725367553933445,2.8725367553933445,2.8725367553933445,1,1.0,2.8725367553933445
domain,cluster:quakeml:earthquake.usgs.gov/fdsnws/event/1/query?eventid=us6000th0l&format=quakeml,0.7801348560361411,2.28553635305361,2.28553635305361,2.28553635305361,1,1.0,2.28553635305361
domain,cluster:quakeml:earthquake.usgs.gov/fdsnws/event/1/query?eventid=us6000th0m&format=quakeml,1.0155391091738577,4.779958627688052,4.993128685058144,-4.779958627688052,4,4.0,6.38182169361633
domain,cluster:quakeml:earthquake.usgs.gov/fdsnws/event/1/query?eventid=us6000th1b&format=quakeml,0.6236802963010062,1.6363280792276325,1.6363280792276325,1.6363280792276325,1,1.0,1.6363280792276325
domain,cluster:quakeml:earthquake.usgs.gov/fdsnws/event/1/query?eventid=us6000th1h&format=quakeml,0.6602948599129479,3.043732532174035,3.6710249807208553,-3.043732532174035,2,2.0,4.685607885623156
domain,cluster:quakeml:earthquake.usgs.gov/fdsnws/event/1/query?eventid=us6000th1p&format=quakeml,0.7653683189911822,3.0688971663984024,3.0688971663984024,-3.0688971663984024,1,1.0,3.0688971663984024
domain,cluster:quakeml:earthquake.usgs.gov/fdsnws/event/1/query?eventid=us6000th5m&format=quakeml,0.5390564114952101,1.3994869177706946,1.3994869177706946,1.3994869177706946,1,1.0,1.3994869177706946
domain,cluster:quakeml:earthquake.usgs.gov/fdsnws/event/1/query?eventid=us6000th7y&format=quakeml,0.5750374133035181,1.482891907446935,1.482891907446935,1.482891907446935,1,1.0,1.482891907446935
domain,cluster:quakeml:earthquake.usgs.gov/fdsnws/event/1/query?eventid=us6000tha9&format=quakeml,0.8811134217234311,4.290096181667826,4.290096181667826,-4.290096181667826,1,1.0,4.290096181667826
domain,cluster:quakeml:earthquake.usgs.gov/fdsnws/event/1/query?eventid=us6000thag&format=quakeml,0.9707753474572516,6.623158169878487,7.390561126267751,-6.623158169878487,4,4.0,10.24798937780835
domain,cluster:quakeml:earthquake.usgs.gov/fdsnws/event/1/query?eventid=us6000thbs&format=quakeml,1.063325420154339,5.280110233566969,5.280110233566969,-5.280110233566969,1,1.0,5.280110233566969
domain,cluster:quakeml:earthquake.usgs.gov/fdsnws/event/1/query?eventid=us6000thug&format=quakeml,0.601551671135314,1.5608022294160944,1.5608022294160944,1.5608022294160944,1,1.0,1.5608022294160944
domain,cluster:quakeml:earthquake.usgs.gov/fdsnws/event/1/query?eventid=us6000ti1z&format=quakeml,0.7197373780146098,5.36312914681465,5.36312914681465,-5.36312914681465,1,1.0,5.36312914681465
domain,cluster:quakeml:earthquake.usgs.gov/fdsnws/event/1/query?eventid=us7000sz3s&format=quakeml,0.5644782541687627,1.4427241315371908,1.4427241315371908,1.4427241315371908,1,1.0,1.4427241315371908
domain,cluster:quakeml:earthquake.usgs.gov/fdsnws/event/1/query?eventid=us7000sz4r&format=quakeml,0.3583584987453613,0.808946705584703,0.808946705584703,0.808946705584703,1,1.0,0.808946705584703
domain,cluster:quakeml:earthquake.usgs.gov/fdsnws/event/1/query?eventid=us7000sz66&format=quakeml,0.6069923976664335,2.41707083942125,2.7487096048596555,-1.3088823663978275,2,2.0,3.4641767325395123
domain,cluster:quakeml:earthquake.usgs.gov/fdsnws/event/1/query?eventid=us7000sz6t&format=quakeml,0.8081220997356833,2.4090286938048413,2.4090286938048413,2.4090286938048413,1,1.0,2.4090286938048413
domain,cluster:quakeml:earthquake.usgs.gov/fdsnws/event/1/query?eventid=us7000sz6v&format=quakeml,0.3086669762621535,0.6917577241634454,0.6917577241634454,0.6917577241634454,1,1.0,0.6917577241634454
domain,cluster:quakeml:earthquake.usgs.gov/fdsnws/event/1/query?eventid=us7000sz7d&format=quakeml,0.4623336522911654,2.3869711497047685,2.3869711497047685,-2.3869711497047685,1,1.0,2.3869711497047685
domain,cluster:quakeml:earthquake.usgs.gov/fdsnws/event/1/query?eventid=us7000szcl&format=quakeml,0.4568024004898614,1.1255293429636972,1.1697299387758702,1.1255293429636972,2,2.0,1.3803413713093733
domain,cluster:quakeml:earthquake.usgs.gov/fdsnws/event/1/query?eventid=us7000szhi&format=quakeml,0.6609761106987144,1.808732609726709,1.808732609726709,1.808732609726709,1,1.0,1.808732609726709
domain,cluster:quakeml:earthquake.usgs.gov/fdsnws/event/1/query?eventid=us7000szr0&format=quakeml,0.5226904683558907,1.4449541477898598,1.6187235298755824,0.8119287658010224,4,4.0,2.258188922431952
domain,cluster:quakeml:earthquake.usgs.gov/fdsnws/event/1/query?eventid=us7000sztw&format=quakeml,0.6626654227760841,1.8169354368806367,1.8169354368806367,1.8169354368806367,1,1.0,1.8169354368806367
domain,cluster:quakeml:earthquake.usgs.gov/fdsnws/event/1/query?eventid=us7000szu6&format=quakeml,0.6049319092151388,1.4702645859415424,1.4702645859415424,1.4702645859415424,1,1.0,1.4702645859415424
domain,cluster:quakeml:earthquake.usgs.gov/fdsnws/event/1/query?eventid=us7000szwc&format=quakeml,0.6005465481023965,2.978919367338829,2.978919367338829,-2.978919367338829,1,1.0,2.978919367338829
domain,cluster:quakeml:earthquake.usgs.gov/fdsnws/event/1/query?eventid=us7000szyg&format=quakeml,0.7371650505521002,3.591574232805071,3.7749788963367017,-3.591574232805071,2,2.0,4.521455153538689
domain,cluster:quakeml:earthquake.usgs.gov/fdsnws/event/1/query?eventid=us7000szzy&format=quakeml,0.3289498564048621,0.8405722407669485,1.130084861137186,0.8405722407669485,2,2.0,1.4448397849152583
domain,cluster:quakeml:earthquake.usgs.gov/fdsnws/event/1/query?eventid=us7000t02u&format=quakeml,1.2368038316661976,6.446818343455218,6.446818343455218,-6.446818343455218,1,1.0,6.446818343455218
domain,cluster:quakeml:earthquake.usgs.gov/fdsnws/event/1/query?eventid=us7000t04s&format=quakeml,1.1528390054196047,6.449158881590467,6.449158881590467,-6.449158881590467,1,1.0,6.449158881590467
domain,cluster:quakeml:earthquake.usgs.gov/fdsnws/event/1/query?eventid=us7000t06l&format=quakeml,0.6367128821815942,1.7018023825985753,1.7214611485503308,1.7018023825985753,2,2.0,1.909335915773394
domain,cluster:quakeml:earthquake.usgs.gov/fdsnws/event/1/query?eventid=us7000t097&format=quakeml,0.5131340048666313,1.2949782608710532,1.3627645218836566,1.2949782608710532,2,2.0,1.6345388672799113
domain,cluster:quakeml:earthquake.usgs.gov/fdsnws/event/1/query?eventid=us7000t0de&format=quakeml,0.5987268563785341,1.5658188739531165,1.5658188739531165,1.5658188739531165,1,1.0,1.5658188739531165
domain,cluster:quakeml:earthquake.usgs.gov/fdsnws/event/1/query?eventid=us7000t0e6&format=quakeml,0.846831725510734,2.5099513485940697,2.5099513485940697,2.5099513485940697,1,1.0,2.5099513485940697
domain,cluster:quakeml:earthquake.usgs.gov/fdsnws/event/1/query?eventid=us7000t0q6&format=quakeml,0.6070319091095187,1.6649439980142244,1.6649439980142244,1.6649439980142244,1,1.0,1.6649439980142244
domain,cluster:quakeml:earthquake.usgs.gov/fdsnws/event/1/query?eventid=us7000t0x1&format=quakeml,0.6723345684374629,1.9281567565663065,1.9281567565663065,1.9281567565663065,1,1.0,1.9281567565663065
domain,cluster:quakeml:earthquake.usgs.gov/fdsnws/event/1/query?eventid=us7000t0xw&format=quakeml,0.7297063634730157,3.5769591299427064,3.5769591299427064,-3.5769591299427064,1,1.0,3.5769591299427064
domain,cluster:quakeml:earthquake.usgs.gov/fdsnws/event/1/query?eventid=us7000t0yi&format=quakeml,0.7120570687502885,3.966943256601853,3.966943256601853,-3.966943256601853,1,1.0,3.966943256601853
domain,cluster:quakeml:earthquake.usgs.gov/fdsnws/event/1/query?eventid=us7000t0yv&format=quakeml,0.3436180193627244,1.5677040027350917,1.5677040027350917,-1.5677040027350917,1,1.0,1.5677040027350917
domain,cluster:quakeml:earthquake.usgs.gov/fdsnws/event/1/query?eventid=us7000t0zd&format=quakeml,1.4408310967784546,12.234439913603644,12.234439913603644,-12.234439913603644,1,1.0,12.234439913603644
domain,cluster:quakeml:earthquake.usgs.gov/fdsnws/event/1/query?eventid=us7000t106&format=quakeml,0.723818945715039,2.041729029410866,2.041729029410866,2.041729029410866,1,1.0,2.041729029410866
domain,cluster:quakeml:earthquake.usgs.gov/fdsnws/event/1/query?eventid=us7000t11q&format=quakeml,0.888632216015802,2.7963077373029384,2.7963077373029384,2.7963077373029384,1,1.0,2.7963077373029384
domain,cluster:quakeml:earthquake.usgs.gov/fdsnws/event/1/query?eventid=us7000t19p&format=quakeml,0.4728808386842456,1.1718879915002234,1.213604085427414,1.1718879915002234,3,3.0,1.4864633246651224
domain,cluster:quakeml:earthquake.usgs.gov/fdsnws/event/1/query?eventid=us7000t1b3&format=quakeml,0.8363280134037294,4.901693979037434,5.6358612367118885,-4.901693979037434,2,2.0,7.1268344082727415
domain,cluster:quakeml:earthquake.usgs.gov/fdsnws/event/1/query?eventid=us7000t1dh&format=quakeml,0.6343877298723701,1.6742888715374815,1.6742888715374815,1.6742888715374815,1,1.0,1.6742888715374815
domain,cluster:quakeml:earthquake.usgs.gov/fdsnws/event/1/query?eventid=us7000t1gu&format=quakeml,0.7011842559596743,1.937776918111952,1.937776918111952,1.937776918111952,1,1.0,1.937776918111952
domain,cluster:quakeml:earthquake.usgs.gov/fdsnws/event/1/query?eventid=us7000t1jw&format=quakeml,0.5645607030024691,1.424791710733471,1.424791710733471,1.424791710733471,1,1.0,1.424791710733471
domain,cluster:quakeml:earthquake.usgs.gov/fdsnws/event/1/query?eventid=us7000t1ld&format=quakeml,0.6183917198598136,1.6031770577623827,1.6031770577623827,1.6031770577623827,1,1.0,1.6031770577623827
domain,cluster:quakeml:earthquake.usgs.gov/fdsnws/event/1/query?eventid=us7000t1ng&format=quakeml,0.5913966325388711,1.4831713098911088,1.4831713098911088,1.4831713098911088,1,1.0,1.4831713098911088
domain,cluster:quakeml:earthquake.usgs.gov/fdsnws/event/1/query?eventid=us7000t1ph&format=quakeml,0.8310034026156837,5.344277855499942,7.064965800915065,-5.344277855499942,2,2.0,9.040973545117891
domain,cluster:quakeml:earthquake.usgs.gov/fdsnws/event/1/query?eventid=us7000t1q1&format=quakeml,1.1471610733916315,6.958393205750965,6.958393205750965,-6.958393205750965,1,1.0,6.958393205750965
domain,cluster:quakeml:earthquake.usgs.gov/fdsnws/event/1/query?eventid=us7000t1q8&format=quakeml,0.7176963034061512,1.9430055600529847,1.9430055600529847,1.9430055600529847,1,1.0,1.9430055600529847
domain,cluster:quakeml:earthquake.usgs.gov/fdsnws/event/1/query?eventid=us7000t1qt&format=quakeml,1.4066596458900915,8.562897711014271,9.923407429421957,-8.562897711014271,3,3.0,13.610481374686795
domain,cluster:quakeml:earthquake.usgs.gov/fdsnws/event/1/query?eventid=us7000t1w2&format=quakeml,0.456999274012185,1.1948976418061352,1.3894688400352904,1.1948976418061352,4,4.0,1.971799100299652
domain,cluster:quakeml:earthquake.usgs.gov/fdsnws/event/1/query?eventid=us7000t1wn&format=quakeml,0.2122282134730485,0.6449847159955056,0.6449847159955056,-0.6449847159955056,1,1.0,0.6449847159955056
domain,cluster:quakeml:earthquake.usgs.gov/fdsnws/event/1/query?eventid=us7000t1z0&format=quakeml,0.8299707247603479,2.506321608147319,2.506321608147319,2.506321608147319,1,1.0,2.506321608147319
domain,cluster:quakeml:earthquake.usgs.gov/fdsnws/event/1/query?eventid=us7000t213&format=quakeml,0.4016225167826979,0.9375868871279478,0.9375868871279478,0.9375868871279478,1,1.0,0.9375868871279478
domain,cluster:quakeml:earthquake.usgs.gov/fdsnws/event/1/query?eventid=us7000t22v&format=quakeml,0.0085972187532294,0.0270507639776749,0.0270507639776749,-0.0270507639776749,1,1.0,0.0270507639776749
domain,cluster:quakeml:earthquake.usgs.gov/fdsnws/event/1/query?eventid=us7000t27u&format=quakeml,0.8044137319139584,4.648890817548003,4.648890817548003,-4.648890817548003,1,1.0,4.648890817548003
domain,cluster:quakeml:earthquake.usgs.gov/fdsnws/event/1/query?eventid=us7000t2et&format=quakeml,0.7047080968077865,1.9339538472377744,1.9339538472377744,1.9339538472377744,1,1.0,1.9339538472377744
domain,cluster:quakeml:earthquake.usgs.gov/fdsnws/event/1/query?eventid=us7000t2iy&format=quakeml,0.4567008132516986,2.087225685495666,2.087225685495666,-2.087225685495666,1,1.0,2.087225685495666
domain,cluster:quakeml:earthquake.usgs.gov/fdsnws/event/1/query?eventid=us7000t2pj&format=quakeml,0.4491233599150692,1.0703788356455832,1.0703788356455832,1.0703788356455832,1,1.0,1.0703788356455832
domain,cluster:quakeml:earthquake.usgs.gov/fdsnws/event/1/query?eventid=us7000t2pq&format=quakeml,0.7431359842810545,2.114630774986848,2.114630774986848,2.114630774986848,1,1.0,2.114630774986848
domain,cluster:quakeml:earthquake.usgs.gov/fdsnws/event/1/query?eventid=us7000t2y2&format=quakeml,0.6359308542517539,3.7823417867592815,3.7823417867592815,-3.7823417867592815,1,1.0,3.7823417867592815
domain,cluster:quakeml:earthquake.usgs.gov/fdsnws/event/1/query?eventid=us7000t2yy&format=quakeml,0.893576821026685,5.592021057048765,5.592021057048765,-5.592021057048765,1,1.0,5.592021057048765
domain,cluster:quakeml:earthquake.usgs.gov/fdsnws/event/1/query?eventid=us7000t30x&format=quakeml,0.494127947494289,1.271106773227784,1.271106773227784,1.271106773227784,1,1.0,1.271106773227784
domain,cluster:quakeml:earthquake.usgs.gov/fdsnws/event/1/query?eventid=us7000t389&format=quakeml,0.8027622366775828,4.79058293364084,4.79058293364084,-4.79058293364084,1,1.0,4.79058293364084
domain,cluster:quakeml:earthquake.usgs.gov/fdsnws/event/1/query?eventid=us7000t3di&format=quakeml,0.9168790443788636,4.680034289419078,4.680034289419078,-4.680034289419078,1,1.0,4.680034289419078
domain,cluster:quakeml:earthquake.usgs.gov/fdsnws/event/1/query?eventid=us7000t3dx&format=quakeml,0.5275403066469088,1.3408840811094251,1.3408840811094251,1.3408840811094251,1,1.0,1.3408840811094251
domain,cluster:quakeml:earthquake.usgs.gov/fdsnws/event/1/query?eventid=us7000t3hh&format=quakeml,0.8991581522636888,4.261929839122994,4.261929839122994,-4.261929839122994,1,1.0,4.261929839122994
domain,cluster:quakeml:earthquake.usgs.gov/fdsnws/event/1/query?eventid=us7000t3hl&format=quakeml,0.430195242607254,1.069202247432785,1.069202247432785,1.069202247432785,1,1.0,1.069202247432785
domain,cluster:quakeml:earthquake.usgs.gov/fdsnws/event/1/query?eventid=us7000t3in&format=quakeml,0.1793645677728005,0.3638380941225294,0.3638380941225294,0.3638380941225294,1,1.0,0.3638380941225294
domain,cluster:quakeml:earthquake.usgs.gov/fdsnws/event/1/query?eventid=uu80143896&format=quakeml,0.6060482397088495,0.7979306068117871,0.7980738744744572,0.7979306068117871,4,4.0,0.8138136686897267
flexible,cluster:quakeml:earthquake.usgs.gov/fdsnws/event/1/query?eventid=aka2026ncclpa&format=quakeml,0.1448523680000378,0.3986435478018375,0.3986435478018375,-0.3986435478018375,1,1.0,0.3986435478018375
flexible,cluster:quakeml:earthquake.usgs.gov/fdsnws/event/1/query?eventid=aka2026ncfzau&format=quakeml,0.425995469157631,1.0896573010033517,1.260566530006786,-0.0993269705211461,7,7.0,1.6409900611510064
flexible,cluster:quakeml:earthquake.usgs.gov/fdsnws/event/1/query?eventid=aka2026nzghnm&format=quakeml,0.1098007574332985,0.2624640931785933,0.2624640931785933,-0.2624640931785933,1,1.0,0.2624640931785933
flexible,cluster:quakeml:earthquake.usgs.gov/fdsnws/event/1/query?eventid=aka2026ofyant&format=quakeml,0.3866472353008667,1.1149992350210036,1.1149992350210036,-1.1149992350210036,1,1.0,1.1149992350210036
flexible,cluster:quakeml:earthquake.usgs.gov/fdsnws/event/1/query?eventid=ci40656850&format=quakeml,0.5526407233192465,0.1770806659687864,0.1770806659687864,0.1770806659687864,1,1.0,0.1770806659687864
flexible,cluster:quakeml:earthquake.usgs.gov/fdsnws/event/1/query?eventid=ci40664370&format=quakeml,0.6491587298095014,0.2376218050112073,0.2376218050112073,0.2376218050112073,1,1.0,0.2376218050112073
flexible,cluster:quakeml:earthquake.usgs.gov/fdsnws/event/1/query?eventid=ci41285127&format=quakeml,0.0994850098601371,0.0439600205329219,0.0454094115055906,0.0439600205329219,3,3.0,0.0553323931020761
flexible,cluster:quakeml:earthquake.usgs.gov/fdsnws/event/1/query?eventid=ci41287863&format=quakeml,0.2796984802697653,0.2517301197316779,0.2517301197316779,0.2517301197316779,1,1.0,0.2517301197316779
flexible,cluster:quakeml:earthquake.usgs.gov/fdsnws/event/1/query?eventid=nc75406447&format=quakeml,1.1052804946112502,2.464487185815789,2.464487185815789,2.464487185815789,1,1.0,2.464487185815789
flexible,cluster:quakeml:earthquake.usgs.gov/fdsnws/event/1/query?eventid=tx2026mvdbvd&format=quakeml,0.1154577934344552,0.0654746280339309,0.0675455189424172,0.0165972953525217,2,2.0,0.0787524643159482
flexible,cluster:quakeml:earthquake.usgs.gov/fdsnws/event/1/query?eventid=tx2026nqayet&format=quakeml,0.3649462667899357,0.4207581913621022,0.4631575655344266,0.4207581913621022,3,3.0,0.6099481653767668
flexible,cluster:quakeml:earthquake.usgs.gov/fdsnws/event/1/query?eventid=us6000t9h4&format=quakeml,0.6597567583649885,3.35550532702696,4.629203596725097,-1.887734417448922,3,3.0,6.525406723236287
flexible,cluster:quakeml:earthquake.usgs.gov/fdsnws/event/1/query?eventid=us6000t9kl&format=quakeml,0.1200753236468548,0.2398537500709756,0.2398537500709756,0.2398537500709756,1,1.0,0.2398537500709756
flexible,cluster:quakeml:earthquake.usgs.gov/fdsnws/event/1/query?eventid=us6000t9kr&format=quakeml,0.048105581534176,0.377472500616185,0.377472500616185,-0.377472500616185,1,1.0,0.377472500616185
flexible,cluster:quakeml:earthquake.usgs.gov/fdsnws/event/1/query?eventid=us6000t9lc&format=quakeml,0.3812908909500114,1.3021890351235437,2.5263720395773217,-0.1085583660557403,12,12.0,0.8623543737267813
flexible,cluster:quakeml:earthquake.usgs.gov/fdsnws/event/1/query?eventid=us6000t9qx&format=quakeml,0.8670628454522574,5.621945165289731,6.411751333770031,-5.621945165289731,2,2.0,8.08826715232415
flexible,cluster:quakeml:earthquake.usgs.gov/fdsnws/event/1/query?eventid=us6000t9qz&format=quakeml,0.8194122183888208,4.363057376160437,4.415064256714173,-4.363057376160437,2,2.0,4.903589098521045
flexible,cluster:quakeml:earthquake.usgs.gov/fdsnws/event/1/query?eventid=us6000t9r5&format=quakeml,0.5870535470669868,3.631441857306669,5.74564175030406,-3.340844474094691,23,23.0,6.703524337256184
flexible,cluster:quakeml:earthquake.usgs.gov/fdsnws/event/1/query?eventid=us6000t9sq&format=quakeml,0.2375018684743293,0.6931540942555878,0.7963081360544109,0.6931540942555878,2,2.0,1.0067337355979844
flexible,cluster:quakeml:earthquake.usgs.gov/fdsnws/event/1/query?eventid=us6000t9tt&format=quakeml,0.3601389622306644,0.8219702389722237,0.8219702389722237,0.8219702389722237,1,1.0,0.8219702389722237
flexible,cluster:quakeml:earthquake.usgs.gov/fdsnws/event/1/query?eventid=us6000t9zw&format=quakeml,0.1349136444860947,0.2248072517733225,0.2446234280503025,0.2248072517733225,2,2.0,0.3019660847399559
flexible,cluster:quakeml:earthquake.usgs.gov/fdsnws/event/1/query?eventid=us6000ta4c&format=quakeml,0.1026897422976698,0.1883930223874115,0.1883930223874115,0.1883930223874115,1,1.0,0.1883930223874115
flexible,cluster:quakeml:earthquake.usgs.gov/fdsnws/event/1/query?eventid=us6000ta7h&format=quakeml,0.007333625241486,0.0143870888609274,0.0143870888609274,-0.0143870888609274,1,1.0,0.0143870888609274
flexible,cluster:quakeml:earthquake.usgs.gov/fdsnws/event/1/query?eventid=us6000ta7l&format=quakeml,0.2702726936066493,0.6072996028578925,0.6072996028578925,0.6072996028578925,1,1.0,0.6072996028578925
flexible,cluster:quakeml:earthquake.usgs.gov/fdsnws/event/1/query?eventid=us6000ta86&format=quakeml,0.5511644957486874,2.4262176259494965,2.790458408652022,-1.994660785400316,3,3.0,3.729994494682888
flexible,cluster:quakeml:earthquake.usgs.gov/fdsnws/event/1/query?eventid=us6000tahc&format=quakeml,0.4933858650364811,1.8703516543413663,1.948273227692674,-1.8703516543413663,2,2.0,2.3067391950225686
flexible,cluster:quakeml:earthquake.usgs.gov/fdsnws/event/1/query?eventid=us6000tai4&format=quakeml,0.0544040624595342,0.1010873954208513,0.1010873954208513,0.1010873954208513,1,1.0,0.1010873954208513
flexible,cluster:quakeml:earthquake.usgs.gov/fdsnws/event/1/query?eventid=us6000takd&format=quakeml,0.4880856362365876,1.1197725999625998,1.1240146961450812,1.1197725999625998,2,2.0,1.1978222724461929
flexible,cluster:quakeml:earthquake.usgs.gov/fdsnws/event/1/query?eventid=us6000talg&format=quakeml,0.8286653860866322,5.282786710406289,6.773845518258471,-4.495918544142991,7,7.0,10.223017513273255
flexible,cluster:quakeml:earthquake.usgs.gov/fdsnws/event/1/query?eventid=us6000talr&format=quakeml,0.3368377940287808,1.98130945248896,2.141662614346751,-1.98130945248896,3,3.0,2.7748362640806143
flexible,cluster:quakeml:earthquake.usgs.gov/fdsnws/event/1/query?eventid=us6000tapb&format=quakeml,0.5012360598872925,2.9696486034789844,2.9696486034789844,-2.9696486034789844,1,1.0,2.9696486034789844
flexible,cluster:quakeml:earthquake.usgs.gov/fdsnws/event/1/query?eventid=us6000tary&format=quakeml,0.4948708774314176,1.7351484892825149,1.8922240592333257,-1.7351484892825149,2,2.0,2.339014228258086
flexible,cluster:quakeml:earthquake.usgs.gov/fdsnws/event/1/query?eventid=us6000tasa&format=quakeml,0.0046981546730726,0.0208523743768314,0.0208523743768314,0.0208523743768314,1,1.0,0.0208523743768314
flexible,cluster:quakeml:earthquake.usgs.gov/fdsnws/event/1/query?eventid=us6000tatn&format=quakeml,0.0648695011593368,0.1167014304266733,0.1167014304266733,-0.1167014304266733,1,1.0,0.1167014304266733
flexible,cluster:quakeml:earthquake.usgs.gov/fdsnws/event/1/query?eventid=us6000tavd&format=quakeml,0.8013090334570876,6.479341380161771,6.759214128053127,-1.9248664650298075,2,2.0,8.019234552185617
flexible,cluster:quakeml:earthquake.usgs.gov/fdsnws/event/1/query?eventid=us6000taxu&format=quakeml,0.8663172408311344,12.356372776554322,12.356372776554322,12.356372776554322,1,1.0,12.356372776554322
flexible,cluster:quakeml:earthquake.usgs.gov/fdsnws/event/1/query?eventid=us6000taxz&format=quakeml,0.2614548183509819,0.5734322361339697,0.5734322361339697,0.5734322361339697,1,1.0,0.5734322361339697
flexible,cluster:quakeml:earthquake.usgs.gov/fdsnws/event/1/query?eventid=us6000tayu&format=quakeml,0.3800140334052821,0.9070426266253916,0.9070426266253916,0.9070426266253916,1,1.0,0.9070426266253916
flexible,cluster:quakeml:earthquake.usgs.gov/fdsnws/event/1/query?eventid=us6000tazm&format=quakeml,0.5957942436480013,3.636787966385624,3.636787966385624,-3.636787966385624,1,1.0,3.636787966385624
flexible,cluster:quakeml:earthquake.usgs.gov/fdsnws/event/1/query?eventid=us6000tg2v&format=quakeml,0.690544580403035,2.013478372298824,2.013478372298824,2.013478372298824,1,1.0,2.013478372298824
flexible,cluster:quakeml:earthquake.usgs.gov/fdsnws/event/1/query?eventid=us6000tg42&format=quakeml,0.5552587345480579,2.2559386523249096,2.853533594538002,-1.1446609990057934,23,23.0,4.751045961677323
flexible,cluster:quakeml:earthquake.usgs.gov/fdsnws/event/1/query?eventid=us6000tg4g&format=quakeml,0.7725157442966505,3.3026283309868765,3.3026283309868765,-3.3026283309868765,1,1.0,3.3026283309868765
flexible,cluster:quakeml:earthquake.usgs.gov/fdsnws/event/1/query?eventid=us6000tg5f&format=quakeml,0.3298143702980954,2.532256304168641,3.046441639376102,-1.5349293569639133,13,13.0,4.200732720299828
flexible,cluster:quakeml:earthquake.usgs.gov/fdsnws/event/1/query?eventid=us6000tg8x&format=quakeml,0.0759934241738063,0.4803736916480821,0.4843790342938194,-0.0621624101512034,2,2.0,0.5301036197690449
flexible,cluster:quakeml:earthquake.usgs.gov/fdsnws/event/1/query?eventid=us6000tgav&format=quakeml,0.6182582893446498,3.2245967923941947,3.2245967923941947,-3.2245967923941947,1,1.0,3.2245967923941947
flexible,cluster:quakeml:earthquake.usgs.gov/fdsnws/event/1/query?eventid=us6000tgdy&format=quakeml,0.0797619854689089,0.7516970589496577,0.7800216511918794,0.2082914013936747,2,2.0,0.9183301800645974
flexible,cluster:quakeml:earthquake.usgs.gov/fdsnws/event/1/query?eventid=us6000tgea&format=quakeml,0.7230641522168127,3.825010233173797,3.825010233173797,-3.825010233173797,1,1.0,3.825010233173797
flexible,cluster:quakeml:earthquake.usgs.gov/fdsnws/event/1/query?eventid=us6000tgn5&format=quakeml,0.400732470052698,0.945909286687753,0.945909286687753,0.945909286687753,1,1.0,0.945909286687753
flexible,cluster:quakeml:earthquake.usgs.gov/fdsnws/event/1/query?eventid=us6000tgnw&format=quakeml,0.3180535200743912,1.812954890089112,2.413305788787207,-0.5774176056347242,4,4.0,3.612108532026271
flexible,cluster:quakeml:earthquake.usgs.gov/fdsnws/event/1/query?eventid=us6000tgp3&format=quakeml,0.8205508442983153,5.353471521484833,5.353471521484833,-5.353471521484833,1,1.0,5.353471521484833
flexible,cluster:quakeml:earthquake.usgs.gov/fdsnws/event/1/query?eventid=us6000tgpw&format=quakeml,0.6504695677738052,3.430512404394083,4.423865179674937,-3.430512404394083,2,2.0,5.665101264473888
flexible,cluster:quakeml:earthquake.usgs.gov/fdsnws/event/1/query?eventid=us6000tgpy&format=quakeml,0.3976579616944122,0.9322312769441824,0.9322312769441824,0.9322312769441824,1,1.0,0.9322312769441824
flexible,cluster:quakeml:earthquake.usgs.gov/fdsnws/event/1/query?eventid=us6000tgqe&format=quakeml,0.4163476436697026,0.94968341249293,0.94968341249293,0.94968341249293,1,1.0,0.94968341249293
flexible,cluster:quakeml:earthquake.usgs.gov/fdsnws/event/1/query?eventid=us6000tgqr&format=quakeml,0.3237413047530812,0.7076181774940782,0.7076181774940782,0.7076181774940782,1,1.0,0.7076181774940782
flexible,cluster:quakeml:earthquake.usgs.gov/fdsnws/event/1/query?eventid=us6000tgqt&format=quakeml,0.321205038154413,1.887417314314292,2.571908112648315,-1.2277733527424337,3,3.0,3.6617616552626338
flexible,cluster:quakeml:earthquake.usgs.gov/fdsnws/event/1/query?eventid=us6000tgx1&format=quakeml,0.3426140472576187,0.7851189763679534,0.7852974410516963,0.7851189763679534,2,2.0,0.7985118429893646
flexible,cluster:quakeml:earthquake.usgs.gov/fdsnws/event/1/query?eventid=us6000tgyz&format=quakeml,1.155774919779359,5.280047267959445,5.280047267959445,-5.280047267959445,1,1.0,5.280047267959445
flexible,cluster:quakeml:earthquake.usgs.gov/fdsnws/event/1/query?eventid=us6000tgzq&format=quakeml,0.2075972677716615,0.9975969022602011,1.1275086536651209,-0.2214153700899357,7,7.0,1.6341200840188186
flexible,cluster:quakeml:earthquake.usgs.gov/fdsnws/event/1/query?eventid=us6000th04&format=quakeml,0.4121229376467935,0.9578176787486228,0.9578176787486228,0.9578176787486228,1,1.0,0.9578176787486228
flexible,cluster:quakeml:earthquake.usgs.gov/fdsnws/event/1/query?eventid=us6000th0l&format=quakeml,0.3293293551204904,0.7543288417840881,0.7543288417840881,0.7543288417840881,1,1.0,0.7543288417840881
flexible,cluster:quakeml:earthquake.usgs.gov/fdsnws/event/1/query?eventid=us6000th0m&format=quakeml,0.7020883455314018,4.6769407642196565,4.93412477810096,-1.2904078241970507,4,4.0,6.372517653988038
flexible,cluster:quakeml:earthquake.usgs.gov/fdsnws/event/1/query?eventid=us6000th1b&format=quakeml,0.501704053023247,1.2313976994306672,1.2313976994306672,1.2313976994306672,1,1.0,1.2313976994306672
flexible,cluster:quakeml:earthquake.usgs.gov/fdsnws/event/1/query?eventid=us6000th1h&format=quakeml,0.6627374624908768,2.989196059486624,3.4445808930532205,-2.989196059486624,2,2.0,4.358539130419418
flexible,cluster:quakeml:earthquake.usgs.gov/fdsnws/event/1/query?eventid=us6000th1p&format=quakeml,0.4099788515120707,2.907937600537074,2.907937600537074,2.907937600537074,1,1.0,2.907937600537074
flexible,cluster:quakeml:earthquake.usgs.gov/fdsnws/event/1/query?eventid=us6000th5m&format=quakeml,0.349744178561245,0.8202422469929505,0.8202422469929505,0.8202422469929505,1,1.0,0.8202422469929505
flexible,cluster:quakeml:earthquake.usgs.gov/fdsnws/event/1/query?eventid=us6000th7y&format=quakeml,0.4073283761465591,0.9593376443126544,0.9593376443126544,0.9593376443126544,1,1.0,0.9593376443126544
flexible,cluster:quakeml:earthquake.usgs.gov/fdsnws/event/1/query?eventid=us6000tha9&format=quakeml,0.9022958318437944,4.353706668854637,4.353706668854637,-4.353706668854637,1,1.0,4.353706668854637
flexible,cluster:quakeml:earthquake.usgs.gov/fdsnws/event/1/query?eventid=us6000thag&format=quakeml,0.4157323372131531,3.8258852576632014,4.42489413264951,-3.4167073329397057,4,4.0,6.1380972377207055
flexible,cluster:quakeml:earthquake.usgs.gov/fdsnws/event/1/query?eventid=us6000thbs&format=quakeml,0.8730313234760139,4.696382616904533,4.696382616904533,-4.696382616904533,1,1.0,4.696382616904533
flexible,cluster:quakeml:earthquake.usgs.gov/fdsnws/event/1/query?eventid=us6000thug&format=quakeml,0.0239470769897929,0.0447696787357458,0.0447696787357458,-0.0447696787357458,1,1.0,0.0447696787357458
flexible,cluster:quakeml:earthquake.usgs.gov/fdsnws/event/1/query?eventid=us6000ti1z&format=quakeml,0.6907073629769251,5.213233946222618,5.213233946222618,-5.213233946222618,1,1.0,5.213233946222618
flexible,cluster:quakeml:earthquake.usgs.gov/fdsnws/event/1/query?eventid=us7000sz3s&format=quakeml,0.1428786818950675,0.2921278791851389,0.2921278791851389,0.2921278791851389,1,1.0,0.2921278791851389
flexible,cluster:quakeml:earthquake.usgs.gov/fdsnws/event/1/query?eventid=us7000sz4r&format=quakeml,0.0507033637287952,0.0976242386361714,0.0976242386361714,0.0976242386361714,1,1.0,0.0976242386361714
flexible,cluster:quakeml:earthquake.usgs.gov/fdsnws/event/1/query?eventid=us7000sz66&format=quakeml,0.5605080998252681,2.220245702717107,2.3243109371291504,-0.6876993180339859,2,2.0,2.770405157144296
flexible,cluster:quakeml:earthquake.usgs.gov/fdsnws/event/1/query?eventid=us7000sz6t&format=quakeml,0.3959555808212244,0.941001026815634,0.941001026815634,0.941001026815634,1,1.0,0.941001026815634
flexible,cluster:quakeml:earthquake.usgs.gov/fdsnws/event/1/query?eventid=us7000sz6v&format=quakeml,0.4844953685062894,1.1924792737981458,1.1924792737981458,1.1924792737981458,1,1.0,1.1924792737981458
flexible,cluster:quakeml:earthquake.usgs.gov/fdsnws/event/1/query?eventid=us7000sz7d&format=quakeml,0.47746097323378,2.4479413161669044,2.4479413161669044,-2.4479413161669044,1,1.0,2.4479413161669044
flexible,cluster:quakeml:earthquake.usgs.gov/fdsnws/event/1/query?eventid=us7000szcl&format=quakeml,0.336605787543811,0.7892003626056815,0.8617173377623576,0.7892003626056815,2,2.0,1.066004475711892
flexible,cluster:quakeml:earthquake.usgs.gov/fdsnws/event/1/query?eventid=us7000szhi&format=quakeml,0.0565228486338312,0.1122891790121434,0.1122891790121434,0.1122891790121434,1,1.0,0.1122891790121434
flexible,cluster:quakeml:earthquake.usgs.gov/fdsnws/event/1/query?eventid=us7000szr0&format=quakeml,0.5034421897365127,1.3335356608134492,1.3499166404719405,0.5688401847207211,4,4.0,1.548397528691201
flexible,cluster:quakeml:earthquake.usgs.gov/fdsnws/event/1/query?eventid=us7000sztw&format=quakeml,0.3137767028184537,0.7124730681074014,0.7124730681074014,0.7124730681074014,1,1.0,0.7124730681074014
flexible,cluster:quakeml:earthquake.usgs.gov/fdsnws/event/1/query?eventid=us7000szu6&format=quakeml,0.2700003239012974,0.5483278639324947,0.5483278639324947,0.5483278639324947,1,1.0,0.5483278639324947
flexible,cluster:quakeml:earthquake.usgs.gov/fdsnws/event/1/query?eventid=us7000szwc&format=quakeml,0.661391498909916,3.1925568638925546,3.1925568638925546,-3.1925568638925546,1,1.0,3.1925568638925546
flexible,cluster:quakeml:earthquake.usgs.gov/fdsnws/event/1/query?eventid=us7000szyg&format=quakeml,0.2722247233080389,1.6885108329716472,1.9875887320883705,-1.0485419089679011,2,2.0,2.527344360145968
flexible,cluster:quakeml:earthquake.usgs.gov/fdsnws/event/1/query?eventid=us7000szzy&format=quakeml,0.3693718112447639,0.6343315385745939,0.6377753767195328,-0.0661885965958674,2,2.0,0.6872824158512878
flexible,cluster:quakeml:earthquake.usgs.gov/fdsnws/event/1/query?eventid=us7000t02u&format=quakeml,0.4638840930171634,3.371649808314852,3.371649808314852,-3.371649808314852,1,1.0,3.371649808314852
flexible,cluster:quakeml:earthquake.usgs.gov/fdsnws/event/1/query?eventid=us7000t04s&format=quakeml,0.5092402625158213,6.2584496803633325,6.2584496803633325,6.2584496803633325,1,1.0,6.2584496803633325
flexible,cluster:quakeml:earthquake.usgs.gov/fdsnws/event/1/query?eventid=us7000t06l&format=quakeml,0.3429849018557809,0.78168350454477,0.7947461080116027,0.78168350454477,2,2.0,0.8964835740142866
flexible,cluster:quakeml:earthquake.usgs.gov/fdsnws/event/1/query?eventid=us7000t097&format=quakeml,0.2034804313648255,0.3635302004289532,0.3713640756199117,-0.0758753585633479,2,2.0,0.4242304872796316
flexible,cluster:quakeml:earthquake.usgs.gov/fdsnws/event/1/query?eventid=us7000t0de&format=quakeml,0.3383541524678507,0.7690369810745772,0.7690369810745772,0.7690369810745772,1,1.0,0.7690369810745772
flexible,cluster:quakeml:earthquake.usgs.gov/fdsnws/event/1/query?eventid=us7000t0e6&format=quakeml,0.3658661425585089,0.8322800585261136,0.8322800585261136,0.8322800585261136,1,1.0,0.8322800585261136
flexible,cluster:quakeml:earthquake.usgs.gov/fdsnws/event/1/query?eventid=us7000t0q6&format=quakeml,0.8111100053539431,2.4933066964813664,2.4933066964813664,2.4933066964813664,1,1.0,2.4933066964813664
flexible,cluster:quakeml:earthquake.usgs.gov/fdsnws/event/1/query?eventid=us7000t0x1&format=quakeml,0.4520864534422786,1.149463089692328,1.149463089692328,1.149463089692328,1,1.0,1.149463089692328
flexible,cluster:quakeml:earthquake.usgs.gov/fdsnws/event/1/query?eventid=us7000t0xw&format=quakeml,0.4750583066504222,2.611512204551256,2.611512204551256,-2.611512204551256,1,1.0,2.611512204551256
flexible,cluster:quakeml:earthquake.usgs.gov/fdsnws/event/1/query?eventid=us7000t0yi&format=quakeml,0.6421521524646339,7.013614164244997,7.013614164244997,7.013614164244997,1,1.0,7.013614164244997
flexible,cluster:quakeml:earthquake.usgs.gov/fdsnws/event/1/query?eventid=us7000t0yv&format=quakeml,0.5153528199082469,2.1710105712266508,2.1710105712266508,-2.1710105712266508,1,1.0,2.1710105712266508
flexible,cluster:quakeml:earthquake.usgs.gov/fdsnws/event/1/query?eventid=us7000t0zd&format=quakeml,0.3323894323278195,6.32016620213626,6.32016620213626,6.32016620213626,1,1.0,6.32016620213626
flexible,cluster:quakeml:earthquake.usgs.gov/fdsnws/event/1/query?eventid=us7000t106&format=quakeml,0.1407345893350662,0.2904508874329756,0.2904508874329756,0.2904508874329756,1,1.0,0.2904508874329756
flexible,cluster:quakeml:earthquake.usgs.gov/fdsnws/event/1/query?eventid=us7000t11q&format=quakeml,0.5406505135224672,1.4005422170055757,1.4005422170055757,1.4005422170055757,1,1.0,1.4005422170055757
flexible,cluster:quakeml:earthquake.usgs.gov/fdsnws/event/1/query?eventid=us7000t19p&format=quakeml,0.2190919270028541,0.481617236706128,0.5367722369242421,0.481617236706128,3,3.0,0.7218378125586932
flexible,cluster:quakeml:earthquake.usgs.gov/fdsnws/event/1/query?eventid=us7000t1b3&format=quakeml,0.7093344439807692,4.416861768108515,5.042746483630765,-4.416861768108515,2,2.0,6.363448396167676
flexible,cluster:quakeml:earthquake.usgs.gov/fdsnws/event/1/query?eventid=us7000t1dh&format=quakeml,0.3321116375268352,0.7444869748828997,0.7444869748828997,0.7444869748828997,1,1.0,0.7444869748828997
flexible,cluster:quakeml:earthquake.usgs.gov/fdsnws/event/1/query?eventid=us7000t1gu&format=quakeml,0.1566488008391592,0.2765068325439439,0.2765068325439439,-0.2765068325439439,1,1.0,0.2765068325439439
flexible,cluster:quakeml:earthquake.usgs.gov/fdsnws/event/1/query?eventid=us7000t1jw&format=quakeml,0.0680264259597832,0.1321991700636762,0.1321991700636762,0.1321991700636762,1,1.0,0.1321991700636762
flexible,cluster:quakeml:earthquake.usgs.gov/fdsnws/event/1/query?eventid=us7000t1ld&format=quakeml,0.2392948125928269,0.3986066591189785,0.3986066591189785,-0.3986066591189785,1,1.0,0.3986066591189785
flexible,cluster:quakeml:earthquake.usgs.gov/fdsnws/event/1/query?eventid=us7000t1ng&format=quakeml,0.331549364140769,0.7229567186765,0.7229567186765,0.7229567186765,1,1.0,0.7229567186765
flexible,cluster:quakeml:earthquake.usgs.gov/fdsnws/event/1/query?eventid=us7000t1ph&format=quakeml,0.6659031880343417,4.756096448794526,6.265754713947601,-4.756096448794526,2,2.0,8.019393304932079
flexible,cluster:quakeml:earthquake.usgs.gov/fdsnws/event/1/query?eventid=us7000t1q1&format=quakeml,0.0504957803511865,0.5280755668393997,0.5280755668393997,0.5280755668393997,1,1.0,0.5280755668393997
flexible,cluster:quakeml:earthquake.usgs.gov/fdsnws/event/1/query?eventid=us7000t1q8&format=quakeml,0.0557110312143499,0.1003012352580134,0.1003012352580134,-0.1003012352580134,1,1.0,0.1003012352580134
flexible,cluster:quakeml:earthquake.usgs.gov/fdsnws/event/1/query?eventid=us7000t1qt&format=quakeml,0.9285377377273548,6.952286688741079,8.731846953874474,-6.952286688741079,3,3.0,12.28044490490664
flexible,cluster:quakeml:earthquake.usgs.gov/fdsnws/event/1/query?eventid=us7000t1w2&format=quakeml,0.3709851638537194,0.8818596235898942,0.9555295178467632,0.8818596235898942,4,4.0,1.260130770854914
flexible,cluster:quakeml:earthquake.usgs.gov/fdsnws/event/1/query?eventid=us7000t1wn&format=quakeml,0.1236906025700862,0.3924377610511382,0.3924377610511382,-0.3924377610511382,1,1.0,0.3924377610511382
flexible,cluster:quakeml:earthquake.usgs.gov/fdsnws/event/1/query?eventid=us7000t1z0&format=quakeml,0.2962332281511215,0.6681909301557776,0.6681909301557776,0.6681909301557776,1,1.0,0.6681909301557776
flexible,cluster:quakeml:earthquake.usgs.gov/fdsnws/event/1/query?eventid=us7000t213&format=quakeml,0.5169522283102502,1.2840964064250218,1.2840964064250218,1.2840964064250218,1,1.0,1.2840964064250218
flexible,cluster:quakeml:earthquake.usgs.gov/fdsnws/event/1/query?eventid=us7000t22v&format=quakeml,1.6835468064593655,13.85540030139072,13.85540030139072,13.85540030139072,1,1.0,13.85540030139072
flexible,cluster:quakeml:earthquake.usgs.gov/fdsnws/event/1/query?eventid=us7000t27u&format=quakeml,0.9147106193870512,12.584796473957686,12.584796473957686,12.584796473957686,1,1.0,12.584796473957686
flexible,cluster:quakeml:earthquake.usgs.gov/fdsnws/event/1/query?eventid=us7000t2et&format=quakeml,0.0363287011658791,0.0699236731964154,0.0699236731964154,0.0699236731964154,1,1.0,0.0699236731964154
flexible,cluster:quakeml:earthquake.usgs.gov/fdsnws/event/1/query?eventid=us7000t2iy&format=quakeml,0.7017072257824614,2.8707621779063763,2.8707621779063763,-2.8707621779063763,1,1.0,2.8707621779063763
flexible,cluster:quakeml:earthquake.usgs.gov/fdsnws/event/1/query?eventid=us7000t2pj&format=quakeml,0.0364875001415274,0.0701606091020528,0.0701606091020528,0.0701606091020528,1,1.0,0.0701606091020528
flexible,cluster:quakeml:earthquake.usgs.gov/fdsnws/event/1/query?eventid=us7000t2pq&format=quakeml,0.3331331746692731,0.7582489032964295,0.7582489032964295,0.7582489032964295,1,1.0,0.7582489032964295
flexible,cluster:quakeml:earthquake.usgs.gov/fdsnws/event/1/query?eventid=us7000t2y2&format=quakeml,0.8032666815832047,4.438072830929011,4.438072830929011,-4.438072830929011,1,1.0,4.438072830929011
flexible,cluster:quakeml:earthquake.usgs.gov/fdsnws/event/1/query?eventid=us7000t2yy&format=quakeml,0.918587040023348,5.687683848441024,5.687683848441024,-5.687683848441024,1,1.0,5.687683848441024
flexible,cluster:quakeml:earthquake.usgs.gov/fdsnws/event/1/query?eventid=us7000t30x&format=quakeml,0.3963395716531415,0.9673978110715542,0.9673978110715542,0.9673978110715542,1,1.0,0.9673978110715542
flexible,cluster:quakeml:earthquake.usgs.gov/fdsnws/event/1/query?eventid=us7000t389&format=quakeml,0.545331547151777,3.648641729677083,3.648641729677083,-3.648641729677083,1,1.0,3.648641729677083
flexible,cluster:quakeml:earthquake.usgs.gov/fdsnws/event/1/query?eventid=us7000t3di&format=quakeml,0.5944122708617544,3.493938382280245,3.493938382280245,-3.493938382280245,1,1.0,3.493938382280245
flexible,cluster:quakeml:earthquake.usgs.gov/fdsnws/event/1/query?eventid=us7000t3dx&format=quakeml,0.3449833343710893,0.7950951291559731,0.7950951291559731,0.7950951291559731,1,1.0,0.7950951291559731
flexible,cluster:quakeml:earthquake.usgs.gov/fdsnws/event/1/query?eventid=us7000t3hh&format=quakeml,0.525959483026812,2.9391598781367527,2.9391598781367527,-2.9391598781367527,1,1.0,2.9391598781367527
flexible,cluster:quakeml:earthquake.usgs.gov/fdsnws/event/1/query?eventid=us7000t3hl&format=quakeml,0.3009500759538684,0.6984212100295146,0.6984212100295146,0.6984212100295146,1,1.0,0.6984212100295146
flexible,cluster:quakeml:earthquake.usgs.gov/fdsnws/event/1/query?eventid=us7000t3in&format=quakeml,0.2583933197072141,0.4217162995514933,0.4217162995514933,-0.4217162995514933,1,1.0,0.4217162995514933
flexible,cluster:quakeml:earthquake.usgs.gov/fdsnws/event/1/query?eventid=uu80143896&format=quakeml,0.5137407060958409,0.640136620442673,0.6421592576890456,0.640136620442673,4,4.0,0.6878343189769119
attempt_001,cluster:quakeml:earthquake.usgs.gov/fdsnws/event/1/query?eventid=aka2026ncclpa&format=quakeml,0.1098446997007274,0.3075238209720989,0.3075238209720989,-0.3075238209720989,1,1.0,0.3075238209720989
attempt_001,cluster:quakeml:earthquake.usgs.gov/fdsnws/event/1/query?eventid=aka2026ncfzau&format=quakeml,0.4365773461839167,1.2428315645344914,1.59171766679898,0.8680795256929691,7,7.0,2.607487772530336
attempt_001,cluster:quakeml:earthquake.usgs.gov/fdsnws/event/1/query?eventid=aka2026nzghnm&format=quakeml,0.1431404531844895,0.38842304977145,0.38842304977145,0.38842304977145,1,1.0,0.38842304977145
attempt_001,cluster:quakeml:earthquake.usgs.gov/fdsnws/event/1/query?eventid=aka2026ofyant&format=quakeml,0.1350886896080658,0.5029218237909432,0.5029218237909432,0.5029218237909432,1,1.0,0.5029218237909432
attempt_001,cluster:quakeml:earthquake.usgs.gov/fdsnws/event/1/query?eventid=ci40656850&format=quakeml,1.912159119925926,1.3842444670136187,1.3842444670136187,1.3842444670136187,1,1.0,1.3842444670136187
attempt_001,cluster:quakeml:earthquake.usgs.gov/fdsnws/event/1/query?eventid=ci40664370&format=quakeml,1.831984680273809,1.364030516168674,1.364030516168674,1.364030516168674,1,1.0,1.364030516168674
attempt_001,cluster:quakeml:earthquake.usgs.gov/fdsnws/event/1/query?eventid=ci41285127&format=quakeml,1.3997610038175905,1.2606238842262705,1.2638586666844809,1.2606238842262705,3,3.0,1.3494212152494471
attempt_001,cluster:quakeml:earthquake.usgs.gov/fdsnws/event/1/query?eventid=ci41287863&format=quakeml,0.943158085096516,1.223101492807267,1.223101492807267,1.223101492807267,1,1.0,1.223101492807267
attempt_001,cluster:quakeml:earthquake.usgs.gov/fdsnws/event/1/query?eventid=nc75406447&format=quakeml,0.4415611370347742,0.6772623824008952,0.6772623824008952,0.6772623824008952,1,1.0,0.6772623824008952
attempt_001,cluster:quakeml:earthquake.usgs.gov/fdsnws/event/1/query?eventid=tx2026mvdbvd&format=quakeml,0.867136169847371,0.7570160293105814,0.7577927561247172,0.7570160293105814,2,2.0,0.7844572258085314
attempt_001,cluster:quakeml:earthquake.usgs.gov/fdsnws/event/1/query?eventid=tx2026nqayet&format=quakeml,1.059921022434317,1.879345773155018,1.889939647252504,1.879345773155018,3,3.0,2.029519894955082
attempt_001,cluster:quakeml:earthquake.usgs.gov/fdsnws/event/1/query?eventid=us6000t9h4&format=quakeml,0.7392292934465347,3.6348053633726463,4.953774956453471,-1.9616290964592984,3,3.0,6.967380326623462
attempt_001,cluster:quakeml:earthquake.usgs.gov/fdsnws/event/1/query?eventid=us6000t9kl&format=quakeml,0.3114925930573783,0.503176294233485,0.503176294233485,-0.503176294233485,1,1.0,0.503176294233485
attempt_001,cluster:quakeml:earthquake.usgs.gov/fdsnws/event/1/query?eventid=us6000t9kr&format=quakeml,0.7281313451500455,4.15665318837317,4.15665318837317,-4.15665318837317,1,1.0,4.15665318837317
attempt_001,cluster:quakeml:earthquake.usgs.gov/fdsnws/event/1/query?eventid=us6000t9lc&format=quakeml,0.2392004298744103,0.902083842600613,2.054949885839578,-0.4520073757687861,12,12.0,0.9526699448800572
attempt_001,cluster:quakeml:earthquake.usgs.gov/fdsnws/event/1/query?eventid=us6000t9qx&format=quakeml,0.9979816185573128,5.996376620443443,6.6858493161752754,-5.996376620443443,2,2.0,8.362003607695751
attempt_001,cluster:quakeml:earthquake.usgs.gov/fdsnws/event/1/query?eventid=us6000t9qz&format=quakeml,1.0528712970078045,5.084729131239525,5.1078320410434985,-5.084729131239525,2,2.0,5.472937587765433
attempt_001,cluster:quakeml:earthquake.usgs.gov/fdsnws/event/1/query?eventid=us6000t9r5&format=quakeml,0.7690119574549434,4.446547101985352,6.5068632318345685,-4.146495714540992,23,23.0,6.780444880408518
attempt_001,cluster:quakeml:earthquake.usgs.gov/fdsnws/event/1/query?eventid=us6000t9sq&format=quakeml,0.7627389900269874,2.958427077674868,3.324119111599134,2.958427077674868,2,2.0,4.171021544211147
attempt_001,cluster:quakeml:earthquake.usgs.gov/fdsnws/event/1/query?eventid=us6000t9tt&format=quakeml,0.8000479393540264,2.3238278913960464,2.3238278913960464,2.3238278913960464,1,1.0,2.3238278913960464
attempt_001,cluster:quakeml:earthquake.usgs.gov/fdsnws/event/1/query?eventid=us6000t9zw&format=quakeml,0.1022761658134717,0.1693361789514325,0.2274621491544159,-0.1518693115677891,2,2.0,0.2908316282056638
attempt_001,cluster:quakeml:earthquake.usgs.gov/fdsnws/event/1/query?eventid=us6000ta4c&format=quakeml,0.4644854742727306,0.6472255020035245,0.6472255020035245,-0.6472255020035245,1,1.0,0.6472255020035245
attempt_001,cluster:quakeml:earthquake.usgs.gov/fdsnws/event/1/query?eventid=us6000ta7h&format=quakeml,0.2843714380983848,0.6476561859673071,0.6476561859673071,0.6476561859673071,1,1.0,0.6476561859673071
attempt_001,cluster:quakeml:earthquake.usgs.gov/fdsnws/event/1/query?eventid=us6000ta7l&format=quakeml,1.019022483077879,3.4648396218639688,3.4648396218639688,3.4648396218639688,1,1.0,3.4648396218639688
attempt_001,cluster:quakeml:earthquake.usgs.gov/fdsnws/event/1/query?eventid=us6000ta86&format=quakeml,0.656419171001353,2.815182752281311,3.451387116526866,-2.776613066367088,3,3.0,4.510249142948663
attempt_001,cluster:quakeml:earthquake.usgs.gov/fdsnws/event/1/query?eventid=us6000tahc&format=quakeml,0.094852747902036,0.5657621066741905,0.7671658961801363,0.5657621066741905,2,2.0,0.9802646043561832
attempt_001,cluster:quakeml:earthquake.usgs.gov/fdsnws/event/1/query?eventid=us6000tai4&format=quakeml,0.1283280547735439,0.2177468662189912,0.2177468662189912,-0.2177468662189912,1,1.0,0.2177468662189912
attempt_001,cluster:quakeml:earthquake.usgs.gov/fdsnws/event/1/query?eventid=us6000takd&format=quakeml,0.3202030717008625,0.59350051980954,0.6113563349480605,0.1466754964775336,2,2.0,0.7108409169915669
attempt_001,cluster:quakeml:earthquake.usgs.gov/fdsnws/event/1/query?eventid=us6000talg&format=quakeml,0.9485111130493938,5.607466842493226,7.004310981946812,-5.607466842493226,7,7.0,9.497477735547932
attempt_001,cluster:quakeml:earthquake.usgs.gov/fdsnws/event/1/query?eventid=us6000talr&format=quakeml,0.4495972218692319,2.426629001088792,2.6325573741278063,-2.426629001088792,3,3.0,3.2839560553858544
attempt_001,cluster:quakeml:earthquake.usgs.gov/fdsnws/event/1/query?eventid=us6000tapb&format=quakeml,0.1972858326340509,1.3487388755546572,1.3487388755546572,-1.3487388755546572,1,1.0,1.3487388755546572
attempt_001,cluster:quakeml:earthquake.usgs.gov/fdsnws/event/1/query?eventid=us6000tary&format=quakeml,0.3647598816836024,1.3862875764392224,1.5477267526004306,-1.3862875764392224,2,2.0,1.9368740890966052
attempt_001,cluster:quakeml:earthquake.usgs.gov/fdsnws/event/1/query?eventid=us6000tasa&format=quakeml,0.0252655381289926,0.1133010821841962,0.1133010821841962,0.1133010821841962,1,1.0,0.1133010821841962
attempt_001,cluster:quakeml:earthquake.usgs.gov/fdsnws/event/1/query?eventid=us6000tatn&format=quakeml,0.6295088688138336,1.6288875164665106,1.6288875164665106,1.6288875164665106,1,1.0,1.6288875164665106
attempt_001,cluster:quakeml:earthquake.usgs.gov/fdsnws/event/1/query?eventid=us6000tavd&format=quakeml,0.2315567846555019,2.3405981725330847,3.118192351347972,-2.3405981725330847,2,2.0,3.988816359010064
attempt_001,cluster:quakeml:earthquake.usgs.gov/fdsnws/event/1/query?eventid=us6000taxu&format=quakeml,0.2586719048545955,2.043563930268304,2.043563930268304,-2.043563930268304,1,1.0,2.043563930268304
attempt_001,cluster:quakeml:earthquake.usgs.gov/fdsnws/event/1/query?eventid=us6000taxz&format=quakeml,0.2050848000862559,0.4368203649643134,0.4368203649643134,0.4368203649643134,1,1.0,0.4368203649643134
attempt_001,cluster:quakeml:earthquake.usgs.gov/fdsnws/event/1/query?eventid=us6000tayu&format=quakeml,1.0261657882334978,3.5126598689313795,3.5126598689313795,3.5126598689313795,1,1.0,3.5126598689313795
attempt_001,cluster:quakeml:earthquake.usgs.gov/fdsnws/event/1/query?eventid=us6000tazm&format=quakeml,0.4490642873646224,2.9311005025700467,2.9311005025700467,-2.9311005025700467,1,1.0,2.9311005025700467
attempt_001,cluster:quakeml:earthquake.usgs.gov/fdsnws/event/1/query?eventid=us6000tg2v&format=quakeml,0.1246334110200568,0.268651854032043,0.268651854032043,0.268651854032043,1,1.0,0.268651854032043
attempt_001,cluster:quakeml:earthquake.usgs.gov/fdsnws/event/1/query?eventid=us6000tg42&format=quakeml,0.5534342916883431,2.2320288805975377,2.7516466057632427,-0.6212364904307615,23,23.0,3.609965423764702
attempt_001,cluster:quakeml:earthquake.usgs.gov/fdsnws/event/1/query?eventid=us6000tg4g&format=quakeml,0.7197292393013641,3.148992479687481,3.148992479687481,-3.148992479687481,1,1.0,3.148992479687481
attempt_001,cluster:quakeml:earthquake.usgs.gov/fdsnws/event/1/query?eventid=us6000tg5f&format=quakeml,0.5098960775430954,3.388689486445696,3.8934012048840527,-3.388689486445696,13,13.0,5.271198616006425
attempt_001,cluster:quakeml:earthquake.usgs.gov/fdsnws/event/1/query?eventid=us6000tg8x&format=quakeml,0.3870348185071635,2.3069590821212644,2.5726122491810663,-2.3069590821212644,2,2.0,3.217791168707477
attempt_001,cluster:quakeml:earthquake.usgs.gov/fdsnws/event/1/query?eventid=us6000tgav&format=quakeml,0.4191024532271952,2.3941457540881883,2.3941457540881883,-2.3941457540881883,1,1.0,2.3941457540881883
attempt_001,cluster:quakeml:earthquake.usgs.gov/fdsnws/event/1/query?eventid=us6000tgdy&format=quakeml,0.4113906107276295,3.156843278146777,3.158833772414399,-3.156843278146777,2,2.0,3.246540792815753
attempt_001,cluster:quakeml:earthquake.usgs.gov/fdsnws/event/1/query?eventid=us6000tgea&format=quakeml,0.6551382712558638,3.571559719466071,3.571559719466071,-3.571559719466071,1,1.0,3.571559719466071
attempt_001,cluster:quakeml:earthquake.usgs.gov/fdsnws/event/1/query?eventid=us6000tgn5&format=quakeml,0.7567489029645318,2.1710333333715544,2.1710333333715544,2.1710333333715544,1,1.0,2.1710333333715544
attempt_001,cluster:quakeml:earthquake.usgs.gov/fdsnws/event/1/query?eventid=us6000tgnw&format=quakeml,0.4540104055391167,2.533739047031632,3.072376614150299,-0.8012605690546459,4,4.0,4.4681667038715895
attempt_001,cluster:quakeml:earthquake.usgs.gov/fdsnws/event/1/query?eventid=us6000tgp3&format=quakeml,0.9668852480767895,5.926519794586005,5.926519794586005,-5.926519794586005,1,1.0,5.926519794586005
attempt_001,cluster:quakeml:earthquake.usgs.gov/fdsnws/event/1/query?eventid=us6000tgpw&format=quakeml,0.722602513871734,3.6360939742160543,4.599753156895496,-3.6360939742160543,2,2.0,5.889844585447354
attempt_001,cluster:quakeml:earthquake.usgs.gov/fdsnws/event/1/query?eventid=us6000tgpy&format=quakeml,0.728429956021438,2.046114299353773,2.046114299353773,2.046114299353773,1,1.0,2.046114299353773
attempt_001,cluster:quakeml:earthquake.usgs.gov/fdsnws/event/1/query?eventid=us6000tgqe&format=quakeml,0.7739690212078549,2.148605665042304,2.148605665042304,2.148605665042304,1,1.0,2.148605665042304
attempt_001,cluster:quakeml:earthquake.usgs.gov/fdsnws/event/1/query?eventid=us6000tgqr&format=quakeml,0.5505193833802842,1.3589180812986958,1.3589180812986958,1.3589180812986958,1,1.0,1.3589180812986958
attempt_001,cluster:quakeml:earthquake.usgs.gov/fdsnws/event/1/query?eventid=us6000tgqt&format=quakeml,0.4907236908674267,3.114501814959256,4.073332523710258,-2.9096019960445063,3,3.0,5.780617771422564
attempt_001,cluster:quakeml:earthquake.usgs.gov/fdsnws/event/1/query?eventid=us6000tgx1&format=quakeml,0.7372321568685889,2.097114953597984,2.1010779607876686,2.097114953597984,2,2.0,2.200304003260102
attempt_001,cluster:quakeml:earthquake.usgs.gov/fdsnws/event/1/query?eventid=us6000tgyz&format=quakeml,1.244018919841866,5.484949401823625,5.484949401823625,-5.484949401823625,1,1.0,5.484949401823625
attempt_001,cluster:quakeml:earthquake.usgs.gov/fdsnws/event/1/query?eventid=us6000tgzq&format=quakeml,0.2294483188699252,1.2900335050077918,1.5332194615609176,1.0379555821100184,7,7.0,2.326084917615937
attempt_001,cluster:quakeml:earthquake.usgs.gov/fdsnws/event/1/query?eventid=us6000th04&format=quakeml,0.9589172272528104,3.021458104285866,3.021458104285866,3.021458104285866,1,1.0,3.021458104285866
attempt_001,cluster:quakeml:earthquake.usgs.gov/fdsnws/event/1/query?eventid=us6000th0l&format=quakeml,0.4381470744065228,1.0633766959316493,1.0633766959316493,1.0633766959316493,1,1.0,1.0633766959316493
attempt_001,cluster:quakeml:earthquake.usgs.gov/fdsnws/event/1/query?eventid=us6000th0m&format=quakeml,0.7899878751761786,3.886784421724273,4.449954824913768,-3.886784421724273,4,4.0,6.099805352991245
attempt_001,cluster:quakeml:earthquake.usgs.gov/fdsnws/event/1/query?eventid=us6000th1b&format=quakeml,0.3978931937492623,0.9236146888399872,0.9236146888399872,0.9236146888399872,1,1.0,0.9236146888399872
attempt_001,cluster:quakeml:earthquake.usgs.gov/fdsnws/event/1/query?eventid=us6000th1h&format=quakeml,0.8090065349127868,3.3628626313008247,3.800800202440267,-3.3628626313008247,2,2.0,4.7798424283329135
attempt_001,cluster:quakeml:earthquake.usgs.gov/fdsnws/event/1/query?eventid=us6000th1p&format=quakeml,0.2727516588881464,1.3697649069159246,1.3697649069159246,-1.3697649069159246,1,1.0,1.3697649069159246
attempt_001,cluster:quakeml:earthquake.usgs.gov/fdsnws/event/1/query?eventid=us6000th5m&format=quakeml,0.3791719200650373,0.903244361961693,0.903244361961693,0.903244361961693,1,1.0,0.903244361961693
attempt_001,cluster:quakeml:earthquake.usgs.gov/fdsnws/event/1/query?eventid=us6000th7y&format=quakeml,0.4684326737595475,1.1400079521242406,1.1400079521242406,1.1400079521242406,1,1.0,1.1400079521242406
attempt_001,cluster:quakeml:earthquake.usgs.gov/fdsnws/event/1/query?eventid=us6000tha9&format=quakeml,0.5804546016340084,3.2256084786522203,3.2256084786522203,-3.2256084786522203,1,1.0,3.2256084786522203
attempt_001,cluster:quakeml:earthquake.usgs.gov/fdsnws/event/1/query?eventid=us6000thag&format=quakeml,0.5254748388539577,4.409471816966738,5.59065729215675,-4.409471816966738,4,4.0,8.354367146777596
attempt_001,cluster:quakeml:earthquake.usgs.gov/fdsnws/event/1/query?eventid=us6000thbs&format=quakeml,0.9579686502234748,4.970689627760129,4.970689627760129,-4.970689627760129,1,1.0,4.970689627760129
attempt_001,cluster:quakeml:earthquake.usgs.gov/fdsnws/event/1/query?eventid=us6000thug&format=quakeml,0.2948443534815189,0.4831269673966729,0.4831269673966729,-0.4831269673966729,1,1.0,0.4831269673966729
attempt_001,cluster:quakeml:earthquake.usgs.gov/fdsnws/event/1/query?eventid=us6000ti1z&format=quakeml,0.1852980271663651,1.7678865126132504,1.7678865126132504,-1.7678865126132504,1,1.0,1.7678865126132504
attempt_001,cluster:quakeml:earthquake.usgs.gov/fdsnws/event/1/query?eventid=us7000sz3s&format=quakeml,0.0521773772051509,0.0966967433124572,0.0966967433124572,-0.0966967433124572,1,1.0,0.0966967433124572
attempt_001,cluster:quakeml:earthquake.usgs.gov/fdsnws/event/1/query?eventid=us7000sz4r&format=quakeml,0.193683550692291,0.4011376939341635,0.4011376939341635,0.4011376939341635,1,1.0,0.4011376939341635
attempt_001,cluster:quakeml:earthquake.usgs.gov/fdsnws/event/1/query?eventid=us7000sz66&format=quakeml,0.4428779021378454,1.867911394592298,2.1716440614319086,-1.1076754721057662,2,2.0,2.754051772276911
attempt_001,cluster:quakeml:earthquake.usgs.gov/fdsnws/event/1/query?eventid=us7000sz6t&format=quakeml,0.557694391318704,1.4462431988930924,1.4462431988930924,1.4462431988930924,1,1.0,1.4462431988930924
attempt_001,cluster:quakeml:earthquake.usgs.gov/fdsnws/event/1/query?eventid=us7000sz6v&format=quakeml,0.0654132984384341,0.1293191265467916,0.1293191265467916,0.1293191265467916,1,1.0,0.1293191265467916
attempt_001,cluster:quakeml:earthquake.usgs.gov/fdsnws/event/1/query?eventid=us7000sz7d&format=quakeml,0.4272128449236854,2.2418103766270745,2.2418103766270745,-2.2418103766270745,1,1.0,2.2418103766270745
attempt_001,cluster:quakeml:earthquake.usgs.gov/fdsnws/event/1/query?eventid=us7000szcl&format=quakeml,0.1721657451606004,0.3773104209698902,0.4669694870935565,0.3773104209698902,2,2.0,0.5974156294192221
attempt_001,cluster:quakeml:earthquake.usgs.gov/fdsnws/event/1/query?eventid=us7000szhi&format=quakeml,0.0252510241560982,0.0493805587014082,0.0493805587014082,0.0493805587014082,1,1.0,0.0493805587014082
attempt_001,cluster:quakeml:earthquake.usgs.gov/fdsnws/event/1/query?eventid=us7000szr0&format=quakeml,0.3129829107797521,0.8390739447397103,1.142157149771871,0.2723146033592259,4,4.0,1.7248666237926185
attempt_001,cluster:quakeml:earthquake.usgs.gov/fdsnws/event/1/query?eventid=us7000sztw&format=quakeml,0.2023237024471469,0.4334641059318789,0.4334641059318789,0.4334641059318789,1,1.0,0.4334641059318789
attempt_001,cluster:quakeml:earthquake.usgs.gov/fdsnws/event/1/query?eventid=us7000szu6&format=quakeml,0.2872496724330109,0.4416761892261427,0.4416761892261427,-0.4416761892261427,1,1.0,0.4416761892261427
attempt_001,cluster:quakeml:earthquake.usgs.gov/fdsnws/event/1/query?eventid=us7000szwc&format=quakeml,0.0497042997447847,0.3199321053113815,0.3199321053113815,-0.3199321053113815,1,1.0,0.3199321053113815
attempt_001,cluster:quakeml:earthquake.usgs.gov/fdsnws/event/1/query?eventid=us7000szyg&format=quakeml,0.2750995568305068,1.656665760769699,2.117889290013004,-1.3194368502679996,2,2.0,2.712215240984099
attempt_001,cluster:quakeml:earthquake.usgs.gov/fdsnws/event/1/query?eventid=us7000szzy&format=quakeml,0.3341723934305411,0.7117144618233882,0.7872330915705953,0.3364497960992727,2,2.0,0.9808742987028064
attempt_001,cluster:quakeml:earthquake.usgs.gov/fdsnws/event/1/query?eventid=us7000t02u&format=quakeml,1.019674250664406,5.807288350656418,5.807288350656418,-5.807288350656418,1,1.0,5.807288350656418
attempt_001,cluster:quakeml:earthquake.usgs.gov/fdsnws/event/1/query?eventid=us7000t04s&format=quakeml,0.6737945224993105,4.62041240307904,4.62041240307904,-4.62041240307904,1,1.0,4.62041240307904
attempt_001,cluster:quakeml:earthquake.usgs.gov/fdsnws/event/1/query?eventid=us7000t06l&format=quakeml,0.2115818959727486,0.4570942821872509,0.5016335874086312,0.4570942821872509,2,2.0,0.6224081861797215
attempt_001,cluster:quakeml:earthquake.usgs.gov/fdsnws/event/1/query?eventid=us7000t097&format=quakeml,0.3826309091014816,0.598645413788622,0.6056361550388674,-0.598645413788622,2,2.0,0.6720487198290995
attempt_001,cluster:quakeml:earthquake.usgs.gov/fdsnws/event/1/query?eventid=us7000t0de&format=quakeml,0.0776374852859647,0.1541958410433113,0.1541958410433113,0.1541958410433113,1,1.0,0.1541958410433113
attempt_001,cluster:quakeml:earthquake.usgs.gov/fdsnws/event/1/query?eventid=us7000t0e6&format=quakeml,0.5294219442564569,1.3149387699449386,1.3149387699449386,1.3149387699449386,1,1.0,1.3149387699449386
attempt_001,cluster:quakeml:earthquake.usgs.gov/fdsnws/event/1/query?eventid=us7000t0q6&format=quakeml,0.2933320593064653,0.6797306138631105,0.6797306138631105,0.6797306138631105,1,1.0,0.6797306138631105
attempt_001,cluster:quakeml:earthquake.usgs.gov/fdsnws/event/1/query?eventid=us7000t0x1&format=quakeml,0.3299957677547871,0.7862250677732079,0.7862250677732079,0.7862250677732079,1,1.0,0.7862250677732079
attempt_001,cluster:quakeml:earthquake.usgs.gov/fdsnws/event/1/query?eventid=us7000t0xw&format=quakeml,0.1849377501152895,1.1660365147731089,1.1660365147731089,-1.1660365147731089,1,1.0,1.1660365147731089
attempt_001,cluster:quakeml:earthquake.usgs.gov/fdsnws/event/1/query?eventid=us7000t0yi&format=quakeml,0.3495352107561656,2.297337749494475,2.297337749494475,-2.297337749494475,1,1.0,2.297337749494475
attempt_001,cluster:quakeml:earthquake.usgs.gov/fdsnws/event/1/query?eventid=us7000t0yv&format=quakeml,0.2507273623217773,1.5362177865776356,1.5362177865776356,1.5362177865776356,1,1.0,1.5362177865776356
attempt_001,cluster:quakeml:earthquake.usgs.gov/fdsnws/event/1/query?eventid=us7000t0zd&format=quakeml,0.8905259873491594,9.450060288424991,9.450060288424991,-9.450060288424991,1,1.0,9.450060288424991
attempt_001,cluster:quakeml:earthquake.usgs.gov/fdsnws/event/1/query?eventid=us7000t106&format=quakeml,0.144104414972486,0.2979190372691842,0.2979190372691842,0.2979190372691842,1,1.0,0.2979190372691842
attempt_001,cluster:quakeml:earthquake.usgs.gov/fdsnws/event/1/query?eventid=us7000t11q&format=quakeml,1.029554469641162,3.515044852405391,3.515044852405391,3.515044852405391,1,1.0,3.515044852405391
attempt_001,cluster:quakeml:earthquake.usgs.gov/fdsnws/event/1/query?eventid=us7000t19p&format=quakeml,0.1704740096882646,0.2780824196096541,0.337337541823452,-0.2780824196096541,3,3.0,0.4367646005668933
attempt_001,cluster:quakeml:earthquake.usgs.gov/fdsnws/event/1/query?eventid=us7000t1b3&format=quakeml,0.5799388785636006,3.922207117066228,4.719622991029982,-3.922207117066228,2,2.0,6.022284450239472
attempt_001,cluster:quakeml:earthquake.usgs.gov/fdsnws/event/1/query?eventid=us7000t1dh&format=quakeml,0.5064555377017028,1.2462642639318993,1.2462642639318993,1.2462642639318993,1,1.0,1.2462642639318993
attempt_001,cluster:quakeml:earthquake.usgs.gov/fdsnws/event/1/query?eventid=us7000t1gu&format=quakeml,0.2214552543569968,0.3788221586935707,0.3788221586935707,-0.3788221586935707,1,1.0,0.3788221586935707
attempt_001,cluster:quakeml:earthquake.usgs.gov/fdsnws/event/1/query?eventid=us7000t1jw&format=quakeml,0.055771183551566,0.1018711417933537,0.1018711417933537,-0.1018711417933537,1,1.0,0.1018711417933537
attempt_001,cluster:quakeml:earthquake.usgs.gov/fdsnws/event/1/query?eventid=us7000t1ld&format=quakeml,0.3624528742349133,0.569453601305999,0.569453601305999,-0.569453601305999,1,1.0,0.569453601305999
attempt_001,cluster:quakeml:earthquake.usgs.gov/fdsnws/event/1/query?eventid=us7000t1ng&format=quakeml,0.0533715709749393,0.1008167630865528,0.1008167630865528,0.1008167630865528,1,1.0,0.1008167630865528
attempt_001,cluster:quakeml:earthquake.usgs.gov/fdsnws/event/1/query?eventid=us7000t1ph&format=quakeml,0.7258012158941977,4.991931580343392,6.597965292054916,-4.991931580343392,2,2.0,8.443425410425121
attempt_001,cluster:quakeml:earthquake.usgs.gov/fdsnws/event/1/query?eventid=us7000t1q1&format=quakeml,0.6741666044915805,5.0003128770000735,5.0003128770000735,-5.0003128770000735,1,1.0,5.0003128770000735
attempt_001,cluster:quakeml:earthquake.usgs.gov/fdsnws/event/1/query?eventid=us7000t1q8&format=quakeml,0.2235977861382391,0.4638012245574239,0.4638012245574239,0.4638012245574239,1,1.0,0.4638012245574239
attempt_001,cluster:quakeml:earthquake.usgs.gov/fdsnws/event/1/query?eventid=us7000t1qt&format=quakeml,1.431179186084215,8.612454445698512,10.003252784088524,-8.612454445698512,3,3.0,13.694042661406336
attempt_001,cluster:quakeml:earthquake.usgs.gov/fdsnws/event/1/query?eventid=us7000t1w2&format=quakeml,0.3571985679100722,0.931957213646447,1.2067702042488122,0.88912566380902,4,4.0,1.7851038718297525
attempt_001,cluster:quakeml:earthquake.usgs.gov/fdsnws/event/1/query?eventid=us7000t1wn&format=quakeml,0.0090816115658714,0.0307717930541429,0.0307717930541429,0.0307717930541429,1,1.0,0.0307717930541429
attempt_001,cluster:quakeml:earthquake.usgs.gov/fdsnws/event/1/query?eventid=us7000t1z0&format=quakeml,0.4081076435259611,0.9766920091867866,0.9766920091867866,0.9766920091867866,1,1.0,0.9766920091867866
attempt_001,cluster:quakeml:earthquake.usgs.gov/fdsnws/event/1/query?eventid=us7000t213&format=quakeml,0.5134538246690938,0.7617874906853941,0.7617874906853941,-0.7617874906853941,1,1.0,0.7617874906853941
attempt_001,cluster:quakeml:earthquake.usgs.gov/fdsnws/event/1/query?eventid=us7000t22v&format=quakeml,0.5156090592619635,2.131919777106,2.131919777106,2.131919777106,1,1.0,2.131919777106
attempt_001,cluster:quakeml:earthquake.usgs.gov/fdsnws/event/1/query?eventid=us7000t27u&format=quakeml,0.4128828929431238,2.845445032151467,2.845445032151467,-2.845445032151467,1,1.0,2.845445032151467
attempt_001,cluster:quakeml:earthquake.usgs.gov/fdsnws/event/1/query?eventid=us7000t2et&format=quakeml,0.1585104702203038,0.2770474864917016,0.2770474864917016,-0.2770474864917016,1,1.0,0.2770474864917016
attempt_001,cluster:quakeml:earthquake.usgs.gov/fdsnws/event/1/query?eventid=us7000t2iy&format=quakeml,0.0103508325251768,0.0592333177894577,0.0592333177894577,0.0592333177894577,1,1.0,0.0592333177894577
attempt_001,cluster:quakeml:earthquake.usgs.gov/fdsnws/event/1/query?eventid=us7000t2pj&format=quakeml,0.0670038223717358,0.1223582088283425,0.1223582088283425,-0.1223582088283425,1,1.0,0.1223582088283425
attempt_001,cluster:quakeml:earthquake.usgs.gov/fdsnws/event/1/query?eventid=us7000t2pq&format=quakeml,0.8921179388654494,2.762481153990807,2.762481153990807,2.762481153990807,1,1.0,2.762481153990807
attempt_001,cluster:quakeml:earthquake.usgs.gov/fdsnws/event/1/query?eventid=us7000t2y2&format=quakeml,0.697900372391072,4.038057749518933,4.038057749518933,-4.038057749518933,1,1.0,4.038057749518933
attempt_001,cluster:quakeml:earthquake.usgs.gov/fdsnws/event/1/query?eventid=us7000t2yy&format=quakeml,0.6771459359862079,4.656165011369645,4.656165011369645,-4.656165011369645,1,1.0,4.656165011369645
attempt_001,cluster:quakeml:earthquake.usgs.gov/fdsnws/event/1/query?eventid=us7000t30x&format=quakeml,0.812694229916659,2.494151369325354,2.494151369325354,2.494151369325354,1,1.0,2.494151369325354
attempt_001,cluster:quakeml:earthquake.usgs.gov/fdsnws/event/1/query?eventid=us7000t389&format=quakeml,0.5946270899498795,3.890651264956999,3.890651264956999,-3.890651264956999,1,1.0,3.890651264956999
attempt_001,cluster:quakeml:earthquake.usgs.gov/fdsnws/event/1/query?eventid=us7000t3di&format=quakeml,0.8818876359697587,4.569036611929766,4.569036611929766,-4.569036611929766,1,1.0,4.569036611929766
attempt_001,cluster:quakeml:earthquake.usgs.gov/fdsnws/event/1/query?eventid=us7000t3dx&format=quakeml,0.052827694565901,0.1046985952496581,0.1046985952496581,0.1046985952496581,1,1.0,0.1046985952496581
attempt_001,cluster:quakeml:earthquake.usgs.gov/fdsnws/event/1/query?eventid=us7000t3hh&format=quakeml,0.4134202005721706,2.4332923457228253,2.4332923457228253,-2.4332923457228253,1,1.0,2.4332923457228253
attempt_001,cluster:quakeml:earthquake.usgs.gov/fdsnws/event/1/query?eventid=us7000t3hl&format=quakeml,0.1533807673437681,0.3297141056614519,0.3297141056614519,0.3297141056614519,1,1.0,0.3297141056614519
attempt_001,cluster:quakeml:earthquake.usgs.gov/fdsnws/event/1/query?eventid=us7000t3in&format=quakeml,0.6510928515690815,0.8862272446428716,0.8862272446428716,-0.8862272446428716,1,1.0,0.8862272446428716
attempt_001,cluster:quakeml:earthquake.usgs.gov/fdsnws/event/1/query?eventid=uu80143896&format=quakeml,0.7161022293905411,1.0078971166524395,1.0131477698523654,1.0078971166524395,4,4.0,1.1248138377347976
attempt_002,cluster:quakeml:earthquake.usgs.gov/fdsnws/event/1/query?eventid=aka2026ncclpa&format=quakeml,0.0642186136240143,0.1960714033730726,0.1960714033730726,0.1960714033730726,1,1.0,0.1960714033730726
attempt_002,cluster:quakeml:earthquake.usgs.gov/fdsnws/event/1/query?eventid=aka2026ncfzau&format=quakeml,0.4544645602106459,1.3162707134614622,1.744698691240108,1.1455960929939395,7,7.0,2.854527819805864
attempt_002,cluster:quakeml:earthquake.usgs.gov/fdsnws/event/1/query?eventid=aka2026nzghnm&format=quakeml,0.0446321839558967,0.1152033985069662,0.1152033985069662,0.1152033985069662,1,1.0,0.1152033985069662
attempt_002,cluster:quakeml:earthquake.usgs.gov/fdsnws/event/1/query?eventid=aka2026ofyant&format=quakeml,0.015401576174211,0.0539673448126309,0.0539673448126309,0.0539673448126309,1,1.0,0.0539673448126309
attempt_002,cluster:quakeml:earthquake.usgs.gov/fdsnws/event/1/query?eventid=ci40656850&format=quakeml,1.8944836605041888,1.355787436271374,1.355787436271374,1.355787436271374,1,1.0,1.355787436271374
attempt_002,cluster:quakeml:earthquake.usgs.gov/fdsnws/event/1/query?eventid=ci40664370&format=quakeml,1.82608773053048,1.3544818714426057,1.3544818714426057,1.3544818714426057,1,1.0,1.3544818714426057
attempt_002,cluster:quakeml:earthquake.usgs.gov/fdsnws/event/1/query?eventid=ci41285127&format=quakeml,1.3349363278161384,1.1553832172868637,1.1581496949965036,1.1553832172868637,3,3.0,1.2298673522713273
attempt_002,cluster:quakeml:earthquake.usgs.gov/fdsnws/event/1/query?eventid=ci41287863&format=quakeml,0.9888161347306212,1.3166792328409165,1.3166792328409165,1.3166792328409165,1,1.0,1.3166792328409165
attempt_002,cluster:quakeml:earthquake.usgs.gov/fdsnws/event/1/query?eventid=nc75406447&format=quakeml,0.8933960853591492,1.7609646139764077,1.7609646139764077,1.7609646139764077,1,1.0,1.7609646139764077
attempt_002,cluster:quakeml:earthquake.usgs.gov/fdsnws/event/1/query?eventid=tx2026mvdbvd&format=quakeml,0.7701214594108298,0.6349798969075048,0.6350018975352744,0.6349798969075048,2,2.0,0.6392085910214836
attempt_002,cluster:quakeml:earthquake.usgs.gov/fdsnws/event/1/query?eventid=tx2026nqayet&format=quakeml,0.9844397741170194,1.666345452561749,1.6784344562793123,1.666345452561749,3,3.0,1.8485236251223447
attempt_002,cluster:quakeml:earthquake.usgs.gov/fdsnws/event/1/query?eventid=us6000t9h4&format=quakeml,0.7152859924922567,3.52608031915158,4.63233818166675,-1.6552922261464642,3,3.0,6.524127873864766
attempt_002,cluster:quakeml:earthquake.usgs.gov/fdsnws/event/1/query?eventid=us6000t9kl&format=quakeml,0.3570501545969486,0.5644936846025583,0.5644936846025583,-0.5644936846025583,1,1.0,0.5644936846025583
attempt_002,cluster:quakeml:earthquake.usgs.gov/fdsnws/event/1/query?eventid=us6000t9kr&format=quakeml,0.7772404911426859,4.3426102391269765,4.3426102391269765,-4.3426102391269765,1,1.0,4.3426102391269765
attempt_002,cluster:quakeml:earthquake.usgs.gov/fdsnws/event/1/query?eventid=us6000t9lc&format=quakeml,0.2360410068646994,0.8994275260381802,2.0786197392596635,-0.4499123776439757,12,12.0,0.8611295605462209
attempt_002,cluster:quakeml:earthquake.usgs.gov/fdsnws/event/1/query?eventid=us6000t9qx&format=quakeml,0.8813946664810438,5.554766527889521,6.179553461988964,-5.554766527889521,2,2.0,7.720898536456751
attempt_002,cluster:quakeml:earthquake.usgs.gov/fdsnws/event/1/query?eventid=us6000t9qz&format=quakeml,1.1074093536533116,5.227898353682903,5.255287928267567,-5.227898353682903,2,2.0,5.656574464557791
attempt_002,cluster:quakeml:earthquake.usgs.gov/fdsnws/event/1/query?eventid=us6000t9r5&format=quakeml,0.7830548731338106,4.502935454153588,6.633487362483891,-4.248943509399086,23,23.0,7.018786290448047
attempt_002,cluster:quakeml:earthquake.usgs.gov/fdsnws/event/1/query?eventid=us6000t9sq&format=quakeml,0.8036373793491947,3.2404928687373493,3.685071728220891,3.2404928687373493,2,2.0,4.644250023757043
attempt_002,cluster:quakeml:earthquake.usgs.gov/fdsnws/event/1/query?eventid=us6000t9tt&format=quakeml,0.7103130773520995,1.961654981762261,1.961654981762261,1.961654981762261,1,1.0,1.961654981762261
attempt_002,cluster:quakeml:earthquake.usgs.gov/fdsnws/event/1/query?eventid=us6000t9zw&format=quakeml,0.1402711738123109,0.2186639149883391,0.2734133786444681,-0.2186639149883391,2,2.0,0.3499735469975852
attempt_002,cluster:quakeml:earthquake.usgs.gov/fdsnws/event/1/query?eventid=us6000ta4c&format=quakeml,0.4543253044007371,0.6360457090074876,0.6360457090074876,-0.6360457090074876,1,1.0,0.6360457090074876
attempt_002,cluster:quakeml:earthquake.usgs.gov/fdsnws/event/1/query?eventid=us6000ta7h&format=quakeml,0.1899581316576503,0.4119127708292851,0.4119127708292851,0.4119127708292851,1,1.0,0.4119127708292851
attempt_002,cluster:quakeml:earthquake.usgs.gov/fdsnws/event/1/query?eventid=us6000ta7l&format=quakeml,1.100964342118078,3.927825158186692,3.927825158186692,3.927825158186692,1,1.0,3.927825158186692
attempt_002,cluster:quakeml:earthquake.usgs.gov/fdsnws/event/1/query?eventid=us6000ta86&format=quakeml,0.6330369087202151,2.747517794083326,3.379919338252805,-2.7050602286455,3,3.0,4.47375571023618
attempt_002,cluster:quakeml:earthquake.usgs.gov/fdsnws/event/1/query?eventid=us6000tahc&format=quakeml,0.1219573522027736,0.7704370052420424,1.0886628873241335,0.7704370052420424,2,2.0,1.3857684362952425
attempt_002,cluster:quakeml:earthquake.usgs.gov/fdsnws/event/1/query?eventid=us6000tai4&format=quakeml,0.2351632362655362,0.3788812069272766,0.3788812069272766,-0.3788812069272766,1,1.0,0.3788812069272766
attempt_002,cluster:quakeml:earthquake.usgs.gov/fdsnws/event/1/query?eventid=us6000takd&format=quakeml,0.2949150188988764,0.579715887921307,0.6275650820062425,0.2403485415913989,2,2.0,0.7719947211944262
attempt_002,cluster:quakeml:earthquake.usgs.gov/fdsnws/event/1/query?eventid=us6000talg&format=quakeml,0.9776219783977914,5.697235745124857,7.099482851209958,-5.697235745124857,7,7.0,9.733268481263792
attempt_002,cluster:quakeml:earthquake.usgs.gov/fdsnws/event/1/query?eventid=us6000talr&format=quakeml,0.4816803039116081,2.564790700579986,2.801866662195624,-2.564790700579986,3,3.0,3.3968096131370538
attempt_002,cluster:quakeml:earthquake.usgs.gov/fdsnws/event/1/query?eventid=us6000tapb&format=quakeml,0.271588268896539,1.7915884200674688,1.7915884200674688,-1.7915884200674688,1,1.0,1.7915884200674688
attempt_002,cluster:quakeml:earthquake.usgs.gov/fdsnws/event/1/query?eventid=us6000tary&format=quakeml,0.3390937314534434,1.2642034355280822,1.36005268111312,-1.2642034355280822,2,2.0,1.6654279364764504
attempt_002,cluster:quakeml:earthquake.usgs.gov/fdsnws/event/1/query?eventid=us6000tasa&format=quakeml,0.0117356171913999,0.0516615797402018,0.0516615797402018,-0.0516615797402018,1,1.0,0.0516615797402018
attempt_002,cluster:quakeml:earthquake.usgs.gov/fdsnws/event/1/query?eventid=us6000tatn&format=quakeml,0.5244836826443683,1.2812512718645035,1.2812512718645035,1.2812512718645035,1,1.0,1.2812512718645035
attempt_002,cluster:quakeml:earthquake.usgs.gov/fdsnws/event/1/query?eventid=us6000tavd&format=quakeml,0.136327175176574,1.3572463402263546,1.60139060311022,-1.3572463402263546,2,2.0,2.037168329008894
attempt_002,cluster:quakeml:earthquake.usgs.gov/fdsnws/event/1/query?eventid=us6000taxu&format=quakeml,0.2445484692329811,1.945101674119948,1.945101674119948,-1.945101674119948,1,1.0,1.945101674119948
attempt_002,cluster:quakeml:earthquake.usgs.gov/fdsnws/event/1/query?eventid=us6000taxz&format=quakeml,0.1270307802147188,0.2599323240952929,0.2599323240952929,0.2599323240952929,1,1.0,0.2599323240952929
attempt_002,cluster:quakeml:earthquake.usgs.gov/fdsnws/event/1/query?eventid=us6000tayu&format=quakeml,0.9992783768907344,3.367421725605288,3.367421725605288,3.367421725605288,1,1.0,3.367421725605288
attempt_002,cluster:quakeml:earthquake.usgs.gov/fdsnws/event/1/query?eventid=us6000tazm&format=quakeml,0.3232487618759914,2.2378227970932256,2.2378227970932256,-2.2378227970932256,1,1.0,2.2378227970932256
attempt_002,cluster:quakeml:earthquake.usgs.gov/fdsnws/event/1/query?eventid=us6000tg2v&format=quakeml,0.6367665864809268,1.8020859592794276,1.8020859592794276,1.8020859592794276,1,1.0,1.8020859592794276
attempt_002,cluster:quakeml:earthquake.usgs.gov/fdsnws/event/1/query?eventid=us6000tg42&format=quakeml,0.5578723233955203,2.233412285317689,2.645145121950843,-0.3504711221762313,23,23.0,3.410215908088305
attempt_002,cluster:quakeml:earthquake.usgs.gov/fdsnws/event/1/query?eventid=us6000tg4g&format=quakeml,0.8118087471350841,3.4118396340545045,3.4118396340545045,-3.4118396340545045,1,1.0,3.4118396340545045
attempt_002,cluster:quakeml:earthquake.usgs.gov/fdsnws/event/1/query?eventid=us6000tg5f&format=quakeml,0.5079958575948992,3.3744337685249204,3.840457549043826,-3.3744337685249204,13,13.0,5.467716415784188
attempt_002,cluster:quakeml:earthquake.usgs.gov/fdsnws/event/1/query?eventid=us6000tg8x&format=quakeml,0.3807462007721226,2.281258277028626,2.5891358863449487,-2.281258277028626,2,2.0,3.260886063142557
attempt_002,cluster:quakeml:earthquake.usgs.gov/fdsnws/event/1/query?eventid=us6000tgav&format=quakeml,0.347876408996504,2.054640259511376,2.054640259511376,-2.054640259511376,1,1.0,2.054640259511376
attempt_002,cluster:quakeml:earthquake.usgs.gov/fdsnws/event/1/query?eventid=us6000tgdy&format=quakeml,0.4314719167839476,3.261844816558649,3.2680755801076056,-3.261844816558649,2,2.0,3.42321175738138
attempt_002,cluster:quakeml:earthquake.usgs.gov/fdsnws/event/1/query?eventid=us6000tgea&format=quakeml,0.5442267153767912,3.118862487300123,3.118862487300123,-3.118862487300123,1,1.0,3.118862487300123
attempt_002,cluster:quakeml:earthquake.usgs.gov/fdsnws/event/1/query?eventid=us6000tgn5&format=quakeml,0.7431345323698557,2.1157274355688838,2.1157274355688838,2.1157274355688838,1,1.0,2.1157274355688838
attempt_002,cluster:quakeml:earthquake.usgs.gov/fdsnws/event/1/query?eventid=us6000tgnw&format=quakeml,0.4770591388178046,2.6003064275345817,3.0602841736593405,-1.0584233918371992,4,4.0,4.414352419056015
attempt_002,cluster:quakeml:earthquake.usgs.gov/fdsnws/event/1/query?eventid=us6000tgp3&format=quakeml,0.8505205919268904,5.47775830329994,5.47775830329994,-5.47775830329994,1,1.0,5.47775830329994
attempt_002,cluster:quakeml:earthquake.usgs.gov/fdsnws/event/1/query?eventid=us6000tgpw&format=quakeml,0.7645738820690985,3.7458734684911175,4.6675440525523895,-3.7458734684911175,2,2.0,5.973611254220346
attempt_002,cluster:quakeml:earthquake.usgs.gov/fdsnws/event/1/query?eventid=us6000tgpy&format=quakeml,0.6436660987059364,1.7246790355852568,1.7246790355852568,1.7246790355852568,1,1.0,1.7246790355852568
attempt_002,cluster:quakeml:earthquake.usgs.gov/fdsnws/event/1/query?eventid=us6000tgqe&format=quakeml,0.6461036722296852,1.6699807751216906,1.6699807751216906,1.6699807751216906,1,1.0,1.6699807751216906
attempt_002,cluster:quakeml:earthquake.usgs.gov/fdsnws/event/1/query?eventid=us6000tgqr&format=quakeml,0.4892890127647664,1.1682698974749202,1.1682698974749202,1.1682698974749202,1,1.0,1.1682698974749202
attempt_002,cluster:quakeml:earthquake.usgs.gov/fdsnws/event/1/query?eventid=us6000tgqt&format=quakeml,0.4359116559448372,2.874741051752409,3.774360580930629,-2.704367410718977,3,3.0,5.358157750982962
attempt_002,cluster:quakeml:earthquake.usgs.gov/fdsnws/event/1/query?eventid=us6000tgx1&format=quakeml,0.8200232782312924,2.4442154893887387,2.448674962585005,2.4442154893887387,2,2.0,2.5623874693443227
attempt_002,cluster:quakeml:earthquake.usgs.gov/fdsnws/event/1/query?eventid=us6000tgyz&format=quakeml,1.338845718849892,5.685886844630037,5.685886844630037,-5.685886844630037,1,1.0,5.685886844630037
attempt_002,cluster:quakeml:earthquake.usgs.gov/fdsnws/event/1/query?eventid=us6000tgzq&format=quakeml,0.1723386473294874,0.9244549181008884,1.1420227859367098,0.6810245626803726,7,7.0,1.809124875320619
attempt_002,cluster:quakeml:earthquake.usgs.gov/fdsnws/event/1/query?eventid=us6000th04&format=quakeml,1.0067788294113578,3.2616563034455224,3.2616563034455224,3.2616563034455224,1,1.0,3.2616563034455224
attempt_002,cluster:quakeml:earthquake.usgs.gov/fdsnws/event/1/query?eventid=us6000th0l&format=quakeml,0.3224078706110727,0.735785861851711,0.735785861851711,0.735785861851711,1,1.0,0.735785861851711
attempt_002,cluster:quakeml:earthquake.usgs.gov/fdsnws/event/1/query?eventid=us6000th0m&format=quakeml,0.8539070852967507,4.165726539249277,4.585303217843391,-4.165726539249277,4,4.0,6.169290338493424
attempt_002,cluster:quakeml:earthquake.usgs.gov/fdsnws/event/1/query?eventid=us6000th1b&format=quakeml,0.5080637088353233,1.25131197128932,1.25131197128932,1.25131197128932,1,1.0,1.25131197128932
attempt_002,cluster:quakeml:earthquake.usgs.gov/fdsnws/event/1/query?eventid=us6000th1h&format=quakeml,0.8729844375832643,3.530582121031622,4.000889367254855,-3.530582121031622,2,2.0,5.036220721103192
attempt_002,cluster:quakeml:earthquake.usgs.gov/fdsnws/event/1/query?eventid=us6000th1p&format=quakeml,0.2836696008000873,1.417197638844006,1.417197638844006,-1.417197638844006,1,1.0,1.417197638844006
attempt_002,cluster:quakeml:earthquake.usgs.gov/fdsnws/event/1/query?eventid=us6000th5m&format=quakeml,0.3753893063300961,0.8924380480659369,0.8924380480659369,0.8924380480659369,1,1.0,0.8924380480659369
attempt_002,cluster:quakeml:earthquake.usgs.gov/fdsnws/event/1/query?eventid=us6000th7y&format=quakeml,0.4416397926921797,1.0594273511970158,1.0594273511970158,1.0594273511970158,1,1.0,1.0594273511970158
attempt_002,cluster:quakeml:earthquake.usgs.gov/fdsnws/event/1/query?eventid=us6000tha9&format=quakeml,0.7070890001477902,3.71320761468044,3.71320761468044,-3.71320761468044,1,1.0,3.71320761468044
attempt_002,cluster:quakeml:earthquake.usgs.gov/fdsnws/event/1/query?eventid=us6000thag&format=quakeml,0.5269851373297194,4.445474713376271,5.618412795474204,-4.445474713376271,4,4.0,8.381323399714958
attempt_002,cluster:quakeml:earthquake.usgs.gov/fdsnws/event/1/query?eventid=us6000thbs&format=quakeml,0.9213240917009876,4.855196822388658,4.855196822388658,-4.855196822388658,1,1.0,4.855196822388658
attempt_002,cluster:quakeml:earthquake.usgs.gov/fdsnws/event/1/query?eventid=us6000thug&format=quakeml,0.3266787736975116,0.5272712418239134,0.5272712418239134,-0.5272712418239134,1,1.0,0.5272712418239134
attempt_002,cluster:quakeml:earthquake.usgs.gov/fdsnws/event/1/query?eventid=us6000ti1z&format=quakeml,0.2554956109890405,2.356585933886354,2.356585933886354,-2.356585933886354,1,1.0,2.356585933886354
attempt_002,cluster:quakeml:earthquake.usgs.gov/fdsnws/event/1/query?eventid=us7000sz3s&format=quakeml,0.1223744987741077,0.2190781732980866,0.2190781732980866,-0.2190781732980866,1,1.0,0.2190781732980866
attempt_002,cluster:quakeml:earthquake.usgs.gov/fdsnws/event/1/query?eventid=us7000sz4r&format=quakeml,0.1091113394800281,0.2163927958814164,0.2163927958814164,0.2163927958814164,1,1.0,0.2163927958814164
attempt_002,cluster:quakeml:earthquake.usgs.gov/fdsnws/event/1/query?eventid=us7000sz66&format=quakeml,0.417556213310332,1.7106948051346362,1.8735774947682808,-0.7640784727942258,2,2.0,2.321957583370017
attempt_002,cluster:quakeml:earthquake.usgs.gov/fdsnws/event/1/query?eventid=us7000sz6t&format=quakeml,0.5863053731328022,1.5444391514220326,1.5444391514220326,1.5444391514220326,1,1.0,1.5444391514220326
attempt_002,cluster:quakeml:earthquake.usgs.gov/fdsnws/event/1/query?eventid=us7000sz6v&format=quakeml,0.1941483823800521,0.4099108427638886,0.4099108427638886,0.4099108427638886,1,1.0,0.4099108427638886
attempt_002,cluster:quakeml:earthquake.usgs.gov/fdsnws/event/1/query?eventid=us7000sz7d&format=quakeml,0.41422488772722,2.1868242601262944,2.1868242601262944,-2.1868242601262944,1,1.0,2.1868242601262944
attempt_002,cluster:quakeml:earthquake.usgs.gov/fdsnws/event/1/query?eventid=us7000szcl&format=quakeml,0.1688986802126555,0.3838090664227122,0.5334776042558382,0.3705252417505112,2,2.0,0.6802292598231212
attempt_002,cluster:quakeml:earthquake.usgs.gov/fdsnws/event/1/query?eventid=us7000szhi&format=quakeml,0.0631436389720036,0.1181605654013639,0.1181605654013639,-0.1181605654013639,1,1.0,0.1181605654013639
attempt_002,cluster:quakeml:earthquake.usgs.gov/fdsnws/event/1/query?eventid=us7000szr0&format=quakeml,0.3074038154461966,0.831044675025152,1.042715191456126,0.2749776912150007,4,4.0,1.5175852713021964
attempt_002,cluster:quakeml:earthquake.usgs.gov/fdsnws/event/1/query?eventid=us7000sztw&format=quakeml,0.3086195780779717,0.6988651525162572,0.6988651525162572,0.6988651525162572,1,1.0,0.6988651525162572
attempt_002,cluster:quakeml:earthquake.usgs.gov/fdsnws/event/1/query?eventid=us7000szu6&format=quakeml,0.3408946150644019,0.5110042245644797,0.5110042245644797,-0.5110042245644797,1,1.0,0.5110042245644797
attempt_002,cluster:quakeml:earthquake.usgs.gov/fdsnws/event/1/query?eventid=us7000szwc&format=quakeml,0.010608423698945,0.0703669609178714,0.0703669609178714,0.0703669609178714,1,1.0,0.0703669609178714
attempt_002,cluster:quakeml:earthquake.usgs.gov/fdsnws/event/1/query?eventid=us7000szyg&format=quakeml,0.3556767473530778,2.020013622781533,2.528574878230068,-2.020013622781533,2,2.0,3.236759677757536
attempt_002,cluster:quakeml:earthquake.usgs.gov/fdsnws/event/1/query?eventid=us7000szzy&format=quakeml,0.28190407092489,0.5587803894692981,0.5826777857588986,0.1651601597281634,2,2.0,0.6909085172518289
attempt_002,cluster:quakeml:earthquake.usgs.gov/fdsnws/event/1/query?eventid=us7000t02u&format=quakeml,0.967998395583056,5.633510073438013,5.633510073438013,-5.633510073438013,1,1.0,5.633510073438013
attempt_002,cluster:quakeml:earthquake.usgs.gov/fdsnws/event/1/query?eventid=us7000t04s&format=quakeml,0.7788246630856515,5.099442342387103,5.099442342387103,-5.099442342387103,1,1.0,5.099442342387103
attempt_002,cluster:quakeml:earthquake.usgs.gov/fdsnws/event/1/query?eventid=us7000t06l&format=quakeml,0.1227598378731794,0.2567968277678232,0.3196594033222137,0.2567968277678232,2,2.0,0.4090860754632722
attempt_002,cluster:quakeml:earthquake.usgs.gov/fdsnws/event/1/query?eventid=us7000t097&format=quakeml,0.5060278717660291,0.75093504532127,0.7511375711032405,-0.75093504532127,2,2.0,0.7648883028613382
attempt_002,cluster:quakeml:earthquake.usgs.gov/fdsnws/event/1/query?eventid=us7000t0de&format=quakeml,0.1098723632892154,0.2218189988458345,0.2218189988458345,0.2218189988458345,1,1.0,0.2218189988458345
attempt_002,cluster:quakeml:earthquake.usgs.gov/fdsnws/event/1/query?eventid=us7000t0e6&format=quakeml,0.4560329745921751,1.0885796675262287,1.0885796675262287,1.0885796675262287,1,1.0,1.0885796675262287
attempt_002,cluster:quakeml:earthquake.usgs.gov/fdsnws/event/1/query?eventid=us7000t0q6&format=quakeml,0.7356869201045362,2.167308598041026,2.167308598041026,2.167308598041026,1,1.0,2.167308598041026
attempt_002,cluster:quakeml:earthquake.usgs.gov/fdsnws/event/1/query?eventid=us7000t0x1&format=quakeml,0.838987070220765,2.6424979355573264,2.6424979355573264,2.6424979355573264,1,1.0,2.6424979355573264
attempt_002,cluster:quakeml:earthquake.usgs.gov/fdsnws/event/1/query?eventid=us7000t0xw&format=quakeml,0.1601556858013099,1.0220111182352651,1.0220111182352651,-1.0220111182352651,1,1.0,1.0220111182352651
attempt_002,cluster:quakeml:earthquake.usgs.gov/fdsnws/event/1/query?eventid=us7000t0yi&format=quakeml,0.3165152138904054,2.113009589311336,2.113009589311336,-2.113009589311336,1,1.0,2.113009589311336
attempt_002,cluster:quakeml:earthquake.usgs.gov/fdsnws/event/1/query?eventid=us7000t0yv&format=quakeml,0.2571573201154507,1.580903012675094,1.580903012675094,1.580903012675094,1,1.0,1.580903012675094
attempt_002,cluster:quakeml:earthquake.usgs.gov/fdsnws/event/1/query?eventid=us7000t0zd&format=quakeml,0.9365149482462192,9.74576714785158,9.74576714785158,-9.74576714785158,1,1.0,9.74576714785158
attempt_002,cluster:quakeml:earthquake.usgs.gov/fdsnws/event/1/query?eventid=us7000t106&format=quakeml,0.157216893980858,0.3272193591569989,0.3272193591569989,0.3272193591569989,1,1.0,0.3272193591569989
attempt_002,cluster:quakeml:earthquake.usgs.gov/fdsnws/event/1/query?eventid=us7000t11q&format=quakeml,0.935116512949831,3.0222875346220803,3.0222875346220803,3.0222875346220803,1,1.0,3.0222875346220803
attempt_002,cluster:quakeml:earthquake.usgs.gov/fdsnws/event/1/query?eventid=us7000t19p&format=quakeml,0.2185892449903269,0.3920932004779485,0.3985043491856557,-0.1157510334985073,3,3.0,0.4556137254205212
attempt_002,cluster:quakeml:earthquake.usgs.gov/fdsnws/event/1/query?eventid=us7000t1b3&format=quakeml,0.6223620538670427,4.100665925453531,4.874743625253763,-4.100665925453531,2,2.0,6.209339727409866
attempt_002,cluster:quakeml:earthquake.usgs.gov/fdsnws/event/1/query?eventid=us7000t1dh&format=quakeml,0.4122831791180035,0.9643952753610724,0.9643952753610724,0.9643952753610724,1,1.0,0.9643952753610724
attempt_002,cluster:quakeml:earthquake.usgs.gov/fdsnws/event/1/query?eventid=us7000t1gu&format=quakeml,0.3519497561923214,0.5657774209546917,0.5657774209546917,-0.5657774209546917,1,1.0,0.5657774209546917
attempt_002,cluster:quakeml:earthquake.usgs.gov/fdsnws/event/1/query?eventid=us7000t1jw&format=quakeml,0.1764682058692618,0.303812643623587,0.303812643623587,-0.303812643623587,1,1.0,0.303812643623587
attempt_002,cluster:quakeml:earthquake.usgs.gov/fdsnws/event/1/query?eventid=us7000t1ld&format=quakeml,0.3920647743871411,0.6074881699598829,0.6074881699598829,-0.6074881699598829,1,1.0,0.6074881699598829
attempt_002,cluster:quakeml:earthquake.usgs.gov/fdsnws/event/1/query?eventid=us7000t1ng&format=quakeml,0.0099644739017686,0.018416269342804,0.018416269342804,0.018416269342804,1,1.0,0.018416269342804
attempt_002,cluster:quakeml:earthquake.usgs.gov/fdsnws/event/1/query?eventid=us7000t1ph&format=quakeml,0.632324561254008,4.627169841150471,6.13814037239232,-4.627169841150471,2,2.0,7.853666789095351
attempt_002,cluster:quakeml:earthquake.usgs.gov/fdsnws/event/1/query?eventid=us7000t1q1&format=quakeml,0.7122643670487934,5.194533749898208,5.194533749898208,-5.194533749898208,1,1.0,5.194533749898208
attempt_002,cluster:quakeml:earthquake.usgs.gov/fdsnws/event/1/query?eventid=us7000t1q8&format=quakeml,0.2567881076012059,0.5419194344695648,0.5419194344695648,0.5419194344695648,1,1.0,0.5419194344695648
attempt_002,cluster:quakeml:earthquake.usgs.gov/fdsnws/event/1/query?eventid=us7000t1qt&format=quakeml,1.2691510938684212,8.188981639663169,9.683675434938324,-8.188981639663169,3,3.0,13.382667591983704
attempt_002,cluster:quakeml:earthquake.usgs.gov/fdsnws/event/1/query?eventid=us7000t1w2&format=quakeml,0.4349868826016232,1.2732118724320989,1.7561013904761729,1.2732118724320989,4,4.0,2.6344672178710784
attempt_002,cluster:quakeml:earthquake.usgs.gov/fdsnws/event/1/query?eventid=us7000t1wn&format=quakeml,0.0044913869201754,0.0151154779419804,0.0151154779419804,-0.0151154779419804,1,1.0,0.0151154779419804
attempt_002,cluster:quakeml:earthquake.usgs.gov/fdsnws/event/1/query?eventid=us7000t1z0&format=quakeml,0.3307761278139101,0.7597892499063288,0.7597892499063288,0.7597892499063288,1,1.0,0.7597892499063288
attempt_002,cluster:quakeml:earthquake.usgs.gov/fdsnws/event/1/query?eventid=us7000t213&format=quakeml,0.4682784141662088,0.7093277764286219,0.7093277764286219,-0.7093277764286219,1,1.0,0.7093277764286219
attempt_002,cluster:quakeml:earthquake.usgs.gov/fdsnws/event/1/query?eventid=us7000t22v&format=quakeml,0.576554421549954,2.464468468567861,2.464468468567861,2.464468468567861,1,1.0,2.464468468567861
attempt_002,cluster:quakeml:earthquake.usgs.gov/fdsnws/event/1/query?eventid=us7000t27u&format=quakeml,0.4681098720064327,3.144534137830946,3.144534137830946,-3.144534137830946,1,1.0,3.144534137830946
attempt_002,cluster:quakeml:earthquake.usgs.gov/fdsnws/event/1/query?eventid=us7000t2et&format=quakeml,0.2260002432278004,0.3823131545632754,0.3823131545632754,-0.3823131545632754,1,1.0,0.3823131545632754
attempt_002,cluster:quakeml:earthquake.usgs.gov/fdsnws/event/1/query?eventid=us7000t2iy&format=quakeml,0.0882605866714618,0.4809317013226897,0.4809317013226897,-0.4809317013226897,1,1.0,0.4809317013226897
attempt_002,cluster:quakeml:earthquake.usgs.gov/fdsnws/event/1/query?eventid=us7000t2pj&format=quakeml,0.2003681754305648,0.3428053456368003,0.3428053456368003,-0.3428053456368003,1,1.0,0.3428053456368003
attempt_002,cluster:quakeml:earthquake.usgs.gov/fdsnws/event/1/query?eventid=us7000t2pq&format=quakeml,0.7803464766371947,2.267513736751787,2.267513736751787,2.267513736751787,1,1.0,2.267513736751787
attempt_002,cluster:quakeml:earthquake.usgs.gov/fdsnws/event/1/query?eventid=us7000t2y2&format=quakeml,0.7557666180676335,4.262949810065942,4.262949810065942,-4.262949810065942,1,1.0,4.262949810065942
attempt_002,cluster:quakeml:earthquake.usgs.gov/fdsnws/event/1/query?eventid=us7000t2yy&format=quakeml,0.6936492674893983,4.734875529982454,4.734875529982454,-4.734875529982454,1,1.0,4.734875529982454
attempt_002,cluster:quakeml:earthquake.usgs.gov/fdsnws/event/1/query?eventid=us7000t30x&format=quakeml,0.8136774380569458,2.498561407883453,2.498561407883453,2.498561407883453,1,1.0,2.498561407883453
attempt_002,cluster:quakeml:earthquake.usgs.gov/fdsnws/event/1/query?eventid=us7000t389&format=quakeml,0.5762292906469446,3.801722247399029,3.801722247399029,-3.801722247399029,1,1.0,3.801722247399029
attempt_002,cluster:quakeml:earthquake.usgs.gov/fdsnws/event/1/query?eventid=us7000t3di&format=quakeml,0.9089190073427632,4.655124115499234,4.655124115499234,-4.655124115499234,1,1.0,4.655124115499234
attempt_002,cluster:quakeml:earthquake.usgs.gov/fdsnws/event/1/query?eventid=us7000t3dx&format=quakeml,0.0315343302451211,0.0618310337734877,0.0618310337734877,0.0618310337734877,1,1.0,0.0618310337734877
attempt_002,cluster:quakeml:earthquake.usgs.gov/fdsnws/event/1/query?eventid=us7000t3hh&format=quakeml,0.3216075052041731,1.9762744153419105,1.9762744153419105,-1.9762744153419105,1,1.0,1.9762744153419105
attempt_002,cluster:quakeml:earthquake.usgs.gov/fdsnws/event/1/query?eventid=us7000t3hl&format=quakeml,0.0854471079901348,0.177426655822882,0.177426655822882,0.177426655822882,1,1.0,0.177426655822882
attempt_002,cluster:quakeml:earthquake.usgs.gov/fdsnws/event/1/query?eventid=us7000t3in&format=quakeml,0.6518897369307464,0.886996548250208,0.886996548250208,-0.886996548250208,1,1.0,0.886996548250208
attempt_002,cluster:quakeml:earthquake.usgs.gov/fdsnws/event/1/query?eventid=uu80143896&format=quakeml,0.6392350581697599,0.865768805509119,0.8749456262088809,0.865768805509119,4,4.0,1.0082102706716605
attempt_003,cluster:quakeml:earthquake.usgs.gov/fdsnws/event/1/query?eventid=aka2026ncclpa&format=quakeml,0.1672578190827878,0.5382027666930953,0.5382027666930953,0.5382027666930953,1,1.0,0.5382027666930953
attempt_003,cluster:quakeml:earthquake.usgs.gov/fdsnws/event/1/query?eventid=aka2026ncfzau&format=quakeml,0.5383223531002698,1.4921705620028831,1.7696490302273795,0.64537672054717,7,7.0,2.831583023475419
attempt_003,cluster:quakeml:earthquake.usgs.gov/fdsnws/event/1/query?eventid=aka2026nzghnm&format=quakeml,0.0608216463436902,0.1489385796902169,0.1489385796902169,-0.1489385796902169,1,1.0,0.1489385796902169
attempt_003,cluster:quakeml:earthquake.usgs.gov/fdsnws/event/1/query?eventid=aka2026ofyant&format=quakeml,0.491963649488652,1.351115554547,1.351115554547,-1.351115554547,1,1.0,1.351115554547
attempt_003,cluster:quakeml:earthquake.usgs.gov/fdsnws/event/1/query?eventid=ci40656850&format=quakeml,1.5759551617639018,0.9204859109092464,0.9204859109092464,0.9204859109092464,1,1.0,0.9204859109092464
attempt_003,cluster:quakeml:earthquake.usgs.gov/fdsnws/event/1/query?eventid=ci40664370&format=quakeml,1.428761773422596,0.8251173365771509,0.8251173365771509,0.8251173365771509,1,1.0,0.8251173365771509
attempt_003,cluster:quakeml:earthquake.usgs.gov/fdsnws/event/1/query?eventid=ci41285127&format=quakeml,0.755342845840535,0.4640054096135583,0.4640935697628791,0.4640054096135583,3,3.0,0.4714800150009104
attempt_003,cluster:quakeml:earthquake.usgs.gov/fdsnws/event/1/query?eventid=ci41287863&format=quakeml,0.5311119028887661,0.5466414774354282,0.5466414774354282,0.5466414774354282,1,1.0,0.5466414774354282
attempt_003,cluster:quakeml:earthquake.usgs.gov/fdsnws/event/1/query?eventid=nc75406447&format=quakeml,0.7598495775735883,1.3883046119871507,1.3883046119871507,1.3883046119871507,1,1.0,1.3883046119871507
attempt_003,cluster:quakeml:earthquake.usgs.gov/fdsnws/event/1/query?eventid=tx2026mvdbvd&format=quakeml,0.4198045519540268,0.2838860091851558,0.286387462767163,0.2838860091851558,2,2.0,0.3141013707790346
attempt_003,cluster:quakeml:earthquake.usgs.gov/fdsnws/event/1/query?eventid=tx2026nqayet&format=quakeml,0.3434046467106714,0.3897251452013883,0.4423726117578435,0.3897251452013883,3,3.0,0.5942289538105232
attempt_003,cluster:quakeml:earthquake.usgs.gov/fdsnws/event/1/query?eventid=us6000t9h4&format=quakeml,0.3859563954676968,2.5368148403331348,4.074135254122637,-2.1569705977903664,3,3.0,5.724808945048261
attempt_003,cluster:quakeml:earthquake.usgs.gov/fdsnws/event/1/query?eventid=us6000t9kl&format=quakeml,0.0837569068914249,0.1642453180050731,0.1642453180050731,0.1642453180050731,1,1.0,0.1642453180050731
attempt_003,cluster:quakeml:earthquake.usgs.gov/fdsnws/event/1/query?eventid=us6000t9kr&format=quakeml,0.1913976211729439,1.4000119207458157,1.4000119207458157,-1.4000119207458157,1,1.0,1.4000119207458157
attempt_003,cluster:quakeml:earthquake.usgs.gov/fdsnws/event/1/query?eventid=us6000t9lc&format=quakeml,0.1698357557246763,0.6233057237283214,1.26407315196758,-0.153628754109578,12,12.0,0.7612786068242822
attempt_003,cluster:quakeml:earthquake.usgs.gov/fdsnws/event/1/query?eventid=us6000t9qx&format=quakeml,0.54324825060659,4.123368109133815,4.738964988169089,-4.123368109133815,2,2.0,5.9919503902306985
attempt_003,cluster:quakeml:earthquake.usgs.gov/fdsnws/event/1/query?eventid=us6000t9qz&format=quakeml,0.4419006607499266,2.7946630259869005,2.8492351080583123,-2.7946630259869005,2,2.0,3.238644483022252
attempt_003,cluster:quakeml:earthquake.usgs.gov/fdsnws/event/1/query?eventid=us6000t9r5&format=quakeml,0.375254640942948,2.6341117542325327,4.858974757769051,-1.7573106524067317,23,23.0,4.834580562184215
attempt_003,cluster:quakeml:earthquake.usgs.gov/fdsnws/event/1/query?eventid=us6000t9sq&format=quakeml,0.6161505309682298,2.1800869249838657,2.436169401997508,2.1800869249838657,2,2.0,3.04989788550098
attempt_003,cluster:quakeml:earthquake.usgs.gov/fdsnws/event/1/query?eventid=us6000t9tt&format=quakeml,0.1508654676780983,0.2655094244135925,0.2655094244135925,-0.2655094244135925,1,1.0,0.2655094244135925
attempt_003,cluster:quakeml:earthquake.usgs.gov/fdsnws/event/1/query?eventid=us6000t9zw&format=quakeml,0.1190110255002185,0.1670288895713861,0.1673203124161932,0.0098710179618005,2,2.0,0.1749257039408266
attempt_003,cluster:quakeml:earthquake.usgs.gov/fdsnws/event/1/query?eventid=us6000ta4c&format=quakeml,0.2265042234958276,0.3530755718196916,0.3530755718196916,-0.3530755718196916,1,1.0,0.3530755718196916
attempt_003,cluster:quakeml:earthquake.usgs.gov/fdsnws/event/1/query?eventid=us6000ta7h&format=quakeml,0.3078999830753447,0.7099522932478373,0.7099522932478373,0.7099522932478373,1,1.0,0.7099522932478373
attempt_003,cluster:quakeml:earthquake.usgs.gov/fdsnws/event/1/query?eventid=us6000ta7l&format=quakeml,0.507647904127502,1.2943184550114306,1.2943184550114306,1.2943184550114306,1,1.0,1.2943184550114306
attempt_003,cluster:quakeml:earthquake.usgs.gov/fdsnws/event/1/query?eventid=us6000ta86&format=quakeml,0.3330952623531193,1.6445107985374,1.96985042490782,-1.6445107985374,3,3.0,2.680813821711264
attempt_003,cluster:quakeml:earthquake.usgs.gov/fdsnws/event/1/query?eventid=us6000tahc&format=quakeml,0.221250302166446,0.8863297339592671,0.8891641490838371,-0.8863297339592671,2,2.0,0.9430817515272314
attempt_003,cluster:quakeml:earthquake.usgs.gov/fdsnws/event/1/query?eventid=us6000tai4&format=quakeml,0.0965409634848397,0.166385352773706,0.166385352773706,-0.166385352773706,1,1.0,0.166385352773706
attempt_003,cluster:quakeml:earthquake.usgs.gov/fdsnws/event/1/query?eventid=us6000takd&format=quakeml,0.1285622417055481,0.2044047172493842,0.2445869659802877,-0.1343186342010732,2,2.0,0.3118596246102428
attempt_003,cluster:quakeml:earthquake.usgs.gov/fdsnws/event/1/query?eventid=us6000talg&format=quakeml,0.4032140706111548,3.275768447428294,5.267425765847618,-3.2475735600365114,7,7.0,6.8180789839671805
attempt_003,cluster:quakeml:earthquake.usgs.gov/fdsnws/event/1/query?eventid=us6000talr&format=quakeml,0.2498656553135122,1.5471997780570197,1.6037873342899038,-1.5471997780570197,3,3.0,1.9765213811700455
attempt_003,cluster:quakeml:earthquake.usgs.gov/fdsnws/event/1/query?eventid=us6000tapb&format=quakeml,0.2630940145745054,1.742611694038506,1.742611694038506,-1.742611694038506,1,1.0,1.742611694038506
attempt_003,cluster:quakeml:earthquake.usgs.gov/fdsnws/event/1/query?eventid=us6000tary&format=quakeml,0.0835132026724919,0.3852779118187679,0.4470492608362362,-0.226746493421166,2,2.0,0.5666751065557007
attempt_003,cluster:quakeml:earthquake.usgs.gov/fdsnws/event/1/query?eventid=us6000tasa&format=quakeml,0.0796088705701684,0.366919334782664,0.366919334782664,0.366919334782664,1,1.0,0.366919334782664
attempt_003,cluster:quakeml:earthquake.usgs.gov/fdsnws/event/1/query?eventid=us6000tatn&format=quakeml,0.4644040813197035,0.6902292854822087,0.6902292854822087,-0.6902292854822087,1,1.0,0.6902292854822087
attempt_003,cluster:quakeml:earthquake.usgs.gov/fdsnws/event/1/query?eventid=us6000tavd&format=quakeml,0.1018597713333413,0.917306780071338,0.9267737831831888,-0.1321284088711953,2,2.0,1.0230095071682943
attempt_003,cluster:quakeml:earthquake.usgs.gov/fdsnws/event/1/query?eventid=us6000taxu&format=quakeml,0.2491449403072778,2.536732157220237,2.536732157220237,2.536732157220237,1,1.0,2.536732157220237
attempt_003,cluster:quakeml:earthquake.usgs.gov/fdsnws/event/1/query?eventid=us6000taxz&format=quakeml,0.1297673321836217,0.233542762025281,0.233542762025281,-0.233542762025281,1,1.0,0.233542762025281
attempt_003,cluster:quakeml:earthquake.usgs.gov/fdsnws/event/1/query?eventid=us6000tayu&format=quakeml,0.0939093025518064,0.1931787434125189,0.1931787434125189,0.1931787434125189,1,1.0,0.1931787434125189
attempt_003,cluster:quakeml:earthquake.usgs.gov/fdsnws/event/1/query?eventid=us6000tazm&format=quakeml,0.3071430300915192,2.1426112643260184,2.1426112643260184,-2.1426112643260184,1,1.0,2.1426112643260184
attempt_003,cluster:quakeml:earthquake.usgs.gov/fdsnws/event/1/query?eventid=us6000tg2v&format=quakeml,0.6008430920644356,1.6670790600063663,1.6670790600063663,1.6670790600063663,1,1.0,1.6670790600063663
attempt_003,cluster:quakeml:earthquake.usgs.gov/fdsnws/event/1/query?eventid=us6000tg42&format=quakeml,0.3356590025839947,1.5425655347725733,2.238302130417328,-0.7795920110136653,23,23.0,3.50216304445049
attempt_003,cluster:quakeml:earthquake.usgs.gov/fdsnws/event/1/query?eventid=us6000tg4g&format=quakeml,0.307692271844575,1.625436571879515,1.625436571879515,-1.625436571879515,1,1.0,1.625436571879515
attempt_003,cluster:quakeml:earthquake.usgs.gov/fdsnws/event/1/query?eventid=us6000tg5f&format=quakeml,0.2527419031160577,1.990488863105544,2.4932596625625774,-1.7835923896446897,13,13.0,3.6494633037923463
attempt_003,cluster:quakeml:earthquake.usgs.gov/fdsnws/event/1/query?eventid=us6000tg8x&format=quakeml,0.0769501815278252,0.5606722111098277,0.6584239766334093,-0.3452083496889511,2,2.0,0.8368388908609885
attempt_003,cluster:quakeml:earthquake.usgs.gov/fdsnws/event/1/query?eventid=us6000tgav&format=quakeml,0.4493276935894537,2.5310675580864794,2.5310675580864794,-2.5310675580864794,1,1.0,2.5310675580864794
attempt_003,cluster:quakeml:earthquake.usgs.gov/fdsnws/event/1/query?eventid=us6000tgdy&format=quakeml,0.1840020335684217,1.550317441945301,1.5681142669348471,-1.550317441945301,2,2.0,1.7387818612754944
attempt_003,cluster:quakeml:earthquake.usgs.gov/fdsnws/event/1/query?eventid=us6000tgea&format=quakeml,0.2073348666532873,1.3914737555442604,1.3914737555442604,-1.3914737555442604,1,1.0,1.3914737555442604
attempt_003,cluster:quakeml:earthquake.usgs.gov/fdsnws/event/1/query?eventid=us6000tgn5&format=quakeml,0.2350739538487258,0.5085394464452659,0.5085394464452659,0.5085394464452659,1,1.0,0.5085394464452659
attempt_003,cluster:quakeml:earthquake.usgs.gov/fdsnws/event/1/query?eventid=us6000tgnw&format=quakeml,0.3052024396461495,1.903834725803516,2.369943960526047,-0.1663344748020605,4,4.0,3.356813136621668
attempt_003,cluster:quakeml:earthquake.usgs.gov/fdsnws/event/1/query?eventid=us6000tgp3&format=quakeml,0.4755056429554026,3.618919547436076,3.618919547436076,-3.618919547436076,1,1.0,3.618919547436076
attempt_003,cluster:quakeml:earthquake.usgs.gov/fdsnws/event/1/query?eventid=us6000tgpw&format=quakeml,0.4484049063712709,2.509085138033258,2.973574543779917,1.5958187044638144,2,2.0,3.7857401016043095
attempt_003,cluster:quakeml:earthquake.usgs.gov/fdsnws/event/1/query?eventid=us6000tgpy&format=quakeml,0.2952773103914562,0.6557393489984926,0.6557393489984926,0.6557393489984926,1,1.0,0.6557393489984926
attempt_003,cluster:quakeml:earthquake.usgs.gov/fdsnws/event/1/query?eventid=us6000tgqe&format=quakeml,0.3189817306327561,0.6909604653031387,0.6909604653031387,0.6909604653031387,1,1.0,0.6909604653031387
attempt_003,cluster:quakeml:earthquake.usgs.gov/fdsnws/event/1/query?eventid=us6000tgqr&format=quakeml,0.2097909634842463,0.3502948913274126,0.3502948913274126,-0.3502948913274126,1,1.0,0.3502948913274126
attempt_003,cluster:quakeml:earthquake.usgs.gov/fdsnws/event/1/query?eventid=us6000tgqt&format=quakeml,0.119829309001147,1.0227120478323992,1.395882325099195,-0.5221162086296608,3,3.0,1.9911615958550135
attempt_003,cluster:quakeml:earthquake.usgs.gov/fdsnws/event/1/query?eventid=us6000tgx1&format=quakeml,0.2556893626770649,0.5602976777894011,0.5615993915980045,0.5602976777894011,2,2.0,0.590869705862692
attempt_003,cluster:quakeml:earthquake.usgs.gov/fdsnws/event/1/query?eventid=us6000tgyz&format=quakeml,0.7028971491207102,3.8903840858839303,3.8903840858839303,-3.8903840858839303,1,1.0,3.8903840858839303
attempt_003,cluster:quakeml:earthquake.usgs.gov/fdsnws/event/1/query?eventid=us6000tgzq&format=quakeml,0.1537208151339029,0.8078319334219707,1.1026814029223773,0.584331548907497,7,7.0,1.9317780918212435
attempt_003,cluster:quakeml:earthquake.usgs.gov/fdsnws/event/1/query?eventid=us6000th04&format=quakeml,0.3001787346208918,0.6574879796135271,0.6574879796135271,0.6574879796135271,1,1.0,0.6574879796135271
attempt_003,cluster:quakeml:earthquake.usgs.gov/fdsnws/event/1/query?eventid=us6000th0l&format=quakeml,0.113904882889178,0.2333284497011061,0.2333284497011061,0.2333284497011061,1,1.0,0.2333284497011061
attempt_003,cluster:quakeml:earthquake.usgs.gov/fdsnws/event/1/query?eventid=us6000th0m&format=quakeml,0.4165113862233667,2.633760370384131,2.917534628311896,-1.982214586171692,4,4.0,4.06162004747058
attempt_003,cluster:quakeml:earthquake.usgs.gov/fdsnws/event/1/query?eventid=us6000th1b&format=quakeml,0.1536558577935641,0.3139091873170365,0.3139091873170365,0.3139091873170365,1,1.0,0.3139091873170365
attempt_003,cluster:quakeml:earthquake.usgs.gov/fdsnws/event/1/query?eventid=us6000th1h&format=quakeml,0.2320367727081015,1.4772229385701967,1.9931056065545805,-1.4772229385701967,2,2.0,2.5476344029755693
attempt_003,cluster:quakeml:earthquake.usgs.gov/fdsnws/event/1/query?eventid=us6000th1p&format=quakeml,0.0820912057983084,0.4909135239256823,0.4909135239256823,0.4909135239256823,1,1.0,0.4909135239256823
attempt_003,cluster:quakeml:earthquake.usgs.gov/fdsnws/event/1/query?eventid=us6000th5m&format=quakeml,0.1319906419057821,0.2422319250372837,0.2422319250372837,-0.2422319250372837,1,1.0,0.2422319250372837
attempt_003,cluster:quakeml:earthquake.usgs.gov/fdsnws/event/1/query?eventid=us6000th7y&format=quakeml,0.0893463612304771,0.1630791232396684,0.1630791232396684,-0.1630791232396684,1,1.0,0.1630791232396684
attempt_003,cluster:quakeml:earthquake.usgs.gov/fdsnws/event/1/query?eventid=us6000tha9&format=quakeml,0.5705756996239756,3.184910295818573,3.184910295818573,-3.184910295818573,1,1.0,3.184910295818573
attempt_003,cluster:quakeml:earthquake.usgs.gov/fdsnws/event/1/query?eventid=us6000thag&format=quakeml,0.3184872863225984,3.063246433988085,4.000979642525747,-1.911041849842084,4,4.0,5.933953921754698
attempt_003,cluster:quakeml:earthquake.usgs.gov/fdsnws/event/1/query?eventid=us6000thbs&format=quakeml,0.6685576135417197,3.932113397607612,3.932113397607612,-3.932113397607612,1,1.0,3.932113397607612
attempt_003,cluster:quakeml:earthquake.usgs.gov/fdsnws/event/1/query?eventid=us6000thug&format=quakeml,0.1941179212808754,0.4053410567810882,0.4053410567810882,0.4053410567810882,1,1.0,0.4053410567810882
attempt_003,cluster:quakeml:earthquake.usgs.gov/fdsnws/event/1/query?eventid=us6000ti1z&format=quakeml,0.248893051528881,2.302958637270889,2.302958637270889,-2.302958637270889,1,1.0,2.302958637270889
attempt_003,cluster:quakeml:earthquake.usgs.gov/fdsnws/event/1/query?eventid=us7000sz3s&format=quakeml,0.0505755091969924,0.0986686972845947,0.0986686972845947,0.0986686972845947,1,1.0,0.0986686972845947
attempt_003,cluster:quakeml:earthquake.usgs.gov/fdsnws/event/1/query?eventid=us7000sz4r&format=quakeml,0.3227787353524873,0.5178003657928849,0.5178003657928849,-0.5178003657928849,1,1.0,0.5178003657928849
attempt_003,cluster:quakeml:earthquake.usgs.gov/fdsnws/event/1/query?eventid=us7000sz66&format=quakeml,0.4603716839528386,1.4775598063865367,2.0189348668531144,1.3758324807716171,2,2.0,2.57822579100383
attempt_003,cluster:quakeml:earthquake.usgs.gov/fdsnws/event/1/query?eventid=us7000sz6t&format=quakeml,0.2549905072742337,0.5626004314967441,0.5626004314967441,0.5626004314967441,1,1.0,0.5626004314967441
attempt_003,cluster:quakeml:earthquake.usgs.gov/fdsnws/event/1/query?eventid=us7000sz6v&format=quakeml,0.8647166939947564,2.6290996560683557,2.6290996560683557,2.6290996560683557,1,1.0,2.6290996560683557
attempt_003,cluster:quakeml:earthquake.usgs.gov/fdsnws/event/1/query?eventid=us7000sz7d&format=quakeml,0.1227722782167966,0.8422824011197685,0.8422824011197685,0.8422824011197685,1,1.0,0.8422824011197685
attempt_003,cluster:quakeml:earthquake.usgs.gov/fdsnws/event/1/query?eventid=us7000szcl&format=quakeml,0.1252177890391221,0.2190190241802445,0.2635933415037871,-0.1466700948805366,2,2.0,0.3363551000846738
attempt_003,cluster:quakeml:earthquake.usgs.gov/fdsnws/event/1/query?eventid=us7000szhi&format=quakeml,0.1431335753595586,0.2971498530579795,0.2971498530579795,0.2971498530579795,1,1.0,0.2971498530579795
attempt_003,cluster:quakeml:earthquake.usgs.gov/fdsnws/event/1/query?eventid=us7000szr0&format=quakeml,0.1177485108677039,0.3220230811664064,0.422217759052825,-0.0622326957085759,4,4.0,0.6322419121349214
attempt_003,cluster:quakeml:earthquake.usgs.gov/fdsnws/event/1/query?eventid=us7000sztw&format=quakeml,0.2693004311602138,0.5973904816073301,0.5973904816073301,0.5973904816073301,1,1.0,0.5973904816073301
attempt_003,cluster:quakeml:earthquake.usgs.gov/fdsnws/event/1/query?eventid=us7000szu6&format=quakeml,0.1884126757875248,0.3667696872539421,0.3667696872539421,0.3667696872539421,1,1.0,0.3667696872539421
attempt_003,cluster:quakeml:earthquake.usgs.gov/fdsnws/event/1/query?eventid=us7000szwc&format=quakeml,0.4744976550352393,2.492740658980124,2.492740658980124,-2.492740658980124,1,1.0,2.492740658980124
attempt_003,cluster:quakeml:earthquake.usgs.gov/fdsnws/event/1/query?eventid=us7000szyg&format=quakeml,0.227182488998604,1.3957713342638387,1.9126966568258823,-1.3077579605876046,2,2.0,2.4419777027339222
attempt_003,cluster:quakeml:earthquake.usgs.gov/fdsnws/event/1/query?eventid=us7000szzy&format=quakeml,0.3302581982104537,0.491108701318289,0.5698239284694072,-0.491108701318289,2,2.0,0.7222956254409434
attempt_003,cluster:quakeml:earthquake.usgs.gov/fdsnws/event/1/query?eventid=us7000t02u&format=quakeml,0.3287275236948343,2.5449813509459007,2.5449813509459007,-2.5449813509459007,1,1.0,2.5449813509459007
attempt_003,cluster:quakeml:earthquake.usgs.gov/fdsnws/event/1/query?eventid=us7000t04s&format=quakeml,0.2010068878113207,1.7162284293518288,1.7162284293518288,-1.7162284293518288,1,1.0,1.7162284293518288
attempt_003,cluster:quakeml:earthquake.usgs.gov/fdsnws/event/1/query?eventid=us7000t06l&format=quakeml,0.0544698003143855,0.1048137133739406,0.1077471431331228,0.0249706295898817,2,2.0,0.124790217045846
attempt_003,cluster:quakeml:earthquake.usgs.gov/fdsnws/event/1/query?eventid=us7000t097&format=quakeml,0.0982802465015087,0.1964349740443011,0.2299933769401951,0.1196254755834619,2,2.0,0.2921353545110706
attempt_003,cluster:quakeml:earthquake.usgs.gov/fdsnws/event/1/query?eventid=us7000t0de&format=quakeml,0.1427713242033052,0.2931200633385302,0.2931200633385302,0.2931200633385302,1,1.0,0.2931200633385302
attempt_003,cluster:quakeml:earthquake.usgs.gov/fdsnws/event/1/query?eventid=us7000t0e6&format=quakeml,0.2336675403846793,0.4959148661986878,0.4959148661986878,0.4959148661986878,1,1.0,0.4959148661986878
attempt_003,cluster:quakeml:earthquake.usgs.gov/fdsnws/event/1/query?eventid=us7000t0q6&format=quakeml,0.6144590628162561,1.6922207062564267,1.6922207062564267,1.6922207062564267,1,1.0,1.6922207062564267
attempt_003,cluster:quakeml:earthquake.usgs.gov/fdsnws/event/1/query?eventid=us7000t0x1&format=quakeml,0.7155712575342524,2.102208448323504,2.102208448323504,2.102208448323504,1,1.0,2.102208448323504
attempt_003,cluster:quakeml:earthquake.usgs.gov/fdsnws/event/1/query?eventid=us7000t0xw&format=quakeml,0.3590071391784826,2.083061161510119,2.083061161510119,-2.083061161510119,1,1.0,2.083061161510119
attempt_003,cluster:quakeml:earthquake.usgs.gov/fdsnws/event/1/query?eventid=us7000t0yi&format=quakeml,0.226205670399823,1.97685541639016,1.97685541639016,1.97685541639016,1,1.0,1.97685541639016
attempt_003,cluster:quakeml:earthquake.usgs.gov/fdsnws/event/1/query?eventid=us7000t0yv&format=quakeml,0.324152032433293,1.4925506791229828,1.4925506791229828,-1.4925506791229828,1,1.0,1.4925506791229828
attempt_003,cluster:quakeml:earthquake.usgs.gov/fdsnws/event/1/query?eventid=us7000t0zd&format=quakeml,0.4056153006145593,5.344604836603104,5.344604836603104,-5.344604836603104,1,1.0,5.344604836603104
attempt_003,cluster:quakeml:earthquake.usgs.gov/fdsnws/event/1/query?eventid=us7000t106&format=quakeml,0.2866897724560088,0.6381249938037106,0.6381249938037106,0.6381249938037106,1,1.0,0.6381249938037106
attempt_003,cluster:quakeml:earthquake.usgs.gov/fdsnws/event/1/query?eventid=us7000t11q&format=quakeml,1.064762459088938,3.7109929460138265,3.7109929460138265,3.7109929460138265,1,1.0,3.7109929460138265
attempt_003,cluster:quakeml:earthquake.usgs.gov/fdsnws/event/1/query?eventid=us7000t19p&format=quakeml,0.2090385724556236,0.4738715192792357,0.625094208835709,0.331991956649202,3,3.0,0.8822137510900196
attempt_003,cluster:quakeml:earthquake.usgs.gov/fdsnws/event/1/query?eventid=us7000t1b3&format=quakeml,0.3738990462619775,2.902922719101503,3.669099343269256,-2.902922719101503,2,2.0,4.698085941131764
attempt_003,cluster:quakeml:earthquake.usgs.gov/fdsnws/event/1/query?eventid=us7000t1dh&format=quakeml,0.0940654208281862,0.1696781279280383,0.1696781279280383,-0.1696781279280383,1,1.0,0.1696781279280383
attempt_003,cluster:quakeml:earthquake.usgs.gov/fdsnws/event/1/query?eventid=us7000t1gu&format=quakeml,0.2230998475722814,0.4766458234816468,0.4766458234816468,0.4766458234816468,1,1.0,0.4766458234816468
attempt_003,cluster:quakeml:earthquake.usgs.gov/fdsnws/event/1/query?eventid=us7000t1jw&format=quakeml,0.0253762647890073,0.0470570342038085,0.0470570342038085,-0.0470570342038085,1,1.0,0.0470570342038085
attempt_003,cluster:quakeml:earthquake.usgs.gov/fdsnws/event/1/query?eventid=us7000t1ld&format=quakeml,0.2599924772666421,0.556131778545595,0.556131778545595,0.556131778545595,1,1.0,0.556131778545595
attempt_003,cluster:quakeml:earthquake.usgs.gov/fdsnws/event/1/query?eventid=us7000t1ng&format=quakeml,0.0242617724802129,0.0451630520857779,0.0451630520857779,0.0451630520857779,1,1.0,0.0451630520857779
attempt_003,cluster:quakeml:earthquake.usgs.gov/fdsnws/event/1/query?eventid=us7000t1ph&format=quakeml,0.4288927369877326,3.732800138871162,5.235620654024687,-3.732800138871162,2,2.0,6.669783816711358
attempt_003,cluster:quakeml:earthquake.usgs.gov/fdsnws/event/1/query?eventid=us7000t1q1&format=quakeml,0.1145193954730881,1.1032618355574453,1.1032618355574453,-1.1032618355574453,1,1.0,1.1032618355574453
attempt_003,cluster:quakeml:earthquake.usgs.gov/fdsnws/event/1/query?eventid=us7000t1q8&format=quakeml,0.1832581543384769,0.3722813450050544,0.3722813450050544,0.3722813450050544,1,1.0,0.3722813450050544
attempt_003,cluster:quakeml:earthquake.usgs.gov/fdsnws/event/1/query?eventid=us7000t1qt&format=quakeml,0.5256204318967433,5.04885756483111,7.420708412869585,-5.04885756483111,3,3.0,10.512713922536005
attempt_003,cluster:quakeml:earthquake.usgs.gov/fdsnws/event/1/query?eventid=us7000t1w2&format=quakeml,0.2457453548182252,0.457253272452285,0.5540754341288768,-0.0114028896415374,4,4.0,0.7730271462392676
attempt_003,cluster:quakeml:earthquake.usgs.gov/fdsnws/event/1/query?eventid=us7000t1wn&format=quakeml,0.2355174471040818,0.8957455555788734,0.8957455555788734,0.8957455555788734,1,1.0,0.8957455555788734
attempt_003,cluster:quakeml:earthquake.usgs.gov/fdsnws/event/1/query?eventid=us7000t1z0&format=quakeml,0.2347766292139104,0.5128456853306049,0.5128456853306049,0.5128456853306049,1,1.0,0.5128456853306049
attempt_003,cluster:quakeml:earthquake.usgs.gov/fdsnws/event/1/query?eventid=us7000t213&format=quakeml,0.1362265381328508,0.2768509565099488,0.2768509565099488,0.2768509565099488,1,1.0,0.2768509565099488
attempt_003,cluster:quakeml:earthquake.usgs.gov/fdsnws/event/1/query?eventid=us7000t22v&format=quakeml,0.9822781057612616,5.278884514630111,5.278884514630111,5.278884514630111,1,1.0,5.278884514630111
attempt_003,cluster:quakeml:earthquake.usgs.gov/fdsnws/event/1/query?eventid=us7000t27u&format=quakeml,0.0889517896383096,0.7825511976929302,0.7825511976929302,0.7825511976929302,1,1.0,0.7825511976929302
attempt_003,cluster:quakeml:earthquake.usgs.gov/fdsnws/event/1/query?eventid=us7000t2et&format=quakeml,0.2678925644560286,0.5806206478960239,0.5806206478960239,0.5806206478960239,1,1.0,0.5806206478960239
attempt_003,cluster:quakeml:earthquake.usgs.gov/fdsnws/event/1/query?eventid=us7000t2iy&format=quakeml,0.5158586933026381,2.2943487672535223,2.2943487672535223,-2.2943487672535223,1,1.0,2.2943487672535223
attempt_003,cluster:quakeml:earthquake.usgs.gov/fdsnws/event/1/query?eventid=us7000t2pj&format=quakeml,0.148766583270332,0.260977781184732,0.260977781184732,-0.260977781184732,1,1.0,0.260977781184732
attempt_003,cluster:quakeml:earthquake.usgs.gov/fdsnws/event/1/query?eventid=us7000t2pq&format=quakeml,0.1372199022659772,0.2459288389469465,0.2459288389469465,-0.2459288389469465,1,1.0,0.2459288389469465
attempt_003,cluster:quakeml:earthquake.usgs.gov/fdsnws/event/1/query?eventid=us7000t2y2&format=quakeml,0.2378083074063377,1.701212170112198,1.701212170112198,-1.701212170112198,1,1.0,1.701212170112198
attempt_003,cluster:quakeml:earthquake.usgs.gov/fdsnws/event/1/query?eventid=us7000t2yy&format=quakeml,0.5556808858054694,4.035104445534335,4.035104445534335,-4.035104445534335,1,1.0,4.035104445534335
attempt_003,cluster:quakeml:earthquake.usgs.gov/fdsnws/event/1/query?eventid=us7000t30x&format=quakeml,0.2186309273997065,0.3906032870103535,0.3906032870103535,-0.3906032870103535,1,1.0,0.3906032870103535
attempt_003,cluster:quakeml:earthquake.usgs.gov/fdsnws/event/1/query?eventid=us7000t389&format=quakeml,0.2413054154697471,1.86097763593454,1.86097763593454,-1.86097763593454,1,1.0,1.86097763593454
attempt_003,cluster:quakeml:earthquake.usgs.gov/fdsnws/event/1/query?eventid=us7000t3di&format=quakeml,0.376374152154325,2.4455642351093685,2.4455642351093685,-2.4455642351093685,1,1.0,2.4455642351093685
attempt_003,cluster:quakeml:earthquake.usgs.gov/fdsnws/event/1/query?eventid=us7000t3dx&format=quakeml,0.0093725212428368,0.018174001064412,0.018174001064412,0.018174001064412,1,1.0,0.018174001064412
attempt_003,cluster:quakeml:earthquake.usgs.gov/fdsnws/event/1/query?eventid=us7000t3hh&format=quakeml,0.2883940325111155,2.4021572888854905,2.4021572888854905,2.4021572888854905,1,1.0,2.4021572888854905
attempt_003,cluster:quakeml:earthquake.usgs.gov/fdsnws/event/1/query?eventid=us7000t3hl&format=quakeml,0.0956945734365826,0.1815131018250857,0.1815131018250857,-0.1815131018250857,1,1.0,0.1815131018250857
attempt_003,cluster:quakeml:earthquake.usgs.gov/fdsnws/event/1/query?eventid=us7000t3in&format=quakeml,0.2011531961966835,0.3374582165765458,0.3374582165765458,-0.3374582165765458,1,1.0,0.3374582165765458
attempt_003,cluster:quakeml:earthquake.usgs.gov/fdsnws/event/1/query?eventid=uu80143896&format=quakeml,0.2794658328245164,0.308134956873962,0.31205569049362,0.308134956873962,4,4.0,0.3624163258018448
attempt_004,cluster:quakeml:earthquake.usgs.gov/fdsnws/event/1/query?eventid=aka2026ncclpa&format=quakeml,0.0129867611403877,0.0386418363359855,0.0386418363359855,0.0386418363359855,1,1.0,0.0386418363359855
attempt_004,cluster:quakeml:earthquake.usgs.gov/fdsnws/event/1/query?eventid=aka2026ncfzau&format=quakeml,0.5732979165828312,1.6539568027256208,2.061053814946477,0.9458414660713425,7,7.0,3.3721419359382923
attempt_004,cluster:quakeml:earthquake.usgs.gov/fdsnws/event/1/query?eventid=aka2026nzghnm&format=quakeml,0.0854772674611524,0.2067811912634432,0.2067811912634432,-0.2067811912634432,1,1.0,0.2067811912634432
attempt_004,cluster:quakeml:earthquake.usgs.gov/fdsnws/event/1/query?eventid=aka2026ofyant&format=quakeml,0.5414033553701632,1.45366763975191,1.45366763975191,-1.45366763975191,1,1.0,1.45366763975191
attempt_004,cluster:quakeml:earthquake.usgs.gov/fdsnws/event/1/query?eventid=ci40656850&format=quakeml,1.755307711761541,1.148454636164307,1.148454636164307,1.148454636164307,1,1.0,1.148454636164307
attempt_004,cluster:quakeml:earthquake.usgs.gov/fdsnws/event/1/query?eventid=ci40664370&format=quakeml,1.6164969182554576,1.0492091731304087,1.0492091731304087,1.0492091731304087,1,1.0,1.0492091731304087
attempt_004,cluster:quakeml:earthquake.usgs.gov/fdsnws/event/1/query?eventid=ci41285127&format=quakeml,0.9334713471630054,0.6347900129948072,0.6348857473223916,0.6347900129948072,3,3.0,0.642764964978255
attempt_004,cluster:quakeml:earthquake.usgs.gov/fdsnws/event/1/query?eventid=ci41287863&format=quakeml,0.6455770039482029,0.7075279447529199,0.7075279447529199,0.7075279447529199,1,1.0,0.7075279447529199
attempt_004,cluster:quakeml:earthquake.usgs.gov/fdsnws/event/1/query?eventid=nc75406447&format=quakeml,0.6816049666433556,1.191998906215127,1.191998906215127,1.191998906215127,1,1.0,1.191998906215127
attempt_004,cluster:quakeml:earthquake.usgs.gov/fdsnws/event/1/query?eventid=tx2026mvdbvd&format=quakeml,0.5873537721377655,0.435976804618287,0.4382078842527505,0.435976804618287,2,2.0,0.4713072506939317
attempt_004,cluster:quakeml:earthquake.usgs.gov/fdsnws/event/1/query?eventid=tx2026nqayet&format=quakeml,0.456020216007865,0.5590368971577189,0.5968473907721074,0.5590368971577189,3,3.0,0.7627192563252135
attempt_004,cluster:quakeml:earthquake.usgs.gov/fdsnws/event/1/query?eventid=us6000t9h4&format=quakeml,0.3646470509077377,2.4989779641591543,4.103199155573756,-2.2340011731767526,3,3.0,5.74268159310181
attempt_004,cluster:quakeml:earthquake.usgs.gov/fdsnws/event/1/query?eventid=us6000t9kl&format=quakeml,0.0936809044471005,0.1846334018636808,0.1846334018636808,0.1846334018636808,1,1.0,0.1846334018636808
attempt_004,cluster:quakeml:earthquake.usgs.gov/fdsnws/event/1/query?eventid=us6000t9kr&format=quakeml,0.1148396806409121,0.8719416959399702,0.8719416959399702,-0.8719416959399702,1,1.0,0.8719416959399702
attempt_004,cluster:quakeml:earthquake.usgs.gov/fdsnws/event/1/query?eventid=us6000t9lc&format=quakeml,0.1566606553956107,0.5954432082639833,1.2702963843398845,-0.1986428148012675,12,12.0,0.6406124899452176
attempt_004,cluster:quakeml:earthquake.usgs.gov/fdsnws/event/1/query?eventid=us6000t9qx&format=quakeml,0.5350101949110013,4.203205113683165,5.019363653235699,-4.203205113683165,2,2.0,6.398046812682899
attempt_004,cluster:quakeml:earthquake.usgs.gov/fdsnws/event/1/query?eventid=us6000t9qz&format=quakeml,0.3976677425890365,2.5680320564086165,2.6295768792625798,-2.5680320564086165,2,2.0,3.020499723291498
attempt_004,cluster:quakeml:earthquake.usgs.gov/fdsnws/event/1/query?eventid=us6000t9r5&format=quakeml,0.3598089667411315,2.547300319853548,4.822261321822296,-1.534458123455379,23,23.0,4.653712360292471
attempt_004,cluster:quakeml:earthquake.usgs.gov/fdsnws/event/1/query?eventid=us6000t9sq&format=quakeml,0.668287930904143,2.3277338941260792,2.4902537271703373,2.3277338941260792,2,2.0,3.0356405744493644
attempt_004,cluster:quakeml:earthquake.usgs.gov/fdsnws/event/1/query?eventid=us6000t9tt&format=quakeml,0.1147090974242373,0.2054780854960238,0.2054780854960238,-0.2054780854960238,1,1.0,0.2054780854960238
attempt_004,cluster:quakeml:earthquake.usgs.gov/fdsnws/event/1/query?eventid=us6000t9zw&format=quakeml,0.1492579387976996,0.2041691121412968,0.2157964127046381,0.0698789337613635,2,2.0,0.2600722591503877
attempt_004,cluster:quakeml:earthquake.usgs.gov/fdsnws/event/1/query?eventid=us6000ta4c&format=quakeml,0.1662755130799951,0.2668519386204167,0.2668519386204167,-0.2668519386204167,1,1.0,0.2668519386204167
attempt_004,cluster:quakeml:earthquake.usgs.gov/fdsnws/event/1/query?eventid=us6000ta7h&format=quakeml,0.2735863890796896,0.6195870562829031,0.6195870562829031,0.6195870562829031,1,1.0,0.6195870562829031
attempt_004,cluster:quakeml:earthquake.usgs.gov/fdsnws/event/1/query?eventid=us6000ta7l&format=quakeml,0.3954017744348725,0.9491072266964912,0.9491072266964912,0.9491072266964912,1,1.0,0.9491072266964912
attempt_004,cluster:quakeml:earthquake.usgs.gov/fdsnws/event/1/query?eventid=us6000ta86&format=quakeml,0.313439082617896,1.5657299182361946,1.941824534319652,-1.5657299182361946,3,3.0,2.713664026276228
attempt_004,cluster:quakeml:earthquake.usgs.gov/fdsnws/event/1/query?eventid=us6000tahc&format=quakeml,0.1652258988609388,0.7064987065285258,0.7092956316526148,-0.7064987065285258,2,2.0,0.7568407096988525
attempt_004,cluster:quakeml:earthquake.usgs.gov/fdsnws/event/1/query?eventid=us6000tai4&format=quakeml,0.049048473354675,0.0865399644704252,0.0865399644704252,-0.0865399644704252,1,1.0,0.0865399644704252
attempt_004,cluster:quakeml:earthquake.usgs.gov/fdsnws/event/1/query?eventid=us6000takd&format=quakeml,0.0973857331811351,0.158286701783475,0.1891178474395843,-0.1034933826806869,2,2.0,0.2410814079280246
attempt_004,cluster:quakeml:earthquake.usgs.gov/fdsnws/event/1/query?eventid=us6000talg&format=quakeml,0.3538886652631592,3.052964189638549,5.076303048246684,-2.907739443625558,7,7.0,6.54179006228421
attempt_004,cluster:quakeml:earthquake.usgs.gov/fdsnws/event/1/query?eventid=us6000talr&format=quakeml,0.164682995199376,1.065581778930894,1.1237349782794468,-1.065581778930894,3,3.0,1.4215307477697174
attempt_004,cluster:quakeml:earthquake.usgs.gov/fdsnws/event/1/query?eventid=us6000tapb&format=quakeml,0.1963315392323601,1.3428344591445391,1.3428344591445391,-1.3428344591445391,1,1.0,1.3428344591445391
attempt_004,cluster:quakeml:earthquake.usgs.gov/fdsnws/event/1/query?eventid=us6000tary&format=quakeml,0.1392449471812735,0.547202628344611,0.5483704656617838,0.0357694163059885,2,2.0,0.5758181613894018
attempt_004,cluster:quakeml:earthquake.usgs.gov/fdsnws/event/1/query?eventid=us6000tasa&format=quakeml,0.1881292225501054,0.916549397649411,0.916549397649411,0.916549397649411,1,1.0,0.916549397649411
attempt_004,cluster:quakeml:earthquake.usgs.gov/fdsnws/event/1/query?eventid=us6000tatn&format=quakeml,0.3907042949248659,0.6009139983237455,0.6009139983237455,-0.6009139983237455,1,1.0,0.6009139983237455
attempt_004,cluster:quakeml:earthquake.usgs.gov/fdsnws/event/1/query?eventid=us6000tavd&format=quakeml,0.1819631155421898,1.661510704260809,1.683824179465598,-0.2732142876566752,2,2.0,1.880082134386149
attempt_004,cluster:quakeml:earthquake.usgs.gov/fdsnws/event/1/query?eventid=us6000taxu&format=quakeml,0.2604960460900505,2.6680447483442897,2.6680447483442897,2.6680447483442897,1,1.0,2.6680447483442897
attempt_004,cluster:quakeml:earthquake.usgs.gov/fdsnws/event/1/query?eventid=us6000taxz&format=quakeml,0.119983682249517,0.2169719088966666,0.2169719088966666,-0.2169719088966666,1,1.0,0.2169719088966666
attempt_004,cluster:quakeml:earthquake.usgs.gov/fdsnws/event/1/query?eventid=us6000tayu&format=quakeml,0.0657474032425199,0.133331478290348,0.133331478290348,0.133331478290348,1,1.0,0.133331478290348
attempt_004,cluster:quakeml:earthquake.usgs.gov/fdsnws/event/1/query?eventid=us6000tazm&format=quakeml,0.3144400174108244,2.1859385766861843,2.1859385766861843,-2.1859385766861843,1,1.0,2.1859385766861843
attempt_004,cluster:quakeml:earthquake.usgs.gov/fdsnws/event/1/query?eventid=us6000tg2v&format=quakeml,0.3529362737713916,0.8566386562227581,0.8566386562227581,0.8566386562227581,1,1.0,0.8566386562227581
attempt_004,cluster:quakeml:earthquake.usgs.gov/fdsnws/event/1/query?eventid=us6000tg42&format=quakeml,0.311335908659876,1.4788084740616314,2.188596659440064,-0.7362522953138648,23,23.0,3.5701655990267653
attempt_004,cluster:quakeml:earthquake.usgs.gov/fdsnws/event/1/query?eventid=us6000tg4g&format=quakeml,0.272512267023029,1.463894890591365,1.463894890591365,-1.463894890591365,1,1.0,1.463894890591365
attempt_004,cluster:quakeml:earthquake.usgs.gov/fdsnws/event/1/query?eventid=us6000tg5f&format=quakeml,0.2218532543301119,1.8020227231627428,2.320728371829124,-1.4771471158504457,13,13.0,3.3021508186840745
attempt_004,cluster:quakeml:earthquake.usgs.gov/fdsnws/event/1/query?eventid=us6000tg8x&format=quakeml,0.105602867742931,0.7033913968190837,0.7135210222391227,0.1198031387654805,2,2.0,0.7992339078314681
attempt_004,cluster:quakeml:earthquake.usgs.gov/fdsnws/event/1/query?eventid=us6000tgav&format=quakeml,0.4018083832986804,2.31392114162664,2.31392114162664,-2.31392114162664,1,1.0,2.31392114162664
attempt_004,cluster:quakeml:earthquake.usgs.gov/fdsnws/event/1/query?eventid=us6000tgdy&format=quakeml,0.1532710804224475,1.324409169364571,1.3300078456386994,-1.324409169364571,2,2.0,1.42193445737064
attempt_004,cluster:quakeml:earthquake.usgs.gov/fdsnws/event/1/query?eventid=us6000tgea&format=quakeml,0.2610959604449781,1.7075917334969717,1.7075917334969717,-1.7075917334969717,1,1.0,1.7075917334969717
attempt_004,cluster:quakeml:earthquake.usgs.gov/fdsnws/event/1/query?eventid=us6000tgn5&format=quakeml,0.1859516422163661,0.3921745516834054,0.3921745516834054,0.3921745516834054,1,1.0,0.3921745516834054
attempt_004,cluster:quakeml:earthquake.usgs.gov/fdsnws/event/1/query?eventid=us6000tgnw&format=quakeml,0.2748717261560937,1.7597358019218363,2.2501743645246464,0.3618466847082566,4,4.0,3.3379597453296106
attempt_004,cluster:quakeml:earthquake.usgs.gov/fdsnws/event/1/query?eventid=us6000tgp3&format=quakeml,0.5126830387211658,3.835847583977774,3.835847583977774,-3.835847583977774,1,1.0,3.835847583977774
attempt_004,cluster:quakeml:earthquake.usgs.gov/fdsnws/event/1/query?eventid=us6000tgpw&format=quakeml,0.4657051672156843,2.637868754674121,3.1927685852951786,1.798727236787661,2,2.0,4.07685054410425
attempt_004,cluster:quakeml:earthquake.usgs.gov/fdsnws/event/1/query?eventid=us6000tgpy&format=quakeml,0.2774118588745405,0.6103259954303686,0.6103259954303686,0.6103259954303686,1,1.0,0.6103259954303686
attempt_004,cluster:quakeml:earthquake.usgs.gov/fdsnws/event/1/query?eventid=us6000tgqe&format=quakeml,0.3062487028198306,0.6589506318609337,0.6589506318609337,0.6589506318609337,1,1.0,0.6589506318609337
attempt_004,cluster:quakeml:earthquake.usgs.gov/fdsnws/event/1/query?eventid=us6000tgqr&format=quakeml,0.1668757208457734,0.2844898469550716,0.2844898469550716,-0.2844898469550716,1,1.0,0.2844898469550716
attempt_004,cluster:quakeml:earthquake.usgs.gov/fdsnws/event/1/query?eventid=us6000tgqt&format=quakeml,0.1335021686844883,1.1359914670359572,1.588105325123413,-0.6414914766179152,3,3.0,2.2675509574577304
attempt_004,cluster:quakeml:earthquake.usgs.gov/fdsnws/event/1/query?eventid=us6000tgx1&format=quakeml,0.2061238528685008,0.4400821397601475,0.4407654228883165,0.4400821397601475,2,2.0,0.4597085428424687
attempt_004,cluster:quakeml:earthquake.usgs.gov/fdsnws/event/1/query?eventid=us6000tgyz&format=quakeml,0.6630886935692197,3.735426460570317,3.735426460570317,-3.735426460570317,1,1.0,3.735426460570317
attempt_004,cluster:quakeml:earthquake.usgs.gov/fdsnws/event/1/query?eventid=us6000tgzq&format=quakeml,0.1939163824074877,1.0599445746879492,1.375531607915284,1.0599445746879492,7,7.0,2.33766221021044
attempt_004,cluster:quakeml:earthquake.usgs.gov/fdsnws/event/1/query?eventid=us6000th04&format=quakeml,0.2226666120053143,0.4683806519241351,0.4683806519241351,0.4683806519241351,1,1.0,0.4683806519241351
attempt_004,cluster:quakeml:earthquake.usgs.gov/fdsnws/event/1/query?eventid=us6000th0l&format=quakeml,0.1031015715699609,0.2100401476174258,0.2100401476174258,0.2100401476174258,1,1.0,0.2100401476174258
attempt_004,cluster:quakeml:earthquake.usgs.gov/fdsnws/event/1/query?eventid=us6000th0m&format=quakeml,0.3916278681130546,2.5670935422610133,2.845912885650119,-1.639617532173728,4,4.0,3.9493670535685306
attempt_004,cluster:quakeml:earthquake.usgs.gov/fdsnws/event/1/query?eventid=us6000th1b&format=quakeml,0.0953063866478217,0.1889921140425865,0.1889921140425865,0.1889921140425865,1,1.0,0.1889921140425865
attempt_004,cluster:quakeml:earthquake.usgs.gov/fdsnws/event/1/query?eventid=us6000th1h&format=quakeml,0.2302482617156006,1.4283320922228813,1.813746961872124,-1.11783070096798,2,2.0,2.322596652997265
attempt_004,cluster:quakeml:earthquake.usgs.gov/fdsnws/event/1/query?eventid=us6000th1p&format=quakeml,0.1783122076335006,1.1200484941314937,1.1200484941314937,1.1200484941314937,1,1.0,1.1200484941314937
attempt_004,cluster:quakeml:earthquake.usgs.gov/fdsnws/event/1/query?eventid=us6000th5m&format=quakeml,0.1002056819940504,0.1867880476451524,0.1867880476451524,-0.1867880476451524,1,1.0,0.1867880476451524
attempt_004,cluster:quakeml:earthquake.usgs.gov/fdsnws/event/1/query?eventid=us6000th7y&format=quakeml,0.0876761770650953,0.1601623489243537,0.1601623489243537,-0.1601623489243537,1,1.0,0.1601623489243537
attempt_004,cluster:quakeml:earthquake.usgs.gov/fdsnws/event/1/query?eventid=us6000tha9&format=quakeml,0.4764142976311832,2.776129969059414,2.776129969059414,-2.776129969059414,1,1.0,2.776129969059414
attempt_004,cluster:quakeml:earthquake.usgs.gov/fdsnws/event/1/query?eventid=us6000thag&format=quakeml,0.3419225737616951,3.2169821990717544,4.071598419901386,-1.7165450476462365,4,4.0,5.884303824435677
attempt_004,cluster:quakeml:earthquake.usgs.gov/fdsnws/event/1/query?eventid=us6000thbs&format=quakeml,0.5848756086529151,3.5713822920887432,3.5713822920887432,-3.5713822920887432,1,1.0,3.5713822920887432
attempt_004,cluster:quakeml:earthquake.usgs.gov/fdsnws/event/1/query?eventid=us6000thug&format=quakeml,0.1965902723331023,0.4110279174213351,0.4110279174213351,0.4110279174213351,1,1.0,0.4110279174213351
attempt_004,cluster:quakeml:earthquake.usgs.gov/fdsnws/event/1/query?eventid=us6000ti1z&format=quakeml,0.2218524592493282,2.079597432536304,2.079597432536304,-2.079597432536304,1,1.0,2.079597432536304
attempt_004,cluster:quakeml:earthquake.usgs.gov/fdsnws/event/1/query?eventid=us7000sz3s&format=quakeml,0.0501553437845238,0.0978282620694555,0.0978282620694555,0.0978282620694555,1,1.0,0.0978282620694555
attempt_004,cluster:quakeml:earthquake.usgs.gov/fdsnws/event/1/query?eventid=us7000sz4r&format=quakeml,0.2847602611679609,0.4651308053409415,0.4651308053409415,-0.4651308053409415,1,1.0,0.4651308053409415
attempt_004,cluster:quakeml:earthquake.usgs.gov/fdsnws/event/1/query?eventid=us7000sz66&format=quakeml,0.4762783705240969,1.5625202507569094,2.1079863543770148,1.5625202507569094,2,2.0,2.6944953561267795
attempt_004,cluster:quakeml:earthquake.usgs.gov/fdsnws/event/1/query?eventid=us7000sz6t&format=quakeml,0.1968882019358788,0.4215065156448701,0.4215065156448701,0.4215065156448701,1,1.0,0.4215065156448701
attempt_004,cluster:quakeml:earthquake.usgs.gov/fdsnws/event/1/query?eventid=us7000sz6v&format=quakeml,0.8951863361694614,2.769625826512865,2.769625826512865,2.769625826512865,1,1.0,2.769625826512865
attempt_004,cluster:quakeml:earthquake.usgs.gov/fdsnws/event/1/query?eventid=us7000sz7d&format=quakeml,0.1204961514821609,0.8257076646996779,0.8257076646996779,0.8257076646996779,1,1.0,0.8257076646996779
attempt_004,cluster:quakeml:earthquake.usgs.gov/fdsnws/event/1/query?eventid=us7000szcl&format=quakeml,0.1100716564096925,0.188649452428909,0.2618087487346458,-0.1815356852309586,2,2.0,0.333878000613676
attempt_004,cluster:quakeml:earthquake.usgs.gov/fdsnws/event/1/query?eventid=us7000szhi&format=quakeml,0.1254385830928183,0.2580695412532376,0.2580695412532376,0.2580695412532376,1,1.0,0.2580695412532376
attempt_004,cluster:quakeml:earthquake.usgs.gov/fdsnws/event/1/query?eventid=us7000szr0&format=quakeml,0.101117174325299,0.2490050786362923,0.2927461133637971,-0.0041478122270209,4,4.0,0.414075606600097
attempt_004,cluster:quakeml:earthquake.usgs.gov/fdsnws/event/1/query?eventid=us7000sztw&format=quakeml,0.2013955599843155,0.4312687090865161,0.4312687090865161,0.4312687090865161,1,1.0,0.4312687090865161
attempt_004,cluster:quakeml:earthquake.usgs.gov/fdsnws/event/1/query?eventid=us7000szu6&format=quakeml,0.1964766935044737,0.3840622017141848,0.3840622017141848,0.3840622017141848,1,1.0,0.3840622017141848
attempt_004,cluster:quakeml:earthquake.usgs.gov/fdsnws/event/1/query?eventid=us7000szwc&format=quakeml,0.4487193373134974,2.385538165858893,2.385538165858893,-2.385538165858893,1,1.0,2.385538165858893
attempt_004,cluster:quakeml:earthquake.usgs.gov/fdsnws/event/1/query?eventid=us7000szyg&format=quakeml,0.2160845319045264,1.3983491640157748,1.5992309995790586,-0.7759893076009607,2,2.0,2.019140610096543
attempt_004,cluster:quakeml:earthquake.usgs.gov/fdsnws/event/1/query?eventid=us7000szzy&format=quakeml,0.2804731440798036,0.4298668824622748,0.5029074955435618,-0.4298668824622748,2,2.0,0.6386813071533866
attempt_004,cluster:quakeml:earthquake.usgs.gov/fdsnws/event/1/query?eventid=us7000t02u&format=quakeml,0.3331525133698299,2.573852516538355,2.573852516538355,-2.573852516538355,1,1.0,2.573852516538355
attempt_004,cluster:quakeml:earthquake.usgs.gov/fdsnws/event/1/query?eventid=us7000t04s&format=quakeml,0.111021703544348,0.990385354363454,0.990385354363454,-0.990385354363454,1,1.0,0.990385354363454
attempt_004,cluster:quakeml:earthquake.usgs.gov/fdsnws/event/1/query?eventid=us7000t06l&format=quakeml,0.0528759187396515,0.103363193344235,0.1171570077645539,0.0551526493472981,2,2.0,0.1474853128220735
attempt_004,cluster:quakeml:earthquake.usgs.gov/fdsnws/event/1/query?eventid=us7000t097&format=quakeml,0.0982897458033288,0.1985320253247458,0.244108295261199,0.1420348363458177,2,2.0,0.3121598944013999
attempt_004,cluster:quakeml:earthquake.usgs.gov/fdsnws/event/1/query?eventid=us7000t0de&format=quakeml,0.1151686685238243,0.2331397154911105,0.2331397154911105,0.2331397154911105,1,1.0,0.2331397154911105
attempt_004,cluster:quakeml:earthquake.usgs.gov/fdsnws/event/1/query?eventid=us7000t0e6&format=quakeml,0.1898785495187712,0.3939495671143125,0.3939495671143125,0.3939495671143125,1,1.0,0.3939495671143125
attempt_004,cluster:quakeml:earthquake.usgs.gov/fdsnws/event/1/query?eventid=us7000t0q6&format=quakeml,0.3643273827213684,0.8764535661211561,0.8764535661211561,0.8764535661211561,1,1.0,0.8764535661211561
attempt_004,cluster:quakeml:earthquake.usgs.gov/fdsnws/event/1/query?eventid=us7000t0x1&format=quakeml,0.4645795244723401,1.1891946473826556,1.1891946473826556,1.1891946473826556,1,1.0,1.1891946473826556
attempt_004,cluster:quakeml:earthquake.usgs.gov/fdsnws/event/1/query?eventid=us7000t0xw&format=quakeml,0.3088340612392598,1.8349061809888283,1.8349061809888283,-1.8349061809888283,1,1.0,1.8349061809888283
attempt_004,cluster:quakeml:earthquake.usgs.gov/fdsnws/event/1/query?eventid=us7000t0yi&format=quakeml,0.249245759966891,2.204450396089097,2.204450396089097,2.204450396089097,1,1.0,2.204450396089097
attempt_004,cluster:quakeml:earthquake.usgs.gov/fdsnws/event/1/query?eventid=us7000t0yv&format=quakeml,0.2937689106303175,1.3722858598076575,1.3722858598076575,-1.3722858598076575,1,1.0,1.3722858598076575
attempt_004,cluster:quakeml:earthquake.usgs.gov/fdsnws/event/1/query?eventid=us7000t0zd&format=quakeml,0.3934214398236055,5.213523238172186,5.213523238172186,-5.213523238172186,1,1.0,5.213523238172186
attempt_004,cluster:quakeml:earthquake.usgs.gov/fdsnws/event/1/query?eventid=us7000t106&format=quakeml,0.2313062069293218,0.5001910363569204,0.5001910363569204,0.5001910363569204,1,1.0,0.5001910363569204
attempt_004,cluster:quakeml:earthquake.usgs.gov/fdsnws/event/1/query?eventid=us7000t11q&format=quakeml,1.092438748976729,3.869940652381282,3.869940652381282,3.869940652381282,1,1.0,3.869940652381282
attempt_004,cluster:quakeml:earthquake.usgs.gov/fdsnws/event/1/query?eventid=us7000t19p&format=quakeml,0.1325935076576078,0.282663462654266,0.3537363039544835,0.2034663162343107,3,3.0,0.4956484209510019
attempt_004,cluster:quakeml:earthquake.usgs.gov/fdsnws/event/1/query?eventid=us7000t1b3&format=quakeml,0.3112172419276856,2.5905971023942507,3.577153813627451,-2.5905971023942507,2,2.0,4.563993939836278
attempt_004,cluster:quakeml:earthquake.usgs.gov/fdsnws/event/1/query?eventid=us7000t1dh&format=quakeml,0.0768530607398314,0.1398110241038179,0.1398110241038179,-0.1398110241038179,1,1.0,0.1398110241038179
attempt_004,cluster:quakeml:earthquake.usgs.gov/fdsnws/event/1/query?eventid=us7000t1gu&format=quakeml,0.2245426937734704,0.4800875401398583,0.4800875401398583,0.4800875401398583,1,1.0,0.4800875401398583
attempt_004,cluster:quakeml:earthquake.usgs.gov/fdsnws/event/1/query?eventid=us7000t1jw&format=quakeml,0.0112705444891319,0.021285808557776,0.021285808557776,0.021285808557776,1,1.0,0.021285808557776
attempt_004,cluster:quakeml:earthquake.usgs.gov/fdsnws/event/1/query?eventid=us7000t1ld&format=quakeml,0.2469313638499021,0.5246109098038108,0.5246109098038108,0.5246109098038108,1,1.0,0.5246109098038108
attempt_004,cluster:quakeml:earthquake.usgs.gov/fdsnws/event/1/query?eventid=us7000t1ng&format=quakeml,0.0569893958763786,0.1078473905974635,0.1078473905974635,0.1078473905974635,1,1.0,0.1078473905974635
attempt_004,cluster:quakeml:earthquake.usgs.gov/fdsnws/event/1/query?eventid=us7000t1ph&format=quakeml,0.4540316000955801,3.843358865505208,5.290455717141739,-3.635589955699106,2,2.0,6.751830830064494
attempt_004,cluster:quakeml:earthquake.usgs.gov/fdsnws/event/1/query?eventid=us7000t1q1&format=quakeml,0.0351810668689189,0.3524696744238618,0.3524696744238618,-0.3524696744238618,1,1.0,0.3524696744238618
attempt_004,cluster:quakeml:earthquake.usgs.gov/fdsnws/event/1/query?eventid=us7000t1q8&format=quakeml,0.1948217937650951,0.3981397895432148,0.3981397895432148,0.3981397895432148,1,1.0,0.3981397895432148
attempt_004,cluster:quakeml:earthquake.usgs.gov/fdsnws/event/1/query?eventid=us7000t1qt&format=quakeml,0.5122096376711875,4.975195307988839,7.293508241816903,-4.975195307988839,3,3.0,10.30462600442675
attempt_004,cluster:quakeml:earthquake.usgs.gov/fdsnws/event/1/query?eventid=us7000t1w2&format=quakeml,0.1963779160207331,0.3487050103471751,0.3804348085624986,-0.097756856684116,4,4.0,0.4788064828884845
attempt_004,cluster:quakeml:earthquake.usgs.gov/fdsnws/event/1/query?eventid=us7000t1wn&format=quakeml,0.3553169813328735,1.4390324296206565,1.4390324296206565,1.4390324296206565,1,1.0,1.4390324296206565
attempt_004,cluster:quakeml:earthquake.usgs.gov/fdsnws/event/1/query?eventid=us7000t1z0&format=quakeml,0.2002467840964161,0.4296627747406611,0.4296627747406611,0.4296627747406611,1,1.0,0.4296627747406611
attempt_004,cluster:quakeml:earthquake.usgs.gov/fdsnws/event/1/query?eventid=us7000t213&format=quakeml,0.1014136878352944,0.2024751371251223,0.2024751371251223,0.2024751371251223,1,1.0,0.2024751371251223
attempt_004,cluster:quakeml:earthquake.usgs.gov/fdsnws/event/1/query?eventid=us7000t22v&format=quakeml,1.0129514365209047,5.541743989370362,5.541743989370362,5.541743989370362,1,1.0,5.541743989370362
attempt_004,cluster:quakeml:earthquake.usgs.gov/fdsnws/event/1/query?eventid=us7000t27u&format=quakeml,0.1375831930409916,1.240746158541123,1.240746158541123,1.240746158541123,1,1.0,1.240746158541123
attempt_004,cluster:quakeml:earthquake.usgs.gov/fdsnws/event/1/query?eventid=us7000t2et&format=quakeml,0.2526332560056248,0.5432068655578599,0.5432068655578599,0.5432068655578599,1,1.0,0.5432068655578599
attempt_004,cluster:quakeml:earthquake.usgs.gov/fdsnws/event/1/query?eventid=us7000t2iy&format=quakeml,0.4187395419036895,1.947714653474914,1.947714653474914,-1.947714653474914,1,1.0,1.947714653474914
attempt_004,cluster:quakeml:earthquake.usgs.gov/fdsnws/event/1/query?eventid=us7000t2pj&format=quakeml,0.1213645033867026,0.2157775261452019,0.2157775261452019,-0.2157775261452019,1,1.0,0.2157775261452019
attempt_004,cluster:quakeml:earthquake.usgs.gov/fdsnws/event/1/query?eventid=us7000t2pq&format=quakeml,0.1023102423880769,0.186526579683975,0.186526579683975,-0.186526579683975,1,1.0,0.186526579683975
attempt_004,cluster:quakeml:earthquake.usgs.gov/fdsnws/event/1/query?eventid=us7000t2y2&format=quakeml,0.203302600664059,1.4787406319981151,1.4787406319981151,-1.4787406319981151,1,1.0,1.4787406319981151
attempt_004,cluster:quakeml:earthquake.usgs.gov/fdsnws/event/1/query?eventid=us7000t2yy&format=quakeml,0.532769396460149,3.909261329708884,3.909261329708884,-3.909261329708884,1,1.0,3.909261329708884
attempt_004,cluster:quakeml:earthquake.usgs.gov/fdsnws/event/1/query?eventid=us7000t30x&format=quakeml,0.268989506697226,0.4691031158612191,0.4691031158612191,-0.4691031158612191,1,1.0,0.4691031158612191
attempt_004,cluster:quakeml:earthquake.usgs.gov/fdsnws/event/1/query?eventid=us7000t389&format=quakeml,0.2168643466890539,1.6922600206590213,1.6922600206590213,-1.6922600206590213,1,1.0,1.6922600206590213
attempt_004,cluster:quakeml:earthquake.usgs.gov/fdsnws/event/1/query?eventid=us7000t3di&format=quakeml,0.3179669249285891,2.1236934168141763,2.1236934168141763,-2.1236934168141763,1,1.0,2.1236934168141763
attempt_004,cluster:quakeml:earthquake.usgs.gov/fdsnws/event/1/query?eventid=us7000t3dx&format=quakeml,0.0018510675952001,0.00357586902533,0.00357586902533,0.00357586902533,1,1.0,0.00357586902533
attempt_004,cluster:quakeml:earthquake.usgs.gov/fdsnws/event/1/query?eventid=us7000t3hh&format=quakeml,0.3426765644827961,2.937012052020833,2.937012052020833,2.937012052020833,1,1.0,2.937012052020833
attempt_004,cluster:quakeml:earthquake.usgs.gov/fdsnws/event/1/query?eventid=us7000t3hl&format=quakeml,0.1578366242640219,0.2904152988067749,0.2904152988067749,-0.2904152988067749,1,1.0,0.2904152988067749
attempt_004,cluster:quakeml:earthquake.usgs.gov/fdsnws/event/1/query?eventid=us7000t3in&format=quakeml,0.1545095357036097,0.2651409844422261,0.2651409844422261,-0.2651409844422261,1,1.0,0.2651409844422261
attempt_004,cluster:quakeml:earthquake.usgs.gov/fdsnws/event/1/query?eventid=uu80143896&format=quakeml,0.2352976218910582,0.2529545044233235,0.2576638941677384,0.2529545044233235,4,4.0,0.3068275572240944
attempt_005,cluster:quakeml:earthquake.usgs.gov/fdsnws/event/1/query?eventid=aka2026ncclpa&format=quakeml,0.8405565637946824,1.6806874523327655,1.6806874523327655,-1.6806874523327655,1,1.0,1.6806874523327655
attempt_005,cluster:quakeml:earthquake.usgs.gov/fdsnws/event/1/query?eventid=aka2026ncfzau&format=quakeml,0.6625394610357781,1.7680741641409503,2.099132740964107,0.5738889720528361,7,7.0,3.2771903998620804
attempt_005,cluster:quakeml:earthquake.usgs.gov/fdsnws/event/1/query?eventid=aka2026nzghnm&format=quakeml,0.8226112790182082,1.4152495442824722,1.4152495442824722,-1.4152495442824722,1,1.0,1.4152495442824722
attempt_005,cluster:quakeml:earthquake.usgs.gov/fdsnws/event/1/query?eventid=aka2026ofyant&format=quakeml,1.2641556566685082,2.494896776663505,2.494896776663505,-2.494896776663505,1,1.0,2.494896776663505
attempt_005,cluster:quakeml:earthquake.usgs.gov/fdsnws/event/1/query?eventid=ci40656850&format=quakeml,1.6801848088718725,1.047971439624496,1.047971439624496,1.047971439624496,1,1.0,1.047971439624496
attempt_005,cluster:quakeml:earthquake.usgs.gov/fdsnws/event/1/query?eventid=ci40664370&format=quakeml,1.4931702644960685,0.8973079977316338,0.8973079977316338,0.8973079977316338,1,1.0,0.8973079977316338
attempt_005,cluster:quakeml:earthquake.usgs.gov/fdsnws/event/1/query?eventid=ci41285127&format=quakeml,0.7648773415959743,0.4719606737248349,0.4719808678920955,0.4719606737248349,3,3.0,0.4760717476254623
attempt_005,cluster:quakeml:earthquake.usgs.gov/fdsnws/event/1/query?eventid=ci41287863&format=quakeml,0.4302628713889762,0.4193761085955974,0.4193761085955974,0.4193761085955974,1,1.0,0.4193761085955974
attempt_005,cluster:quakeml:earthquake.usgs.gov/fdsnws/event/1/query?eventid=nc75406447&format=quakeml,0.3725220744053629,0.5506964311940352,0.5506964311940352,0.5506964311940352,1,1.0,0.5506964311940352
attempt_005,cluster:quakeml:earthquake.usgs.gov/fdsnws/event/1/query?eventid=tx2026mvdbvd&format=quakeml,0.4610644702321623,0.3190478821109892,0.3249187757412257,0.3190478821109892,2,2.0,0.368237537931988
attempt_005,cluster:quakeml:earthquake.usgs.gov/fdsnws/event/1/query?eventid=tx2026nqayet&format=quakeml,0.2282690860125484,0.2350426844185447,0.2819047712334267,0.1862360131599922,3,3.0,0.393485647933352
attempt_005,cluster:quakeml:earthquake.usgs.gov/fdsnws/event/1/query?eventid=us6000t9h4&format=quakeml,0.4756230705919639,2.8613653201844538,4.511094845101024,-2.33306202520008,3,3.0,6.335479012008273
attempt_005,cluster:quakeml:earthquake.usgs.gov/fdsnws/event/1/query?eventid=us6000t9kl&format=quakeml,0.0021309091540986,0.0040103805705209,0.0040103805705209,0.0040103805705209,1,1.0,0.0040103805705209
attempt_005,cluster:quakeml:earthquake.usgs.gov/fdsnws/event/1/query?eventid=us6000t9kr&format=quakeml,0.206943210804193,1.5023899883393188,1.5023899883393188,-1.5023899883393188,1,1.0,1.5023899883393188
attempt_005,cluster:quakeml:earthquake.usgs.gov/fdsnws/event/1/query?eventid=us6000t9lc&format=quakeml,0.1723393141567861,0.7523369841873319,1.9092314598862428,-0.382873597644448,12,12.0,0.5734552242273655
attempt_005,cluster:quakeml:earthquake.usgs.gov/fdsnws/event/1/query?eventid=us6000t9qx&format=quakeml,0.6637517866099372,4.752245298961521,5.455531235379508,-4.752245298961521,2,2.0,6.8957356381904455
attempt_005,cluster:quakeml:earthquake.usgs.gov/fdsnws/event/1/query?eventid=us6000t9qz&format=quakeml,0.5580634917916992,3.344478168586669,3.383106091921385,-3.344478168586669,2,2.0,3.75229978374133
attempt_005,cluster:quakeml:earthquake.usgs.gov/fdsnws/event/1/query?eventid=us6000t9r5&format=quakeml,0.4695191023994692,3.093651275290579,5.148194318254111,-2.571933846792823,23,23.0,5.294218767137998
attempt_005,cluster:quakeml:earthquake.usgs.gov/fdsnws/event/1/query?eventid=us6000t9sq&format=quakeml,0.5471942065359346,1.865639612801554,2.0902580679884224,1.865639612801554,2,2.0,2.6197505334221685
attempt_005,cluster:quakeml:earthquake.usgs.gov/fdsnws/event/1/query?eventid=us6000t9tt&format=quakeml,0.0601102934110701,0.1174641518332952,0.1174641518332952,0.1174641518332952,1,1.0,0.1174641518332952
attempt_005,cluster:quakeml:earthquake.usgs.gov/fdsnws/event/1/query?eventid=us6000t9zw&format=quakeml,0.153173140547998,0.205170097401219,0.2343834936076916,0.1133174885360644,2,2.0,0.2958240882300706
attempt_005,cluster:quakeml:earthquake.usgs.gov/fdsnws/event/1/query?eventid=us6000ta4c&format=quakeml,0.165833733496469,0.2662001043512867,0.2662001043512867,-0.2662001043512867,1,1.0,0.2662001043512867
attempt_005,cluster:quakeml:earthquake.usgs.gov/fdsnws/event/1/query?eventid=us6000ta7h&format=quakeml,0.2132192457915975,0.4679446095825368,0.4679446095825368,0.4679446095825368,1,1.0,0.4679446095825368
attempt_005,cluster:quakeml:earthquake.usgs.gov/fdsnws/event/1/query?eventid=us6000ta7l&format=quakeml,0.4808979609376411,1.2084988235406755,1.2084988235406755,1.2084988235406755,1,1.0,1.2084988235406755
attempt_005,cluster:quakeml:earthquake.usgs.gov/fdsnws/event/1/query?eventid=us6000ta86&format=quakeml,0.4149761896034284,2.044982307460093,2.5577305154761683,-2.044982307460093,3,3.0,3.512150074993831
attempt_005,cluster:quakeml:earthquake.usgs.gov/fdsnws/event/1/query?eventid=us6000tahc&format=quakeml,0.4167018703038352,1.591829578868808,1.6045167351981893,-1.591829578868808,2,2.0,1.7529308794111138
attempt_005,cluster:quakeml:earthquake.usgs.gov/fdsnws/event/1/query?eventid=us6000tai4&format=quakeml,0.0578153868583082,0.1015658939504249,0.1015658939504249,-0.1015658939504249,1,1.0,0.1015658939504249
attempt_005,cluster:quakeml:earthquake.usgs.gov/fdsnws/event/1/query?eventid=us6000takd&format=quakeml,0.1199531790447353,0.2118864607718414,0.2119821875484591,0.0063698963424038,2,2.0,0.2169823778457645
attempt_005,cluster:quakeml:earthquake.usgs.gov/fdsnws/event/1/query?eventid=us6000talg&format=quakeml,0.5900036776381118,4.191734776689009,5.987060469851016,-4.064064279530746,7,7.0,8.43437982563962
attempt_005,cluster:quakeml:earthquake.usgs.gov/fdsnws/event/1/query?eventid=us6000talr&format=quakeml,0.2557416713016238,1.5653852445461691,1.6945267544822091,-1.5653852445461691,3,3.0,2.130507064353843
attempt_005,cluster:quakeml:earthquake.usgs.gov/fdsnws/event/1/query?eventid=us6000tapb&format=quakeml,0.3326188414040876,2.131511696046676,2.131511696046676,-2.131511696046676,1,1.0,2.131511696046676
attempt_005,cluster:quakeml:earthquake.usgs.gov/fdsnws/event/1/query?eventid=us6000tary&format=quakeml,0.2971088231540711,1.235743199029109,1.5199808274284772,-1.235743199029109,2,2.0,1.9437682660671451
attempt_005,cluster:quakeml:earthquake.usgs.gov/fdsnws/event/1/query?eventid=us6000tasa&format=quakeml,0.1840792078382539,0.8949476671509462,0.8949476671509462,0.8949476671509462,1,1.0,0.8949476671509462
attempt_005,cluster:quakeml:earthquake.usgs.gov/fdsnws/event/1/query?eventid=us6000tatn&format=quakeml,0.122671593323747,0.2144984667029239,0.2144984667029239,-0.2144984667029239,1,1.0,0.2144984667029239
attempt_005,cluster:quakeml:earthquake.usgs.gov/fdsnws/event/1/query?eventid=us6000tavd&format=quakeml,0.1845665640204216,1.6049031190548626,1.6143751960157977,0.1746231713118811,2,2.0,1.7446016561043676
attempt_005,cluster:quakeml:earthquake.usgs.gov/fdsnws/event/1/query?eventid=us6000taxu&format=quakeml,0.407372159776666,4.508672409414732,4.508672409414732,4.508672409414732,1,1.0,4.508672409414732
attempt_005,cluster:quakeml:earthquake.usgs.gov/fdsnws/event/1/query?eventid=us6000taxz&format=quakeml,0.0110675108955271,0.021121456835216,0.021121456835216,-0.021121456835216,1,1.0,0.021121456835216
attempt_005,cluster:quakeml:earthquake.usgs.gov/fdsnws/event/1/query?eventid=us6000tayu&format=quakeml,0.2385656719377171,0.5286159094456624,0.5286159094456624,0.5286159094456624,1,1.0,0.5286159094456624
attempt_005,cluster:quakeml:earthquake.usgs.gov/fdsnws/event/1/query?eventid=us6000tazm&format=quakeml,0.3911934795792591,2.6230281474959565,2.6230281474959565,-2.6230281474959565,1,1.0,2.6230281474959565
attempt_005,cluster:quakeml:earthquake.usgs.gov/fdsnws/event/1/query?eventid=us6000tg2v&format=quakeml,0.4634644621690127,1.1932926488004774,1.1932926488004774,1.1932926488004774,1,1.0,1.1932926488004774
attempt_005,cluster:quakeml:earthquake.usgs.gov/fdsnws/event/1/query?eventid=us6000tg42&format=quakeml,0.3910846843171502,1.7496873270200126,2.4187859192371515,-1.0057424511941344,23,23.0,3.620055082383829
attempt_005,cluster:quakeml:earthquake.usgs.gov/fdsnws/event/1/query?eventid=us6000tg4g&format=quakeml,0.6355002666213156,2.8864124754580067,2.8864124754580067,-2.8864124754580067,1,1.0,2.8864124754580067
attempt_005,cluster:quakeml:earthquake.usgs.gov/fdsnws/event/1/query?eventid=us6000tg5f&format=quakeml,0.2587889308289306,2.0548720629981347,2.537066322892781,-1.5900299624283925,13,13.0,3.697200628205084
attempt_005,cluster:quakeml:earthquake.usgs.gov/fdsnws/event/1/query?eventid=us6000tg8x&format=quakeml,0.1278766618490405,0.8825952992694819,0.9071592520471328,-0.2096746200238048,2,2.0,1.0503349952885257
attempt_005,cluster:quakeml:earthquake.usgs.gov/fdsnws/event/1/query?eventid=us6000tgav&format=quakeml,0.5456143310971486,2.9406566544771997,2.9406566544771997,-2.9406566544771997,1,1.0,2.9406566544771997
attempt_005,cluster:quakeml:earthquake.usgs.gov/fdsnws/event/1/query?eventid=us6000tgdy&format=quakeml,0.1169069753284197,1.0270218049993272,1.032903565167732,-1.0270218049993272,2,2.0,1.1150799203264594
attempt_005,cluster:quakeml:earthquake.usgs.gov/fdsnws/event/1/query?eventid=us6000tgea&format=quakeml,0.5410760342187131,3.1052548915466893,3.1052548915466893,-3.1052548915466893,1,1.0,3.1052548915466893
attempt_005,cluster:quakeml:earthquake.usgs.gov/fdsnws/event/1/query?eventid=us6000tgn5&format=quakeml,0.2806544653547926,0.6217483976628402,0.6217483976628402,0.6217483976628402,1,1.0,0.6217483976628402
attempt_005,cluster:quakeml:earthquake.usgs.gov/fdsnws/event/1/query?eventid=us6000tgnw&format=quakeml,0.2770622157965865,1.7629138442062615,2.2594583050422954,0.342286504384989,4,4.0,3.327351355709113
attempt_005,cluster:quakeml:earthquake.usgs.gov/fdsnws/event/1/query?eventid=us6000tgp3&format=quakeml,0.6677568244446661,4.658541639516205,4.658541639516205,-4.658541639516205,1,1.0,4.658541639516205
attempt_005,cluster:quakeml:earthquake.usgs.gov/fdsnws/event/1/query?eventid=us6000tgpw&format=quakeml,0.4617992664071492,2.633370660180531,2.900684002747315,1.2162757293864486,2,2.0,3.6063912436896897
attempt_005,cluster:quakeml:earthquake.usgs.gov/fdsnws/event/1/query?eventid=us6000tgpy&format=quakeml,0.2790279521630714,0.6144007529705051,0.6144007529705051,0.6144007529705051,1,1.0,0.6144007529705051
attempt_005,cluster:quakeml:earthquake.usgs.gov/fdsnws/event/1/query?eventid=us6000tgqe&format=quakeml,0.3087874571795284,0.6653003717222745,0.6653003717222745,0.6653003717222745,1,1.0,0.6653003717222745
attempt_005,cluster:quakeml:earthquake.usgs.gov/fdsnws/event/1/query?eventid=us6000tgqr&format=quakeml,0.0019020454790462,0.0035173400509309,0.0035173400509309,-0.0035173400509309,1,1.0,0.0035173400509309
attempt_005,cluster:quakeml:earthquake.usgs.gov/fdsnws/event/1/query?eventid=us6000tgqt&format=quakeml,0.120647187360344,0.9885870938932592,1.484682460459961,-0.7125674432705535,3,3.0,2.1005651260108538
attempt_005,cluster:quakeml:earthquake.usgs.gov/fdsnws/event/1/query?eventid=us6000tgx1&format=quakeml,0.2834023963916764,0.6299336813596192,0.6308653560894951,0.6299336813596192,2,2.0,0.657352268954381
attempt_005,cluster:quakeml:earthquake.usgs.gov/fdsnws/event/1/query?eventid=us6000tgyz&format=quakeml,0.9088857377702504,4.600690127123789,4.600690127123789,-4.600690127123789,1,1.0,4.600690127123789
attempt_005,cluster:quakeml:earthquake.usgs.gov/fdsnws/event/1/query?eventid=us6000tgzq&format=quakeml,0.1777327478753691,0.958141635348131,1.357089699613082,0.9232032585875416,7,7.0,2.314767687993676
attempt_005,cluster:quakeml:earthquake.usgs.gov/fdsnws/event/1/query?eventid=us6000th04&format=quakeml,0.3723918731985108,0.8473565238148064,0.8473565238148064,0.8473565238148064,1,1.0,0.8473565238148064
attempt_005,cluster:quakeml:earthquake.usgs.gov/fdsnws/event/1/query?eventid=us6000th0l&format=quakeml,0.1447513868260924,0.3012247534943097,0.3012247534943097,0.3012247534943097,1,1.0,0.3012247534943097
attempt_005,cluster:quakeml:earthquake.usgs.gov/fdsnws/event/1/query?eventid=us6000th0m&format=quakeml,0.4254660716084303,2.7663695841813585,2.944833525692267,-1.7641263477601576,4,4.0,3.906307944201813
attempt_005,cluster:quakeml:earthquake.usgs.gov/fdsnws/event/1/query?eventid=us6000th1b&format=quakeml,0.1986444897013635,0.4153242033553399,0.4153242033553399,0.4153242033553399,1,1.0,0.4153242033553399
attempt_005,cluster:quakeml:earthquake.usgs.gov/fdsnws/event/1/query?eventid=us6000th1h&format=quakeml,0.4375313757347576,2.20259022449332,2.5362270674563154,-2.20259022449332,2,2.0,3.2085068144873903
attempt_005,cluster:quakeml:earthquake.usgs.gov/fdsnws/event/1/query?eventid=us6000th1p&format=quakeml,0.276608761527513,1.8284157848828533,1.8284157848828533,1.8284157848828533,1,1.0,1.8284157848828533
attempt_005,cluster:quakeml:earthquake.usgs.gov/fdsnws/event/1/query?eventid=us6000th5m&format=quakeml,0.0127961976242285,0.0249080471242211,0.0249080471242211,-0.0249080471242211,1,1.0,0.0249080471242211
attempt_005,cluster:quakeml:earthquake.usgs.gov/fdsnws/event/1/query?eventid=us6000th7y&format=quakeml,0.0567855655950765,0.1114821933388827,0.1114821933388827,0.1114821933388827,1,1.0,0.1114821933388827
attempt_005,cluster:quakeml:earthquake.usgs.gov/fdsnws/event/1/query?eventid=us6000tha9&format=quakeml,0.5943044666646419,3.2819931366788198,3.2819931366788198,-3.2819931366788198,1,1.0,3.2819931366788198
attempt_005,cluster:quakeml:earthquake.usgs.gov/fdsnws/event/1/query?eventid=us6000thag&format=quakeml,0.3319832335031551,3.1025418883437155,3.928903815240663,-1.5397081352543431,4,4.0,5.67766429082158
attempt_005,cluster:quakeml:earthquake.usgs.gov/fdsnws/event/1/query?eventid=us6000thbs&format=quakeml,0.8301962531256932,4.54895260882264,4.54895260882264,-4.54895260882264,1,1.0,4.54895260882264
attempt_005,cluster:quakeml:earthquake.usgs.gov/fdsnws/event/1/query?eventid=us6000thug&format=quakeml,0.054609166948965,0.1061937301815061,0.1061937301815061,0.1061937301815061,1,1.0,0.1061937301815061
attempt_005,cluster:quakeml:earthquake.usgs.gov/fdsnws/event/1/query?eventid=us6000ti1z&format=quakeml,0.293249707013496,2.656523413668009,2.656523413668009,-2.656523413668009,1,1.0,2.656523413668009
attempt_005,cluster:quakeml:earthquake.usgs.gov/fdsnws/event/1/query?eventid=us7000sz3s&format=quakeml,0.0350328554671032,0.0678134042132081,0.0678134042132081,0.0678134042132081,1,1.0,0.0678134042132081
attempt_005,cluster:quakeml:earthquake.usgs.gov/fdsnws/event/1/query?eventid=us7000sz4r&format=quakeml,0.1087152236277533,0.1933576130478784,0.1933576130478784,-0.1933576130478784,1,1.0,0.1933576130478784
attempt_005,cluster:quakeml:earthquake.usgs.gov/fdsnws/event/1/query?eventid=us7000sz66&format=quakeml,0.3612739626169478,1.1974951528821056,1.2613604733012065,0.3962771787909385,2,2.0,1.5145168959148565
attempt_005,cluster:quakeml:earthquake.usgs.gov/fdsnws/event/1/query?eventid=us7000sz6t&format=quakeml,0.2591528635666477,0.5730263422062418,0.5730263422062418,0.5730263422062418,1,1.0,0.5730263422062418
attempt_005,cluster:quakeml:earthquake.usgs.gov/fdsnws/event/1/query?eventid=us7000sz6v&format=quakeml,0.5389980675248586,1.3664337096156094,1.3664337096156094,1.3664337096156094,1,1.0,1.3664337096156094
attempt_005,cluster:quakeml:earthquake.usgs.gov/fdsnws/event/1/query?eventid=us7000sz7d&format=quakeml,0.1184676198461217,0.7203668340042579,0.7203668340042579,-0.7203668340042579,1,1.0,0.7203668340042579
attempt_005,cluster:quakeml:earthquake.usgs.gov/fdsnws/event/1/query?eventid=us7000szcl&format=quakeml,0.0813802602707945,0.1599563101009568,0.1688368176340917,0.0540356349800211,2,2.0,0.2031848180849737
attempt_005,cluster:quakeml:earthquake.usgs.gov/fdsnws/event/1/query?eventid=us7000szhi&format=quakeml,0.0954512389634426,0.1933996448932133,0.1933996448932133,0.1933996448932133,1,1.0,0.1933996448932133
attempt_005,cluster:quakeml:earthquake.usgs.gov/fdsnws/event/1/query?eventid=us7000szr0&format=quakeml,0.1976604386028413,0.5494550722098821,0.7614143625562627,-0.1630132735358058,4,4.0,1.1456835329289383
attempt_005,cluster:quakeml:earthquake.usgs.gov/fdsnws/event/1/query?eventid=us7000sztw&format=quakeml,0.2142768100102717,0.4619204379212995,0.4619204379212995,0.4619204379212995,1,1.0,0.4619204379212995
attempt_005,cluster:quakeml:earthquake.usgs.gov/fdsnws/event/1/query?eventid=us7000szu6&format=quakeml,0.0772504568087613,0.1420730144525435,0.1420730144525435,0.1420730144525435,1,1.0,0.1420730144525435
attempt_005,cluster:quakeml:earthquake.usgs.gov/fdsnws/event/1/query?eventid=us7000szwc&format=quakeml,0.6081479882143849,3.0063252977951733,3.0063252977951733,-3.0063252977951733,1,1.0,3.0063252977951733
attempt_005,cluster:quakeml:earthquake.usgs.gov/fdsnws/event/1/query?eventid=us7000szyg&format=quakeml,0.1950661036855635,1.287882125343629,1.4215724899667568,-0.6018537824510717,2,2.0,1.7693651513044863
attempt_005,cluster:quakeml:earthquake.usgs.gov/fdsnws/event/1/query?eventid=us7000szzy&format=quakeml,0.1688447338788051,0.2751006945057042,0.345703204422375,-0.2093569044249021,2,2.0,0.4425862180456259
attempt_005,cluster:quakeml:earthquake.usgs.gov/fdsnws/event/1/query?eventid=us7000t02u&format=quakeml,0.3078114439097807,2.4067703375786227,2.4067703375786227,-2.4067703375786227,1,1.0,2.4067703375786227
attempt_005,cluster:quakeml:earthquake.usgs.gov/fdsnws/event/1/query?eventid=us7000t04s&format=quakeml,0.0434143085018635,0.4181919323872431,0.4181919323872431,0.4181919323872431,1,1.0,0.4181919323872431
attempt_005,cluster:quakeml:earthquake.usgs.gov/fdsnws/event/1/query?eventid=us7000t06l&format=quakeml,0.0487529106841023,0.0964849785989637,0.1232219284499961,0.0964849785989637,2,2.0,0.1578001254685899
attempt_005,cluster:quakeml:earthquake.usgs.gov/fdsnws/event/1/query?eventid=us7000t097&format=quakeml,0.0562991021206416,0.1043991083255682,0.1113849859864382,-0.0388257811772709,2,2.0,0.1354597332673849
attempt_005,cluster:quakeml:earthquake.usgs.gov/fdsnws/event/1/query?eventid=us7000t0de&format=quakeml,0.113528871518845,0.2296282812109382,0.2296282812109382,0.2296282812109382,1,1.0,0.2296282812109382
attempt_005,cluster:quakeml:earthquake.usgs.gov/fdsnws/event/1/query?eventid=us7000t0e6&format=quakeml,0.2477305144422129,0.5296199888751567,0.5296199888751567,0.5296199888751567,1,1.0,0.5296199888751567
attempt_005,cluster:quakeml:earthquake.usgs.gov/fdsnws/event/1/query?eventid=us7000t0q6&format=quakeml,0.506682742707697,1.3155936392272227,1.3155936392272227,1.3155936392272227,1,1.0,1.3155936392272227
attempt_005,cluster:quakeml:earthquake.usgs.gov/fdsnws/event/1/query?eventid=us7000t0x1&format=quakeml,0.5506474185558691,1.4768291734524768,1.4768291734524768,1.4768291734524768,1,1.0,1.4768291734524768
attempt_005,cluster:quakeml:earthquake.usgs.gov/fdsnws/event/1/query?eventid=us7000t0xw&format=quakeml,0.3732839750811572,2.151428273598384,2.151428273598384,-2.151428273598384,1,1.0,2.151428273598384
attempt_005,cluster:quakeml:earthquake.usgs.gov/fdsnws/event/1/query?eventid=us7000t0yi&format=quakeml,0.2544383391769635,2.2564719323598883,2.2564719323598883,2.2564719323598883,1,1.0,2.2564719323598883
attempt_005,cluster:quakeml:earthquake.usgs.gov/fdsnws/event/1/query?eventid=us7000t0yv&format=quakeml,0.4517863066952634,1.9596814995617984,1.9596814995617984,-1.9596814995617984,1,1.0,1.9596814995617984
attempt_005,cluster:quakeml:earthquake.usgs.gov/fdsnws/event/1/query?eventid=us7000t0zd&format=quakeml,0.2197299277413231,3.1619516238547227,3.1619516238547227,-3.1619516238547227,1,1.0,3.1619516238547227
attempt_005,cluster:quakeml:earthquake.usgs.gov/fdsnws/event/1/query?eventid=us7000t106&format=quakeml,0.206388031705642,0.4405802362755866,0.4405802362755866,0.4405802362755866,1,1.0,0.4405802362755866
attempt_005,cluster:quakeml:earthquake.usgs.gov/fdsnws/event/1/query?eventid=us7000t11q&format=quakeml,0.78026169913526,2.30853042742994,2.30853042742994,2.30853042742994,1,1.0,2.30853042742994
attempt_005,cluster:quakeml:earthquake.usgs.gov/fdsnws/event/1/query?eventid=us7000t19p&format=quakeml,0.1478384326467689,0.3208034390533861,0.4342504607897091,0.1975612873590334,3,3.0,0.6188456779436354
attempt_005,cluster:quakeml:earthquake.usgs.gov/fdsnws/event/1/query?eventid=us7000t1b3&format=quakeml,0.4504619567956356,3.2949027985027306,4.015785727772768,-3.2949027985027306,2,2.0,5.131447477587204
attempt_005,cluster:quakeml:earthquake.usgs.gov/fdsnws/event/1/query?eventid=us7000t1dh&format=quakeml,0.053604120374063,0.10407632760532,0.10407632760532,0.10407632760532,1,1.0,0.10407632760532
attempt_005,cluster:quakeml:earthquake.usgs.gov/fdsnws/event/1/query?eventid=us7000t1gu&format=quakeml,0.0790245877813485,0.1568143861811179,0.1568143861811179,0.1568143861811179,1,1.0,0.1568143861811179
attempt_005,cluster:quakeml:earthquake.usgs.gov/fdsnws/event/1/query?eventid=us7000t1jw&format=quakeml,0.0222586147970896,0.0413398874808399,0.0413398874808399,-0.0413398874808399,1,1.0,0.0413398874808399
attempt_005,cluster:quakeml:earthquake.usgs.gov/fdsnws/event/1/query?eventid=us7000t1ld&format=quakeml,0.0885995714158571,0.173520419930478,0.173520419930478,0.173520419930478,1,1.0,0.173520419930478
attempt_005,cluster:quakeml:earthquake.usgs.gov/fdsnws/event/1/query?eventid=us7000t1ng&format=quakeml,0.0264096490764326,0.0492143510964664,0.0492143510964664,0.0492143510964664,1,1.0,0.0492143510964664
attempt_005,cluster:quakeml:earthquake.usgs.gov/fdsnws/event/1/query?eventid=us7000t1ph&format=quakeml,0.6614537931420954,4.657316116285081,5.923493555599647,-4.657316116285081,2,2.0,7.58548906158424
attempt_005,cluster:quakeml:earthquake.usgs.gov/fdsnws/event/1/query?eventid=us7000t1q1&format=quakeml,0.0908729460862645,0.9699440106001732,0.9699440106001732,0.9699440106001732,1,1.0,0.9699440106001732
attempt_005,cluster:quakeml:earthquake.usgs.gov/fdsnws/event/1/query?eventid=us7000t1q8&format=quakeml,0.134270614959326,0.2659929216063115,0.2659929216063115,0.2659929216063115,1,1.0,0.2659929216063115
attempt_005,cluster:quakeml:earthquake.usgs.gov/fdsnws/event/1/query?eventid=us7000t1qt&format=quakeml,0.6637751098478337,5.796303405352249,7.928765526828082,-5.796303405352249,3,3.0,11.181260173038414
attempt_005,cluster:quakeml:earthquake.usgs.gov/fdsnws/event/1/query?eventid=us7000t1w2&format=quakeml,0.1776463945201965,0.3822855890692778,0.502818286137357,0.2033369749716992,4,4.0,0.7297483948451676
attempt_005,cluster:quakeml:earthquake.usgs.gov/fdsnws/event/1/query?eventid=us7000t1wn&format=quakeml,0.1881148588618665,0.6981170242889583,0.6981170242889583,0.6981170242889583,1,1.0,0.6981170242889583
attempt_005,cluster:quakeml:earthquake.usgs.gov/fdsnws/event/1/query?eventid=us7000t1z0&format=quakeml,0.2089320980060398,0.4503162302113888,0.4503162302113888,0.4503162302113888,1,1.0,0.4503162302113888
attempt_005,cluster:quakeml:earthquake.usgs.gov/fdsnws/event/1/query?eventid=us7000t213&format=quakeml,0.0229493667155931,0.0440383418864716,0.0440383418864716,0.0440383418864716,1,1.0,0.0440383418864716
attempt_005,cluster:quakeml:earthquake.usgs.gov/fdsnws/event/1/query?eventid=us7000t22v&format=quakeml,1.1349491135254788,6.6708081276845625,6.6708081276845625,6.6708081276845625,1,1.0,6.6708081276845625
attempt_005,cluster:quakeml:earthquake.usgs.gov/fdsnws/event/1/query?eventid=us7000t27u&format=quakeml,0.1781096714927518,1.6399729566568697,1.6399729566568697,1.6399729566568697,1,1.0,1.6399729566568697
attempt_005,cluster:quakeml:earthquake.usgs.gov/fdsnws/event/1/query?eventid=us7000t2et&format=quakeml,0.1243135495575545,0.2501809437832933,0.2501809437832933,0.2501809437832933,1,1.0,0.2501809437832933
attempt_005,cluster:quakeml:earthquake.usgs.gov/fdsnws/event/1/query?eventid=us7000t2iy&format=quakeml,0.6311939466595072,2.664572816770559,2.664572816770559,-2.664572816770559,1,1.0,2.664572816770559
attempt_005,cluster:quakeml:earthquake.usgs.gov/fdsnws/event/1/query?eventid=us7000t2pj&format=quakeml,0.0700965046925954,0.1278103427760735,0.1278103427760735,-0.1278103427760735,1,1.0,0.1278103427760735
attempt_005,cluster:quakeml:earthquake.usgs.gov/fdsnws/event/1/query?eventid=us7000t2pq&format=quakeml,0.0777248495667403,0.1550227877318633,0.1550227877318633,0.1550227877318633,1,1.0,0.1550227877318633
attempt_005,cluster:quakeml:earthquake.usgs.gov/fdsnws/event/1/query?eventid=us7000t2y2&format=quakeml,0.539908679788526,3.353441772102401,3.353441772102401,-3.353441772102401,1,1.0,3.353441772102401
attempt_005,cluster:quakeml:earthquake.usgs.gov/fdsnws/event/1/query?eventid=us7000t2yy&format=quakeml,0.7527759165792366,5.006444350932877,5.006444350932877,-5.006444350932877,1,1.0,5.006444350932877
attempt_005,cluster:quakeml:earthquake.usgs.gov/fdsnws/event/1/query?eventid=us7000t30x&format=quakeml,0.0844820472880611,0.1753369311112085,0.1753369311112085,0.1753369311112085,1,1.0,0.1753369311112085
attempt_005,cluster:quakeml:earthquake.usgs.gov/fdsnws/event/1/query?eventid=us7000t389&format=quakeml,0.3941351499521991,2.827397824190034,2.827397824190034,-2.827397824190034,1,1.0,2.827397824190034
attempt_005,cluster:quakeml:earthquake.usgs.gov/fdsnws/event/1/query?eventid=us7000t3di&format=quakeml,0.5258084473152876,3.1883701649256206,3.1883701649256206,-3.1883701649256206,1,1.0,3.1883701649256206
attempt_005,cluster:quakeml:earthquake.usgs.gov/fdsnws/event/1/query?eventid=us7000t3dx&format=quakeml,0.0334267685049054,0.0656040199745229,0.0656040199745229,0.0656040199745229,1,1.0,0.0656040199745229
attempt_005,cluster:quakeml:earthquake.usgs.gov/fdsnws/event/1/query?eventid=us7000t3hh&format=quakeml,0.4903345762914111,4.547749534330576,4.547749534330576,4.547749534330576,1,1.0,4.547749534330576
attempt_005,cluster:quakeml:earthquake.usgs.gov/fdsnws/event/1/query?eventid=us7000t3hl&format=quakeml,0.0405294051438212,0.0822688800621527,0.0822688800621527,0.0822688800621527,1,1.0,0.0822688800621527
attempt_005,cluster:quakeml:earthquake.usgs.gov/fdsnws/event/1/query?eventid=us7000t3in&format=quakeml,0.1992683107859802,0.3346007867471596,0.3346007867471596,-0.3346007867471596,1,1.0,0.3346007867471596
attempt_005,cluster:quakeml:earthquake.usgs.gov/fdsnws/event/1/query?eventid=uu80143896&format=quakeml,0.2036865873806951,0.1796467251777452,0.1934075628717182,-0.1796467251777452,4,4.0,0.2394238204604049
attempt_006,cluster:quakeml:earthquake.usgs.gov/fdsnws/event/1/query?eventid=aka2026ncclpa&format=quakeml,0.0314796878973138,0.0945404989522207,0.0945404989522207,0.0945404989522207,1,1.0,0.0945404989522207
attempt_006,cluster:quakeml:earthquake.usgs.gov/fdsnws/event/1/query?eventid=aka2026ncfzau&format=quakeml,0.5848546462065327,1.7168918076944626,2.1731390357583664,1.0705279602827835,7,7.0,3.5581115444981317
attempt_006,cluster:quakeml:earthquake.usgs.gov/fdsnws/event/1/query?eventid=aka2026nzghnm&format=quakeml,0.0760308992474321,0.1847881756457847,0.1847881756457847,-0.1847881756457847,1,1.0,0.1847881756457847
attempt_006,cluster:quakeml:earthquake.usgs.gov/fdsnws/event/1/query?eventid=aka2026ofyant&format=quakeml,0.5485717486029288,1.4681205346834756,1.4681205346834756,-1.4681205346834756,1,1.0,1.4681205346834756
attempt_006,cluster:quakeml:earthquake.usgs.gov/fdsnws/event/1/query?eventid=ci40656850&format=quakeml,1.815325063700848,1.2343374582917437,1.2343374582917437,1.2343374582917437,1,1.0,1.2343374582917437
attempt_006,cluster:quakeml:earthquake.usgs.gov/fdsnws/event/1/query?eventid=ci40664370&format=quakeml,1.6753398916877469,1.1285586180927905,1.1285586180927905,1.1285586180927905,1,1.0,1.1285586180927905
attempt_006,cluster:quakeml:earthquake.usgs.gov/fdsnws/event/1/query?eventid=ci41285127&format=quakeml,0.97721752390685,0.681629509719822,0.6817612102564578,0.681629509719822,3,3.0,0.6921646415121077
attempt_006,cluster:quakeml:earthquake.usgs.gov/fdsnws/event/1/query?eventid=ci41287863&format=quakeml,0.680472767117365,0.7603526871253414,0.7603526871253414,0.7603526871253414,1,1.0,0.7603526871253414
attempt_006,cluster:quakeml:earthquake.usgs.gov/fdsnws/event/1/query?eventid=nc75406447&format=quakeml,0.6847697232172897,1.1996443872718852,1.1996443872718852,1.1996443872718852,1,1.0,1.1996443872718852
attempt_006,cluster:quakeml:earthquake.usgs.gov/fdsnws/event/1/query?eventid=tx2026mvdbvd&format=quakeml,0.5874479205354626,0.4362150121198977,0.4411956035501701,0.4362150121198977,2,2.0,0.4890999365092858
attempt_006,cluster:quakeml:earthquake.usgs.gov/fdsnws/event/1/query?eventid=tx2026nqayet&format=quakeml,0.4568237757492062,0.5601870658246376,0.5959662747755288,0.5601870658246376,3,3.0,0.7610592996696254
attempt_006,cluster:quakeml:earthquake.usgs.gov/fdsnws/event/1/query?eventid=us6000t9h4&format=quakeml,0.3612680430297467,2.490600642262691,4.098768994796193,-2.23752992218436,3,3.0,5.735562411703637
attempt_006,cluster:quakeml:earthquake.usgs.gov/fdsnws/event/1/query?eventid=us6000t9kl&format=quakeml,0.1052140626885282,0.2085829873092213,0.2085829873092213,0.2085829873092213,1,1.0,0.2085829873092213
attempt_006,cluster:quakeml:earthquake.usgs.gov/fdsnws/event/1/query?eventid=us6000t9kr&format=quakeml,0.1121601010345195,0.8527166057532449,0.8527166057532449,-0.8527166057532449,1,1.0,0.8527166057532449
attempt_006,cluster:quakeml:earthquake.usgs.gov/fdsnws/event/1/query?eventid=us6000t9lc&format=quakeml,0.1577169830977668,0.605634984894543,1.3082298312502496,-0.2067601828379303,12,12.0,0.6158966565556272
attempt_006,cluster:quakeml:earthquake.usgs.gov/fdsnws/event/1/query?eventid=us6000t9qx&format=quakeml,0.541192383161685,4.260089596485862,5.130196708782795,-4.260089596485862,2,2.0,6.546824197715308
attempt_006,cluster:quakeml:earthquake.usgs.gov/fdsnws/event/1/query?eventid=us6000t9qz&format=quakeml,0.412310794522898,2.643617285033046,2.7077863712184738,-2.643617285033046,2,2.0,3.1124163856676894
attempt_006,cluster:quakeml:earthquake.usgs.gov/fdsnws/event/1/query?eventid=us6000t9r5&format=quakeml,0.3651573359305938,2.585758968313227,4.8847373864639705,-1.5706330713702763,23,23.0,4.726083681706739
attempt_006,cluster:quakeml:earthquake.usgs.gov/fdsnws/event/1/query?eventid=us6000t9sq&format=quakeml,0.6650103257436009,2.3035032591861127,2.455364361712361,2.3035032591861127,2,2.0,2.983591198763861
attempt_006,cluster:quakeml:earthquake.usgs.gov/fdsnws/event/1/query?eventid=us6000t9tt&format=quakeml,0.1189286330785874,0.2125962747008591,0.2125962747008591,-0.2125962747008591,1,1.0,0.2125962747008591
attempt_006,cluster:quakeml:earthquake.usgs.gov/fdsnws/event/1/query?eventid=us6000t9zw&format=quakeml,0.1586198831538154,0.2165326489702124,0.2336482421796988,0.0877787730810015,2,2.0,0.2867556674350137
attempt_006,cluster:quakeml:earthquake.usgs.gov/fdsnws/event/1/query?eventid=us6000ta4c&format=quakeml,0.1341868730996525,0.2187487887351982,0.2187487887351982,-0.2187487887351982,1,1.0,0.2187487887351982
attempt_006,cluster:quakeml:earthquake.usgs.gov/fdsnws/event/1/query?eventid=us6000ta7h&format=quakeml,0.2607890750496488,0.586671161572015,0.586671161572015,0.586671161572015,1,1.0,0.586671161572015
attempt_006,cluster:quakeml:earthquake.usgs.gov/fdsnws/event/1/query?eventid=us6000ta7l&format=quakeml,0.381617185358679,0.9093225703061798,0.9093225703061798,0.9093225703061798,1,1.0,0.9093225703061798
attempt_006,cluster:quakeml:earthquake.usgs.gov/fdsnws/event/1/query?eventid=us6000ta86&format=quakeml,0.3168871668051514,1.5806512120024805,1.9870552601513416,-1.5806512120024805,3,3.0,2.792960441867904
attempt_006,cluster:quakeml:earthquake.usgs.gov/fdsnws/event/1/query?eventid=us6000tahc&format=quakeml,0.1748969292865103,0.749153350655652,0.7546602667133518,-0.749153350655652,2,2.0,0.8219550005590524
attempt_006,cluster:quakeml:earthquake.usgs.gov/fdsnws/event/1/query?eventid=us6000tai4&format=quakeml,0.0435008557761789,0.0769634235840326,0.0769634235840326,-0.0769634235840326,1,1.0,0.0769634235840326
attempt_006,cluster:quakeml:earthquake.usgs.gov/fdsnws/event/1/query?eventid=us6000takd&format=quakeml,0.0829908858544023,0.1377054141198798,0.1574114628157832,-0.0762599996582554,2,2.0,0.1987134138464841
attempt_006,cluster:quakeml:earthquake.usgs.gov/fdsnws/event/1/query?eventid=us6000talg&format=quakeml,0.35653880135443,3.079291652320898,5.087400506616854,-2.908567223259577,7,7.0,6.622008722372788
attempt_006,cluster:quakeml:earthquake.usgs.gov/fdsnws/event/1/query?eventid=us6000talr&format=quakeml,0.1623534221594114,1.052289075511833,1.1134591413971002,-1.052289075511833,3,3.0,1.4177239841436926
attempt_006,cluster:quakeml:earthquake.usgs.gov/fdsnws/event/1/query?eventid=us6000tapb&format=quakeml,0.2014571924843856,1.3744819250237317,1.3744819250237317,-1.3744819250237317,1,1.0,1.3744819250237317
attempt_006,cluster:quakeml:earthquake.usgs.gov/fdsnws/event/1/query?eventid=us6000tary&format=quakeml,0.1453624218245442,0.5670328746115156,0.5706839960232889,0.064451085537099,2,2.0,0.6185937430411949
attempt_006,cluster:quakeml:earthquake.usgs.gov/fdsnws/event/1/query?eventid=us6000tasa&format=quakeml,0.1936003166998041,0.9458700655212846,0.9458700655212846,0.9458700655212846,1,1.0,0.9458700655212846
attempt_006,cluster:quakeml:earthquake.usgs.gov/fdsnws/event/1/query?eventid=us6000tatn&format=quakeml,0.4010509721628035,0.6138536050403869,0.6138536050403869,-0.6138536050403869,1,1.0,0.6138536050403869
attempt_006,cluster:quakeml:earthquake.usgs.gov/fdsnws/event/1/query?eventid=us6000tavd&format=quakeml,0.1769937793139225,1.600595121932089,1.611310391633945,-0.1855166672693813,2,2.0,1.7490084557475942
attempt_006,cluster:quakeml:earthquake.usgs.gov/fdsnws/event/1/query?eventid=us6000taxu&format=quakeml,0.2537058687038282,2.589315117359225,2.589315117359225,2.589315117359225,1,1.0,2.589315117359225
attempt_006,cluster:quakeml:earthquake.usgs.gov/fdsnws/event/1/query?eventid=us6000taxz&format=quakeml,0.1279941765759728,0.230551532898686,0.230551532898686,-0.230551532898686,1,1.0,0.230551532898686
attempt_006,cluster:quakeml:earthquake.usgs.gov/fdsnws/event/1/query?eventid=us6000tayu&format=quakeml,0.048540005264926,0.0975847120954436,0.0975847120954436,0.0975847120954436,1,1.0,0.0975847120954436
attempt_006,cluster:quakeml:earthquake.usgs.gov/fdsnws/event/1/query?eventid=us6000tazm&format=quakeml,0.3203865765456707,2.221014392218419,2.221014392218419,-2.221014392218419,1,1.0,2.221014392218419
attempt_006,cluster:quakeml:earthquake.usgs.gov/fdsnws/event/1/query?eventid=us6000tg2v&format=quakeml,0.356992176838764,0.8683459732068397,0.8683459732068397,0.8683459732068397,1,1.0,0.8683459732068397
attempt_006,cluster:quakeml:earthquake.usgs.gov/fdsnws/event/1/query?eventid=us6000tg42&format=quakeml,0.3118927169142166,1.4819630061150504,2.193922662972733,-0.7433638486585257,23,23.0,3.523148440805365
attempt_006,cluster:quakeml:earthquake.usgs.gov/fdsnws/event/1/query?eventid=us6000tg4g&format=quakeml,0.2968839088166324,1.5764094825154666,1.5764094825154666,-1.5764094825154666,1,1.0,1.5764094825154666
attempt_006,cluster:quakeml:earthquake.usgs.gov/fdsnws/event/1/query?eventid=us6000tg5f&format=quakeml,0.2225379214234783,1.8111463312079823,2.3130624977134007,-1.4596282926861668,13,13.0,3.2955255580109037
attempt_006,cluster:quakeml:earthquake.usgs.gov/fdsnws/event/1/query?eventid=us6000tg8x&format=quakeml,0.1154275905307569,0.7678981450592164,0.7862442483226442,0.1688563200921256,2,2.0,0.9029832011329167
attempt_006,cluster:quakeml:earthquake.usgs.gov/fdsnws/event/1/query?eventid=us6000tgav&format=quakeml,0.4004656950524073,2.307634377802658,2.307634377802658,-2.307634377802658,1,1.0,2.307634377802658
attempt_006,cluster:quakeml:earthquake.usgs.gov/fdsnws/event/1/query?eventid=us6000tgdy&format=quakeml,0.1614433915378281,1.394322195912796,1.397465408013525,-1.394322195912796,2,2.0,1.4692629429785191
attempt_006,cluster:quakeml:earthquake.usgs.gov/fdsnws/event/1/query?eventid=us6000tgea&format=quakeml,0.271690277257782,1.7679072688283242,1.7679072688283242,-1.7679072688283242,1,1.0,1.7679072688283242
attempt_006,cluster:quakeml:earthquake.usgs.gov/fdsnws/event/1/query?eventid=us6000tgn5&format=quakeml,0.1729874552758036,0.3624054358747712,0.3624054358747712,0.3624054358747712,1,1.0,0.3624054358747712
attempt_006,cluster:quakeml:earthquake.usgs.gov/fdsnws/event/1/query?eventid=us6000tgnw&format=quakeml,0.2706667694448403,1.727011494861234,2.1815338741220094,0.3667404746132237,4,4.0,3.2259519077627887
attempt_006,cluster:quakeml:earthquake.usgs.gov/fdsnws/event/1/query?eventid=us6000tgp3&format=quakeml,0.5314433428422591,3.942289145205128,3.942289145205128,-3.942289145205128,1,1.0,3.942289145205128
attempt_006,cluster:quakeml:earthquake.usgs.gov/fdsnws/event/1/query?eventid=us6000tgpw&format=quakeml,0.4690087492340625,2.6666273119285866,3.19145604640397,1.753422503393001,2,2.0,4.069365314642988
attempt_006,cluster:quakeml:earthquake.usgs.gov/fdsnws/event/1/query?eventid=us6000tgpy&format=quakeml,0.2694806965362992,0.5904238399166777,0.5904238399166777,0.5904238399166777,1,1.0,0.5904238399166777
attempt_006,cluster:quakeml:earthquake.usgs.gov/fdsnws/event/1/query?eventid=us6000tgqe&format=quakeml,0.2879022673078309,0.6135399772349577,0.6135399772349577,0.6135399772349577,1,1.0,0.6135399772349577
attempt_006,cluster:quakeml:earthquake.usgs.gov/fdsnws/event/1/query?eventid=us6000tgqr&format=quakeml,0.1637139672429277,0.2795290896211946,0.2795290896211946,-0.2795290896211946,1,1.0,0.2795290896211946
attempt_006,cluster:quakeml:earthquake.usgs.gov/fdsnws/event/1/query?eventid=us6000tgqt&format=quakeml,0.1333278381894596,1.1280388406527408,1.598039925354812,-0.6713780557578702,3,3.0,2.2809615466221933
attempt_006,cluster:quakeml:earthquake.usgs.gov/fdsnws/event/1/query?eventid=us6000tgx1&format=quakeml,0.2026275201356909,0.4317888987036096,0.4322997173113971,0.4317888987036096,2,2.0,0.4485963740659656
attempt_006,cluster:quakeml:earthquake.usgs.gov/fdsnws/event/1/query?eventid=us6000tgyz&format=quakeml,0.6847209829450647,3.820396692538948,3.820396692538948,-3.820396692538948,1,1.0,3.820396692538948
attempt_006,cluster:quakeml:earthquake.usgs.gov/fdsnws/event/1/query?eventid=us6000tgzq&format=quakeml,0.1931393098219829,1.0472419060783236,1.3389913402301932,1.0472419060783236,7,7.0,2.2439437085120737
attempt_006,cluster:quakeml:earthquake.usgs.gov/fdsnws/event/1/query?eventid=us6000th04&format=quakeml,0.206626025898867,0.4310435858171153,0.4310435858171153,0.4310435858171153,1,1.0,0.4310435858171153
attempt_006,cluster:quakeml:earthquake.usgs.gov/fdsnws/event/1/query?eventid=us6000th0l&format=quakeml,0.084765807135122,0.1710857531987606,0.1710857531987606,0.1710857531987606,1,1.0,0.1710857531987606
attempt_006,cluster:quakeml:earthquake.usgs.gov/fdsnws/event/1/query?eventid=us6000th0m&format=quakeml,0.3963600694392321,2.5728849277320034,2.878071444379778,-1.7059662970633722,4,4.0,4.034800708565233
attempt_006,cluster:quakeml:earthquake.usgs.gov/fdsnws/event/1/query?eventid=us6000th1b&format=quakeml,0.0954194542321606,0.1892271939484888,0.1892271939484888,0.1892271939484888,1,1.0,0.1892271939484888
attempt_006,cluster:quakeml:earthquake.usgs.gov/fdsnws/event/1/query?eventid=us6000th1h&format=quakeml,0.248675719003956,1.5137125534762992,1.889817118092516,-1.13140755048027,2,2.0,2.418838593860515
attempt_006,cluster:quakeml:earthquake.usgs.gov/fdsnws/event/1/query?eventid=us6000th1p&format=quakeml,0.1864775752643328,1.176276228972461,1.176276228972461,1.176276228972461,1,1.0,1.176276228972461
attempt_006,cluster:quakeml:earthquake.usgs.gov/fdsnws/event/1/query?eventid=us6000th5m&format=quakeml,0.0842999582134134,0.1583743627725025,0.1583743627725025,-0.1583743627725025,1,1.0,0.1583743627725025
attempt_006,cluster:quakeml:earthquake.usgs.gov/fdsnws/event/1/query?eventid=us6000th7y&format=quakeml,0.0978808655348073,0.1779077903045125,0.1779077903045125,-0.1779077903045125,1,1.0,0.1779077903045125
attempt_006,cluster:quakeml:earthquake.usgs.gov/fdsnws/event/1/query?eventid=us6000tha9&format=quakeml,0.4889395762521118,2.832750499418709,2.832750499418709,-2.832750499418709,1,1.0,2.832750499418709
attempt_006,cluster:quakeml:earthquake.usgs.gov/fdsnws/event/1/query?eventid=us6000thag&format=quakeml,0.3550293713570018,3.31508765222538,4.1747524472729065,-1.7298508427199144,4,4.0,6.005526809502214
attempt_006,cluster:quakeml:earthquake.usgs.gov/fdsnws/event/1/query?eventid=us6000thbs&format=quakeml,0.5737784361747879,3.5212381266991306,3.5212381266991306,-3.5212381266991306,1,1.0,3.5212381266991306
attempt_006,cluster:quakeml:earthquake.usgs.gov/fdsnws/event/1/query?eventid=us6000thug&format=quakeml,0.2122113840994797,0.4472862342228163,0.4472862342228163,0.4472862342228163,1,1.0,0.4472862342228163
attempt_006,cluster:quakeml:earthquake.usgs.gov/fdsnws/event/1/query?eventid=us6000ti1z&format=quakeml,0.226723013770914,2.12027653041895,2.12027653041895,-2.12027653041895,1,1.0,2.12027653041895
attempt_006,cluster:quakeml:earthquake.usgs.gov/fdsnws/event/1/query?eventid=us7000sz3s&format=quakeml,0.0478797650420214,0.093282669276322,0.093282669276322,0.093282669276322,1,1.0,0.093282669276322
attempt_006,cluster:quakeml:earthquake.usgs.gov/fdsnws/event/1/query?eventid=us7000sz4r&format=quakeml,0.2923332670514453,0.4757825154206334,0.4757825154206334,-0.4757825154206334,1,1.0,0.4757825154206334
attempt_006,cluster:quakeml:earthquake.usgs.gov/fdsnws/event/1/query?eventid=us7000sz66&format=quakeml,0.4835925015258216,1.616774055443581,2.108723259477792,1.616774055443581,2,2.0,2.699808441219297
attempt_006,cluster:quakeml:earthquake.usgs.gov/fdsnws/event/1/query?eventid=us7000sz6t&format=quakeml,0.1897930502666956,0.404831779048308,0.404831779048308,0.404831779048308,1,1.0,0.404831779048308
attempt_006,cluster:quakeml:earthquake.usgs.gov/fdsnws/event/1/query?eventid=us7000sz6v&format=quakeml,0.9073737882070072,2.827044285828453,2.827044285828453,2.827044285828453,1,1.0,2.827044285828453
attempt_006,cluster:quakeml:earthquake.usgs.gov/fdsnws/event/1/query?eventid=us7000sz7d&format=quakeml,0.1070387850466574,0.7284784075349169,0.7284784075349169,0.7284784075349169,1,1.0,0.7284784075349169
attempt_006,cluster:quakeml:earthquake.usgs.gov/fdsnws/event/1/query?eventid=us7000szcl&format=quakeml,0.1184813357004521,0.2015523089163692,0.2792431174943018,-0.1932702394017685,2,2.0,0.3561685004377841
attempt_006,cluster:quakeml:earthquake.usgs.gov/fdsnws/event/1/query?eventid=us7000szhi&format=quakeml,0.1165564744515912,0.2387120825522086,0.2387120825522086,0.2387120825522086,1,1.0,0.2387120825522086
attempt_006,cluster:quakeml:earthquake.usgs.gov/fdsnws/event/1/query?eventid=us7000szr0&format=quakeml,0.1075187377116553,0.2649849880946338,0.3047695679241441,-0.0011251707867833,4,4.0,0.4275153435548448
attempt_006,cluster:quakeml:earthquake.usgs.gov/fdsnws/event/1/query?eventid=us7000sztw&format=quakeml,0.20334382485942,0.4358794207531125,0.4358794207531125,0.4358794207531125,1,1.0,0.4358794207531125
attempt_006,cluster:quakeml:earthquake.usgs.gov/fdsnws/event/1/query?eventid=us7000szu6&format=quakeml,0.2087075594524423,0.4105577181389146,0.4105577181389146,0.4105577181389146,1,1.0,0.4105577181389146
attempt_006,cluster:quakeml:earthquake.usgs.gov/fdsnws/event/1/query?eventid=us7000szwc&format=quakeml,0.4618779745463873,2.440605324043066,2.440605324043066,-2.440605324043066,1,1.0,2.440605324043066
attempt_006,cluster:quakeml:earthquake.usgs.gov/fdsnws/event/1/query?eventid=us7000szyg&format=quakeml,0.2137818900430986,1.377762747431272,1.6094883424210709,-0.831999120299991,2,2.0,2.043362043671265
attempt_006,cluster:quakeml:earthquake.usgs.gov/fdsnws/event/1/query?eventid=us7000szzy&format=quakeml,0.281766247223768,0.435967775939735,0.4966454168381484,-0.435967775939735,2,2.0,0.6262749270965938
attempt_006,cluster:quakeml:earthquake.usgs.gov/fdsnws/event/1/query?eventid=us7000t02u&format=quakeml,0.3389518738583392,2.6114979434183505,2.6114979434183505,-2.6114979434183505,1,1.0,2.6114979434183505
attempt_006,cluster:quakeml:earthquake.usgs.gov/fdsnws/event/1/query?eventid=us7000t04s&format=quakeml,0.1092236025955943,0.9752054223316068,0.9752054223316068,-0.9752054223316068,1,1.0,0.9752054223316068
attempt_006,cluster:quakeml:earthquake.usgs.gov/fdsnws/event/1/query?eventid=us7000t06l&format=quakeml,0.0534484200859753,0.1040129849845766,0.1139315741369197,0.0464941129597572,2,2.0,0.1412082753523824
attempt_006,cluster:quakeml:earthquake.usgs.gov/fdsnws/event/1/query?eventid=us7000t097&format=quakeml,0.0931157981506423,0.1880775407691335,0.2355383698284022,0.1417926737164374,2,2.0,0.3015116797422835
attempt_006,cluster:quakeml:earthquake.usgs.gov/fdsnws/event/1/query?eventid=us7000t0de&format=quakeml,0.119002668090181,0.2413722839783634,0.2413722839783634,0.2413722839783634,1,1.0,0.2413722839783634
attempt_006,cluster:quakeml:earthquake.usgs.gov/fdsnws/event/1/query?eventid=us7000t0e6&format=quakeml,0.1670676173395094,0.3425755858683326,0.3425755858683326,0.3425755858683326,1,1.0,0.3425755858683326
attempt_006,cluster:quakeml:earthquake.usgs.gov/fdsnws/event/1/query?eventid=us7000t0q6&format=quakeml,0.3773649842652906,0.9141224181333428,0.9141224181333428,0.9141224181333428,1,1.0,0.9141224181333428
attempt_006,cluster:quakeml:earthquake.usgs.gov/fdsnws/event/1/query?eventid=us7000t0x1&format=quakeml,0.4686996786869847,1.2024071429154208,1.2024071429154208,1.2024071429154208,1,1.0,1.2024071429154208
attempt_006,cluster:quakeml:earthquake.usgs.gov/fdsnws/event/1/query?eventid=us7000t0xw&format=quakeml,0.3200774014009022,1.8916028863513228,1.8916028863513228,-1.8916028863513228,1,1.0,1.8916028863513228
attempt_006,cluster:quakeml:earthquake.usgs.gov/fdsnws/event/1/query?eventid=us7000t0yi&format=quakeml,0.2502558030248402,2.214548300043983,2.214548300043983,2.214548300043983,1,1.0,2.214548300043983
attempt_006,cluster:quakeml:earthquake.usgs.gov/fdsnws/event/1/query?eventid=us7000t0yv&format=quakeml,0.3215778090644082,1.4825022719053471,1.4825022719053471,-1.4825022719053471,1,1.0,1.4825022719053471
attempt_006,cluster:quakeml:earthquake.usgs.gov/fdsnws/event/1/query?eventid=us7000t0zd&format=quakeml,0.4051868161525224,5.340025758327439,5.340025758327439,-5.340025758327439,1,1.0,5.340025758327439
attempt_006,cluster:quakeml:earthquake.usgs.gov/fdsnws/event/1/query?eventid=us7000t106&format=quakeml,0.2262212301453987,0.4879055134424257,0.4879055134424257,0.4879055134424257,1,1.0,0.4879055134424257
attempt_006,cluster:quakeml:earthquake.usgs.gov/fdsnws/event/1/query?eventid=us7000t11q&format=quakeml,1.0704261860856454,3.74316327174643,3.74316327174643,3.74316327174643,1,1.0,3.74316327174643
attempt_006,cluster:quakeml:earthquake.usgs.gov/fdsnws/event/1/query?eventid=us7000t19p&format=quakeml,0.1244376232258523,0.2662187027222435,0.3336543907914421,0.216715164929877,3,3.0,0.4712648602927225
attempt_006,cluster:quakeml:earthquake.usgs.gov/fdsnws/event/1/query?eventid=us7000t1b3&format=quakeml,0.3177335921424879,2.6337831871043904,3.6622611830767,-2.6337831871043904,2,2.0,4.669518823598928
attempt_006,cluster:quakeml:earthquake.usgs.gov/fdsnws/event/1/query?eventid=us7000t1dh&format=quakeml,0.087763520866731,0.1588025993346122,0.1588025993346122,-0.1588025993346122,1,1.0,0.1588025993346122
attempt_006,cluster:quakeml:earthquake.usgs.gov/fdsnws/event/1/query?eventid=us7000t1gu&format=quakeml,0.2251998512939634,0.4816567482209093,0.4816567482209093,0.4816567482209093,1,1.0,0.4816567482209093
attempt_006,cluster:quakeml:earthquake.usgs.gov/fdsnws/event/1/query?eventid=us7000t1jw&format=quakeml,0.0134232752833373,0.0253788636470355,0.0253788636470355,0.0253788636470355,1,1.0,0.0253788636470355
attempt_006,cluster:quakeml:earthquake.usgs.gov/fdsnws/event/1/query?eventid=us7000t1ld&format=quakeml,0.2601506208828926,0.5565159606065728,0.5565159606065728,0.5565159606065728,1,1.0,0.5565159606065728
attempt_006,cluster:quakeml:earthquake.usgs.gov/fdsnws/event/1/query?eventid=us7000t1ng&format=quakeml,0.0690377682202278,0.1314456074421157,0.1314456074421157,0.1314456074421157,1,1.0,0.1314456074421157
attempt_006,cluster:quakeml:earthquake.usgs.gov/fdsnws/event/1/query?eventid=us7000t1ph&format=quakeml,0.453608037817286,3.838002484771133,5.272001960873434,-3.61437983647872,2,2.0,6.7295063539541085
attempt_006,cluster:quakeml:earthquake.usgs.gov/fdsnws/event/1/query?eventid=us7000t1q1&format=quakeml,0.0272159798503385,0.27375201849161,0.27375201849161,-0.27375201849161,1,1.0,0.27375201849161
attempt_006,cluster:quakeml:earthquake.usgs.gov/fdsnws/event/1/query?eventid=us7000t1q8&format=quakeml,0.2288584886124124,0.4760107923802064,0.4760107923802064,0.4760107923802064,1,1.0,0.4760107923802064
attempt_006,cluster:quakeml:earthquake.usgs.gov/fdsnws/event/1/query?eventid=us7000t1qt&format=quakeml,0.4987260689365431,4.894605966854492,7.229987147529952,-4.894605966854492,3,3.0,10.215343896455716
attempt_006,cluster:quakeml:earthquake.usgs.gov/fdsnws/event/1/query?eventid=us7000t1w2&format=quakeml,0.1883119195409837,0.337364320614802,0.3670220357758588,-0.090245128727522,4,4.0,0.4649268056204395
attempt_006,cluster:quakeml:earthquake.usgs.gov/fdsnws/event/1/query?eventid=us7000t1wn&format=quakeml,0.3730357491075537,1.5250555762417335,1.5250555762417335,1.5250555762417335,1,1.0,1.5250555762417335
attempt_006,cluster:quakeml:earthquake.usgs.gov/fdsnws/event/1/query?eventid=us7000t1z0&format=quakeml,0.1838348935647504,0.3911220803688431,0.3911220803688431,0.3911220803688431,1,1.0,0.3911220803688431
attempt_006,cluster:quakeml:earthquake.usgs.gov/fdsnws/event/1/query?eventid=us7000t213&format=quakeml,0.1134891134308789,0.2279808793516975,0.2279808793516975,0.2279808793516975,1,1.0,0.2279808793516975
attempt_006,cluster:quakeml:earthquake.usgs.gov/fdsnws/event/1/query?eventid=us7000t22v&format=quakeml,1.0183279198631645,5.588654765478552,5.588654765478552,5.588654765478552,1,1.0,5.588654765478552
attempt_006,cluster:quakeml:earthquake.usgs.gov/fdsnws/event/1/query?eventid=us7000t27u&format=quakeml,0.1355504827000411,1.221144850246359,1.221144850246359,1.221144850246359,1,1.0,1.221144850246359
attempt_006,cluster:quakeml:earthquake.usgs.gov/fdsnws/event/1/query?eventid=us7000t2et&format=quakeml,0.2564031370083802,0.5523970780155036,0.5523970780155036,0.5523970780155036,1,1.0,0.5523970780155036
attempt_006,cluster:quakeml:earthquake.usgs.gov/fdsnws/event/1/query?eventid=us7000t2iy&format=quakeml,0.4206585323686465,1.9548949287001305,1.9548949287001305,-1.9548949287001305,1,1.0,1.9548949287001305
attempt_006,cluster:quakeml:earthquake.usgs.gov/fdsnws/event/1/query?eventid=us7000t2pj&format=quakeml,0.1307318217703717,0.2313686290482783,0.2313686290482783,-0.2313686290482783,1,1.0,0.2313686290482783
attempt_006,cluster:quakeml:earthquake.usgs.gov/fdsnws/event/1/query?eventid=us7000t2pq&format=quakeml,0.1165899911057334,0.2110758888987771,0.2110758888987771,-0.2110758888987771,1,1.0,0.2110758888987771
attempt_006,cluster:quakeml:earthquake.usgs.gov/fdsnws/event/1/query?eventid=us7000t2y2&format=quakeml,0.2151534794190124,1.5560148315208586,1.5560148315208586,-1.5560148315208586,1,1.0,1.5560148315208586
attempt_006,cluster:quakeml:earthquake.usgs.gov/fdsnws/event/1/query?eventid=us7000t2yy&format=quakeml,0.5443972940087436,3.973488751165397,3.973488751165397,-3.973488751165397,1,1.0,3.973488751165397
attempt_006,cluster:quakeml:earthquake.usgs.gov/fdsnws/event/1/query?eventid=us7000t30x&format=quakeml,0.2893488559699659,0.4997343532985243,0.4997343532985243,-0.4997343532985243,1,1.0,0.4997343532985243
attempt_006,cluster:quakeml:earthquake.usgs.gov/fdsnws/event/1/query?eventid=us7000t389&format=quakeml,0.2244508276275372,1.745071795755937,1.745071795755937,-1.745071795755937,1,1.0,1.745071795755937
attempt_006,cluster:quakeml:earthquake.usgs.gov/fdsnws/event/1/query?eventid=us7000t3di&format=quakeml,0.3217660320563351,2.145206026064007,2.145206026064007,-2.145206026064007,1,1.0,2.145206026064007
attempt_006,cluster:quakeml:earthquake.usgs.gov/fdsnws/event/1/query?eventid=us7000t3dx&format=quakeml,0.0006029175317538,0.0011639816935098,0.0011639816935098,0.0011639816935098,1,1.0,0.0011639816935098
attempt_006,cluster:quakeml:earthquake.usgs.gov/fdsnws/event/1/query?eventid=us7000t3hh&format=quakeml,0.3640180478755701,3.1553739410856174,3.1553739410856174,3.1553739410856174,1,1.0,3.1553739410856174
attempt_006,cluster:quakeml:earthquake.usgs.gov/fdsnws/event/1/query?eventid=us7000t3hl&format=quakeml,0.1657852694323557,0.3038632286692055,0.3038632286692055,-0.3038632286692055,1,1.0,0.3038632286692055
attempt_006,cluster:quakeml:earthquake.usgs.gov/fdsnws/event/1/query?eventid=us7000t3in&format=quakeml,0.1287834152121319,0.2237876079601723,0.2237876079601723,-0.2237876079601723,1,1.0,0.2237876079601723
attempt_006,cluster:quakeml:earthquake.usgs.gov/fdsnws/event/1/query?eventid=uu80143896&format=quakeml,0.1862867330777016,0.1951053633364708,0.2002092514475246,0.1951053633364708,4,4.0,0.2450759323692926
postfreeze_robust_domain,cluster:quakeml:earthquake.usgs.gov/fdsnws/event/1/query?eventid=aka2026ncclpa&format=quakeml,0.19858667040848335,0.6494113137055479,0.6494113137055479,0.6494113137055479,1,1.0,0.6494113137055479
postfreeze_robust_domain,cluster:quakeml:earthquake.usgs.gov/fdsnws/event/1/query?eventid=aka2026ncfzau&format=quakeml,0.39522576573856627,1.0266694123305657,1.2703812595705168,-0.6331683998163796,7,7.0,2.166037715070146
postfreeze_robust_domain,cluster:quakeml:earthquake.usgs.gov/fdsnws/event/1/query?eventid=aka2026nzghnm&format=quakeml,0.2154462121014277,0.606808120779283,0.606808120779283,0.606808120779283,1,1.0,0.606808120779283
postfreeze_robust_domain,cluster:quakeml:earthquake.usgs.gov/fdsnws/event/1/query?eventid=aka2026ofyant&format=quakeml,0.034708918698405526,0.12280527183325907,0.12280527183325907,0.12280527183325907,1,1.0,0.12280527183325907
postfreeze_robust_domain,cluster:quakeml:earthquake.usgs.gov/fdsnws/event/1/query?eventid=ci40656850&format=quakeml,1.3315243134432038,0.6688347066607773,0.6688347066607773,0.6688347066607773,1,1.0,0.6688347066607773
postfreeze_robust_domain,cluster:quakeml:earthquake.usgs.gov/fdsnws/event/1/query?eventid=ci40664370&format=quakeml,1.2690975107314761,0.6649864990155142,0.6649864990155142,0.6649864990155142,1,1.0,0.6649864990155142
postfreeze_robust_domain,cluster:quakeml:earthquake.usgs.gov/fdsnws/event/1/query?eventid=ci41285127&format=quakeml,0.845635887587784,0.5479447470345283,0.5487044356461597,0.5479447470345283,3,3.0,0.5760164575109793
postfreeze_robust_domain,cluster:quakeml:earthquake.usgs.gov/fdsnws/event/1/query?eventid=ci41287863&format=quakeml,0.47499464625458515,0.47424435911594887,0.47424435911594887,0.47424435911594887,1,1.0,0.47424435911594887
postfreeze_robust_domain,cluster:quakeml:earthquake.usgs.gov/fdsnws/event/1/query?eventid=nc75406447&format=quakeml,0.22750004476573044,0.3116581450658309,0.3116581450658309,0.3116581450658309,1,1.0,0.3116581450658309
postfreeze_robust_domain,cluster:quakeml:earthquake.usgs.gov/fdsnws/event/1/query?eventid=tx2026mvdbvd&format=quakeml,0.39505380466106205,0.2658320947680103,0.2662035311106022,0.2658320947680103,2,2.0,0.2770782103144187
postfreeze_robust_domain,cluster:quakeml:earthquake.usgs.gov/fdsnws/event/1/query?eventid=tx2026nqayet&format=quakeml,0.5719889569776925,0.7553876510656252,0.779813241844789,0.7553876510656252,3,3.0,0.9317831377985542
postfreeze_robust_domain,cluster:quakeml:earthquake.usgs.gov/fdsnws/event/1/query?eventid=us6000t9h4&format=quakeml,0.9330445850343331,4.2490730027124775,5.609325223176571,-2.03525466257626,3,3.0,7.893872171231006
postfreeze_robust_domain,cluster:quakeml:earthquake.usgs.gov/fdsnws/event/1/query?eventid=us6000t9kl&format=quakeml,0.4110212673311285,0.9557119777134733,0.9557119777134733,0.9557119777134733,1,1.0,0.9557119777134733
postfreeze_robust_domain,cluster:quakeml:earthquake.usgs.gov/fdsnws/event/1/query?eventid=us6000t9kr&format=quakeml,1.0125898976764747,5.117343473197581,5.117343473197581,-5.117343473197581,1,1.0,5.117343473197581
postfreeze_robust_domain,cluster:quakeml:earthquake.usgs.gov/fdsnws/event/1/query?eventid=us6000t9lc&format=quakeml,0.5141230042238455,1.689959286241203,2.3395030045698015,0.5748848460592084,12,12.0,2.459869507670479
postfreeze_robust_domain,cluster:quakeml:earthquake.usgs.gov/fdsnws/event/1/query?eventid=us6000t9qx&format=quakeml,1.289607767829681,6.859067057537695,7.639649784403601,-6.859067057537695,2,2.0,9.550380245233448
postfreeze_robust_domain,cluster:quakeml:earthquake.usgs.gov/fdsnws/event/1/query?eventid=us6000t9qz&format=quakeml,1.1578773327009066,5.3557412038515775,5.3769448539606115,-5.3557412038515775,2,2.0,5.7373773613838175
postfreeze_robust_domain,cluster:quakeml:earthquake.usgs.gov/fdsnws/event/1/query?eventid=us6000t9r5&format=quakeml,0.8741215470947673,4.7944088205275035,6.91543846803166,-4.2149047463618095,23,23.0,6.990642466110743
postfreeze_robust_domain,cluster:quakeml:earthquake.usgs.gov/fdsnws/event/1/query?eventid=us6000t9sq&format=quakeml,0.20611083239777547,0.5978683105333702,0.6972339225092254,0.5978683105333702,2,2.0,0.884853886151462
postfreeze_robust_domain,cluster:quakeml:earthquake.usgs.gov/fdsnws/event/1/query?eventid=us6000t9tt&format=quakeml,0.612803436011298,1.6032541292067015,1.6032541292067015,1.6032541292067015,1,1.0,1.6032541292067015
postfreeze_robust_domain,cluster:quakeml:earthquake.usgs.gov/fdsnws/event/1/query?eventid=us6000t9zw&format=quakeml,0.3923052577613956,0.6602489180472578,0.6626209894077628,0.6602489180472578,2,2.0,0.7050627860518686
postfreeze_robust_domain,cluster:quakeml:earthquake.usgs.gov/fdsnws/event/1/query?eventid=us6000ta4c&format=quakeml,0.05878940413192946,0.10548135645800194,0.10548135645800194,0.10548135645800194,1,1.0,0.10548135645800194
postfreeze_robust_domain,cluster:quakeml:earthquake.usgs.gov/fdsnws/event/1/query?eventid=us6000ta7h&format=quakeml,0.8194444173292178,2.4991310741842705,2.4991310741842705,2.4991310741842705,1,1.0,2.4991310741842705
postfreeze_robust_domain,cluster:quakeml:earthquake.usgs.gov/fdsnws/event/1/query?eventid=us6000ta7l&format=quakeml,1.0529488831197338,3.651938980062835,3.651938980062835,3.651938980062835,1,1.0,3.651938980062835
postfreeze_robust_domain,cluster:quakeml:earthquake.usgs.gov/fdsnws/event/1/query?eventid=us6000ta86&format=quakeml,0.8159335467866119,3.182494153746292,3.683306378041141,-2.796153499412791,3,3.0,4.649475058954393
postfreeze_robust_domain,cluster:quakeml:earthquake.usgs.gov/fdsnws/event/1/query?eventid=us6000tahc&format=quakeml,0.3728320845692037,1.446786224036019,1.4545734119879317,-1.446786224036019,2,2.0,1.5670351200524044
postfreeze_robust_domain,cluster:quakeml:earthquake.usgs.gov/fdsnws/event/1/query?eventid=us6000tai4&format=quakeml,0.3661627723744562,0.7994794698035015,0.7994794698035015,0.7994794698035015,1,1.0,0.7994794698035015
postfreeze_robust_domain,cluster:quakeml:earthquake.usgs.gov/fdsnws/event/1/query?eventid=us6000takd&format=quakeml,0.28490519724604174,0.659359872303513,0.854464650140671,0.659359872303513,2,2.0,1.0941320128173517
postfreeze_robust_domain,cluster:quakeml:earthquake.usgs.gov/fdsnws/event/1/query?eventid=us6000talg&format=quakeml,1.03804212267223,5.907774918068547,7.152143030719195,-5.907774918068547,7,7.0,9.448980146949806
postfreeze_robust_domain,cluster:quakeml:earthquake.usgs.gov/fdsnws/event/1/query?eventid=us6000talr&format=quakeml,0.886123392721358,4.07872626220772,4.091488050789973,-4.07872626220772,3,3.0,4.3896322929479465
postfreeze_robust_domain,cluster:quakeml:earthquake.usgs.gov/fdsnws/event/1/query?eventid=us6000tapb&format=quakeml,0.6798582883216581,3.716113337418948,3.716113337418948,-3.716113337418948,1,1.0,3.716113337418948
postfreeze_robust_domain,cluster:quakeml:earthquake.usgs.gov/fdsnws/event/1/query?eventid=us6000tary&format=quakeml,0.4372819307015909,1.5870153646357126,1.7464597172744487,-1.5870153646357126,2,2.0,2.1702498088709747
postfreeze_robust_domain,cluster:quakeml:earthquake.usgs.gov/fdsnws/event/1/query?eventid=us6000tasa&format=quakeml,0.5777402408406946,1.9431612353431191,1.9431612353431191,-1.9431612353431191,1,1.0,1.9431612353431191
postfreeze_robust_domain,cluster:quakeml:earthquake.usgs.gov/fdsnws/event/1/query?eventid=us6000tatn&format=quakeml,0.295470128393958,0.6387022691988946,0.6387022691988946,0.6387022691988946,1,1.0,0.6387022691988946
postfreeze_robust_domain,cluster:quakeml:earthquake.usgs.gov/fdsnws/event/1/query?eventid=us6000tavd&format=quakeml,0.8911622114783999,5.839235970738182,6.452071620235263,-5.839235970738182,2,2.0,8.034875499722133
postfreeze_robust_domain,cluster:quakeml:earthquake.usgs.gov/fdsnws/event/1/query?eventid=us6000taxu&format=quakeml,0.8935119027055429,5.296968455069813,5.296968455069813,-5.296968455069813,1,1.0,5.296968455069813
postfreeze_robust_domain,cluster:quakeml:earthquake.usgs.gov/fdsnws/event/1/query?eventid=us6000taxz&format=quakeml,0.39678157103430056,0.9346126500291874,0.9346126500291874,0.9346126500291874,1,1.0,0.9346126500291874
postfreeze_robust_domain,cluster:quakeml:earthquake.usgs.gov/fdsnws/event/1/query?eventid=us6000tayu&format=quakeml,0.820618729535579,2.4954778013646868,2.4954778013646868,2.4954778013646868,1,1.0,2.4954778013646868
postfreeze_robust_domain,cluster:quakeml:earthquake.usgs.gov/fdsnws/event/1/query?eventid=us6000tazm&format=quakeml,0.9728981826062163,5.039557616403734,5.039557616403734,-5.039557616403734,1,1.0,5.039557616403734
postfreeze_robust_domain,cluster:quakeml:earthquake.usgs.gov/fdsnws/event/1/query?eventid=us6000tg2v&format=quakeml,0.4199316556227659,1.0562396643165326,1.0562396643165326,1.0562396643165326,1,1.0,1.0562396643165326
postfreeze_robust_domain,cluster:quakeml:earthquake.usgs.gov/fdsnws/event/1/query?eventid=us6000tg42&format=quakeml,0.727911939288144,2.765731926341702,3.4229540319863982,-1.2110430667456706,23,23.0,5.113322670281503
postfreeze_robust_domain,cluster:quakeml:earthquake.usgs.gov/fdsnws/event/1/query?eventid=us6000tg4g&format=quakeml,0.6468281285952904,2.9230269091140864,2.9230269091140864,-2.9230269091140864,1,1.0,2.9230269091140864
postfreeze_robust_domain,cluster:quakeml:earthquake.usgs.gov/fdsnws/event/1/query?eventid=us6000tg5f&format=quakeml,1.0091372426706033,5.395426636452673,5.6757596152334635,-5.395426636452673,13,13.0,6.9122827143501295
postfreeze_robust_domain,cluster:quakeml:earthquake.usgs.gov/fdsnws/event/1/query?eventid=us6000tg8x&format=quakeml,0.8428611921792477,3.9756436502629553,4.097815700972299,-3.9756436502629553,2,2.0,4.770165326849389
postfreeze_robust_domain,cluster:quakeml:earthquake.usgs.gov/fdsnws/event/1/query?eventid=us6000tgav&format=quakeml,0.9171054144635636,4.198077902129503,4.198077902129503,-4.198077902129503,1,1.0,4.198077902129503
postfreeze_robust_domain,cluster:quakeml:earthquake.usgs.gov/fdsnws/event/1/query?eventid=us6000tgdy&format=quakeml,0.9979815537335499,6.023945762870561,6.046252386748059,-6.023945762870561,2,2.0,6.4390566359638415
postfreeze_robust_domain,cluster:quakeml:earthquake.usgs.gov/fdsnws/event/1/query?eventid=us6000tgea&format=quakeml,0.7596349579594676,3.954501944548689,3.954501944548689,-3.954501944548689,1,1.0,3.954501944548689
postfreeze_robust_domain,cluster:quakeml:earthquake.usgs.gov/fdsnws/event/1/query?eventid=us6000tgn5&format=quakeml,0.828128643112433,2.473650749052901,2.473650749052901,2.473650749052901,1,1.0,2.473650749052901
postfreeze_robust_domain,cluster:quakeml:earthquake.usgs.gov/fdsnws/event/1/query?eventid=us6000tgnw&format=quakeml,0.742897407318624,3.176804653036986,3.754979269732953,-3.176804653036986,4,4.0,5.239961864886362
postfreeze_robust_domain,cluster:quakeml:earthquake.usgs.gov/fdsnws/event/1/query?eventid=us6000tgp3&format=quakeml,1.2052394407074094,6.697731552700895,6.697731552700895,-6.697731552700895,1,1.0,6.697731552700895
postfreeze_robust_domain,cluster:quakeml:earthquake.usgs.gov/fdsnws/event/1/query?eventid=us6000tgpw&format=quakeml,0.7629324153769732,3.745957837945337,4.707912586847597,-3.745957837945337,2,2.0,6.027324558380636
postfreeze_robust_domain,cluster:quakeml:earthquake.usgs.gov/fdsnws/event/1/query?eventid=us6000tgpy&format=quakeml,0.961208630882608,3.082758116299326,3.082758116299326,3.082758116299326,1,1.0,3.082758116299326
postfreeze_robust_domain,cluster:quakeml:earthquake.usgs.gov/fdsnws/event/1/query?eventid=us6000tgqe&format=quakeml,1.0202983073486196,3.2624267370559905,3.2624267370559905,3.2624267370559905,1,1.0,3.2624267370559905
postfreeze_robust_domain,cluster:quakeml:earthquake.usgs.gov/fdsnws/event/1/query?eventid=us6000tgqr&format=quakeml,0.45458105840438695,1.0652749271682302,1.0652749271682302,1.0652749271682302,1,1.0,1.0652749271682302
postfreeze_robust_domain,cluster:quakeml:earthquake.usgs.gov/fdsnws/event/1/query?eventid=us6000tgqt&format=quakeml,0.8540902012239298,4.364824426013284,5.201373216596977,-3.562426331111029,3,3.0,7.219483802274869
postfreeze_robust_domain,cluster:quakeml:earthquake.usgs.gov/fdsnws/event/1/query?eventid=us6000tgx1&format=quakeml,0.7843546897814682,2.289711858603048,2.2915785762430816,2.289711858603048,2,2.0,2.3636933726998883
postfreeze_robust_domain,cluster:quakeml:earthquake.usgs.gov/fdsnws/event/1/query?eventid=us6000tgyz&format=quakeml,1.2200576285250537,5.431087437316778,5.431087437316778,-5.431087437316778,1,1.0,5.431087437316778
postfreeze_robust_domain,cluster:quakeml:earthquake.usgs.gov/fdsnws/event/1/query?eventid=us6000tgzq&format=quakeml,0.4567057438139784,1.7628777491740475,1.87713819653558,-1.7628777491740475,7,7.0,2.454702744247678
postfreeze_robust_domain,cluster:quakeml:earthquake.usgs.gov/fdsnws/event/1/query?eventid=us6000th04&format=quakeml,0.8788887163870474,2.6446409182564707,2.6446409182564707,2.6446409182564707,1,1.0,2.6446409182564707
postfreeze_robust_domain,cluster:quakeml:earthquake.usgs.gov/fdsnws/event/1/query?eventid=us6000th0l&format=quakeml,0.7154698416260267,2.021314978607238,2.021314978607238,2.021314978607238,1,1.0,2.021314978607238
postfreeze_robust_domain,cluster:quakeml:earthquake.usgs.gov/fdsnws/event/1/query?eventid=us6000th0m&format=quakeml,1.1361740633663502,5.077483740241952,5.28067179312658,-5.077483740241952,4,4.0,6.682927710994982
postfreeze_robust_domain,cluster:quakeml:earthquake.usgs.gov/fdsnws/event/1/query?eventid=us6000th1b&format=quakeml,0.5355416591092769,1.338825627099167,1.338825627099167,1.338825627099167,1,1.0,1.338825627099167
postfreeze_robust_domain,cluster:quakeml:earthquake.usgs.gov/fdsnws/event/1/query?eventid=us6000th1h&format=quakeml,0.7819965396030517,3.3537619703573176,3.9315778559590076,-3.3537619703573176,2,2.0,4.995143843517073
postfreeze_robust_domain,cluster:quakeml:earthquake.usgs.gov/fdsnws/event/1/query?eventid=us6000th1p&format=quakeml,0.8899354280242008,3.3815051320901044,3.3815051320901044,-3.3815051320901044,1,1.0,3.3815051320901044
postfreeze_robust_domain,cluster:quakeml:earthquake.usgs.gov/fdsnws/event/1/query?eventid=us6000th5m&format=quakeml,0.4445393259482824,1.0965923372542083,1.0965923372542083,1.0965923372542083,1,1.0,1.0965923372542083
postfreeze_robust_domain,cluster:quakeml:earthquake.usgs.gov/fdsnws/event/1/query?eventid=us6000th7y&format=quakeml,0.48177628311946863,1.180951942357804,1.180951942357804,1.180951942357804,1,1.0,1.180951942357804
postfreeze_robust_domain,cluster:quakeml:earthquake.usgs.gov/fdsnws/event/1/query?eventid=us6000tha9&format=quakeml,0.9888815058684194,4.600154718601919,4.600154718601919,-4.600154718601919,1,1.0,4.600154718601919
postfreeze_robust_domain,cluster:quakeml:earthquake.usgs.gov/fdsnws/event/1/query?eventid=us6000thag&format=quakeml,1.051628258420199,6.882454830860533,7.6304984973099925,-6.882454830860533,4,4.0,10.54544251636987
postfreeze_robust_domain,cluster:quakeml:earthquake.usgs.gov/fdsnws/event/1/query?eventid=us6000thbs&format=quakeml,1.1823381816674745,5.592584693060369,5.592584693060369,-5.592584693060369,1,1.0,5.592584693060369
postfreeze_robust_domain,cluster:quakeml:earthquake.usgs.gov/fdsnws/event/1/query?eventid=us6000thug&format=quakeml,0.5106570441910042,1.2608017905450968,1.2608017905450968,1.2608017905450968,1,1.0,1.2608017905450968
postfreeze_robust_domain,cluster:quakeml:earthquake.usgs.gov/fdsnws/event/1/query?eventid=us6000ti1z&format=quakeml,0.7599003784303099,5.563463525472579,5.563463525472579,-5.563463525472579,1,1.0,5.563463525472579
postfreeze_robust_domain,cluster:quakeml:earthquake.usgs.gov/fdsnws/event/1/query?eventid=us7000sz3s&format=quakeml,0.46942407886940524,1.1394368232689718,1.1394368232689718,1.1394368232689718,1,1.0,1.1394368232689718
postfreeze_robust_domain,cluster:quakeml:earthquake.usgs.gov/fdsnws/event/1/query?eventid=us7000sz4r&format=quakeml,0.234614205576297,0.4963179694314783,0.4963179694314783,0.4963179694314783,1,1.0,0.4963179694314783
postfreeze_robust_domain,cluster:quakeml:earthquake.usgs.gov/fdsnws/event/1/query?eventid=us7000sz66&format=quakeml,0.6023704434431107,2.4147982437414983,2.9059341246730583,-1.616540311579748,2,2.0,3.708030493005297
postfreeze_robust_domain,cluster:quakeml:earthquake.usgs.gov/fdsnws/event/1/query?eventid=us7000sz6t&format=quakeml,0.7473204221174753,2.152655785719725,2.152655785719725,2.152655785719725,1,1.0,2.152655785719725
postfreeze_robust_domain,cluster:quakeml:earthquake.usgs.gov/fdsnws/event/1/query?eventid=us7000sz6v&format=quakeml,0.18090809981286804,0.37935756021861855,0.37935756021861855,0.37935756021861855,1,1.0,0.37935756021861855
postfreeze_robust_domain,cluster:quakeml:earthquake.usgs.gov/fdsnws/event/1/query?eventid=us7000sz7d&format=quakeml,0.5320066823889954,2.6602835306905743,2.6602835306905743,-2.6602835306905743,1,1.0,2.6602835306905743
postfreeze_robust_domain,cluster:quakeml:earthquake.usgs.gov/fdsnws/event/1/query?eventid=us7000szcl&format=quakeml,0.34841680798350055,0.8179032503882323,0.8795642887051192,0.8179032503882323,2,2.0,1.0767222431623569
postfreeze_robust_domain,cluster:quakeml:earthquake.usgs.gov/fdsnws/event/1/query?eventid=us7000szhi&format=quakeml,0.580522622998133,1.5196431240701074,1.5196431240701074,1.5196431240701074,1,1.0,1.5196431240701074
postfreeze_robust_domain,cluster:quakeml:earthquake.usgs.gov/fdsnws/event/1/query?eventid=us7000szr0&format=quakeml,0.47402015214470955,1.3020447338638501,1.5086852998958813,0.5148427788754997,4,4.0,2.1721519809170378
postfreeze_robust_domain,cluster:quakeml:earthquake.usgs.gov/fdsnws/event/1/query?eventid=us7000sztw&format=quakeml,0.582568288562889,1.5282904736229692,1.5282904736229692,1.5282904736229692,1,1.0,1.5282904736229692
postfreeze_robust_domain,cluster:quakeml:earthquake.usgs.gov/fdsnws/event/1/query?eventid=us7000szu6&format=quakeml,0.5056873216918014,1.16422276064072,1.16422276064072,1.16422276064072,1,1.0,1.16422276064072
postfreeze_robust_domain,cluster:quakeml:earthquake.usgs.gov/fdsnws/event/1/query?eventid=us7000szwc&format=quakeml,0.6852893549979521,3.2729749171008296,3.2729749171008296,-3.2729749171008296,1,1.0,3.2729749171008296
postfreeze_robust_domain,cluster:quakeml:earthquake.usgs.gov/fdsnws/event/1/query?eventid=us7000szyg&format=quakeml,0.8339185600107646,3.8898500025196046,4.06381608531217,-3.8898500025196046,2,2.0,4.8308853925075175
postfreeze_robust_domain,cluster:quakeml:earthquake.usgs.gov/fdsnws/event/1/query?eventid=us7000szzy&format=quakeml,0.32232542317845114,0.7543628029440341,0.9292006372483209,0.5425408609469946,2,2.0,1.18839549170163
postfreeze_robust_domain,cluster:quakeml:earthquake.usgs.gov/fdsnws/event/1/query?eventid=us7000t02u&format=quakeml,1.3629446205727107,6.759348806064992,6.759348806064992,-6.759348806064992,1,1.0,6.759348806064992
postfreeze_robust_domain,cluster:quakeml:earthquake.usgs.gov/fdsnws/event/1/query?eventid=us7000t04s&format=quakeml,1.263177614136543,6.76004247555154,6.76004247555154,-6.76004247555154,1,1.0,6.76004247555154
postfreeze_robust_domain,cluster:quakeml:earthquake.usgs.gov/fdsnws/event/1/query?eventid=us7000t06l&format=quakeml,0.5510378673542847,1.4083973842528672,1.433924965136387,1.4083973842528672,2,2.0,1.6238895482623383
postfreeze_robust_domain,cluster:quakeml:earthquake.usgs.gov/fdsnws/event/1/query?eventid=us7000t097&format=quakeml,0.41060376743572513,0.9913295393904269,1.0818985506981922,0.9913295393904269,2,2.0,1.3379892280395111
postfreeze_robust_domain,cluster:quakeml:earthquake.usgs.gov/fdsnws/event/1/query?eventid=us7000t0de&format=quakeml,0.5087012290426837,1.2665778549893985,1.2665778549893985,1.2665778549893985,1,1.0,1.2665778549893985
postfreeze_robust_domain,cluster:quakeml:earthquake.usgs.gov/fdsnws/event/1/query?eventid=us7000t0e6&format=quakeml,0.7874644059095721,2.2566864450005313,2.2566864450005313,2.2566864450005313,1,1.0,2.2566864450005313
postfreeze_robust_domain,cluster:quakeml:earthquake.usgs.gov/fdsnws/event/1/query?eventid=us7000t0q6&format=quakeml,0.523721908792491,1.3724695377866947,1.3724695377866947,1.3724695377866947,1,1.0,1.3724695377866947
postfreeze_robust_domain,cluster:quakeml:earthquake.usgs.gov/fdsnws/event/1/query?eventid=us7000t0x1&format=quakeml,0.5986762422564107,1.6484334964660712,1.6484334964660712,1.6484334964660712,1,1.0,1.6484334964660712
postfreeze_robust_domain,cluster:quakeml:earthquake.usgs.gov/fdsnws/event/1/query?eventid=us7000t0xw&format=quakeml,0.8253752753536153,3.880684681369693,3.880684681369693,-3.880684681369693,1,1.0,3.880684681369693
postfreeze_robust_domain,cluster:quakeml:earthquake.usgs.gov/fdsnws/event/1/query?eventid=us7000t0yi&format=quakeml,0.7896967654209752,4.252384776082614,4.252384776082614,-4.252384776082614,1,1.0,4.252384776082614
postfreeze_robust_domain,cluster:quakeml:earthquake.usgs.gov/fdsnws/event/1/query?eventid=us7000t0yv&format=quakeml,0.4211810884002991,1.8530417045248608,1.8530417045248608,-1.8530417045248608,1,1.0,1.8530417045248608
postfreeze_robust_domain,cluster:quakeml:earthquake.usgs.gov/fdsnws/event/1/query?eventid=us7000t0zd&format=quakeml,1.5193809383414285,12.521096227356512,12.521096227356512,-12.521096227356512,1,1.0,12.521096227356512
postfreeze_robust_domain,cluster:quakeml:earthquake.usgs.gov/fdsnws/event/1/query?eventid=us7000t106&format=quakeml,0.6509739814018398,1.7632570978156192,1.7632570978156192,1.7632570978156192,1,1.0,1.7632570978156192
postfreeze_robust_domain,cluster:quakeml:earthquake.usgs.gov/fdsnws/event/1/query?eventid=us7000t11q&format=quakeml,0.8394368577251742,2.5683178433823395,2.5683178433823395,2.5683178433823395,1,1.0,2.5683178433823395
postfreeze_robust_domain,cluster:quakeml:earthquake.usgs.gov/fdsnws/event/1/query?eventid=us7000t19p&format=quakeml,0.36566505917570535,0.865796562362981,0.9239108436117559,0.865796562362981,3,3.0,1.1878994129144087
postfreeze_robust_domain,cluster:quakeml:earthquake.usgs.gov/fdsnws/event/1/query?eventid=us7000t1b3&format=quakeml,0.9323505265447889,5.20449309110001,5.8982672444054325,-5.20449309110001,2,2.0,7.424807757248871
postfreeze_robust_domain,cluster:quakeml:earthquake.usgs.gov/fdsnws/event/1/query?eventid=us7000t1dh&format=quakeml,0.5476495767657091,1.3781576156482773,1.3781576156482773,1.3781576156482773,1,1.0,1.3781576156482773
postfreeze_robust_domain,cluster:quakeml:earthquake.usgs.gov/fdsnws/event/1/query?eventid=us7000t1gu&format=quakeml,0.6243539955632524,1.6534442349652867,1.6534442349652867,1.6534442349652867,1,1.0,1.6534442349652867
postfreeze_robust_domain,cluster:quakeml:earthquake.usgs.gov/fdsnws/event/1/query?eventid=us7000t1jw&format=quakeml,0.46785639413288105,1.1203549099710235,1.1203549099710235,1.1203549099710235,1,1.0,1.1203549099710235
postfreeze_robust_domain,cluster:quakeml:earthquake.usgs.gov/fdsnws/event/1/query?eventid=us7000t1ld&format=quakeml,0.5283795703307688,1.3039480199567055,1.3039480199567055,1.3039480199567055,1,1.0,1.3039480199567055
postfreeze_robust_domain,cluster:quakeml:earthquake.usgs.gov/fdsnws/event/1/query?eventid=us7000t1ng&format=quakeml,0.49545754198269887,1.1792569250038487,1.1792569250038487,1.1792569250038487,1,1.0,1.1792569250038487
postfreeze_robust_domain,cluster:quakeml:earthquake.usgs.gov/fdsnws/event/1/query?eventid=us7000t1ph&format=quakeml,0.9374307736184009,5.653830266756957,7.3021163127342,-5.653830266756957,2,2.0,9.350757073446156
postfreeze_robust_domain,cluster:quakeml:earthquake.usgs.gov/fdsnws/event/1/query?eventid=us7000t1q1&format=quakeml,1.2464726166035185,7.264474693751561,7.264474693751561,-7.264474693751561,1,1.0,7.264474693751561
postfreeze_robust_domain,cluster:quakeml:earthquake.usgs.gov/fdsnws/event/1/query?eventid=us7000t1q8&format=quakeml,0.639127346360319,1.6563240926135632,1.6563240926135632,1.6563240926135632,1,1.0,1.6563240926135632
postfreeze_robust_domain,cluster:quakeml:earthquake.usgs.gov/fdsnws/event/1/query?eventid=us7000t1qt&format=quakeml,1.541323397255302,8.873928905664807,10.192361204028074,-8.873928905664807,3,3.0,13.920155791106268
postfreeze_robust_domain,cluster:quakeml:earthquake.usgs.gov/fdsnws/event/1/query?eventid=us7000t1w2&format=quakeml,0.3460607099195691,0.9003789949542267,1.1561405893500947,0.9003789949542267,4,4.0,1.6978018797565149
postfreeze_robust_domain,cluster:quakeml:earthquake.usgs.gov/fdsnws/event/1/query?eventid=us7000t1wn&format=quakeml,0.3339398025564733,0.9576051963316217,0.9576051963316217,-0.9576051963316217,1,1.0,0.9576051963316217
postfreeze_robust_domain,cluster:quakeml:earthquake.usgs.gov/fdsnws/event/1/query?eventid=us7000t1z0&format=quakeml,0.77209425624388,2.2564019606151424,2.2564019606151424,2.2564019606151424,1,1.0,2.2564019606151424
postfreeze_robust_domain,cluster:quakeml:earthquake.usgs.gov/fdsnws/event/1/query?eventid=us7000t213&format=quakeml,0.2849232550572483,0.6253649811620721,0.6253649811620721,0.6253649811620721,1,1.0,0.6253649811620721
postfreeze_robust_domain,cluster:quakeml:earthquake.usgs.gov/fdsnws/event/1/query?eventid=us7000t22v&format=quakeml,0.11220665020550262,0.335403909976701,0.335403909976701,-0.335403909976701,1,1.0,0.335403909976701
postfreeze_robust_domain,cluster:quakeml:earthquake.usgs.gov/fdsnws/event/1/query?eventid=us7000t27u&format=quakeml,0.8840521790196865,4.936956215405223,4.936956215405223,-4.936956215405223,1,1.0,4.936956215405223
postfreeze_robust_domain,cluster:quakeml:earthquake.usgs.gov/fdsnws/event/1/query?eventid=us7000t2et&format=quakeml,0.6271675309747543,1.648646679217362,1.648646679217362,1.648646679217362,1,1.0,1.648646679217362
postfreeze_robust_domain,cluster:quakeml:earthquake.usgs.gov/fdsnws/event/1/query?eventid=us7000t2iy&format=quakeml,0.5419254037855649,2.3817957459959986,2.3817957459959986,-2.3817957459959986,1,1.0,2.3817957459959986
postfreeze_robust_domain,cluster:quakeml:earthquake.usgs.gov/fdsnws/event/1/query?eventid=us7000t2pj&format=quakeml,0.33801498042929234,0.7592809275369561,0.7592809275369561,0.7592809275369561,1,1.0,0.7592809275369561
postfreeze_robust_domain,cluster:quakeml:earthquake.usgs.gov/fdsnws/event/1/query?eventid=us7000t2pq&format=quakeml,0.67254511089347,1.8397789848532347,1.8397789848532347,1.8397789848532347,1,1.0,1.8397789848532347
postfreeze_robust_domain,cluster:quakeml:earthquake.usgs.gov/fdsnws/event/1/query?eventid=us7000t2y2&format=quakeml,0.6994809431716358,4.044374947659451,4.044374947659451,-4.044374947659451,1,1.0,4.044374947659451
postfreeze_robust_domain,cluster:quakeml:earthquake.usgs.gov/fdsnws/event/1/query?eventid=us7000t2yy&format=quakeml,0.9694511780976994,5.875009319400302,5.875009319400302,-5.875009319400302,1,1.0,5.875009319400302
postfreeze_robust_domain,cluster:quakeml:earthquake.usgs.gov/fdsnws/event/1/query?eventid=us7000t30x&format=quakeml,0.3957222329690348,0.9655732755732884,0.9655732755732884,0.9655732755732884,1,1.0,0.9655732755732884
postfreeze_robust_domain,cluster:quakeml:earthquake.usgs.gov/fdsnws/event/1/query?eventid=us7000t389&format=quakeml,0.8780826318749332,5.072774573938629,5.072774573938629,-5.072774573938629,1,1.0,5.072774573938629
postfreeze_robust_domain,cluster:quakeml:earthquake.usgs.gov/fdsnws/event/1/query?eventid=us7000t3di&format=quakeml,1.0211574697978665,4.988693663159593,4.988693663159593,-4.988693663159593,1,1.0,4.988693663159593
postfreeze_robust_domain,cluster:quakeml:earthquake.usgs.gov/fdsnws/event/1/query?eventid=us7000t3dx&format=quakeml,0.42956626463233266,1.035620446977213,1.035620446977213,1.035620446977213,1,1.0,1.035620446977213
postfreeze_robust_domain,cluster:quakeml:earthquake.usgs.gov/fdsnws/event/1/query?eventid=us7000t3hh&format=quakeml,1.0117922469813942,4.573409019621193,4.573409019621193,-4.573409019621193,1,1.0,4.573409019621193
postfreeze_robust_domain,cluster:quakeml:earthquake.usgs.gov/fdsnws/event/1/query?eventid=us7000t3hl&format=quakeml,0.3234274182343974,0.75951129577458,0.75951129577458,0.75951129577458,1,1.0,0.75951129577458
postfreeze_robust_domain,cluster:quakeml:earthquake.usgs.gov/fdsnws/event/1/query?eventid=us7000t3in&format=quakeml,0.030454887333210837,0.05727010216155537,0.05727010216155537,0.05727010216155537,1,1.0,0.05727010216155537
postfreeze_robust_domain,cluster:quakeml:earthquake.usgs.gov/fdsnws/event/1/query?eventid=uu80143896&format=quakeml,0.42697400687863796,0.5097049039772095,0.5098452827713851,0.5097049039772095,4,4.0,0.5208573378990266
postfreeze_robust_flexible,cluster:quakeml:earthquake.usgs.gov/fdsnws/event/1/query?eventid=aka2026ncclpa&format=quakeml,0.2955266616695266,0.756374589995497,0.756374589995497,-0.756374589995497,1,1.0,0.756374589995497
postfreeze_robust_flexible,cluster:quakeml:earthquake.usgs.gov/fdsnws/event/1/query?eventid=aka2026ncfzau&format=quakeml,0.5297208471773774,1.3607560438072874,1.5211738327929922,-0.22500982077678353,7,7.0,2.014223708900934
postfreeze_robust_flexible,cluster:quakeml:earthquake.usgs.gov/fdsnws/event/1/query?eventid=aka2026nzghnm&format=quakeml,0.2698616007051058,0.5969634742521126,0.5969634742521126,-0.5969634742521126,1,1.0,0.5969634742521126
postfreeze_robust_flexible,cluster:quakeml:earthquake.usgs.gov/fdsnws/event/1/query?eventid=aka2026ofyant&format=quakeml,0.5655498649138002,1.5019413028268775,1.5019413028268775,-1.5019413028268775,1,1.0,1.5019413028268775
postfreeze_robust_flexible,cluster:quakeml:earthquake.usgs.gov/fdsnws/event/1/query?eventid=ci40656850&format=quakeml,0.450181241122861,0.1364631489387478,0.1364631489387478,0.1364631489387478,1,1.0,0.1364631489387478
postfreeze_robust_flexible,cluster:quakeml:earthquake.usgs.gov/fdsnws/event/1/query?eventid=ci40664370&format=quakeml,0.5065644234590932,0.17149074181423862,0.17149074181423862,0.17149074181423862,1,1.0,0.17149074181423862
postfreeze_robust_flexible,cluster:quakeml:earthquake.usgs.gov/fdsnws/event/1/query?eventid=ci41285127&format=quakeml,0.057700138900590864,0.025581934079828783,0.028607199946977347,0.025581934079828783,3,3.0,0.03862159936624595
postfreeze_robust_flexible,cluster:quakeml:earthquake.usgs.gov/fdsnws/event/1/query?eventid=ci41287863&format=quakeml,0.12440375081244973,0.10332895217333538,0.10332895217333538,0.10332895217333538,1,1.0,0.10332895217333538
postfreeze_robust_flexible,cluster:quakeml:earthquake.usgs.gov/fdsnws/event/1/query?eventid=nc75406447&format=quakeml,0.423477688979339,0.6432616881011288,0.6432616881011288,0.6432616881011288,1,1.0,0.6432616881011288
postfreeze_robust_flexible,cluster:quakeml:earthquake.usgs.gov/fdsnws/event/1/query?eventid=tx2026mvdbvd&format=quakeml,0.11615251112973403,0.06349819693990671,0.06368972935548521,0.004935646943995897,2,2.0,0.06744671449510344
postfreeze_robust_flexible,cluster:quakeml:earthquake.usgs.gov/fdsnws/event/1/query?eventid=tx2026nqayet&format=quakeml,0.2942024792160603,0.3216389889350309,0.3761863974995439,0.3216389889350309,3,3.0,0.512403098732286
postfreeze_robust_flexible,cluster:quakeml:earthquake.usgs.gov/fdsnws/event/1/query?eventid=us6000t9h4&format=quakeml,0.6379415825026771,3.3589396266929903,5.053800850519808,-2.440001831677926,3,3.0,7.11094541183258
postfreeze_robust_flexible,cluster:quakeml:earthquake.usgs.gov/fdsnws/event/1/query?eventid=us6000t9kl&format=quakeml,0.15244439940617335,0.3095940826220951,0.3095940826220951,0.3095940826220951,1,1.0,0.3095940826220951
postfreeze_robust_flexible,cluster:quakeml:earthquake.usgs.gov/fdsnws/event/1/query?eventid=us6000t9kr&format=quakeml,0.04114838458885176,0.33760794283396933,0.33760794283396933,0.33760794283396933,1,1.0,0.33760794283396933
postfreeze_robust_flexible,cluster:quakeml:earthquake.usgs.gov/fdsnws/event/1/query?eventid=us6000t9lc&format=quakeml,0.29715134699302814,1.101394465916342,2.553907140786959,-0.35260621543459075,12,12.0,0.6902899575626142
postfreeze_robust_flexible,cluster:quakeml:earthquake.usgs.gov/fdsnws/event/1/query?eventid=us6000t9qx&format=quakeml,0.9418641462403433,5.942968177639274,6.860454155361451,-5.942968177639274,2,2.0,8.684875304572131
postfreeze_robust_flexible,cluster:quakeml:earthquake.usgs.gov/fdsnws/event/1/query?eventid=us6000t9qz&format=quakeml,0.8789041325785963,4.5613291311019175,4.610156534530106,-4.5613291311019175,2,2.0,5.096683865464347
postfreeze_robust_flexible,cluster:quakeml:earthquake.usgs.gov/fdsnws/event/1/query?eventid=us6000t9r5&format=quakeml,0.591177056066538,3.644352696340571,5.847001888846924,-3.4482377294480067,23,23.0,6.88306311197464
postfreeze_robust_flexible,cluster:quakeml:earthquake.usgs.gov/fdsnws/event/1/query?eventid=us6000t9sq&format=quakeml,0.16055987389149595,0.4252812853301038,0.4565313696577664,0.4252812853301038,2,2.0,0.5580830198478632
postfreeze_robust_flexible,cluster:quakeml:earthquake.usgs.gov/fdsnws/event/1/query?eventid=us6000t9tt&format=quakeml,0.1994661030210324,0.4185435717166639,0.4185435717166639,0.4185435717166639,1,1.0,0.4185435717166639
postfreeze_robust_flexible,cluster:quakeml:earthquake.usgs.gov/fdsnws/event/1/query?eventid=us6000t9zw&format=quakeml,0.10950740826738625,0.16042999014899972,0.16043683692176253,0.16042999014899972,2,2.0,0.1616157462121629
postfreeze_robust_flexible,cluster:quakeml:earthquake.usgs.gov/fdsnws/event/1/query?eventid=us6000ta4c&format=quakeml,0.13924115471149937,0.2602569776935404,0.2602569776935404,0.2602569776935404,1,1.0,0.2602569776935404
postfreeze_robust_flexible,cluster:quakeml:earthquake.usgs.gov/fdsnws/event/1/query?eventid=us6000ta7h&format=quakeml,0.09641518281119446,0.18097686296138726,0.18097686296138726,-0.18097686296138726,1,1.0,0.18097686296138726
postfreeze_robust_flexible,cluster:quakeml:earthquake.usgs.gov/fdsnws/event/1/query?eventid=us6000ta7l&format=quakeml,0.1044877454028309,0.2155474819388321,0.2155474819388321,0.2155474819388321,1,1.0,0.2155474819388321
postfreeze_robust_flexible,cluster:quakeml:earthquake.usgs.gov/fdsnws/event/1/query?eventid=us6000ta86&format=quakeml,0.560755989795088,2.47901242181986,2.954832982268818,-2.2071016635912195,3,3.0,4.0024220385517895
postfreeze_robust_flexible,cluster:quakeml:earthquake.usgs.gov/fdsnws/event/1/query?eventid=us6000tahc&format=quakeml,0.6004877660190667,2.168692006591572,2.2700221652545034,-2.168692006591572,2,2.0,2.7052145049336658
postfreeze_robust_flexible,cluster:quakeml:earthquake.usgs.gov/fdsnws/event/1/query?eventid=us6000tai4&format=quakeml,0.013649269908334375,0.0248470663972844,0.0248470663972844,0.0248470663972844,1,1.0,0.0248470663972844
postfreeze_robust_flexible,cluster:quakeml:earthquake.usgs.gov/fdsnws/event/1/query?eventid=us6000takd&format=quakeml,0.47313245686822897,1.0791291289790559,1.1074541072067012,1.0791291289790559,2,2.0,1.2782229521807151
postfreeze_robust_flexible,cluster:quakeml:earthquake.usgs.gov/fdsnws/event/1/query?eventid=us6000talg&format=quakeml,0.8764581053477833,5.605283442882727,6.973429896072132,-4.325144754452243,7,7.0,10.373130965757857
postfreeze_robust_flexible,cluster:quakeml:earthquake.usgs.gov/fdsnws/event/1/query?eventid=us6000talr&format=quakeml,0.3353130495561867,1.9694706626018323,2.156041129813571,-1.9694706626018323,3,3.0,2.8306725668800023
postfreeze_robust_flexible,cluster:quakeml:earthquake.usgs.gov/fdsnws/event/1/query?eventid=us6000tapb&format=quakeml,0.5924354557432489,3.3674100381101697,3.3674100381101697,-3.3674100381101697,1,1.0,3.3674100381101697
postfreeze_robust_flexible,cluster:quakeml:earthquake.usgs.gov/fdsnws/event/1/query?eventid=us6000tary&format=quakeml,0.5502321725813067,1.8961092775393715,2.093286580873863,-1.8961092775393715,2,2.0,2.6056413226714112
postfreeze_robust_flexible,cluster:quakeml:earthquake.usgs.gov/fdsnws/event/1/query?eventid=us6000tasa&format=quakeml,0.05217278964557711,0.2371538084842948,0.2371538084842948,0.2371538084842948,1,1.0,0.2371538084842948
postfreeze_robust_flexible,cluster:quakeml:earthquake.usgs.gov/fdsnws/event/1/query?eventid=us6000tatn&format=quakeml,0.1522205125509591,0.2623516736635447,0.2623516736635447,-0.2623516736635447,1,1.0,0.2623516736635447
postfreeze_robust_flexible,cluster:quakeml:earthquake.usgs.gov/fdsnws/event/1/query?eventid=us6000tavd&format=quakeml,0.904801615502533,7.342218679346405,7.483808058956371,-1.4488643580256424,2,2.0,8.501310165766919
postfreeze_robust_flexible,cluster:quakeml:earthquake.usgs.gov/fdsnws/event/1/query?eventid=us6000taxu&format=quakeml,0.9060598404360953,13.220843679799028,13.220843679799028,13.220843679799028,1,1.0,13.220843679799028
postfreeze_robust_flexible,cluster:quakeml:earthquake.usgs.gov/fdsnws/event/1/query?eventid=us6000taxz&format=quakeml,0.1535484326732682,0.318485408262835,0.318485408262835,0.318485408262835,1,1.0,0.318485408262835
postfreeze_robust_flexible,cluster:quakeml:earthquake.usgs.gov/fdsnws/event/1/query?eventid=us6000tayu&format=quakeml,0.21061191896009548,0.45995794226823894,0.45995794226823894,0.45995794226823894,1,1.0,0.45995794226823894
postfreeze_robust_flexible,cluster:quakeml:earthquake.usgs.gov/fdsnws/event/1/query?eventid=us6000tazm&format=quakeml,0.7478287111927209,4.26656739232423,4.26656739232423,-4.26656739232423,1,1.0,4.26656739232423
postfreeze_robust_flexible,cluster:quakeml:earthquake.usgs.gov/fdsnws/event/1/query?eventid=us6000tg2v&format=quakeml,0.432933285304206,1.0965492772576337,1.0965492772576337,1.0965492772576337,1,1.0,1.0965492772576337
postfreeze_robust_flexible,cluster:quakeml:earthquake.usgs.gov/fdsnws/event/1/query?eventid=us6000tg42&format=quakeml,0.5434067808756444,2.2586775945543023,3.071916446876559,-1.4865680052199053,23,23.0,5.238606826695001
postfreeze_robust_flexible,cluster:quakeml:earthquake.usgs.gov/fdsnws/event/1/query?eventid=us6000tg4g&format=quakeml,0.8688049848632053,3.562819995508357,3.562819995508357,-3.562819995508357,1,1.0,3.562819995508357
postfreeze_robust_flexible,cluster:quakeml:earthquake.usgs.gov/fdsnws/event/1/query?eventid=us6000tg5f&format=quakeml,0.3574820589733197,2.7678329558631987,3.3558594025436315,-1.4812244322915307,13,13.0,4.618728610640702
postfreeze_robust_flexible,cluster:quakeml:earthquake.usgs.gov/fdsnws/event/1/query?eventid=us6000tg8x&format=quakeml,0.048456127364341656,0.40238894947233605,0.5290063988443047,0.3434106919721187,2,2.0,0.677117503050031
postfreeze_robust_flexible,cluster:quakeml:earthquake.usgs.gov/fdsnws/event/1/query?eventid=us6000tgav&format=quakeml,0.736708596853935,3.6455426693578397,3.6455426693578397,-3.6455426693578397,1,1.0,3.6455426693578397
postfreeze_robust_flexible,cluster:quakeml:earthquake.usgs.gov/fdsnws/event/1/query?eventid=us6000tgdy&format=quakeml,0.07402863163287735,0.6869311723468643,0.8010928400153114,0.4121593172329847,2,2.0,1.016658626133252
postfreeze_robust_flexible,cluster:quakeml:earthquake.usgs.gov/fdsnws/event/1/query?eventid=us6000tgea&format=quakeml,0.8750436064541988,4.333433408609789,4.333433408609789,-4.333433408609789,1,1.0,4.333433408609789
postfreeze_robust_flexible,cluster:quakeml:earthquake.usgs.gov/fdsnws/event/1/query?eventid=us6000tgn5&format=quakeml,0.24635238893438974,0.5360732698649193,0.5360732698649193,0.5360732698649193,1,1.0,0.5360732698649193
postfreeze_robust_flexible,cluster:quakeml:earthquake.usgs.gov/fdsnws/event/1/query?eventid=us6000tgnw&format=quakeml,0.2795242227611097,1.6296879968937963,2.220692788732518,-0.3993268902457341,4,4.0,3.3464143300527227
postfreeze_robust_flexible,cluster:quakeml:earthquake.usgs.gov/fdsnws/event/1/query?eventid=us6000tgp3&format=quakeml,0.9800390057448982,5.974039954474296,5.974039954474296,-5.974039954474296,1,1.0,5.974039954474296
postfreeze_robust_flexible,cluster:quakeml:earthquake.usgs.gov/fdsnws/event/1/query?eventid=us6000tgpw&format=quakeml,0.7857094741023531,3.8055170891213725,4.761457279028389,-3.8055170891213725,2,2.0,6.094903397027332
postfreeze_robust_flexible,cluster:quakeml:earthquake.usgs.gov/fdsnws/event/1/query?eventid=us6000tgpy&format=quakeml,0.22954009721365334,0.492562679570564,0.492562679570564,0.492562679570564,1,1.0,0.492562679570564
postfreeze_robust_flexible,cluster:quakeml:earthquake.usgs.gov/fdsnws/event/1/query?eventid=us6000tgqe&format=quakeml,0.24786235812671445,0.5172804701256837,0.5172804701256837,0.5172804701256837,1,1.0,0.5172804701256837
postfreeze_robust_flexible,cluster:quakeml:earthquake.usgs.gov/fdsnws/event/1/query?eventid=us6000tgqr&format=quakeml,0.20018310999265046,0.41023052135223015,0.41023052135223015,0.41023052135223015,1,1.0,0.41023052135223015
postfreeze_robust_flexible,cluster:quakeml:earthquake.usgs.gov/fdsnws/event/1/query?eventid=us6000tgqt&format=quakeml,0.34616778184285163,2.17422138260442,2.9931063448752955,-1.6991122714435993,3,3.0,4.211989378245195
postfreeze_robust_flexible,cluster:quakeml:earthquake.usgs.gov/fdsnws/event/1/query?eventid=us6000tgx1&format=quakeml,0.20896847369177357,0.44655654928392186,0.4473104562739256,0.44655654928392186,2,2.0,0.4673241021854857
postfreeze_robust_flexible,cluster:quakeml:earthquake.usgs.gov/fdsnws/event/1/query?eventid=us6000tgyz&format=quakeml,1.2313737334870603,5.45668547843456,5.45668547843456,-5.45668547843456,1,1.0,5.45668547843456
postfreeze_robust_flexible,cluster:quakeml:earthquake.usgs.gov/fdsnws/event/1/query?eventid=us6000tgzq&format=quakeml,0.2039660623878887,0.9741314337862137,1.1071216800894699,-0.3969023017405962,7,7.0,1.6745065651439466
postfreeze_robust_flexible,cluster:quakeml:earthquake.usgs.gov/fdsnws/event/1/query?eventid=us6000th04&format=quakeml,0.2503173744968273,0.5341651707752051,0.5341651707752051,0.5341651707752051,1,1.0,0.5341651707752051
postfreeze_robust_flexible,cluster:quakeml:earthquake.usgs.gov/fdsnws/event/1/query?eventid=us6000th0l&format=quakeml,0.19660474235578262,0.4201862806820247,0.4201862806820247,0.4201862806820247,1,1.0,0.4201862806820247
postfreeze_robust_flexible,cluster:quakeml:earthquake.usgs.gov/fdsnws/event/1/query?eventid=us6000th0m&format=quakeml,0.753928830140308,5.091043829355947,5.488560095998207,-1.0796008995700466,4,4.0,7.333438772401324
postfreeze_robust_flexible,cluster:quakeml:earthquake.usgs.gov/fdsnws/event/1/query?eventid=us6000th1b&format=quakeml,0.32864223208718574,0.7353627084835204,0.7353627084835204,0.7353627084835204,1,1.0,0.7353627084835204
postfreeze_robust_flexible,cluster:quakeml:earthquake.usgs.gov/fdsnws/event/1/query?eventid=us6000th1h&format=quakeml,0.6998712212565281,3.1008484042833775,3.5739977622965733,-3.1008484042833775,2,2.0,4.52255423682211
postfreeze_robust_flexible,cluster:quakeml:earthquake.usgs.gov/fdsnws/event/1/query?eventid=us6000th1p&format=quakeml,0.5659509385434305,4.367316344472724,4.367316344472724,4.367316344472724,1,1.0,4.367316344472724
postfreeze_robust_flexible,cluster:quakeml:earthquake.usgs.gov/fdsnws/event/1/query?eventid=us6000th5m&format=quakeml,0.25551320618995793,0.5703120408568143,0.5703120408568143,0.5703120408568143,1,1.0,0.5703120408568143
postfreeze_robust_flexible,cluster:quakeml:earthquake.usgs.gov/fdsnws/event/1/query?eventid=us6000th7y&format=quakeml,0.2675087530878902,0.5851932687715551,0.5851932687715551,0.5851932687715551,1,1.0,0.5851932687715551
postfreeze_robust_flexible,cluster:quakeml:earthquake.usgs.gov/fdsnws/event/1/query?eventid=us6000tha9&format=quakeml,0.9593520783456512,4.518491801759887,4.518491801759887,-4.518491801759887,1,1.0,4.518491801759887
postfreeze_robust_flexible,cluster:quakeml:earthquake.usgs.gov/fdsnws/event/1/query?eventid=us6000thag&format=quakeml,0.42473860669510555,3.9205579660907506,4.683413162287731,-3.9205579660907506,4,4.0,6.498780505637211
postfreeze_robust_flexible,cluster:quakeml:earthquake.usgs.gov/fdsnws/event/1/query?eventid=us6000thbs&format=quakeml,0.8829454440944936,4.729614491356489,4.729614491356489,-4.729614491356489,1,1.0,4.729614491356489
postfreeze_robust_flexible,cluster:quakeml:earthquake.usgs.gov/fdsnws/event/1/query?eventid=us6000thug&format=quakeml,0.000705865623711782,0.0013350265299645336,0.0013350265299645336,-0.0013350265299645336,1,1.0,0.0013350265299645336
postfreeze_robust_flexible,cluster:quakeml:earthquake.usgs.gov/fdsnws/event/1/query?eventid=us6000ti1z&format=quakeml,0.7754580585833053,5.638929254376637,5.638929254376637,-5.638929254376637,1,1.0,5.638929254376637
postfreeze_robust_flexible,cluster:quakeml:earthquake.usgs.gov/fdsnws/event/1/query?eventid=us7000sz3s&format=quakeml,0.06286718500841722,0.12341202527211004,0.12341202527211004,0.12341202527211004,1,1.0,0.12341202527211004
postfreeze_robust_flexible,cluster:quakeml:earthquake.usgs.gov/fdsnws/event/1/query?eventid=us7000sz4r&format=quakeml,0.032519256729066026,0.06005685038548214,0.06005685038548214,-0.06005685038548214,1,1.0,0.06005685038548214
postfreeze_robust_flexible,cluster:quakeml:earthquake.usgs.gov/fdsnws/event/1/query?eventid=us7000sz66&format=quakeml,0.48075832055575796,1.9427604282991828,2.103603232263123,-0.806739410852497,2,2.0,2.5881519569811804
postfreeze_robust_flexible,cluster:quakeml:earthquake.usgs.gov/fdsnws/event/1/query?eventid=us7000sz6t&format=quakeml,0.25287185051262934,0.5573102421677822,0.5573102421677822,0.5573102421677822,1,1.0,0.5573102421677822
postfreeze_robust_flexible,cluster:quakeml:earthquake.usgs.gov/fdsnws/event/1/query?eventid=us7000sz6v&format=quakeml,0.37025750617577324,0.8572295772370981,0.8572295772370981,0.8572295772370981,1,1.0,0.8572295772370981
postfreeze_robust_flexible,cluster:quakeml:earthquake.usgs.gov/fdsnws/event/1/query?eventid=us7000sz7d&format=quakeml,0.5497474673384615,2.7268880390020036,2.7268880390020036,-2.7268880390020036,1,1.0,2.7268880390020036
postfreeze_robust_flexible,cluster:quakeml:earthquake.usgs.gov/fdsnws/event/1/query?eventid=us7000szcl&format=quakeml,0.21160058133348558,0.46379528475537535,0.5210747070053203,0.46379528475537535,2,2.0,0.6538062892693005
postfreeze_robust_flexible,cluster:quakeml:earthquake.usgs.gov/fdsnws/event/1/query?eventid=us7000szhi&format=quakeml,0.03676350430625195,0.06970124554808632,0.06970124554808632,-0.06970124554808632,1,1.0,0.06970124554808632
postfreeze_robust_flexible,cluster:quakeml:earthquake.usgs.gov/fdsnws/event/1/query?eventid=us7000szr0&format=quakeml,0.42069925379478246,1.0927815730587604,1.1743360272065082,0.20598204230694905,4,4.0,1.5855522697974238
postfreeze_robust_flexible,cluster:quakeml:earthquake.usgs.gov/fdsnws/event/1/query?eventid=us7000sztw&format=quakeml,0.18153657133437492,0.384779862212272,0.384779862212272,0.384779862212272,1,1.0,0.384779862212272
postfreeze_robust_flexible,cluster:quakeml:earthquake.usgs.gov/fdsnws/event/1/query?eventid=us7000szu6&format=quakeml,0.3061321544086405,0.6335881919255104,0.6335881919255104,0.6335881919255104,1,1.0,0.6335881919255104
postfreeze_robust_flexible,cluster:quakeml:earthquake.usgs.gov/fdsnws/event/1/query?eventid=us7000szwc&format=quakeml,0.8170592775149587,3.6834737204530015,3.6834737204530015,-3.6834737204530015,1,1.0,3.6834737204530015
postfreeze_robust_flexible,cluster:quakeml:earthquake.usgs.gov/fdsnws/event/1/query?eventid=us7000szyg&format=quakeml,0.2551314385411818,1.581201425994788,1.9312133231788509,-1.1087772319341473,2,2.0,2.4682232115421057
postfreeze_robust_flexible,cluster:quakeml:earthquake.usgs.gov/fdsnws/event/1/query?eventid=us7000szzy&format=quakeml,0.31688741470472154,0.502426385602983,0.5480378318473276,-0.21889082252539127,2,2.0,0.6775390436232961
postfreeze_robust_flexible,cluster:quakeml:earthquake.usgs.gov/fdsnws/event/1/query?eventid=us7000t02u&format=quakeml,0.5760991917070237,3.9780045253590117,3.9780045253590117,-3.9780045253590117,1,1.0,3.9780045253590117
postfreeze_robust_flexible,cluster:quakeml:earthquake.usgs.gov/fdsnws/event/1/query?eventid=us7000t04s&format=quakeml,0.6086402460936876,7.897495581175679,7.897495581175679,7.897495581175679,1,1.0,7.897495581175679
postfreeze_robust_flexible,cluster:quakeml:earthquake.usgs.gov/fdsnws/event/1/query?eventid=us7000t06l&format=quakeml,0.23751020449120752,0.5122945447844555,0.5244524893110644,0.5122945447844555,2,2.0,0.6021111149390886
postfreeze_robust_flexible,cluster:quakeml:earthquake.usgs.gov/fdsnws/event/1/query?eventid=us7000t097&format=quakeml,0.15594440200051618,0.2785813484420553,0.2914574173702559,-0.08567297380356143,2,2.0,0.34711972748490444
postfreeze_robust_flexible,cluster:quakeml:earthquake.usgs.gov/fdsnws/event/1/query?eventid=us7000t0de&format=quakeml,0.23619721779041108,0.5088699295638335,0.5088699295638335,0.5088699295638335,1,1.0,0.5088699295638335
postfreeze_robust_flexible,cluster:quakeml:earthquake.usgs.gov/fdsnws/event/1/query?eventid=us7000t0e6&format=quakeml,0.23211447293953769,0.4922215666118217,0.4922215666118217,0.4922215666118217,1,1.0,0.4922215666118217
postfreeze_robust_flexible,cluster:quakeml:earthquake.usgs.gov/fdsnws/event/1/query?eventid=us7000t0q6&format=quakeml,0.6036665561241028,1.652651056552738,1.652651056552738,1.652651056552738,1,1.0,1.652651056552738
postfreeze_robust_flexible,cluster:quakeml:earthquake.usgs.gov/fdsnws/event/1/query?eventid=us7000t0x1&format=quakeml,0.234316190338339,0.5309927003056472,0.5309927003056472,0.5309927003056472,1,1.0,0.5309927003056472
postfreeze_robust_flexible,cluster:quakeml:earthquake.usgs.gov/fdsnws/event/1/query?eventid=us7000t0xw&format=quakeml,0.5768462460864741,3.027128142884609,3.027128142884609,-3.027128142884609,1,1.0,3.027128142884609
postfreeze_robust_flexible,cluster:quakeml:earthquake.usgs.gov/fdsnws/event/1/query?eventid=us7000t0yi&format=quakeml,0.78467664470324,9.280945028196214,9.280945028196214,9.280945028196214,1,1.0,9.280945028196214
postfreeze_robust_flexible,cluster:quakeml:earthquake.usgs.gov/fdsnws/event/1/query?eventid=us7000t0yv&format=quakeml,0.6672917789021411,2.6248979760760065,2.6248979760760065,-2.6248979760760065,1,1.0,2.6248979760760065
postfreeze_robust_flexible,cluster:quakeml:earthquake.usgs.gov/fdsnws/event/1/query?eventid=us7000t0zd&format=quakeml,0.2671378685803531,4.908408726074072,4.908408726074072,4.908408726074072,1,1.0,4.908408726074072
postfreeze_robust_flexible,cluster:quakeml:earthquake.usgs.gov/fdsnws/event/1/query?eventid=us7000t106&format=quakeml,0.033269345648666356,0.06501925934335917,0.06501925934335917,0.06501925934335917,1,1.0,0.06501925934335917
postfreeze_robust_flexible,cluster:quakeml:earthquake.usgs.gov/fdsnws/event/1/query?eventid=us7000t11q&format=quakeml,0.40292558715015786,0.9690699117790544,0.9690699117790544,0.9690699117790544,1,1.0,0.9690699117790544
postfreeze_robust_flexible,cluster:quakeml:earthquake.usgs.gov/fdsnws/event/1/query?eventid=us7000t19p&format=quakeml,0.1561529116171899,0.3216257381074159,0.34221155102063155,0.3216257381074159,3,3.0,0.44024090855743003
postfreeze_robust_flexible,cluster:quakeml:earthquake.usgs.gov/fdsnws/event/1/query?eventid=us7000t1b3&format=quakeml,0.7492030324384803,4.584776922260103,5.271557741730099,-4.584776922260103,2,2.0,6.666182846726463
postfreeze_robust_flexible,cluster:quakeml:earthquake.usgs.gov/fdsnws/event/1/query?eventid=us7000t1dh&format=quakeml,0.19794677123966664,0.41371629709663194,0.41371629709663194,0.41371629709663194,1,1.0,0.41371629709663194
postfreeze_robust_flexible,cluster:quakeml:earthquake.usgs.gov/fdsnws/event/1/query?eventid=us7000t1gu&format=quakeml,0.07897643509594571,0.14481433883645933,0.14481433883645933,-0.14481433883645933,1,1.0,0.14481433883645933
postfreeze_robust_flexible,cluster:quakeml:earthquake.usgs.gov/fdsnws/event/1/query?eventid=us7000t1jw&format=quakeml,0.012132394975652053,0.022923414540312548,0.022923414540312548,0.022923414540312548,1,1.0,0.022923414540312548
postfreeze_robust_flexible,cluster:quakeml:earthquake.usgs.gov/fdsnws/event/1/query?eventid=us7000t1ld&format=quakeml,0.18150904445609475,0.31089795497383643,0.31089795497383643,-0.31089795497383643,1,1.0,0.31089795497383643
postfreeze_robust_flexible,cluster:quakeml:earthquake.usgs.gov/fdsnws/event/1/query?eventid=us7000t1ng&format=quakeml,0.29447342089019835,0.6297090606757623,0.6297090606757623,0.6297090606757623,1,1.0,0.6297090606757623
postfreeze_robust_flexible,cluster:quakeml:earthquake.usgs.gov/fdsnws/event/1/query?eventid=us7000t1ph&format=quakeml,0.8047528589475856,5.251244038083044,6.808658459434879,-5.251244038083044,2,2.0,8.718324983868433
postfreeze_robust_flexible,cluster:quakeml:earthquake.usgs.gov/fdsnws/event/1/query?eventid=us7000t1q1&format=quakeml,0.22715310723232118,2.600204374979622,2.600204374979622,2.600204374979622,1,1.0,2.600204374979622
postfreeze_robust_flexible,cluster:quakeml:earthquake.usgs.gov/fdsnws/event/1/query?eventid=us7000t1q8&format=quakeml,0.1234544604141826,0.21497163969971345,0.21497163969971345,-0.21497163969971345,1,1.0,0.21497163969971345
postfreeze_robust_flexible,cluster:quakeml:earthquake.usgs.gov/fdsnws/event/1/query?eventid=us7000t1qt&format=quakeml,1.06229666632194,7.399069595680149,9.016736736746232,-7.399069595680149,3,3.0,12.622395581511352
postfreeze_robust_flexible,cluster:quakeml:earthquake.usgs.gov/fdsnws/event/1/query?eventid=us7000t1w2&format=quakeml,0.26780085047201463,0.5806791482664744,0.5919510236034315,0.5806791482664744,4,4.0,0.7006863930559316
postfreeze_robust_flexible,cluster:quakeml:earthquake.usgs.gov/fdsnws/event/1/query?eventid=us7000t1wn&format=quakeml,0.09180168221925555,0.29585913934577324,0.29585913934577324,-0.29585913934577324,1,1.0,0.29585913934577324
postfreeze_robust_flexible,cluster:quakeml:earthquake.usgs.gov/fdsnws/event/1/query?eventid=us7000t1z0&format=quakeml,0.1725991488918436,0.3650991267581343,0.3650991267581343,0.3650991267581343,1,1.0,0.3650991267581343
postfreeze_robust_flexible,cluster:quakeml:earthquake.usgs.gov/fdsnws/event/1/query?eventid=us7000t213&format=quakeml,0.5112020737807448,1.2658571001852803,1.2658571001852803,1.2658571001852803,1,1.0,1.2658571001852803
postfreeze_robust_flexible,cluster:quakeml:earthquake.usgs.gov/fdsnws/event/1/query?eventid=us7000t22v&format=quakeml,1.7829995106664511,15.634636531691935,15.634636531691935,15.634636531691935,1,1.0,15.634636531691935
postfreeze_robust_flexible,cluster:quakeml:earthquake.usgs.gov/fdsnws/event/1/query?eventid=us7000t27u&format=quakeml,1.0629616852824035,15.94016952566417,15.94016952566417,15.94016952566417,1,1.0,15.94016952566417
postfreeze_robust_flexible,cluster:quakeml:earthquake.usgs.gov/fdsnws/event/1/query?eventid=us7000t2et&format=quakeml,0.07526644540388062,0.14774392034730632,0.14774392034730632,0.14774392034730632,1,1.0,0.14774392034730632
postfreeze_robust_flexible,cluster:quakeml:earthquake.usgs.gov/fdsnws/event/1/query?eventid=us7000t2iy&format=quakeml,0.8453827248090977,3.2484657226793123,3.2484657226793123,-3.2484657226793123,1,1.0,3.2484657226793123
postfreeze_robust_flexible,cluster:quakeml:earthquake.usgs.gov/fdsnws/event/1/query?eventid=us7000t2pj&format=quakeml,0.04706668410673239,0.08680310855997742,0.08680310855997742,-0.08680310855997742,1,1.0,0.08680310855997742
postfreeze_robust_flexible,cluster:quakeml:earthquake.usgs.gov/fdsnws/event/1/query?eventid=us7000t2pq&format=quakeml,0.15974660233241292,0.3322235769063988,0.3322235769063988,0.3322235769063988,1,1.0,0.3322235769063988
postfreeze_robust_flexible,cluster:quakeml:earthquake.usgs.gov/fdsnws/event/1/query?eventid=us7000t2y2&format=quakeml,0.8685612215194837,4.665618826568942,4.665618826568942,-4.665618826568942,1,1.0,4.665618826568942
postfreeze_robust_flexible,cluster:quakeml:earthquake.usgs.gov/fdsnws/event/1/query?eventid=us7000t2yy&format=quakeml,1.034724039933539,6.10185433869177,6.10185433869177,-6.10185433869177,1,1.0,6.10185433869177
postfreeze_robust_flexible,cluster:quakeml:earthquake.usgs.gov/fdsnws/event/1/query?eventid=us7000t30x&format=quakeml,0.2773407774854707,0.635716203790625,0.635716203790625,0.635716203790625,1,1.0,0.635716203790625
postfreeze_robust_flexible,cluster:quakeml:earthquake.usgs.gov/fdsnws/event/1/query?eventid=us7000t389&format=quakeml,0.5939787743827696,3.8875452488852575,3.8875452488852575,-3.8875452488852575,1,1.0,3.8875452488852575
postfreeze_robust_flexible,cluster:quakeml:earthquake.usgs.gov/fdsnws/event/1/query?eventid=us7000t3di&format=quakeml,0.6258700767828735,3.627196270050641,3.627196270050641,-3.627196270050641,1,1.0,3.627196270050641
postfreeze_robust_flexible,cluster:quakeml:earthquake.usgs.gov/fdsnws/event/1/query?eventid=us7000t3dx&format=quakeml,0.23761786186693046,0.5176732141405826,0.5176732141405826,0.5176732141405826,1,1.0,0.5176732141405826
postfreeze_robust_flexible,cluster:quakeml:earthquake.usgs.gov/fdsnws/event/1/query?eventid=us7000t3hh&format=quakeml,0.45114245815511056,2.609235851929305,2.609235851929305,-2.609235851929305,1,1.0,2.609235851929305
postfreeze_robust_flexible,cluster:quakeml:earthquake.usgs.gov/fdsnws/event/1/query?eventid=us7000t3hl&format=quakeml,0.20793416013869456,0.4597217654237038,0.4597217654237038,0.4597217654237038,1,1.0,0.4597217654237038
postfreeze_robust_flexible,cluster:quakeml:earthquake.usgs.gov/fdsnws/event/1/query?eventid=us7000t3in&format=quakeml,0.1365490730287095,0.23638278005476376,0.23638278005476376,-0.23638278005476376,1,1.0,0.23638278005476376
postfreeze_robust_flexible,cluster:quakeml:earthquake.usgs.gov/fdsnws/event/1/query?eventid=uu80143896&format=quakeml,0.4273835172039305,0.5070327534682361,0.5113191973255563,0.5070327534682361,4,4.0,0.5658661936077775
