case_id,title,default_task,default_tier,endpoint_quality,calibration_burden,independent_unit_scope,scoring_groups,reference_primary_error,primary_units,reference_physical_mae,mechanism_evidence,novelty_status,practical_limitations,promotion_conditions,next_evidence
P100-001,OEIS daily sequence corpus,P100-001.original.v1,comparative_core,Twenty-first integer sequence term on the inverse-hyperbolic-sine scale,"Sixteen observed prefix terms per sequence, including confirmation sequences; no suffix term used in rules.",Canonical affine-normalized sixteen-term prefix family; semantic relationships not exhaustively known,474,2.233349162100461,asinh(integer term),2.2333491621004606,"{""partially_supported"": 1, ""not_assessed"": 1, ""unsupported"": 1}",not_adjudicated,Finite sequence continuation is underdetermined; mathematical proof requires a distinct certificate contract.,Reassess only under a versioned contract; never rename exposed outcomes as fresh.,Finite sequence continuation is underdetermined; mathematical proof requires a distinct certificate contract.
P100-002,MAST TARS TESS Sector 96 light curves and vetting images,P100-002.original.v1,exploratory_limited_scope,Next hourly median systematics-corrected stellar flux,Causal observed flux history within each star; no fitted header period or future light curve values.,Star; repeated hourly bins are dependent,2,0.0008651911708958213,relative flux (native normalization),0.0008651911708958212,"{""partially_supported"": 1, ""not_assessed"": 1, ""unsupported"": 1}",not_adjudicated,Publisher full-sector flux correction may use later observations; future-bin input was corrected historically.,Reassess only under a versioned contract; never rename exposed outcomes as fresh.; Resolve each stated measurement/information restriction with source-bound evidence.; Demonstrate a nondegenerate task with grouping adequate for its explicitly claimed transfer; retain limited scope if the present data cannot do this.,Publisher full-sector flux correction may use later observations; future-bin input was corrected historically.
P100-003,GWOSC O4a H1 strain and detector-quality masks,P100-003.original.v1,exploratory_limited_scope,Next nonoverlapping16-second recorded 30–80Hz strain RMS,Four preceding16-second windows; training-only global coefficients.,Contiguous512-second block in one detector segment; blocks not independent experiments,2,0.00855537660372391,10^-21 strain,0.008555376603723911,"{""not_assessed"": 2, ""unsupported"": 1}",not_adjudicated,One detector segment with continuous hardware injection; temporal blocks are not independent experiments.,Reassess only under a versioned contract; never rename exposed outcomes as fresh.; Resolve each stated measurement/information restriction with source-bound evidence.; Demonstrate a nondegenerate task with grouping adequate for its explicitly claimed transfer; retain limited scope if the present data cannot do this.,One detector segment with continuous hardware injection; temporal blocks are not independent experiments.
P100-004,ATLAS 2015 four-lepton open data across run periods,P100-004.original.v1,exploratory_limited_scope,Measured missing transverse momentum magnitude,Training events only; no held-period target calibration.,"Run period, with unique runNumber+eventNumber observations",2,20.94210431789965,GeV,20.942104317899638,"{""partially_supported"": 1, ""not_assessed"": 1, ""unsupported"": 1}",not_adjudicated,Transfer is restricted to the declared source and cohort; no measured deployment intervention.,Reassess only under a versioned contract; never rename exposed outcomes as fresh.; Resolve each stated measurement/information restriction with source-bound evidence.; Demonstrate a nondegenerate task with grouping adequate for its explicitly claimed transfer; retain limited scope if the present data cannot do this.,Transfer is restricted to the declared source and cohort; no measured deployment intervention.
P100-005,"Dataset for ""A Computational Search for Minimal Obstruction Graphs for the Lovász-Schrijver SDP Hierarchy""",P100-005.original.v1,adequacy_falsification_diagnostic,Exact maximum stable-set cardinality,"None for deterministic bounds; source-independent exhaustive bitset search supplies labels. Labels are computable mathematical invariants, not physical measurements.",Source certificate implication family; author-certified graphs and linked edge subgraphs remain together,36,0.0,vertices,0.0,"{""not_assessed"": 2, ""unsupported"": 1}",not_adjudicated,Every eligible graph has independence number four; zero MAE does not discriminate discovery.,Reassess only under a versioned contract; never rename exposed outcomes as fresh.; Resolve each stated measurement/information restriction with source-bound evidence.; Demonstrate a nondegenerate task with grouping adequate for its explicitly claimed transfer; retain limited scope if the present data cannot do this.,Every eligible graph has independence number four; zero MAE does not discriminate discovery.
P100-006,NIST Rydberg atom RF sensing: ionization-current versus optical readout,P100-006.original.v1,exploratory_limited_scope,Ion-readout amplitude,None. Inputdetuning/Rabi only. Fixed43D5/2 neighborhood abs(detuning)<=60MHz.,Entire contiguous probe-Rabi blocks; one vapor cell. No independent atomic-cell replication.,2,0.049285928923830824,arbitrary units,0.049285928923830824,"{""partially_supported"": 2}",not_adjudicated,Transfer is restricted to the declared source and cohort; no measured deployment intervention.,Reassess only under a versioned contract; never rename exposed outcomes as fresh.; Resolve each stated measurement/information restriction with source-bound evidence.; Demonstrate a nondegenerate task with grouping adequate for its explicitly claimed transfer; retain limited scope if the present data cannot do this.,Obtain new independent physical groups or an explicitly new task contract before a new confirmation claim. Address the mechanistic and novelty limits identified in the two bound reviews.
P100-007,"Multimodal gait EEG, EMG, and force-plate data for participant S1",P100-007.original.v1,exploratory_limited_scope,"Plate1 vertical force,100ms ahead,10ms mean",No target calibration from held run; preceding five seconds of its force waveform supply causal period and history. Known treadmill speed is permitted.,Entire speed run within one participant; only two development runs and one faster reserved run,1,55.87340668299712,N,55.87340668299712,"{""partially_supported"": 1, ""not_assessed"": 1}",not_adjudicated,One participant and one held speed run; between-person transfer is untested.,Reassess only under a versioned contract; never rename exposed outcomes as fresh.; Resolve each stated measurement/information restriction with source-bound evidence.; Demonstrate a nondegenerate task with grouping adequate for its explicitly claimed transfer; retain limited scope if the present data cannot do this.,One participant and one held speed run; between-person transfer is untested.
P100-008,EA1141 paired breast MR and mammography DICOM series,,adequacy_falsification_diagnostic,No defensible predictive endpoint,No adequate outcome/calibration,one patient adequacy,0,,,,"{""not_assessed"": 5}",not_adjudicated,"One patient, no diagnostic labels or repeated echoes; adequacy assessment only.",A new source-bound measured endpoint and independent review are required.,"One patient, no diagnostic labels or repeated echoes; adequacy assessment only."
P100-009,"DANDI 001176 acetylcholine, axon imaging, pupil, and behavior NWB sessions",P100-009.original.v1,exploratory_limited_scope,Mean pupil radius over final0.25s of horizon1s,No held-target calibration; observed past5s from each session supplies history. Pixel units are retained without invented millimeter scaling.,"Animal, all sessions linked; two development animals and one reserved animal",1,0.6672837898487913,px,0.6672837898487913,"{""partially_supported"": 1, ""not_assessed"": 1}",not_adjudicated,One held animal; animal and brain-region/context may be confounded.,Reassess only under a versioned contract; never rename exposed outcomes as fresh.; Resolve each stated measurement/information restriction with source-bound evidence.; Demonstrate a nondegenerate task with grouping adequate for its explicitly claimed transfer; retain limited scope if the present data cannot do this.,One held animal; animal and brain-region/context may be confounded.
P100-010,NVD recent CVE JSON 2.0 snapshot,P100-010.original.v1,adequacy_falsification_diagnostic,NVD-authored CVSSv3.1 assessment present in current snapshot,Whole CNA/source group folds and held sources; no held-source target calibration.,CVE records nested in complete assigning sources; duplicated JSON/gzip representations linked. Source-day batches dependent.,17,1.8433835367076705e-05,squared probability (Brier),0.004293464261767729,"{""not_assessed"": 1, ""unsupported"": 1}",not_adjudicated,Confirmation annotations contain no positive class; discrimination and recall cannot be assessed.,Reassess only under a versioned contract; never rename exposed outcomes as fresh.; Resolve each stated measurement/information restriction with source-bound evidence.; Demonstrate a nondegenerate task with grouping adequate for its explicitly claimed transfer; retain limited scope if the present data cannot do this.,Confirmation annotations contain no positive class; discrimination and recall cannot be assessed.
P100-011,MLPerf Inference v6.0 summary results,P100-011.original.v1,comparative_core,Closed-division Server throughput for matched token-generating workloads,Matched Offline throughput on every evaluation system; held-system Server/Interactive results forbidden.,Submitter+platform system; all model/scenario aliases linked,11,77726.76260326096,tokens/s,77726.76260326096,"{""partially_supported"": 1, ""not_assessed"": 1, ""unsupported"": 1}",not_adjudicated,Transfer is restricted to the declared source and cohort; no measured deployment intervention.,Reassess only under a versioned contract; never rename exposed outcomes as fresh.,Transfer is restricted to the declared source and cohort; no measured deployment intervention.
P100-012,NIST 200 mm hafnia-on-silicon wafer metrology collection,P100-012.original.v1,exploratory_limited_scope,native higher-angle XRR intensity,Five native intensity samples near2theta1.0deg per spectrum; no other held-out intensity is a predictor. Same calibration for every model.,Complete deposition batch is the split unit; wafer is the primary aggregation unit. All positions on a wafer stay together. Three deposition batches develop; fourth confirms.,3,6199.686460337701,counts,6199.686460337701,"{""partially_supported"": 1, ""not_assessed"": 1, ""unsupported"": 1}",not_adjudicated,Positions share wafers and deposition batches; metrology is not independent device replication.,Reassess only under a versioned contract; never rename exposed outcomes as fresh.; Resolve each stated measurement/information restriction with source-bound evidence.; Demonstrate a nondegenerate task with grouping adequate for its explicitly claimed transfer; retain limited scope if the present data cannot do this.,Positions share wafers and deposition batches; metrology is not independent device replication.
P100-013,NIST encapsulant cure kinetics multimethod workbooks,P100-013.original.v1,exploratory_limited_scope,conversion,Predict author-observed DSC conversion from temperature and imposed constant heating rate; no target history.,Complete heating-rate experiment; not independent material batches,1,0.0589465753402929,1,0.0589465753402929,"{""partially_supported"": 3}",not_adjudicated,One held heating ramp; kinetic mechanism is not identified by conversion prediction.,Reassess only under a versioned contract; never rename exposed outcomes as fresh.; Resolve each stated measurement/information restriction with source-bound evidence.; Demonstrate a nondegenerate task with grouping adequate for its explicitly claimed transfer; retain limited scope if the present data cannot do this.,"Add a new independently measured ramp or batch, with orthogonal chemical evidence before interpreting channel identities."
P100-014,Census HTOPS Household Pulse March and May 2026 public-use files,P100-014.original.v1,comparative_core,Household sometimes/often lacked enough food during prior7days,March2026 survey only; complete-region cross-validation; May2026 transfer without outcome calibration.,Household/respondent nested in Census region and wave; no linked March/May SCRAMIDs in released files. Four geographic aggregates are not independent populations.,4,0.06024320849156954,squared probability (Brier),0.11516016521486995,"{""partially_supported"": 1, ""not_assessed"": 1}",not_adjudicated,Transfer is restricted to the declared source and cohort; no measured deployment intervention.,Reassess only under a versioned contract; never rename exposed outcomes as fresh.,Transfer is restricted to the declared source and cohort; no measured deployment intervention.
P100-015,Federal Reserve 2025 SHED public-use microdata,P100-015.original.v1,comparative_core,Unable to pay hypothetical400USD emergency expense by any listed means,Development states only; five whole-state hash folds. No held-state outcomes/calibration. EF3 other response checkboxes and EF1 savings coverage excluded to avoid near-endpoint restatement.,Respondents nested in whole states; source respondents may share unreported household/environmental dependencies. States not independent populations.,10,0.07371214814365087,squared probability (Brier),0.1585070255401624,"{""partially_supported"": 1, ""not_assessed"": 1}",not_adjudicated,Transfer is restricted to the declared source and cohort; no measured deployment intervention.,Reassess only under a versioned contract; never rename exposed outcomes as fresh.,Transfer is restricted to the declared source and cohort; no measured deployment intervention.
P100-016,BLS CPI and CES selected bulk time-series files,P100-016.original.v1,exploratory_limited_scope,Next-month seasonally adjusted all-items CPI log change,"All regression coefficients, centering/scales and flexible centers fit only preceding development blocks. No held-quarter target fitting.","Whole calendar quarter; forward chronological development folds and2023-onward confirmation. One national economic system, overlapping lag windows and persistent macro shocks; quarters are not independent economies.",11,0.1085851997515345,percentage points,0.1085851997515345,"{""partially_supported"": 1, ""not_assessed"": 1}",not_adjudicated,Revised vintages; no as-issued economic forecast evaluation.,Reassess only under a versioned contract; never rename exposed outcomes as fresh.; Resolve each stated measurement/information restriction with source-bound evidence.; Demonstrate a nondegenerate task with grouping adequate for its explicitly claimed transfer; retain limited scope if the present data cannot do this.,Revised vintages; no as-issued economic forecast evaluation.
P100-017,USGS ComCat July 2026 global M2.5+ earthquakes,P100-017.original.v1,comparative_core,Author-reported origin depth uncertainty,Complete spatiotemporal connected clusters held out; same snapshot networks/measurement procedures. No new waveform or independent hypocenter calibration.,Transitive clusters within100km great-circle chord and7days; complete cluster hashfolds. Distant events may still share network/systematic velocity model errors.,130,0.2997433172286997,absolute natural-log ratio,1.2559460539620069,"{""partially_supported"": 1, ""not_assessed"": 1}",not_adjudicated,"Target is author-reported depth uncertainty, not true depth error.",Reassess only under a versioned contract; never rename exposed outcomes as fresh.,"Target is author-reported depth uncertainty, not true depth error."
P100-018,"NOAA Storm Events 2025 details, fatalities, and locations",P100-018.original.v1,comparative_core,Log transformed reported tornado property-damage estimate,Whole EPISODE_ID groups held; no held-event monetary outcomes. Linked tornado segments within episode remain together.,NOAA EPISODE_ID outbreak groups; nearby episodes may still be correlated or linked across offices. Not individual property samples.,94,4.275538145138288,natural-log dollars offset1USD,4.275538145138288,"{""partially_supported"": 1, ""not_assessed"": 1}",not_adjudicated,Transfer is restricted to the declared source and cohort; no measured deployment intervention.,Reassess only under a versioned contract; never rename exposed outcomes as fresh.,Transfer is restricted to the declared source and cohort; no measured deployment intervention.
P100-019,"NHTSA complaints, recalls, investigations, and manufacturer communications",P100-019.original.v1,exploratory_limited_scope,Next-month unique received vehicle complaints per known make/model,"Cohort selected before targetperiod using>=6receivedJan–Jun2025complaints. Development targetsJul2025–Apr2026, rolling forward blocks; May–Jul2026confirmation. No target-month counts enter predictors.","Whole target months; same known vehicle cohorts repeat, lag windows overlap. Three held months are not independent fleets or defect experiments.",3,3.5118345172960104,complaints/month,3.5118345172960104,"{""partially_supported"": 1, ""not_assessed"": 1}",not_adjudicated,Complaint counts lack exposure denominators and do not identify defect prevalence.,Reassess only under a versioned contract; never rename exposed outcomes as fresh.; Resolve each stated measurement/information restriction with source-bound evidence.; Demonstrate a nondegenerate task with grouping adequate for its explicitly claimed transfer; retain limited scope if the present data cannot do this.,Complaint counts lack exposure denominators and do not identify defect prevalence.
P100-020,NOAA Coral Reef Watch global 5 km sea-surface temperature anomaly,P100-020.original.v1,adequacy_falsification_diagnostic,SST anomaly at a withheld pixel,Cardinal neighbors at4 and8 pixels plus four diagonal neighbors at4pixels. Target centers lie on a40pixel lattice and can never be calibration pixels for any scored center.,"Complete20degree geographic tile for scoring; all tiles belong to one dependent global map, not independent temporal replicates.",23,0.03283650688908308,degree C,0.03283650688908308,"{""partially_supported"": 2, ""unsupported"": 1}",not_adjudicated,One-date same-map interpolation; no future climate or bleaching response.,Reassess only under a versioned contract; never rename exposed outcomes as fresh.; Resolve each stated measurement/information restriction with source-bound evidence.; Demonstrate a nondegenerate task with grouping adequate for its explicitly claimed transfer; retain limited scope if the present data cannot do this.,One-date same-map interpolation; no future climate or bleaching response.
P100-021,Josephson junction fabrication and characterization,P100-021.original.v1,exploratory_limited_scope,effective high-current differential resistance of recorded voltage/current channels,"No per-device response calibration. Current conversion V_gen/100 ohm is source-provided. Native response gain is not documented; endpoint is recorded-channel differential resistance, not intrinsic junction resistance.",complete wafer die: all junction widths and paired traces,5,766.2706225556708,ohm,766.2706225556708,"{""partially_supported"": 2}",not_adjudicated,Unknown electrical gain and nominal rather than measured junction area.,Reassess only under a versioned contract; never rename exposed outcomes as fresh.; Resolve each stated measurement/information restriction with source-bound evidence.; Demonstrate a nondegenerate task with grouping adequate for its explicitly claimed transfer; retain limited scope if the present data cannot do this.,Resolve amplifier gain and measure actual junction dimensions; design die/wafer-held evaluation with retained defective devices.
P100-022,Lead-free perovskite memristors,P100-022.original.v1,comparative_core,Initial positive forming-sweep current,"None. First100 voltage rows of each device, V>=0.05V; no measured current allowed as predictor.","Complete device, both compositions; all duplicate device traces linked. No future current or state permitted.",20,74.94891286619409,microampere,74.94891286619409,"{""unsupported"": 2}",not_adjudicated,Transfer is restricted to the declared source and cohort; no measured deployment intervention.,Reassess only under a versioned contract; never rename exposed outcomes as fresh.,Obtain new independent physical groups or an explicitly new task contract before a new confirmation claim. Address the mechanistic and novelty limits identified in the two bound reviews.
P100-023,Finger-pad friction during viscous liquid spreading,P100-023.continuation.v1,exploratory_limited_scope,Author-derived median coefficient of friction,"165 participant–fluid observations (check actual count); primary response is author-derived median CoF, not instantaneous raw telemetry. Source already reports the Stribeck collapse and hydrodynamic exponent. Area/hydration are separate measurements; author-fit Hersey coefficients cannot validate their own physics. Raw force/position files remain untouched.",whole participant,2,0.08491671514725016,1,0.08491671514725016,"{""partially_supported"": 2}",not_adjudicated,Transfer is restricted to the declared source and cohort; no measured deployment intervention.,Reassess only under a versioned contract; never rename exposed outcomes as fresh.; Resolve each stated measurement/information restriction with source-bound evidence.; Demonstrate a nondegenerate task with grouping adequate for its explicitly claimed transfer; retain limited scope if the present data cannot do this.,Use the native adapter inventory for exact counts; distinguish same-fluid person transfer from an independently registered unseen-fluid challenge.
P100-024,Glass-fiber composite fatigue under different cure profiles,P100-024.original.v1,comparative_core,Future measured composite stiffness conditional on continued recorded survival,E0 is the median native stiffness at cycles 10–20 for the same specimen; later stiffness and terminal cycle are unavailable to predictors.,complete specimen,6,1.8254475510397128,GPa,1.8254475510397128,"{""partially_supported"": 1, ""unsupported"": 2}",not_adjudicated,Transfer is restricted to the declared source and cohort; no measured deployment intervention.,Reassess only under a versioned contract; never rename exposed outcomes as fresh.,Add censoring-aware lifetime endpoints only with complete failure/runout records and new whole-specimen confirmation.
P100-025,Operando XAS and battery electrochemistry,P100-025.original.v1,comparative_core,raw measured FeK-edge μ(E),Each spectrum contributes only7000–7050eV and7250–7300eV bandmeans. SuppliedmeasuredFePO4/LiFePO4references are normalized identically. Targetband7070–7200eV is withheld.,"Complete three-acquisitionblock linked to the source3×binnedrepresentation; oneLFPcycleonly. Fivecontiguouschronologicaldevelopmentfolds holdout wholeblocks, withfuturedevelopmentsegments allowed for thisretrospectivecompressiontask.",13,0.06130178714352316,dimensionless μ(E),0.06130178714352316,"{""partially_supported"": 1, ""not_assessed"": 1, ""unsupported"": 1}",not_adjudicated,Spectral prediction is not identification of physical phase fractions.,Reassess only under a versioned contract; never rename exposed outcomes as fresh.,Spectral prediction is not identification of physical phase fractions.
P100-026,Silver zeolite methanol dehydrogenation experiments,P100-026.original.v1,exploratory_limited_scope,Dimethoxymethane selectivity,Last available DMM selectivity at t<=300min plus least-squares prefix slope on120<=t<=300; both recomputed independently per run. Score300<t<=1500.,Complete reactor run. Diagnostic forecast after 300 min with fixed prefix calibration; no future conversion/selectivity predictors.,2,1.4348728095481131,percentage points,1.4348728095481131,"{""partially_supported"": 2}",not_adjudicated,Transfer is restricted to the declared source and cohort; no measured deployment intervention.,Reassess only under a versioned contract; never rename exposed outcomes as fresh.; Resolve each stated measurement/information restriction with source-bound evidence.; Demonstrate a nondegenerate task with grouping adequate for its explicitly claimed transfer; retain limited scope if the present data cannot do this.,Obtain new independent physical groups or an explicitly new task contract before a new confirmation claim. Address the mechanistic and novelty limits identified in the two bound reviews.
P100-027,KTH boiling two-phase water flow,P100-027.original.v1,exploratory_limited_scope,Measured local vapor void fraction,"Saturation densities are fixed IAPWS-derived inputs from absolute pressure, not learned from void-fraction targets. Global profile coefficients use development runs only.",complete experimental run,3,0.10670132914961065,dimensionless,0.10670132914961065,"{""partially_supported"": 2, ""unsupported"": 1}",not_adjudicated,Transfer is restricted to the declared source and cohort; no measured deployment intervention.,Reassess only under a versioned contract; never rename exposed outcomes as fresh.; Resolve each stated measurement/information restriction with source-bound evidence.; Demonstrate a nondegenerate task with grouping adequate for its explicitly claimed transfer; retain limited scope if the present data cannot do this.,Validate across another facility or geometry; use boundary-condition uncertainty and independently measured wall coordinates.
P100-028,Inverse parametric microwave scattering,P100-028.original.v1,comparative_core,magnitude of native complex USB off-diagonal response,Native response magnitudes atthreefixedlow/zeropumpconditionsperdirectedmodepair. No highpumpoutcome or targetstandarddeviation is a predictor.,Completepumpstrengthmatrix; all156offdiagonaldirectedpairslinked. Oneinstrument/day; strengthlevels are not independent devices.,10,3.757751525393556e-05,fsu; instrument full-scale units,3.757751525393556e-05,"{""partially_supported"": 1, ""not_assessed"": 1, ""unsupported"": 1}",not_adjudicated,Magnitude response does not independently identify a quantum mechanism.,Reassess only under a versioned contract; never rename exposed outcomes as fresh.,Magnitude response does not independently identify a quantum mechanism.
P100-029,Confinement and catalysis in designed peptide barrels,P100-029.original.v1,exploratory_limited_scope,spectral_mean_fluorescence,"Spectrum-wide mean fluorescence at native concentrations 0,1,2,5 nominal uM, per replicate; target concentrations 7.5 to30. No maximal-response normalization.",peptide-dye condition,2,38661.13118872549,source fluorescence a.u.,38661.13118872549,"{""unsupported"": 1, ""not_assessed"": 1}",not_adjudicated,Transfer is restricted to the declared source and cohort; no measured deployment intervention.,Reassess only under a versioned contract; never rename exposed outcomes as fresh.; Resolve each stated measurement/information restriction with source-bound evidence.; Demonstrate a nondegenerate task with grouping adequate for its explicitly claimed transfer; retain limited scope if the present data cannot do this.,Obtain new independent physical groups or an explicitly new task contract before a new confirmation claim. Address the mechanistic and novelty limits identified in the two bound reviews.
P100-030,Particle size and surface modification of hBN lubricants,P100-030.original.v1,exploratory_limited_scope,Coefficient of friction,Two exact endpoint friction measurements at0.2 and500mm/s on the same curve; endpoint rows excluded from scored set.,"Material formulation, repeated representations linked. Two-point calibration at 0.2 and500 mm/s; score0.28–10 mm/s.",2,0.017760711137596148,dimensionless,0.017760711137596148,"{""unsupported"": 2}",not_adjudicated,Same-formulation two-point calibration; source-fitted response is not independent mechanism evidence.,Reassess only under a versioned contract; never rename exposed outcomes as fresh.; Resolve each stated measurement/information restriction with source-bound evidence.; Demonstrate a nondegenerate task with grouping adequate for its explicitly claimed transfer; retain limited scope if the present data cannot do this.,Obtain new independent physical groups or an explicitly new task contract before a new confirmation claim. Address the mechanistic and novelty limits identified in the two bound reviews.
P100-031,Quantum circuit compilation benchmark experiments,P100-031.original.v1,exploratory_limited_scope,Author-benchmarked mean compilation wall time after matched Qiskit pilot,Whole circuit families held across allSDKs; exact same inputfilename matched. No held family candidate-runtime measurements enter fitting. Qiskit pilot is declared per-instance calibration.,Circuit family after stripping numeric size suffixes; compiler observations on each family stay linked. One local CPU family; no independent hardware transfer.,5,0.23413627204675996,absolute natural-log time ratio,5.190011689131504,"{""partially_supported"": 1, ""not_assessed"": 1}",not_adjudicated,Measured Qiskit pilot has cost; relative-log improvement reverses in absolute seconds.,Reassess only under a versioned contract; never rename exposed outcomes as fresh.; Resolve each stated measurement/information restriction with source-bound evidence.; Demonstrate a nondegenerate task with grouping adequate for its explicitly claimed transfer; retain limited scope if the present data cannot do this.,Measured Qiskit pilot has cost; relative-log improvement reverses in absolute seconds.
P100-032,CPAP respiratory pressure measurements,P100-032.original.v1,comparative_core,gauge_pressure_200ms_future,Source fixed ADC-to-cmH2O conversion; no target-participant fitted coefficients. All history at or before forecast origin.,participant,5,0.37185335559996946,cmH2O,0.37185335559996946,"{""unsupported"": 1, ""not_assessed"": 1}",not_adjudicated,Transfer is restricted to the declared source and cohort; no measured deployment intervention.,Reassess only under a versioned contract; never rename exposed outcomes as fresh.,Obtain new independent physical groups or an explicitly new task contract before a new confirmation claim. Address the mechanistic and novelty limits identified in the two bound reviews.
P100-033,Smartphone PPG with ECG reference and acquisition disturbances,P100-033.original.v1,exploratory_limited_scope,ECG reference heart rate,No per-person ECG or target calibration. Spectral transforms are fixed within each PPG window; any fusion/shrinkage parameters or flexible scaling are trained on development people only.,Person; every recording from one person linked,10,9.32916907799114,bpm,9.32916907799114,"{""partially_supported"": 1, ""not_assessed"": 1}",not_adjudicated,Few held people and mixed comparator results; no clinical qualification.,Reassess only under a versioned contract; never rename exposed outcomes as fresh.; Resolve each stated measurement/information restriction with source-bound evidence.; Demonstrate a nondegenerate task with grouping adequate for its explicitly claimed transfer; retain limited scope if the present data cannot do this.,Few held people and mixed comparator results; no clinical qualification.
P100-034,Presynaptic Unc13 calcium-dose response,P100-034.original.v1,comparative_core,first_pulse_ePSC_magnitude,First-pulse mean across ten sweeps at0.4 and0.75mM per animal. Later1.5/3/6mM targets are excluded from calibration.,animal,6,17.13917086714984,nA,17.13917086714984,"{""partially_supported"": 2, ""not_assessed"": 1}",not_adjudicated,Transfer is restricted to the declared source and cohort; no measured deployment intervention.,Reassess only under a versioned contract; never rename exposed outcomes as fresh.,Obtain new independent physical groups or an explicitly new task contract before a new confirmation claim. Address the mechanistic and novelty limits identified in the two bound reviews.
P100-035,Ungulate vocalizations and production context,P100-035.original.v1,comparative_core,Source positive-context label probability,"No held-animal labeled calibration. Fixed waveform summaries; any coefficients, centers or species normalization fitted only on training animals.",Animal within species; all calls and typo-linked names grouped,34,0.19021458654730924,probability squared,0.36976230488449113,"{""partially_supported"": 1, ""not_assessed"": 1}",not_adjudicated,Labels describe recording context; recording conditions and species can confound acoustic interpretation.,Reassess only under a versioned contract; never rename exposed outcomes as fresh.,Labels describe recording context; recording conditions and species can confound acoustic interpretation.
P100-036,Dwarf tomato stress imaging and phenotypic measurements,P100-036.original.v1,comparative_core,Author QY_max,No per-plant target calibration. Learned feature normalization or flexible centers are fitted on development training plants only.,Plant; repeated sampling remains linked,16,0.00483260446122901,dimensionless quantum yield,0.00483260446122901,"{""partially_supported"": 1, ""not_assessed"": 1}",not_adjudicated,Transfer is restricted to the declared source and cohort; no measured deployment intervention.,Reassess only under a versioned contract; never rename exposed outcomes as fresh.,Transfer is restricted to the declared source and cohort; no measured deployment intervention.
P100-037,Carrier-router power under packet and load changes,P100-037.original.v1,comparative_core,Measured electrical router power,Separate A/B model parameters from the original development runs; no target-run refit.,complete native run,5,4.005877791141317,W,4.005877791141317,"{""partially_supported"": 1, ""unsupported"": 2}",not_adjudicated,Transfer is restricted to the declared source and cohort; no measured deployment intervention.,Reassess only under a versioned contract; never rename exposed outcomes as fresh.,Measure controlled packet-processing interventions and a new router model; retain calibration-free and calibrated tasks separately.
P100-038,Drone telemetry and rural 5G radio measurements,P100-038.original.v1,exploratory_limited_scope,First reported RSRP-vector component at first recorded point 1.0–1.6 s after issuance,No confirmation target fitting. Causal target histories only for 38/41/95 as explicitly declared.,"Entire flight; forward folds 1->2,1–2->3,1–3->4; flight5 confirmation. Same installation/day only.",1,1.0408247989490542,dB,1.0408247989490542,"{""unsupported"": 2}",not_adjudicated,One held flight in one installation; transfer across networks is untested.,Reassess only under a versioned contract; never rename exposed outcomes as fresh.; Resolve each stated measurement/information restriction with source-bound evidence.; Demonstrate a nondegenerate task with grouping adequate for its explicitly claimed transfer; retain limited scope if the present data cannot do this.,Obtain new independent physical groups or an explicitly new task contract before a new confirmation claim. Address the mechanistic and novelty limits identified in the two bound reviews.
P100-039,"Adult skills, workplace use and earnings in USA and Japan",P100-039.original.v1,comparative_core,"Upper three country-specific hourly-earnings deciles, excluding bonuses",Respondent hashblocks within both countries; no held respondent wage fitting. Country intercepts use training respondents in that same country. No transfer to an unseen economy.,Respondents nested in country and deterministic ten hashblocks; not10 independent samples from plausible values. Repeated respondent information stays linked. Survey clustering not publicly fully reconstructible.,4,0.18202358711546535,squared probability (Brier),0.37005015059341584,"{""partially_supported"": 1, ""not_assessed"": 1}",not_adjudicated,Within-country earnings classes and survey weighting do not identify causal labor returns.,Reassess only under a versioned contract; never rename exposed outcomes as fresh.,Within-country earnings classes and survey weighting do not identify causal labor returns.
P100-040,New York City green-taxi trips in 2025,P100-040.original.v1,exploratory_limited_scope,Recorded completed-trip duration conditional on recorded trip distance,"Forward training on earlier whole days. Jan–Sepdevelopment,Oct–Decconfirmation. Same city/provider system; no future-day targets enter coefficients. Fixed clock windows, no held tuning.","Whole pickup calendar days; serial weather/traffic/vendor dependence persists. Forward month blocks, not random trips.",92,9.453891766133635,minutes,9.453891766133635,"{""partially_supported"": 1, ""not_assessed"": 1}",not_adjudicated,Completed-trip distance is an after-trip input; this is not pickup-time ETA.,Reassess only under a versioned contract; never rename exposed outcomes as fresh.; Resolve each stated measurement/information restriction with source-bound evidence.; Demonstrate a nondegenerate task with grouping adequate for its explicitly claimed transfer; retain limited scope if the present data cannot do this.,Completed-trip distance is an after-trip input; this is not pickup-time ETA.
P100-041,Hourly electric-grid balance and forecasts,P100-041.original.v1,exploratory_limited_scope,Unimputed hourly balancing-authority demand,No confirmation target fitting. Causal target histories only for 38/41/95 as explicitly declared.,"Authority-month groups; rolling train Jan–Feb->March, Jan–March->April, Jan–April->May. June confirmation. Same authorities across time, correlated national weather; no independence claim across all authorities.",53,283.8716430457046,MW,283.8716430457046,"{""partially_supported"": 2}",not_adjudicated,Revised demand/forecast snapshots lack as-issued publication timestamps; operational benefit is unmeasured.,Reassess only under a versioned contract; never rename exposed outcomes as fresh.; Resolve each stated measurement/information restriction with source-bound evidence.; Demonstrate a nondegenerate task with grouping adequate for its explicitly claimed transfer; retain limited scope if the present data cannot do this.,Obtain new independent physical groups or an explicitly new task contract before a new confirmation claim. Address the mechanistic and novelty limits identified in the two bound reviews.
P100-042,National Age-Friendly Banking Survey,P100-042.original.v1,exploratory_limited_scope,Used primary bank or credit union in-person branch during pastmonth,"Three whole regions leave-one-region-out development; hash-reserved fourth region, no target calibration.","Respondents nested in four Census regions. Only one held region: within-survey regional transfer, no population-level precision.",1,0.25170026475368346,squared probability (Brier),0.48078775000161394,"{""not_assessed"": 2}",not_adjudicated,Only one held survey region; absent superiority cannot establish service-barrier mechanisms.,Reassess only under a versioned contract; never rename exposed outcomes as fresh.; Resolve each stated measurement/information restriction with source-bound evidence.; Demonstrate a nondegenerate task with grouping adequate for its explicitly claimed transfer; retain limited scope if the present data cannot do this.,Only one held survey region; absent superiority cannot establish service-barrier mechanisms.
P100-043,Gemstones language-model training trajectories,P100-043.original.v1,comparative_core,hot-run validation log-perplexity at20–100B tokens,"Two same-architecture early validation checkpoints, exact native anchors in observations",complete architecture,5,0.005276653671712044,nats per token,0.005276653671712044,"{""partially_supported"": 3}",not_adjudicated,Transfer is restricted to the declared source and cohort; no measured deployment intervention.,Reassess only under a versioned contract; never rename exposed outcomes as fresh.,Obtain new independent physical groups or an explicitly new task contract before a new confirmation claim. Address the mechanistic and novelty limits identified in the two bound reviews.
P100-044,QOBLIB degree-constrained graph topology solver trajectories,P100-044.original.v1,comparative_core,"capped elapsed solver resource consumption min(Total Runtime,7200s)",No evaluated-instance calibration,complete topology instance containing all three formulations,4,980.8249955686208,seconds,980.8249955686208,"{""partially_supported"": 3}",not_adjudicated,Transfer is restricted to the declared source and cohort; no measured deployment intervention.,Reassess only under a versioned contract; never rename exposed outcomes as fresh.,Obtain new independent physical groups or an explicitly new task contract before a new confirmation claim. Address the mechanistic and novelty limits identified in the two bound reviews.
P100-045,Fermi GBM GRB250206A spectra and responses,P100-045.original.v1,exploratory_limited_scope,GBM NaI channel4 count rate during fixed post-trigger window,"Pretrigger[-200,-100]s background rate in each low/high channel; instrument-specific energy edges recorded.",Detector within one GRB; detectors share one incident event,2,22.08801251123995,counts/s,22.08801251123995,"{""partially_supported"": 1, ""not_assessed"": 1, ""unsupported"": 1}",not_adjudicated,Detectors share one GRB; no independent-burst transfer.,Reassess only under a versioned contract; never rename exposed outcomes as fresh.; Resolve each stated measurement/information restriction with source-bound evidence.; Demonstrate a nondegenerate task with grouping adequate for its explicitly claimed transfer; retain limited scope if the present data cannot do this.,Detectors share one GRB; no independent-burst transfer.
P100-046,MMS1 magnetic field and plasma moments on 2025-06-01,P100-046.original.v1,exploratory_limited_scope,Electron perpendicular temperature,"Causal60-second-old electron state, same information for every model. Magnetic matching backward only.","Contiguous20-minute blocks in one MMS1 passage, not independent spacecraft or experiments",2,1.174158565572811,eV,1.174158565572811,"{""partially_supported"": 1, ""not_assessed"": 1, ""unsupported"": 1}",not_adjudicated,One spacecraft passage; blocks share plasma conditions.,Reassess only under a versioned contract; never rename exposed outcomes as fresh.; Resolve each stated measurement/information restriction with source-bound evidence.; Demonstrate a nondegenerate task with grouping adequate for its explicitly claimed transfer; retain limited scope if the present data cannot do this.,One spacecraft passage; blocks share plasma conditions.
P100-047,Two GO-BGC Argo float lifetimes and metadata,P100-047.original.v1,comparative_core,Adjusted dissolved oxygen at observed nitrate/water-mass state,No confirmation target fitting. Causal target histories only for 38/41/95 as explicitly declared.,"Whole float profiles; rolling half-year tests 2023H2,2024H1,H2,2025H1, earlier times train. July2025 onward reserved. Two serially sampled floats, not hundreds of independent oceans.",64,8.853463002229073,umol/kg,8.853463002229073,"{""partially_supported"": 2}",not_adjudicated,Transfer is restricted to the declared source and cohort; no measured deployment intervention.,Reassess only under a versioned contract; never rename exposed outcomes as fresh.,Obtain new independent physical groups or an explicitly new task contract before a new confirmation claim. Address the mechanistic and novelty limits identified in the two bound reviews.
P100-048,SURFRAD radiation and weather across two sites and seasons,P100-048.original.v1,comparative_core,Daylight downwelling longwave irradiance,No confirmation target fitting. Causal target histories only for 38/41/95 as explicitly declared.,"Whole site-day blocks; forward folds Jan21–31,July8–15,July16–24 trained on preceding dates. July25–31 both sites reserved. Two sites only and correlated days.",14,9.24220117037629,W/m2,9.24220117037629,"{""partially_supported"": 2}",not_adjudicated,Transfer is restricted to the declared source and cohort; no measured deployment intervention.,Reassess only under a versioned contract; never rename exposed outcomes as fresh.,Obtain new independent physical groups or an explicitly new task contract before a new confirmation claim. Address the mechanistic and novelty limits identified in the two bound reviews.
P100-049,DLR lithium-graphite cell GITT and quasi-open-circuit measurements,P100-049.original.v1,exploratory_limited_scope,voltage during current-free relaxation,Three causal voltage samples per block; no fit to later outcomes. Calibration access is identical for every model.,"Complete rest block linked to preceding current pulse; all blocks belong to one half-cell, so block summaries are not independent-cell confidence.",96,0.0006864223317063853,V,0.0006864223317063853,"{""partially_supported"": 1, ""not_assessed"": 1, ""unsupported"": 1}",not_adjudicated,Ninety-six held rest blocks come from one half-cell; diffusivity is not identified.,Reassess only under a versioned contract; never rename exposed outcomes as fresh.; Resolve each stated measurement/information restriction with source-bound evidence.; Demonstrate a nondegenerate task with grouping adequate for its explicitly claimed transfer; retain limited scope if the present data cannot do this.,Ninety-six held rest blocks come from one half-cell; diffusivity is not identified.
P100-050,USGS debris-flow gate-release laser measurements,P100-050.original.v1,exploratory_limited_scope,analog laser flow-depth signal 200 ms ahead,"Causal recent laser history is permitted at every issuance. No peak alignment, future smoothing or held-run fitted offset.","Complete gate-release run/date; firstfour columns develop, final11April2024 column confirms. Five controlled events are not a field-hazard population.",1,0.012228414255934827,m,0.012228414255934827,"{""unsupported"": 1, ""not_assessed"": 2}",not_adjudicated,One held gate-release event; local nowcast gain was not established.,Reassess only under a versioned contract; never rename exposed outcomes as fresh.; Resolve each stated measurement/information restriction with source-bound evidence.; Demonstrate a nondegenerate task with grouping adequate for its explicitly claimed transfer; retain limited scope if the present data cannot do this.,One held gate-release event; local nowcast gain was not established.
P100-051,"Data set for ""Non-volatile memories based on patterned metal–semiconductor heterostructures of niobium disulfide and molybdenum disulfide""",P100-051.original.v1,comparative_core,measured drain current between three disclosed gate-voltage calibration anchors,"Exactly three same-device current measurements at Vg=-20,0,20 V; all models see the same anchors; those points excluded from scores.",complete source FET column/device,9,0.016303893024277608,uA,0.016303893024277608,"{""partially_supported"": 2}",not_adjudicated,Same-device three-anchor calibration and one array; no between-batch replication.,Reassess only under a versioned contract; never rename exposed outcomes as fresh.,Test independent arrays/lots and explicitly measure how reduced characterization affects cost and reconstruction uncertainty.
P100-052,Data Supplement for 'Dynamic induction control for mitigation of wake-induced power losses: a wind tunnel study under different inflow conditions',P100-052.original.v1,exploratory_limited_scope,Interpolated time-average streamwise wake velocity,Source-native lidar-derived uu grids; grid cells are correlated interpolated products. Raw vlos retained upstream. Rotor-equivalent wind and virtual turbine power are excluded as targets and predictors. No cubic-power identity is counted as a rule. ABL Type II only.,whole control setting across turbines and downstream sections,1,0.3262597484720866,m/s,0.3262597484720866,"{""partially_supported"": 2}",not_adjudicated,Transfer is restricted to the declared source and cohort; no measured deployment intervention.,Reassess only under a versioned contract; never rename exposed outcomes as fresh.; Resolve each stated measurement/information restriction with source-bound evidence.; Demonstrate a nondegenerate task with grouping adequate for its explicitly claimed transfer; retain limited scope if the present data cannot do this.,Acquire multiple control repeats/tunnel conditions; distinguish raw line-of-sight measurements from interpolated uu products and score turbine-power effects independently.
P100-053,Industrial screw driving dataset collection: Time series data for process monitoring and anomaly detection,P100-053.original.v1,comparative_core,"Angle-mean thread-forming torque, 700–1300 degrees",Early and completed Finding-phase features; prior completed same-hole cycles are permitted. No current late-window target calibration.,workpiece (both locations and every reuse cycle),50,0.023163591787631513,Nm,0.023163591787631513,"{""partially_supported"": 2, ""unsupported"": 1}",not_adjudicated,Transfer is restricted to the declared source and cohort; no measured deployment intervention.,Reassess only under a versioned contract; never rename exposed outcomes as fresh.,Correct endpoint wording in shared diagnostic labels; use independent clamp-force or joint-strength measurements for a separate operational qualification task.
P100-054,Data set: Enhanced crack stability in micro scale fracture testing via optimized bridge notches,P100-054.original.v1,comparative_core,second bridge failure load Pb2,"Predict measured second-bridge failure load conditional on reported SEM geometry; geometry may be measured post-test, so this is retrospective geometry-conditioned response, not pre-test control.",Cantilever specimen; one source wafer and manufacturing campaign,22,0.0173157735041834,mN,0.0173157735041834,"{""partially_supported"": 3}",not_adjudicated,"SEM geometry may be post-test; one wafer, not prospective safe-load design.",Reassess only under a versioned contract; never rename exposed outcomes as fresh.,Use pre-test geometry plus new-wafer specimens to test prospective transfer. Repeat geometric metrology to quantify errors-in-variables before intrinsic toughness claims.
P100-055,CARBCOMN - Dataset of Early Research Outcomes - Mix Design of 3D-printable Mixes Based on Industrial Slags,P100-055.original.v1,exploratory_limited_scope,Individual penetration normal force,"Two independent trace columns per mixture/age are retained; source average columns excluded. Time header supplies time, without an explicit unit in the workbook; the native penetration clock unit is unresolved; no physical time constant is claimed. Dimensionless t/t_ref used in equations. Mix-label ratio meanings require author PDF; do not call these stress or yield-stress measurements.",whole mixture across both ages and replicates,2,0.15009735278590197,N,0.15009735278590197,"{""partially_supported"": 2}",not_adjudicated,Penetration clock units unresolved; condition on explicit calibration rather than physical kinetics.,Reassess only under a versioned contract; never rename exposed outcomes as fresh.; Resolve each stated measurement/information restriction with source-bound evidence.; Demonstrate a nondegenerate task with grouping adequate for its explicitly claimed transfer; retain limited scope if the present data cannot do this.,Obtain penetration kinematics/geometry and independent batch replication. Fix mixture labels/masses using author context; pre-register prospective paired-age sampling before mechanistic aging inference.
P100-056,Experimental data of timber-concrete composite T-beams using adhesively bonded perfobond connections with large spacing,P100-056.original.v1,exploratory_limited_scope,applied force,"Given current imposed displacement, concrete class, and beam-specific initial force-displacement calibration prefix through≤10mm; no later force or failure capacity allowed.",Whole beam; six beams in two concrete classes,2,5.281085957110801,kN,5.281085957110801,"{""partially_supported"": 3}",not_adjudicated,Two held beams; simpler common cap can outperform the selected material-conditioned equation.,Reassess only under a versioned contract; never rename exposed outcomes as fresh.; Resolve each stated measurement/information restriction with source-bound evidence.; Demonstrate a nondegenerate task with grouping adequate for its explicitly claimed transfer; retain limited scope if the present data cannot do this.,"Measure additional independent beams and connector-slip evolution; test damage-phase predictions separately under a prespecified task, retaining abrupt drops."
P100-057,Rheological Data For Syntactic Foam,P100-057.original.v1,comparative_core,Native dynamic viscosity,"T_K is absolute temperature in kelvin; eta is cP. The factor1000 carries kelvin, so9 is dimensionless and represents an effective activation scale9000K. Formulation amplitudes a_f range52.1603–218.5126cP at333.15K; all ten exact values are in rules.json. A shear-rate input is allowed for competitors, but the selected thermal reference does not use it.",whole Test ID; synthesis lots not identified,10,3291.165870558062,cP,3291.165870558062,"{""partially_supported"": 2, ""unsupported"": 1}",not_adjudicated,Transfer is restricted to the declared source and cohort; no measured deployment intervention.,Reassess only under a versioned contract; never rename exposed outcomes as fresh.,Apply versioned task-card correction without touching v1 states. Seek instrument-status/torque-range evidence for negative/extreme readings and new synthesis batches; do not silently discard unfavorable values.
P100-058,"Differential scanning calorimetry, gel permeation chromatography and linear rheology measurements of poly(D,L-lactide) (Aldrich 805734)",P100-058.continuation.v1,exploratory_limited_scope,Storage modulus G prime,"Native DFS text exports only; paired TAD exports are linked duplicates, not independent samples. Target storage modulus and secondary loss modulus are separate native instrument outputs, though both share systematic calibration. No compliance correction was applied by the authors. A single purchased polymer batch.",whole temperature sweep,2,0.31113310997594823,dimensionless natural-log ratio,54.26850462366342,"{""partially_supported"": 5, ""unsupported"": 1}",not_adjudicated,Spectrum is nonidentifiable; unfitted recycled-PLA loss defeats universal transfer.,Reassess only under a versioned contract; never rename exposed outcomes as fresh.; Resolve each stated measurement/information restriction with source-bound evidence.; Demonstrate a nondegenerate task with grouping adequate for its explicitly claimed transfer; retain limited scope if the present data cannot do this.,Report primary-log and physical denominators side by side. Obtain independent complex-modulus/creep data and compliance calibration to distinguish elastic plateau/slow modes; do not retune recycled-loss response and claim fresh confirmation.
P100-059,Photovoltaic Power Production Dataset,P100-059.original.v1,exploratory_limited_scope,Hourly produced energy divided by installed capacity,"Native measured energy is divided by independently supplied installed power; source specific-energy and avoided-CO2 columns are excluded. Weather provider/provenance and timezone are unresolved, so the case is mixed measured/author-supplied weather. Daylight cohort fixed by input irradiance >20 W/m^2; no target-based filtering. Missing native energy retained as missing targets. All nine plants and all years retained subject to declared daylight availability.",whole city/location,1,0.10969556081805203,kWh/kWp,0.10969556081805203,"{""partially_supported"": 2}",not_adjudicated,"Weather provider, physical reporting and timezone are unresolved; auxiliary provenance needs qualification.",Reassess only under a versioned contract; never rename exposed outcomes as fresh.; Resolve each stated measurement/information restriction with source-bound evidence.; Demonstrate a nondegenerate task with grouping adequate for its explicitly claimed transfer; retain limited scope if the present data cannot do this.,Resolve weather/timestamp provenance with authoritative records and test other cities/plant orientations. Pre-register a genuine forecast-information task separately.
P100-060,"Ultrasonic Pulse Transmission Tests: Datasets in MATLABv6 format - Test Series 3, Reference Tests on Air",P100-060.original.v1,comparative_core,Post-trigger peak absolute receiver voltage,"w is pulse width in microseconds; f is nominal resonance in cycles per microsecond (kHz/1000). The effective damping time12us was selected on development widths. Six calibrated gains in V are12.271204,0.941597,0.00302123,0.000609934,0.00227582,0.000462384 for(d0,f110),(d0,f500),(d20,f110),(d20,f500),(d50,f110),(d50,f500). The maximum accounts for an initial pulse edge before the second edge; it is a phenomenological peak approximation. Sensor type is confounded with nominal resonance.",whole width block across sensor/distance; six correlated files,6,0.3562019370944087,V,0.3562019370944087,"{""partially_supported"": 3}",not_adjudicated,Transfer is restricted to the declared source and cohort; no measured deployment intervention.,Reassess only under a versioned contract; never rename exposed outcomes as fresh.,Apply versioned contract correction. Hold independent sensor/width regimes and validate time-domain response and measured spectral peaks before damping/resonance interpretation. Report normalized and physical errors together.
P100-061,"DATASET - Results permeation tests double-skin Pd-based membranes, conventional Pd-based membranes and porous membranes",P100-061.original.v1,exploratory_limited_scope,Measured hydrogen permeation flux,All models have the declared 64 pure-hydrogen measurements at 350/450 C through frozen pressure/permeance calibration. No 400 C calibration was available during fitting. Normal molar volume 22.414 L/mol is a stated convention.,complete inert-gas block at reserved 400 C across the four calibrated membranes,3,0.012896335839823511,mol s^-1 m^-2,0.012896335839823511,"{""partially_supported"": 3}",not_adjudicated,Transfer is restricted to the declared source and cohort; no measured deployment intervention.,Reassess only under a versioned contract; never rename exposed outcomes as fresh.; Resolve each stated measurement/information restriction with source-bound evidence.; Demonstrate a nondegenerate task with grouping adequate for its explicitly claimed transfer; retain limited scope if the present data cannot do this.,"Apply versioned contract correction. Match the published layered-model implementation before superiority claims. Vary geometry and gas/flow factorially with new calibrated specimens, and resolve normal-flow convention."
P100-062,Hydrogen permeation test on MS AHSS grade 1300,P100-062.original.v1,exploratory_limited_scope,measured anodic permeation current,Mean first3 native current observations per trace; all candidate families receive identical values. Fit parameters may use development prefixes only.,"Two chronological traces with no independent specimen identifiers; nonoverlapping temporal blocks are scoring units, not independent specimens. All trace linkage is explicit.",2,0.6741346694049625,μA,0.6741346694049625,"{""partially_supported"": 1, ""not_assessed"": 1, ""unsupported"": 1}",not_adjudicated,Two traces without independent specimen identifiers; time blocks are not specimens.,Reassess only under a versioned contract; never rename exposed outcomes as fresh.; Resolve each stated measurement/information restriction with source-bound evidence.; Demonstrate a nondegenerate task with grouping adequate for its explicitly claimed transfer; retain limited scope if the present data cannot do this.,Two traces without independent specimen identifiers; time blocks are not specimens.
P100-063,Magnon shot noise measurements,P100-063.original.v1,exploratory_limited_scope,Noise power spectral density,"No held-condition calibration. Publisher background subtraction retained, not refitted.","Entire termination temperature; magnetic-field traces nested. One74nm YIG film, frequencies dependent.",2,0.002977294162862902,nV^2/Hz,0.002977294162862902,"{""partially_supported"": 2}",not_adjudicated,One YIG film; frequencies and temperatures are dependent.,Reassess only under a versioned contract; never rename exposed outcomes as fresh.; Resolve each stated measurement/information restriction with source-bound evidence.; Demonstrate a nondegenerate task with grouping adequate for its explicitly claimed transfer; retain limited scope if the present data cannot do this.,Obtain new independent physical groups or an explicitly new task contract before a new confirmation claim. Address the mechanistic and novelty limits identified in the two bound reviews.
P100-064,"Experimental data of manuscript ""Stretchable Light-Emitting Electrochemical Cells Fabricated by Spray-Coating"", Gellner et al.",P100-064.original.v1,comparative_core,signed photodiode current after early calibration during operation,Median optical current at aligned0..20s and median electrical current first20s per run. No later optical responses enter predictors.,complete polymer-fraction/device number; all voltage runs and paired optical/electrical traces,4,15.978752079457692,nA,15.978752079457692,"{""unsupported"": 2}",not_adjudicated,Transfer is restricted to the declared source and cohort; no measured deployment intervention.,Reassess only under a versioned contract; never rename exposed outcomes as fresh.,"Collect synchronized strain/optical-area records and independent device repeats. Pre-register relaxed-cadence alignment as a different task if justified by timing uncertainty, not by desirable scores."
P100-065,Self-injection-locked laser noise,P100-065.original.v1,exploratory_limited_scope,Log frequency-noise spectral density,No held-ratio calibration. Log10 target transform fixed; measuredPSD only and100<=f<=1e6Hz.,Complete injection ratio; one laser/resonator setup. Development validation blocks complete log-frequency bands across two ratios.,1,3.04916532516805,dB,3.04916532516805,"{""partially_supported"": 2}",not_adjudicated,One laser/resonator and held injection ratio; no population transfer.,Reassess only under a versioned contract; never rename exposed outcomes as fresh.; Resolve each stated measurement/information restriction with source-bound evidence.; Demonstrate a nondegenerate task with grouping adequate for its explicitly claimed transfer; retain limited scope if the present data cannot do this.,Obtain new independent physical groups or an explicitly new task contract before a new confirmation claim. Address the mechanistic and novelty limits identified in the two bound reviews.
P100-066,Replication Data for : Boosting hydrogen storage and release in MOF-5 / graphite hybrids via in situ synthesis,P100-066.continuation.v1,exploratory_limited_scope,Excess hydrogen uptake,"Excess uptake is the native experimental response. Total uptake, cyclic reuse files and descriptor curves remain upstream; they are not independent excess-uptake confirmation. Excess adsorption can decline with pressure through gas-volume displacement; a monotone absolute-Langmuir law alone is an intentionally falsifiable baseline.",whole material composition across temperatures and both branches,1,0.2014599814991225,wt.%,0.2014599814991225,"{""partially_supported"": 2}",not_adjudicated,Transfer is restricted to the declared source and cohort; no measured deployment intervention.,Reassess only under a versioned contract; never rename exposed outcomes as fresh.; Resolve each stated measurement/information restriction with source-bound evidence.; Demonstrate a nondegenerate task with grouping adequate for its explicitly claimed transfer; retain limited scope if the present data cannot do this.,"Validate on fresh compositions with independently measured pore volumes and matched adsorption/desorption uncertainty.

Report real-gas versus ideal-excess incremental benefit and signed bias, not only historical-reference gain."
P100-067,Dataset on settling dynamics of microplastic particles sinking through exopolymer-induced rheological stratification,P100-067.original.v1,exploratory_limited_scope,Interface transit time,Source-defined interface width; upstream speed and orientation from the strict upstream observation prefix. No target transit is an input.,complete fluid configuration; particles balanced within configuration,3,0.36604102644455105,absolute log ratio,0.230553928858703,"{""partially_supported"": 1, ""unsupported"": 2}",not_adjudicated,Transfer is restricted to the declared source and cohort; no measured deployment intervention.,Reassess only under a versioned contract; never rename exposed outcomes as fresh.; Resolve each stated measurement/information restriction with source-bound evidence.; Demonstrate a nondegenerate task with grouping adequate for its explicitly claimed transfer; retain limited scope if the present data cannot do this.,"Preserve strict native upstream windows and quantify velocity uncertainty from prefix data alone.

Obtain fresh rheological configurations with unambiguous particle geometry and orthogonal rheometry before proposing drag mechanisms."
P100-068,Sparse identification of nonlinear dynamics applied to the levitation of acoustically large objects,P100-068.original.v1,exploratory_limited_scope,raw LDV voltage5ms ahead,Initial20 raw samples only; no GHKSS/noise-reducedseries or future spectral estimate is used.,"Complete acquisitiontrace, with raw/denoised pair linked; sixmetadata-hashselectedtracesconfirm. Alltraces shareone levitator/object setup.",6,0.10912634066322245,V,0.10912634066322245,"{""partially_supported"": 2, ""not_assessed"": 1}",not_adjudicated,"Velocity conversion is inconsistent; retain native volts, not calibrated velocity.",Reassess only under a versioned contract; never rename exposed outcomes as fresh.; Resolve each stated measurement/information restriction with source-bound evidence.; Demonstrate a nondegenerate task with grouping adequate for its explicitly claimed transfer; retain limited scope if the present data cannot do this.,"Velocity conversion is inconsistent; retain native volts, not calibrated velocity."
P100-069,"Replication Data for: ""Lubricant Temperature Observer for Gearboxes in Industrial Robots""",P100-069.continuation.v1,comparative_core,Lubricant temperature,"Original TL(0) calibration, no later lubricant measurement.",whole thermal experiment/run,8,1.2211224123984792,degree C,1.2211224123984792,"{""partially_supported"": 2}",not_adjudicated,Transfer is restricted to the declared source and cohort; no measured deployment intervention.,Reassess only under a versioned contract; never rename exposed outcomes as fresh.,"Use fresh variable-load and cooldown protocols, measure torque independently, and validate across gearboxes.

Specify application-derived maximum bias/temperature-error tolerances before validation; compare source observer under identical calibration."
P100-070,Imaging Localized Slip-induced Frictional Heating during Laboratory Earthquakes Using Magnetic Microscopy,P100-070.original.v1,adequacy_falsification_diagnostic,native Bz map ordinate at a withheld pixel,"Twelve same-map neighbors: cardinal offsets4/8pixels and diagonal4pixels. Centers are20pixel lattice points, none can be a calibration point for another scored center.",Two specimens: CSH/119DOA development and CSL/129DOA confirmation. Spatial blocks balance errors but are not independent specimens; development folds are entire200row strips.,36,2.0839625475165466e-06,source-native Bz unit (SI conversion unresolved),2.0839625475165466e-06,"{""partially_supported"": 1, ""not_assessed"": 1, ""unsupported"": 1}",not_adjudicated,Same-map Bz interpolation; unresolved SI scale and no thermal inversion validation.,Reassess only under a versioned contract; never rename exposed outcomes as fresh.; Resolve each stated measurement/information restriction with source-bound evidence.; Demonstrate a nondegenerate task with grouping adequate for its explicitly claimed transfer; retain limited scope if the present data cannot do this.,Same-map Bz interpolation; unresolved SI scale and no thermal inversion validation.
P100-071,"Dataset Based on Chinese Hamster Ovary (CHO) Cultivations including Turbidity, Permittivity, O2 and CO2 Measurements",P100-071.original.v1,exploratory_limited_scope,Viable-cell density,"Training-only imputation, scale and missingness transforms; causal native sensors with quality flags. Offline VCD and its SEM are responses, never online predictors.",experiment pair (both reactors),3,1.6310722761722094,million cells/mL,1.28370482374486,"{""partially_supported"": 2, ""unsupported"": 1}",not_adjudicated,Transfer is restricted to the declared source and cohort; no measured deployment intervention.,Reassess only under a versioned contract; never rename exposed outcomes as fresh.; Resolve each stated measurement/information restriction with source-bound evidence.; Demonstrate a nondegenerate task with grouping adequate for its explicitly claimed transfer; retain limited scope if the present data cannot do this.,"Add independent cell-size/viability measurements and matched sensor-availability ablations.

Confirm on fresh paired fed-batch runs, prespecifying coverage and sensor-quality failure handling."
P100-072,dataset of the data obtained for publication: Saccharomyces cerevisiae wine strains show a wide range of competitive abilities and differential nutrient uptake behavior in co-culture with S. kudriavzevii,P100-072.original.v1,exploratory_limited_scope,Later author qPCR S.kudriavzevii percentage,"p22 and p72 are own-replicate fractions (source percentages/100). Delta=t−72h, and s is early log-odds change per hour. Fractions are clipped to0.0001–0.9999 only for log-odds calculation; original targets are unchanged. The output is100 times logistic(log-odds), in percentage points.75h is a development-selected shape scale. This early/late conditional equation does not estimate an independently measured fitness coefficient.",whole co-cultured strain including every replicate/time,2,6.43812849621826,percentage points,6.43812849621826,"{""partially_supported"": 3}",not_adjudicated,Transfer is restricted to the declared source and cohort; no measured deployment intervention.,Reassess only under a versioned contract; never rename exposed outcomes as fresh.; Resolve each stated measurement/information restriction with source-bound evidence.; Demonstrate a nondegenerate task with grouping adequate for its explicitly claimed transfer; retain limited scope if the present data cannot do this.,"Correct the round2 task contract to define S=G+F in g/L, early 22/72 h HPLC assay calibration, future time and coculture availability, grouping and exact assay anchors; preserve task identity and record documentation correction.

Validate new strains and independently measure nutrient depletion before mechanistic claims."
P100-073,"Dataset for publication ""Impact of algae species from the Baltic Sea region on ruminal fermentation parameters and Methane Mitigation using an in vitro gas production system""",P100-073.original.v1,exploratory_limited_scope,Author-converted later fermentation gas volume at native 12/24/36/48 hours,Trial/algae kinetic and empirical parameters come from development DG1–3; current flask gas at 4/8 h is declared early calibration available to all comparators.,complete DG4 incubation run within each trial; every flask and horizon stay together,3,7.501454066258877,mL,6.127632622640128,"{""partially_supported"": 1, ""unsupported"": 2}",not_adjudicated,Transfer is restricted to the declared source and cohort; no measured deployment intervention.,Reassess only under a versioned contract; never rename exposed outcomes as fresh.; Resolve each stated measurement/information restriction with source-bound evidence.; Demonstrate a nondegenerate task with grouping adequate for its explicitly claimed transfer; retain limited scope if the present data cannot do this.,"Use fresh independent inoculum/run and diet conditions, with identical prefix calibration for flexible controls.

Add methane-specific and substrate-depletion measurements for any mitigation or kinetic-pool claim."
P100-074,"Dataset from ""A triangulenum-based biosensor platform for mapping kinase activity in T cells""",P100-074.original.v1,exploratory_limited_scope,Src kinetic fluorescence in source instrument units,"Predict all t>7.5 min from source dose and same-curve measurements at 3,4.5,6 min. Calibration fixed at6 min; no later response access.",Complete dose curves; seven development and two hash-selected confirmation doses; leave-one-dose-out validation. No biological replicate identifiers.,2,130.23334009001044,source fluorescence units,130.23334009001044,"{""partially_supported"": 2, ""unsupported"": 1}",not_adjudicated,Dose curves lack biological replicate identifiers.,Reassess only under a versioned contract; never rename exposed outcomes as fresh.; Resolve each stated measurement/information restriction with source-bound evidence.; Demonstrate a nondegenerate task with grouping adequate for its explicitly claimed transfer; retain limited scope if the present data cannot do this.,"Obtain independent biological assays and orthogonal phosphorylation/optical controls before dose-response mechanism claims.

Retain this case as a falsification/calibration benchmark, without promoting a final-score winner as a fresh discovery."
P100-075,Substrate Stiffness and Shear Stress Orchestrate Endothelial Inflammation and Remodelling via Mechanosensitive Pathways,P100-075.original.v1,exploratory_limited_scope,VCAM1 log2(1+CPM),One LSS/30kPa VCAM1 measurement per donor. Calibration rows excluded from target cohort; every comparator receives identical value.,"Donor; four donors, three development and one confirmation",1,0.7634840390913585,log2(1+CPM),0.7634840390913585,"{""unsupported"": 1, ""not_assessed"": 1}",not_adjudicated,Only one held donor; control copying outperforms the proposed extension.,Reassess only under a versioned contract; never rename exposed outcomes as fresh.; Resolve each stated measurement/information restriction with source-bound evidence.; Demonstrate a nondegenerate task with grouping adequate for its explicitly claimed transfer; retain limited scope if the present data cannot do this.,Only one held donor; control copying outperforms the proposed extension.
P100-076,"Dataset accompanying the paper ""Environmental stiffness regulates neuronal maturation via Piezo1-mediated TTR activity""",P100-076.original.v1,comparative_core,evoked_spike_count,Per-cell spike counts at applied current<=10pA; later currents>10pA forecast. Source manual FI eligibility preserved.,complete culture dish within recording date,8,0.4419642857142857,spikes per stimulus,0.4419642857142857,"{""unsupported"": 1, ""not_assessed"": 1}",not_adjudicated,Transfer is restricted to the declared source and cohort; no measured deployment intervention.,Reassess only under a versioned contract; never rename exposed outcomes as fresh.,Obtain new independent physical groups or an explicitly new task contract before a new confirmation claim. Address the mechanistic and novelty limits identified in the two bound reviews.
P100-077,ONE-STEP tagging: a versatile method for rapid site-specific integration by simultaneous reagent delivery,P100-077.original.v1,exploratory_limited_scope,Joint green-positive and red-positive fraction,"One source BOB negative control defines each channel threshold at its 99.5th percentile, identically for all wells and models. Event gating uses finite scatter/fluorescence and positive FSC-A/SSC-A only; source FlowJo manual gates were not supplied and are not reproduced.",Named experimental replicate block A/B/C; three doses within each,1,0.09624171838053952,percentage points,0.09624171838053952,"{""partially_supported"": 1, ""not_assessed"": 1}",not_adjudicated,"One technical replicate block, conditional fluorescence marginals; no editing mechanism.",Reassess only under a versioned contract; never rename exposed outcomes as fresh.; Resolve each stated measurement/information restriction with source-bound evidence.; Demonstrate a nondegenerate task with grouping adequate for its explicitly claimed transfer; retain limited scope if the present data cannot do this.,"One technical replicate block, conditional fluorescence marginals; no editing mechanism."
P100-078,"Data for study ""A Multicenter Study to Standardize a Mouse Pneumonia Model with Pseudomonas aeruginosa and Klebsiella pneumoniae for Antibiotic Development""",P100-078.continuation.v1,adequacy_falsification_diagnostic,Untreated bacterial burden in total lung,"DSM/site-reference strain aliases resolved from source RefToDict plus explicit single-strain-study Overview links (source labeling discrepancies retained) and kept together. All ExperimentResults sheets included. Explicit untreated CFU lung single-value observations only, equality operator, compatible log-CFU lung units, numeric actual times 0–24 h. Time-zero animals form an explicitly allowed cohort calibration, not the same later animals. Non-numeric early-death times and censoring cannot be interpreted as exact scheduled times; exclusions are counted, and this creates survivorship/measurement selection limits. Source already reports virulence/reproducibility criteria; no new clinical efficacy claim. Source laboratory directory supplies validation identity; the original SITE field is inconsistent in one workbook and is preserved as provided_site. Header templates and source censoring inconsistencies require caution.","whole laboratory/site, all strains and studies",1,0.5156031409831086,log10 CFU / total lung,0.5156031409831086,"{""partially_supported"": 2}",not_adjudicated,Reserved endpoints all at24h; kinetics and nonrandom humane-endpoint exclusions limit the task.,Reassess only under a versioned contract; never rename exposed outcomes as fresh.; Resolve each stated measurement/information restriction with source-bound evidence.; Demonstrate a nondegenerate task with grouping adequate for its explicitly claimed transfer; retain limited scope if the present data cannot do this.,"Create a separately contracted interval-censored/early-endpoint task if authoritative censoring/time metadata permit it.

Seek fresh laboratories and early time courses; never impute early-death values as 24-hour measurements."
P100-079,Antibiotics Confound Breath-Based Respiratory Disease Detection in Calves - Dataset,P100-079.original.v1,exploratory_limited_scope,post_treatment_DMS_emission,"Mean DMS emission at-48/-24h, difference and age at first post-dose row; five post-dose points are forecast. Other VOCs and disease labels excluded.",calf,2,0.061158553000000004,ug animal^-1 h^-1,0.061158553000000004,"{""unsupported"": 1, ""not_assessed"": 1}",not_adjudicated,Transfer is restricted to the declared source and cohort; no measured deployment intervention.,Reassess only under a versioned contract; never rename exposed outcomes as fresh.; Resolve each stated measurement/information restriction with source-bound evidence.; Demonstrate a nondegenerate task with grouping adequate for its explicitly claimed transfer; retain limited scope if the present data cannot do this.,Obtain new independent physical groups or an explicitly new task contract before a new confirmation claim. Address the mechanistic and novelty limits identified in the two bound reviews.
P100-080,Wearable device measurements during stress and exercise,P100-080.original.v1,comparative_core,EDA mean over t+25s to t+30s,"No held-person outcome calibration. Past120s EDA is permitted state, identical for every model; response coefficients and flexible transforms fit training people only.",Participant; all aerobic segments of a person linked,6,0.4901972503968892,uS,0.4901972503968892,"{""partially_supported"": 1, ""not_assessed"": 1}",not_adjudicated,Transfer is restricted to the declared source and cohort; no measured deployment intervention.,Reassess only under a versioned contract; never rename exposed outcomes as fresh.,Transfer is restricted to the declared source and cohort; no measured deployment intervention.
P100-081,Methods to Verify and Account for the Carbon and Soil Health Benefits of Agroforestry - Annex to Deliverable 3.5 ( DigitAF EU Project) : Soil Dataset (Machine readable).,P100-081.original.v1,exploratory_limited_scope,measured soil bulk density,"No held-out country BD calibration; country identifiers are grouping metadata, never predictors.","Entire country/site portfolio, with all transects, fields and depths linked. Eight countries are convenience samples, not a random population sample.",2,0.33612456091162335,g/cm³,0.33612456091162335,"{""unsupported"": 1, ""not_assessed"": 2}",not_adjudicated,Carbon metadata ambiguity and limited country transfer; soil mechanism is unestablished.,Reassess only under a versioned contract; never rename exposed outcomes as fresh.; Resolve each stated measurement/information restriction with source-bound evidence.; Demonstrate a nondegenerate task with grouping adequate for its explicitly claimed transfer; retain limited scope if the present data cannot do this.,Carbon metadata ambiguity and limited country transfer; soil mechanism is unestablished.
P100-082,Soil respiration dataset for European forest sites evaluating holistic management practices,P100-082.original.v1,comparative_core,Author-derived forest-soil CO2 mass flux on reserved future dates,Context/site amplitudes are trained on earlier dates only. Lloyd–Taylor E0 is near 200 K with a documented optimizer-scaling limitation; it is not an identified globally optimized physiological coefficient.,complete reserved future temporal block at each calibrated site,15,0.28747417849482393,g CO2 m^-2 h^-1,0.2006690921951315,"{""partially_supported"": 3}",not_adjudicated,Transfer is restricted to the declared source and cohort; no measured deployment intervention.,Reassess only under a versioned contract; never rename exposed outcomes as fresh.,"Validate on fresh date blocks and new sites under an explicit calibration budget.

Use independently observed wetting interventions and measurement uncertainty to separate pulse mechanism from temperature fitting."
P100-083,Hive Monitoring (Apis mellifera and Stingless Bees) and Rainfall Data - Federal University of Ceará (UFC) Apiary - Brazil,P100-083.original.v1,comparative_core,One-hour future internal sensor temperature,"T and Te are current internal/external Celsius temperatures; T−1 is a causal one-hour lag, He is current external relative humidity percent, and v is external vapor-pressure deficit in kPa. Five offsets c_s are−0.384543,−0.316614,−0.340834,+0.138741,+0.323654degC in rules.json sensor order. Coefficients ba=−0.002878, br=0.050874, bm=0.083403 are dimensionless; bv=0.481876degC/kPa and bvr=0.084243/kPa. The reference30degC is an algebraic centering constant, not a prescribed biological setpoint.",future native-date block per calibrated sensor stream,5,0.20454827626942568,degC,0.15694298901181988,"{""partially_supported"": 1, ""unsupported"": 2}",not_adjudicated,Transfer is restricted to the declared source and cohort; no measured deployment intervention.,Reassess only under a versioned contract; never rename exposed outcomes as fresh.,"Add independent apiaries and colonies with sensor placement and response calibration; reserve complete seasons/sites.

Obtain heat-flow or controlled perturbation evidence before interpreting conductance or active regulation.

Keep statistical forecast quality separate from biological mechanism and verify timestamp tolerances in external submissions."
P100-084,Experimental dataset on Microstructured cellulose acetate biointerfaces regulate mesenchymal stem cell response and promote osteogenic commitment,P100-084.original.v1,exploratory_limited_scope,native AFM retraction force,"Approach baseline, first5nNabovebaselinecrossing, known ramp extent, and initialfive retractionforce samples. Everycandidate receives the same frozen summaries.","Complete approach/retraction curve is held together; one hashselectedcurveper surface type confirms. Curves are locations on three samples, not independentmanufacturingbatches.",3,1.3597509534280354,nN,1.3597509534280354,"{""partially_supported"": 1, ""not_assessed"": 1, ""unsupported"": 1}",not_adjudicated,"Curves are locations on three samples, not independent manufacturing batches.",Reassess only under a versioned contract; never rename exposed outcomes as fresh.; Resolve each stated measurement/information restriction with source-bound evidence.; Demonstrate a nondegenerate task with grouping adequate for its explicitly claimed transfer; retain limited scope if the present data cannot do this.,"Curves are locations on three samples, not independent manufacturing batches."
P100-085,Acetate co-feeding increases Ethylene Glycol assimilation and Glycolic Acid production in Yarrowia lipolytica,P100-085.original.v1,exploratory_limited_scope,Glycolic acid concentration,"Diagnostic contemporaneous assay: initial and current independently measured EG and current pH, known medium and elapsed time. No GA calibration. Not an online forecast or replacement of HPLC.",Complete flask conditions; three development conditions and one metadata-hash confirmation condition; leave-one-condition-out folds keep all replicates together.,1,0.9450000000000005,g/L,0.9450000000000005,"{""partially_supported"": 1, ""unsupported"": 1, ""not_assessed"": 1}",not_adjudicated,All four scored targets were visible during schema inspection; retrospective throughout.,Reassess only under a versioned contract; never rename exposed outcomes as fresh.; Resolve each stated measurement/information restriction with source-bound evidence.; Demonstrate a nondegenerate task with grouping adequate for its explicitly claimed transfer; retain limited scope if the present data cannot do this.,"Obtain independently repeated medium/pH conditions with assay uncertainty and carbon-balance measurements.

Resolve identical but oppositely named bioreactor files with the depositor before any feed-regime scientific claim.

Test proposed kinetics with controlled substrate/cofeed experiments and a genuinely unexposed whole-condition cohort."
P100-086,Erythromycin fermentation process dataset,P100-086.original.v1,exploratory_limited_scope,Chemical potency six hours ahead,"Native hx is the source-loader target. Other undocumented abbreviations are excluded. Source units are not asserted to be mg/L or activity U/mL. 406 independent production batches; rows with exact 6 h lag/horizon only. No target smoothing or imputation. This is a six-hour prediction conditional on an available current potency assay, not an inline soft sensor.",whole production batch; chronologically latest 81 reserved,81,37.75907599324304,source potency unit (undocumented),37.75907599324304,"{""partially_supported"": 2}",not_adjudicated,"Potency units, interpolation and assay receipt latency unresolved.",Reassess only under a versioned contract; never rename exposed outcomes as fresh.; Resolve each stated measurement/information restriction with source-bound evidence.; Demonstrate a nondegenerate task with grouping adequate for its explicitly claimed transfer; retain limited scope if the present data cannot do this.,"Obtain laboratory timestamp, receipt delay, interpolation lineage and physical unit metadata before claiming online deployment.

Benchmark delay-aware histories with real assay arrival times, then reserve later production campaigns.

Measure production decision utility under prespecified costs, constraints and matched source-model access."
P100-087,"Dataset and computer code for ""The dynamics of cooperation in asymmetric public goods games""",P100-087.original.v1,comparative_core,Next-round individual contribution,"One-step prediction before round3..20 using strictly prior own/peer contributions and publicly announced rules. Earlier confirmation responses are permitted causal online history, never fitted parameters. Surveys and session2 excluded.",Complete first-session interacting pair;20% hash heldout in each treatment; remaining groups in5 deterministic whole-pair folds. Both players remain together.,55,0.3646464646464646,experimental tokens,0.3646464646464646,"{""partially_supported"": 1, ""unsupported"": 1}",not_adjudicated,Transfer is restricted to the declared source and cohort; no measured deployment intervention.,Reassess only under a versioned contract; never rename exposed outcomes as fresh.,"Prespecify a change-event task with scientifically meaningful token thresholds and report precision, recall, calibration and per-treatment errors alongside MAE.

Test whole-session/laboratory/treatment transfer on fresh pairs without repurposing exposed outcomes.

Separate descriptive forecasts from causal reciprocity or incentive-effect hypotheses requiring randomized contrasts."
P100-088,Release for manuscript submission of Nasioulas et al. 2025,P100-088.original.v1,comparative_core,Current risky choice,"No participant-specific fitted calibration. Online historical choices/visible outcomes are allowed identically for all models, beginning with neutral prior 0.5; history resets at every block.",Participant; full blocks and all trials linked,108,0.15695581850162255,probability squared,0.31229968692523474,"{""partially_supported"": 1, ""not_assessed"": 1}",not_adjudicated,Transfer is restricted to the declared source and cohort; no measured deployment intervention.,Reassess only under a versioned contract; never rename exposed outcomes as fresh.,Transfer is restricted to the declared source and cohort; no measured deployment intervention.
P100-089,Dataset : Contextual influences on risk-taking in children and adults,P100-089.original.v1,comparative_core,risky_choice,"Causal previous choice and running mean within protocol, reset at protocol start; no future outcomes. Reward/probability are experimenter settings, not necessarily participant knowledge.",participant,12,0.14335861588395382,probability squared,0.2777299018967963,"{""unsupported"": 1, ""not_assessed"": 1}",not_adjudicated,Transfer is restricted to the declared source and cohort; no measured deployment intervention.,Reassess only under a versioned contract; never rename exposed outcomes as fresh.,Obtain new independent physical groups or an explicitly new task contract before a new confirmation claim. Address the mechanistic and novelty limits identified in the two bound reviews.
P100-090,Individual locomotor bias drives counterclockwise motion in pedestrian crowds,P100-090.original.v1,comparative_core,Mean next-two-second signed angular polarization about instantaneous group centroid,First2seconds of each trial used as explicit calibration; no future held-group target fit. Whole condition/session A/C/D identifiers keep repetitions linked. Calibration baseline given same prefix access.,"Whole country/experiment-condition group with all repetitions; participants may recur across conditions and identifiers do not resolve all dependence. One teen condition keptdevelopment, no heldteen generalization.",5,0.06595787273467804,polarization units,0.06595787273467804,"{""unsupported"": 1, ""not_assessed"": 1}",not_adjudicated,Normalized crowd-rotation model does not outperform controls; no causal handedness law.,Reassess only under a versioned contract; never rename exposed outcomes as fresh.,Normalized crowd-rotation model does not outperform controls; no causal handedness law.
P100-091,"Measurement dataset and analysis code for ""Measurement-Driven Modeling of End-to-End Latency in an Indoor Private Standalone 5G Network""",P100-091.original.v1,exploratory_limited_scope,Mean UDP trial one-way end-to-end latency,No held-out location latency calibration. Six global offered-rate offsets and shared slope are fitted on development locations only.,Complete measurement location; all offered rates and repetitions linked. Locations share one network installation.,2,2.1955568333333337,ms,2.1955568333333337,"{""partially_supported"": 1, ""unsupported"": 1, ""not_assessed"": 1}",not_adjudicated,Transfer is restricted to the declared source and cohort; no measured deployment intervention.,Reassess only under a versioned contract; never rename exposed outcomes as fresh.; Resolve each stated measurement/information restriction with source-bound evidence.; Demonstrate a nondegenerate task with grouping adequate for its explicitly claimed transfer; retain limited scope if the present data cannot do this.,"Preserve flexible and finite-rate lookup baselines under identical same-run input access.

Add fresh locations/installations and controlled offered-rate/interference experiments with synchronized packet-level latency/loss logs.

If prospective control is desired, freeze a new task without same-run achieved throughput; use tail quantiles and operational limits justified externally."
P100-092,Bluetooth Low Energy Separate Channel Fingerprinting dataset with Frequency-Scanned Antennas and Monopole,P100-092.original.v1,exploratory_limited_scope,Channel-resolved burst-mean RSSI,"Initial 3120-cell measured RSSI map is a declared input, with same-position channel and same-channel spatial contrasts. No target-date RSSI recalibration.",complete measurement date (all available furniture states),3,3.689564285086661,dB,3.689564285086661,"{""partially_supported"": 2, ""unsupported"": 1}",not_adjudicated,Transfer is restricted to the declared source and cohort; no measured deployment intervention.,Reassess only under a versioned contract; never rename exposed outcomes as fresh.; Resolve each stated measurement/information restriction with source-bound evidence.; Demonstrate a nondegenerate task with grouping adequate for its explicitly claimed transfer; retain limited scope if the present data cannot do this.,"Measure calibration acquisition cost explicitly and evaluate sparse-map budgets as separately registered tasks.

Reserve entire rooms/installations and positions for spatial claims; collect independent antenna/geometry controls for mechanistic power transfer.

Report date-group uncertainty, worst-date performance and unchanged-map/flexible baselines under equal calibration access."
P100-093,"Flow cytometry FCS files: Cell surface VVL staining of MFSD5, SLC30A8 and SLC30A8-D110N-D224N OE cells",P100-093.original.v1,exploratory_limited_scope,Induced AF488 fluorescence quantile,"Same-block, same-cell-line uninduced distribution is permitted calibration for every model. Source identity compensation retained; no fitted manual gates or target-based threshold.",Matched technical replicate block across cell lines; three blocks on one plate,1,3272.205870334745,native AF488 channel units,3272.205870334745,"{""partially_supported"": 1, ""not_assessed"": 1}",not_adjudicated,One plate/technical block and caption/channel inconsistency; no biological replication.,Reassess only under a versioned contract; never rename exposed outcomes as fresh.; Resolve each stated measurement/information restriction with source-bound evidence.; Demonstrate a nondegenerate task with grouping adequate for its explicitly claimed transfer; retain limited scope if the present data cannot do this.,One plate/technical block and caption/channel inconsistency; no biological replication.
P100-094,"Conductivity Temperature Depth (CTD) Data from Canada-Sweden Arctic Ocean 2025 Expedition on IB Oden, 9 August - 19 September 2025",P100-094.original.v1,exploratory_limited_scope,Calibrated CDOM fluorescence channel,No confirmation target fitting. Causal target histories only for 38/41/95 as explicitly declared.,"Entire station casts02,06,08 development (cast04 has no eligible good-QC observations) leave-one-cast-out; casts10 and12 confirmation. Same expedition/instrument, spatial transfer not independent sensor calibration.",2,0.04102167912395668,ppb,0.04102167912395668,"{""partially_supported"": 2}",not_adjudicated,Two casts from one expedition; fluorescence is not chemically assayed DOC.,Reassess only under a versioned contract; never rename exposed outcomes as fresh.; Resolve each stated measurement/information restriction with source-bound evidence.; Demonstrate a nondegenerate task with grouping adequate for its explicitly claimed transfer; retain limited scope if the present data cannot do this.,Obtain new independent physical groups or an explicitly new task contract before a new confirmation claim. Address the mechanistic and novelty limits identified in the two bound reviews.
P100-095,"Observational data and model output to ""SNOWstorm (v1.0) - a deep-learning based model for near-surface winds and drifting snow in mountain environments""",P100-095.original.v1,exploratory_limited_scope,Next half-hour author-derived turbulent kinetic energy,No confirmation target fitting. Causal target histories only for 38/41/95 as explicitly declared.,"Whole ISO weeks. Forward folds week4, weeks7–8, weeks9–10 with all earlier weeks training. March15 onward weeks11–13 confirmation. One mountain station during one winter.",3,0.247284118226631,m2/s2,0.247284118226631,"{""partially_supported"": 2}",not_adjudicated,One station and winter; date blocks are not independent climates.,Reassess only under a versioned contract; never rename exposed outcomes as fresh.; Resolve each stated measurement/information restriction with source-bound evidence.; Demonstrate a nondegenerate task with grouping adequate for its explicitly claimed transfer; retain limited scope if the present data cannot do this.,Obtain new independent physical groups or an explicitly new task contract before a new confirmation claim. Address the mechanistic and novelty limits identified in the two bound reviews.
P100-096,BikeZ-ETH - A Mass-Cycling Trajectory Dataset from a Controlled Experiment,P100-096.original.v1,exploratory_limited_scope,Author-extracted cyclist speed one second ahead,"Source computer-vision/Kalman trajectories, 25 Hz; select every 25th frame and exact +/-25-frame pairs. Parts of the same original video remain together. Track IDs may be ambiguous; all 28 riders recur across videos. Source preprocessing may use future smoothing, so predictions are retrospective trajectory dynamics and not certified online safety. Angular-neighbor interaction is a testable approximation; lateral separation and direction reversal are falsifiers.","whole original video, all parts/participants",2,0.2616423824431219,m/s,0.2616423824431219,"{""partially_supported"": 1}",not_adjudicated,Publisher trajectories may have future-dependent smoothing; supplemental rights unresolved.,Reassess only under a versioned contract; never rename exposed outcomes as fresh.; Resolve each stated measurement/information restriction with source-bound evidence.; Demonstrate a nondegenerate task with grouping adequate for its explicitly claimed transfer; retain limited scope if the present data cannot do this.,"Collect independent sessions/riders and genuinely causal raw/manual tracking with explicit frame timing and annotation latency.

Repeat matched reverse-direction, shuffled-neighbor and persistence controls on new groups before physical car-following interpretation.

Use signed target validation and actual duration everywhere; no automatic nonnegative filtering of projected motion."
P100-097,Data of the crowd movement experiment.,P100-097.original.v1,exploratory_limited_scope,pedestrian speed,"No held-condition speed calibration. The supplied paper fit is an explicitly exposed prior-art baseline, not a newly discovered coefficient set.","Complete source figure cohorts; F3D and F3E are linked as the multidirectional-study family and reserved together. Person/run identifiers are missing, so independence within or between figure cohorts is not established.",2,0.2851404434695351,m/s,0.2851404434695351,"{""unsupported"": 2, ""not_assessed"": 1}",not_adjudicated,Missing person/run IDs and linked published panels; no independent-crowd generalization.,Reassess only under a versioned contract; never rename exposed outcomes as fresh.; Resolve each stated measurement/information restriction with source-bound evidence.; Demonstrate a nondegenerate task with grouping adequate for its explicitly claimed transfer; retain limited scope if the present data cannot do this.,Missing person/run IDs and linked published panels; no independent-crowd generalization.
P100-098,Dataset of Kantorovich-Rubinstein-Wasserstein Polytopes of Metric Spaces on up to 6 Points,P100-098.original.v1,adequacy_falsification_diagnostic,Number of facets of the five-point KRW polytope,None for exact geometric algorithms; training-only coefficients for coarse degeneracy heuristics.,Source facet-incidence combinatorial type modulo coordinate permutation; all metric representatives of that type stay together,15,0.0,facets,0.0,"{""partially_supported"": 1, ""not_assessed"": 1, ""unsupported"": 1}",not_adjudicated,Exact finite polytope computation reproduces established mathematics; accuracy is not a new theorem.,Reassess only under a versioned contract; never rename exposed outcomes as fresh.; Resolve each stated measurement/information restriction with source-bound evidence.; Demonstrate a nondegenerate task with grouping adequate for its explicitly claimed transfer; retain limited scope if the present data cannot do this.,Exact finite polytope computation reproduces established mathematics; accuracy is not a new theorem.
P100-099,Mouse hippocampal calcium imaging during a context fear memory retrieval task,P100-099.original.v1,exploratory_limited_scope,Population trace mean over native frames t+31 through t+60,Past observed trace history is allowed. No held future calibration or source fitted maps/pvpreS/pvpostS enter features. All model parameters and flexible transforms are fitted on development animals.,"Animal suffix across all days,contexts and sessions",5,0.00027617912105270924,author processed-trace units,0.00027617912105270924,"{""partially_supported"": 1, ""not_assessed"": 1}",not_adjudicated,Processed traces have unresolved normalization and publisher-causality scope; no fear-memory mechanism.,Reassess only under a versioned contract; never rename exposed outcomes as fresh.; Resolve each stated measurement/information restriction with source-bound evidence.; Demonstrate a nondegenerate task with grouping adequate for its explicitly claimed transfer; retain limited scope if the present data cannot do this.,Processed traces have unresolved normalization and publisher-causality scope; no fear-memory mechanism.
P100-100,6G-MOBKPI results: Network-layer and radio-related measurements from mobility experiments on the 6G-SANDBOX Málaga platform,P100-100.original.v1,exploratory_limited_scope,Next successful ICMP probe RTT,"r_n and r_(n−1) are completed previous RTTs in milliseconds; rbar5 averages the last five completed probes. c_q in ms is−0.002897 for indoor random,−0.069945 for indoor rectangle and−0.049676 for outdoor rectangle. The55ms breakpoint was selected using nested development groups. Payload and causal radio measurements are available to comparators, but the selected equation uses history and the calibrated route offset only. It predicts a conditional successful next response, not a missing lost-packet RTT.",whole PING run; sequential packets correlated,3,2.0700160289221095,ms,2.0700160289221095,"{""partially_supported"": 2, ""unsupported"": 1}",not_adjudicated,Transfer is restricted to the declared source and cohort; no measured deployment intervention.,Reassess only under a versioned contract; never rename exposed outcomes as fresh.; Resolve each stated measurement/information restriction with source-bound evidence.; Demonstrate a nondegenerate task with grouping adequate for its explicitly claimed transfer; retain limited scope if the present data cannot do this.,"Require lag-one, lag-two, rolling and flexible history baselines in every new proposal with equivalent input availability.

Register loss/timeout and tail-RTT tasks separately, preserving missing targets and identical eligibility denominators.

Reserve fresh operators/routes/time periods and measure relevant scheduling/queue state before a mechanism claim."
