model,group,primary_error,mae,rmse,bias,n,weight_sum,p90
reference,2025-10-01,10.647327637008846,10.647327637008846,90.09437597311707,-8.072749496023722,1658,1658.0,10.786291680295262
reference,2025-10-02,5.558028750536615,5.558028750536615,51.782783302856494,-1.9520591043252062,1455,1455.0,8.71564305837593
reference,2025-10-03,12.69630714521323,12.69630714521323,102.77279007902074,-10.518432937307898,1602,1602.0,11.505432638180892
reference,2025-10-04,8.857417152834142,8.857417152834142,83.96805978304083,-5.6912061680937125,1350,1350.0,8.04651888255401
reference,2025-10-05,12.616222597319009,12.616222597319009,107.27270001839779,-8.190006772287058,1331,1331.0,9.075467838837724
reference,2025-10-06,9.573704969013495,9.573704969013495,80.23055772840519,-6.687762622213209,1585,1585.0,10.34830078181148
reference,2025-10-07,8.537039603805905,8.537039603805905,70.84293029753776,-5.5131562130308245,1578,1578.0,9.921418110358454
reference,2025-10-08,6.438701856970739,6.438701856970739,51.638477410168655,-3.9279430108127262,1711,1711.0,9.247783622786528
reference,2025-10-09,10.737095782255622,10.737095782255622,86.07465943628212,-8.670934919544958,1719,1719.0,12.478472077746027
reference,2025-10-10,7.4062321623338025,7.4062321623338025,63.29223767653708,-5.383598199650846,1635,1635.0,9.819088254498945
reference,2025-10-11,3.856289943425535,3.856289943425535,11.19514267513133,-0.45786975485076825,1287,1287.0,8.11183252698911
reference,2025-10-12,11.803721774445808,11.803721774445808,102.6318491622991,-6.805917614136261,1204,1204.0,8.201190533711916
reference,2025-10-13,6.586721683827783,6.586721683827783,67.12576827765233,-2.4569564869754976,1290,1290.0,6.652879977481144
reference,2025-10-14,6.044769734851502,6.044769734851502,50.68195519516042,-3.0063008259407953,1569,1569.0,9.454155909845822
reference,2025-10-15,8.691685009614025,8.691685009614025,75.93754791459389,-6.095690726473435,1529,1529.0,9.531515336068791
reference,2025-10-16,7.354402767787381,7.354402767787381,58.77954559764707,-5.261392263791278,1760,1760.0,11.323558564191647
reference,2025-10-17,9.23166651876709,9.23166651876709,79.94234500338098,-7.023076071449371,1595,1595.0,10.394014982573616
reference,2025-10-18,13.392649084717872,13.392649084717872,113.90268780744321,-10.10843843957344,1347,1347.0,8.056649659838731
reference,2025-10-19,10.66145108750683,10.66145108750683,98.19303252770523,-6.6955095954088275,1306,1306.0,8.073276918688517
reference,2025-10-20,7.112935312123443,7.112935312123443,65.43120913602763,-3.964394929187149,1526,1526.0,7.568936846030121
reference,2025-10-21,6.98548990807832,6.98548990807832,52.29886369882386,-4.414817644684635,1502,1502.0,10.836824864487179
reference,2025-10-22,7.402072513754529,7.402072513754529,59.91476288157827,-5.2109008029499995,1664,1664.0,11.29805847252606
reference,2025-10-23,8.269553368200382,8.269553368200382,68.57208095365613,-6.344598749448531,1737,1737.0,11.107757520251589
reference,2025-10-24,7.702547522922522,7.702547522922522,67.68990784815188,-5.584710103804442,1689,1689.0,10.747215775049217
reference,2025-10-25,11.16851684634613,11.16851684634613,100.24613590138982,-7.810275090764297,1316,1316.0,9.150915570358649
reference,2025-10-26,9.919897174370487,9.919897174370487,93.2742954052583,-5.726573870329841,1314,1314.0,8.115969571880067
reference,2025-10-27,12.133969802701435,12.133969802701435,99.31364106775692,-9.687615366755512,1558,1558.0,12.029449535352414
reference,2025-10-28,10.827781677604722,10.827781677604722,90.94156755086935,-8.505793689081353,1671,1671.0,12.357757131667856
reference,2025-10-29,8.706020435128144,8.706020435128144,75.70329795014132,-6.492824158636517,1727,1727.0,11.096856206853278
reference,2025-10-30,8.976141082305626,8.976141082305626,65.25507087790953,-7.2035142364996405,1840,1840.0,14.195063302493283
reference,2025-10-31,9.362735860871599,9.362735860871599,76.05481947267512,-6.735530669200201,1716,1716.0,11.874621427500143
reference,2025-11-01,7.884437658423074,7.884437658423074,73.48363544756383,-4.778083924062437,1390,1390.0,9.348514117072968
reference,2025-11-02,16.741070147816522,16.741070147816522,129.9449607706088,-12.390143169615579,1239,1239.0,11.81956459990309
reference,2025-11-03,8.215493703920414,8.215493703920414,70.25624230198596,-5.624820263798889,1597,1597.0,10.880203524850726
reference,2025-11-04,12.110616247054537,12.110616247054537,103.83440865594862,-9.253961084705526,1436,1436.0,10.427231407321552
reference,2025-11-05,11.146346866635554,11.146346866635554,91.87988596182606,-8.766782872034911,1765,1765.0,11.88203505606618
reference,2025-11-06,7.081046174603352,7.081046174603352,57.425689006901756,-5.041508160166294,1810,1810.0,11.51657826355835
reference,2025-11-07,10.44382708591031,10.44382708591031,90.3261128532777,-8.007017862165133,1582,1582.0,10.11597330267297
reference,2025-11-08,8.909094630264796,8.909094630264796,78.94988715126897,-5.492234577203107,1349,1349.0,8.844768540055252
reference,2025-11-09,11.721311593678017,11.721311593678017,106.53046969121488,-7.388927234144897,1176,1176.0,7.6015963462465335
reference,2025-11-10,8.382358643933866,8.382358643933866,70.6448256516285,-6.106475031219266,1672,1672.0,10.319761546205054
reference,2025-11-11,9.38260444267494,9.38260444267494,86.32000344725027,-6.033600405082379,1540,1540.0,8.840342606887479
reference,2025-11-12,7.802636442611091,7.802636442611091,61.196499911600334,-5.580580729159216,1640,1640.0,11.577865348386913
reference,2025-11-13,7.5476057742519425,7.5476057742519425,59.513337657461506,-5.26189752746758,1761,1761.0,12.212177159145035
reference,2025-11-14,5.541542416400035,5.541542416400035,37.91633415219885,-2.886018136095618,1676,1676.0,9.559291303067152
reference,2025-11-15,6.966690517949296,6.966690517949296,64.69679271871598,-3.338112406816931,1378,1378.0,8.038164271684417
reference,2025-11-16,9.87184372584269,9.87184372584269,89.73227099718865,-5.3744538521898395,1325,1325.0,7.4502959060418625
reference,2025-11-17,6.8375427365541706,6.8375427365541706,58.31327046590569,-3.805106306149454,1721,1721.0,10.116414406052275
reference,2025-11-18,10.833853916375848,10.833853916375848,88.28472209449818,-8.074383083725193,1719,1719.0,11.311965789412866
reference,2025-11-19,7.233206378734699,7.233206378734699,48.404595426568996,-5.209108187228278,1773,1773.0,13.136342904253445
reference,2025-11-20,8.764303308262749,8.764303308262749,60.741451289037926,-6.6754176803458884,1877,1877.0,12.4850510567271
reference,2025-11-21,12.037117184515287,12.037117184515287,100.37890031022499,-9.88115556936804,1755,1755.0,11.588940996022568
reference,2025-11-22,7.861577895051442,7.861577895051442,77.35542207761733,-4.442825217835373,1277,1277.0,7.869299952458704
reference,2025-11-23,4.85464469458995,4.85464469458995,38.411132044441985,-0.21283245244953755,1235,1235.0,7.673905037104178
reference,2025-11-24,8.562998637826913,8.562998637826913,69.87873152675996,-6.08332250112021,1688,1688.0,10.75336381464279
reference,2025-11-25,9.198677833344318,9.198677833344318,67.21230580830563,-7.592352603579862,1795,1795.0,14.815257023056141
reference,2025-11-26,12.466475893264946,12.466475893264946,93.33158843165619,-10.0666100723226,1457,1457.0,14.619032795222092
reference,2025-11-27,5.152434510088915,5.152434510088915,44.8980974566112,-0.06242361877084843,995,995.0,7.573860355540088
reference,2025-11-28,10.160087290624233,10.160087290624233,94.00664037974396,-5.109831956476164,1131,1131.0,7.259629699298685
reference,2025-11-29,12.470398940933848,12.470398940933848,109.03112175667881,-7.418641398069821,1269,1269.0,7.716559311609962
reference,2025-11-30,8.724461696008822,8.724461696008822,84.82078432993123,-4.627482838198746,1342,1342.0,6.48928106623902
reference,2025-12-01,7.751410441653493,7.751410441653493,61.879940532772416,-5.496666676970625,1579,1579.0,10.61494881947561
reference,2025-12-02,11.164836229959644,11.164836229959644,93.25089340895197,-8.959084120315957,1662,1662.0,11.387716322281303
reference,2025-12-03,7.793086446549385,7.793086446549385,66.4498800189636,-5.708864952634375,1826,1826.0,10.434277530666103
reference,2025-12-04,9.24172384891748,9.24172384891748,76.7834524397178,-7.221682294987229,1912,1912.0,11.04600874581896
reference,2025-12-05,9.491277196464019,9.491277196464019,84.72589154865337,-7.524756815415579,1713,1713.0,9.304865252669092
reference,2025-12-06,16.015191341713656,16.015191341713656,126.97660953003825,-13.218623094661533,1385,1385.0,9.505684107253886
reference,2025-12-07,9.346291226326231,9.346291226326231,87.28797366439623,-4.585083829046617,1250,1250.0,8.576504160327001
reference,2025-12-08,12.627672532122805,12.627672532122805,107.30378456604363,-9.684453304546508,1706,1706.0,9.220888456295587
reference,2025-12-09,11.773674079062634,11.773674079062634,93.73310536220968,-9.406191765220738,1783,1783.0,12.593545517045817
reference,2025-12-10,10.37236624595971,10.37236624595971,86.50151222842048,-8.591349841106648,1865,1865.0,11.96294440134646
reference,2025-12-11,10.191328577300444,10.191328577300444,82.25983659239334,-8.251886789545155,2016,2016.0,13.204444928941749
reference,2025-12-12,9.223548621534395,9.223548621534395,78.62008333183415,-7.35493844388065,1917,1917.0,11.904601453716008
reference,2025-12-13,13.096325825003373,13.096325825003373,112.37022917699623,-10.058519530223906,1526,1526.0,9.364085617681404
reference,2025-12-14,10.997670854284463,10.997670854284463,97.5644258488455,-6.692832755684479,1204,1204.0,8.459698470897033
reference,2025-12-15,6.658398214168513,6.658398214168513,47.533869961669446,-4.437383553612028,1811,1811.0,11.749556719853913
reference,2025-12-16,9.357720377672292,9.357720377672292,73.84719726157333,-7.343153622692248,1772,1772.0,13.379645998403417
reference,2025-12-17,11.123618596078572,11.123618596078572,88.44135073246464,-9.137556316263845,1846,1846.0,12.680238365733034
reference,2025-12-18,13.918086413790698,13.918086413790698,106.59501617101354,-12.15058040658088,1924,1924.0,14.431352723846318
reference,2025-12-19,8.8590361486295,8.8590361486295,74.0947368510584,-6.77521290596475,1824,1824.0,10.604082850545183
reference,2025-12-20,11.515948892828344,11.515948892828344,101.94876580657217,-8.49595291215625,1333,1333.0,8.575982067184913
reference,2025-12-21,11.086913484964683,11.086913484964683,94.31309728038563,-6.8868747058075686,1173,1173.0,7.93741803427641
reference,2025-12-22,7.096367769667448,7.096367769667448,50.81542531327551,-4.4037605285876245,1531,1531.0,11.769098324180852
reference,2025-12-23,14.210250604019368,14.210250604019368,111.2502332217074,-11.79396477597976,1415,1415.0,11.973407603555922
reference,2025-12-24,16.206523118054058,16.206523118054058,133.42724174463928,-12.506036876319396,1205,1205.0,7.890343827231949
reference,2025-12-25,12.797994361111932,12.797994361111932,103.4382549313352,-6.1392732348134444,766,766.0,9.075206498140417
reference,2025-12-26,6.132458490834819,6.132458490834819,58.92688677842811,-1.357950113326085,1093,1093.0,7.187337545924369
reference,2025-12-27,3.8504900086141824,3.8504900086141824,6.942373384313501,1.2883584925028735,663,663.0,8.38949488483188
reference,2025-12-28,8.836957966999423,8.836957966999423,75.54976232108353,-3.6662621999558787,870,870.0,8.029009450480228
reference,2025-12-29,10.305046647095022,10.305046647095022,94.42722814186558,-6.838725058004541,1300,1300.0,8.330758094398085
reference,2025-12-30,6.658306648562539,6.658306648562539,56.43073327821789,-3.298732700289732,1382,1382.0,8.249872534099412
reference,2025-12-31,7.89211751956229,7.89211751956229,73.88570361254827,-3.901391954674432,1354,1354.0,8.364375164438606
constant,2025-10-01,16.865701210408705,16.865701210408705,91.40602290293089,-2.6462884585277364,1658,1658.0,18.575986023906957
constant,2025-10-02,12.268109719704547,12.268109719704547,52.85161227989188,3.7302886565600666,1455,1455.0,17.28913172643407
constant,2025-10-03,18.838504073513224,18.838504073513224,103.06050158333629,-4.949033067573426,1602,1602.0,19.188027952186093
constant,2025-10-04,15.746839322634367,15.746839322634367,84.86519839251773,0.36926752890319997,1350,1350.0,17.635798393100732
constant,2025-10-05,18.676980915719867,18.676980915719867,107.70873053692732,-3.273931133570944,1331,1331.0,17.269131726434065
constant,2025-10-06,15.786184225348226,15.786184225348226,80.56997651171078,-0.8932972956479538,1585,1585.0,18.0124650597674
constant,2025-10-07,14.928293964458176,14.928293964458176,72.23380232684754,0.180929360570102,1578,1578.0,17.54579839310073
constant,2025-10-08,12.641092917070686,12.641092917070686,53.65423979750877,1.7699694431689181,1711,1711.0,17.269131726434065
constant,2025-10-09,16.60185040174667,16.60185040174667,86.614319287059,-2.6080837088965527,1719,1719.0,18.239131726434064
constant,2025-10-10,13.852737425307094,13.852737425307094,64.07521180708224,0.980538454262811,1635,1635.0,17.529131726434066
constant,2025-10-11,10.745305784779854,10.745305784779854,16.69036300247649,5.639592746895085,1287,1287.0,17.062465059767405
constant,2025-10-12,18.09327591664771,18.09327591664771,102.50198646403024,-1.3041240875194235,1204,1204.0,17.097465059767398
constant,2025-10-13,13.805552113226215,13.805552113226215,67.92385352652977,4.506224749689879,1290,1290.0,16.670798393100736
constant,2025-10-14,12.701569811930796,12.701569811930796,51.69978763554625,2.843446576657138,1569,1569.0,17.435798393100733
constant,2025-10-15,14.967945144361595,14.967945144361595,76.37955088953386,-0.15696376081250196,1529,1529.0,17.608145702527107
constant,2025-10-16,13.770881879107888,13.770881879107888,59.840653403207334,0.49676430219164136,1760,1760.0,18.486361285519422
constant,2025-10-17,15.295700399334088,15.295700399334088,80.38659931076998,-0.7761765285293627,1595,1595.0,17.66049301195348
constant,2025-10-18,19.98921343850386,19.98921343850386,114.01431204695471,-4.688861344587959,1347,1347.0,17.8824650597674
constant,2025-10-19,17.233094447939713,17.233094447939713,98.42461937457341,-1.5162945114424025,1306,1306.0,17.227465059767397
constant,2025-10-20,13.93012802111288,13.93012802111288,66.38700151322777,1.7082536137210895,1526,1526.0,17.075000000000003
constant,2025-10-21,13.706967218833263,13.706967218833263,54.92162467187444,1.211541846274278,1502,1502.0,17.9824650597674
constant,2025-10-22,14.081131074056422,14.081131074056422,61.36451242579603,0.8138733129725265,1664,1664.0,18.24401397609304
constant,2025-10-23,15.131091795393043,15.131091795393043,69.75252928327644,-0.30357984524123777,1737,1737.0,18.8424650597674
constant,2025-10-24,14.510826541927129,14.510826541927129,69.26034163987335,0.8227038598463411,1689,1689.0,18.28579839310073
constant,2025-10-25,17.853342716513254,17.853342716513254,100.43773268003797,-2.1504604721474956,1316,1316.0,17.8274650597674
constant,2025-10-26,16.242620795239787,16.242620795239787,93.81833416042149,-0.8881868935557877,1314,1314.0,17.014131726434066
constant,2025-10-27,18.61289405300801,18.61289405300801,99.91640187302784,-4.259933314216341,1558,1558.0,18.920680642759706
constant,2025-10-28,17.354620443002727,17.354620443002727,91.44711331844069,-2.4668547088342367,1671,1671.0,18.352465059767397
constant,2025-10-29,15.326361695295084,15.326361695295084,76.63422871136507,-0.34888603075566654,1727,1727.0,17.84049301195348
constant,2025-10-30,14.768829347612467,14.768829347612467,66.38730532441974,-0.6579878387833268,1840,1840.0,18.470798393100733
constant,2025-10-31,15.993638440708134,15.993638440708134,77.57206472360049,-1.0424941476918084,1716,1716.0,18.733333333333334
constant,2025-11-01,14.385088809656992,14.385088809656992,74.09855948073293,1.4224410789520505,1390,1390.0,17.868027952186086
constant,2025-11-02,23.25511323004302,23.25511323004302,130.10694762616583,-6.182401768319769,1239,1239.0,18.228145702527108
constant,2025-11-03,15.112729770189867,15.112729770189867,71.43380603107977,-0.518605697903233,1597,1597.0,18.695798393100738
constant,2025-11-04,18.668960444317094,18.668960444317094,104.42459940068687,-3.9129829439466235,1436,1436.0,18.6274650597674
constant,2025-11-05,17.73327647337306,17.73327647337306,92.57365032224796,-2.9145982074658403,1765,1765.0,18.204201606899275
constant,2025-11-06,13.61736077635991,13.61736077635991,58.57295377284653,1.0240764778152802,1810,1810.0,18.2524650597674
constant,2025-11-07,16.909768776007482,16.909768776007482,90.591725987482,-2.1395808736502158,1582,1582.0,18.319131726434065
constant,2025-11-08,15.170931408099861,15.170931408099861,79.41264767913783,0.3724304662413293,1349,1349.0,17.305798393100734
constant,2025-11-09,18.190219469405523,18.190219469405523,106.74221344941058,-1.6749158926135534,1176,1176.0,16.9274650597674
constant,2025-11-10,14.930397656411184,14.930397656411184,71.73589209749822,-0.2564264872820435,1672,1672.0,17.768638714480584
constant,2025-11-11,16.217524399652042,16.217524399652042,87.29815058422304,0.5085040208063587,1540,1540.0,17.2874650597674
constant,2025-11-12,14.400358680354772,14.400358680354772,62.10011329271267,0.2901276613934143,1640,1640.0,18.385798393100732
constant,2025-11-13,14.508435848771814,14.508435848771814,60.66544602747629,0.9013104127865165,1761,1761.0,18.6475349402326
constant,2025-11-14,12.35664434323507,12.35664434323507,39.54050351257846,3.0331929833950833,1676,1676.0,17.8024650597674
constant,2025-11-15,13.68899932473687,13.68899932473687,65.59951162108564,2.8195429504301943,1378,1378.0,17.24901397609304
constant,2025-11-16,17.064574986729063,17.064574986729063,90.10460344496099,0.7415845566227439,1325,1325.0,17.572465059767403
constant,2025-11-17,13.68008617314165,13.68008617314165,59.7780037008401,1.7601834405537624,1721,1721.0,17.830868273565937
constant,2025-11-18,17.30671143003227,17.30671143003227,88.92280475169098,-2.8291909417838905,1719,1719.0,18.774812369193775
constant,2025-11-19,13.92514629053173,13.92514629053173,50.23928399291176,0.3856197880997921,1773,1773.0,20.219131726434064
constant,2025-11-20,15.528358297326944,15.528358297326944,62.40555783891391,-0.9488757322766438,1877,1877.0,19.45420160689927
constant,2025-11-21,18.9294333502491,18.9294333502491,101.29516657338738,-3.7551607711917656,1755,1755.0,18.51284032137986
constant,2025-11-22,14.959775954905247,14.959775954905247,78.95254782113392,1.7068242349174887,1277,1277.0,17.602465059767397
constant,2025-11-23,11.710645576650444,11.710645576650444,40.54168664329588,5.449590565840273,1235,1235.0,16.695798393100734
constant,2025-11-24,15.443014759275762,15.443014759275762,70.92025612278643,-0.5338698533447662,1688,1688.0,18.369131726434066
constant,2025-11-25,15.823688835132153,15.823688835132153,68.33495238389916,-1.6411189699447641,1795,1795.0,20.343826345286814
constant,2025-11-26,19.729610047946487,19.729610047946487,94.43935619337232,-5.139127253204462,1457,1457.0,20.869506988046524
constant,2025-11-27,12.83264568675148,12.83264568675148,46.605322513697445,5.227724691258185,995,995.0,17.775798393100732
constant,2025-11-28,17.30879720793114,17.30879720793114,94.379227806573,1.6506819769498333,1131,1131.0,16.969131726434064
constant,2025-11-29,19.030307690943026,19.030307690943026,109.15528059258625,-1.299636332404915,1269,1269.0,17.055798393100734
constant,2025-11-30,15.718649564251171,15.718649564251171,85.54407151254222,1.3324079311037116,1342,1342.0,16.995868273565936
constant,2025-12-01,14.576108291052845,14.576108291052845,62.621187305520124,0.7137485725391947,1579,1579.0,18.338145702527108
constant,2025-12-02,18.07934710079392,18.07934710079392,93.90785348084889,-2.6034214223826218,1662,1662.0,18.158027952186085
constant,2025-12-03,14.450810432708654,14.450810432708654,67.3985505018411,1.077200364623185,1826,1826.0,18.08579839310073
constant,2025-12-04,15.831340869509967,15.831340869509967,77.11719844081041,-0.40146625125073265,1912,1912.0,18.230798393100734
constant,2025-12-05,15.904231467106642,15.904231467106642,85.70270730994254,-0.6488192367883516,1713,1713.0,17.219131726434064
constant,2025-12-06,22.50910348368648,22.50910348368648,126.96635685953858,-6.3314338572001105,1385,1385.0,17.519131726434075
constant,2025-12-07,15.730574636158236,15.730574636158236,88.17947009534211,1.1336517264340644,1250,1250.0,17.057465059767406
constant,2025-12-08,19.38962542099264,19.38962542099264,107.74691893370644,-3.5674841391384233,1706,1706.0,17.53579839310073
constant,2025-12-09,17.884878365523768,17.884878365523768,93.91095966662503,-3.306947914620338,1783,1783.0,18.241479035860436
constant,2025-12-10,16.704410321804453,16.704410321804453,87.0182700476212,-1.8500371743702246,1865,1865.0,18.102465059767397
constant,2025-12-11,17.049780295553767,17.049780295553767,83.09016491129536,-1.8197984984336604,2016,2016.0,19.46666666666667
constant,2025-12-12,16.229856853992246,16.229856853992246,79.26227334626647,-1.2117411652369494,1917,1917.0,18.749131726434065
constant,2025-12-13,19.96267375529283,19.96267375529283,112.64604422599224,-3.41104520672452,1526,1526.0,17.733333333333334
constant,2025-12-14,17.596067078644158,17.596067078644158,97.7190795915469,-0.7666656157586256,1204,1204.0,17.28079839310073
constant,2025-12-15,13.251552918892747,13.251552918892747,49.25537865064956,1.8111066942234992,1811,1811.0,18.369131726434066
constant,2025-12-16,15.774418168172936,15.774418168172936,74.72067191751384,-1.111088363859389,1772,1772.0,18.51413172643407
constant,2025-12-17,17.487374552813776,17.487374552813776,89.03140506763536,-2.6643009207309767,1846,1846.0,18.94166666666667
constant,2025-12-18,20.100266707366092,20.100266707366092,106.95671647387988,-6.133007913205575,1924,1924.0,20.335680642759712
constant,2025-12-19,15.757479323178613,15.757479323178613,75.29055657177132,-0.06839568584663643,1824,1824.0,18.514131726434066
constant,2025-12-20,18.50835286805158,18.50835286805158,103.09850374242549,-2.0206032072993687,1333,1333.0,17.649131726434064
constant,2025-12-21,18.369765807351495,18.369765807351495,94.91827014057635,-0.9623260740774445,1173,1173.0,18.097534940232602
constant,2025-12-22,14.56942934667915,14.56942934667915,53.0176716084993,0.9227023774247031,1531,1531.0,19.28579839310073
constant,2025-12-23,20.77708942714288,20.77708942714288,111.2557828389118,-5.628500782399857,1415,1415.0,18.16284032137986
constant,2025-12-24,23.79931748272627,23.79931748272627,132.90075414995778,-5.203606862777553,1205,1205.0,17.867159678620148
constant,2025-12-25,20.056265894581102,20.056265894581102,104.3691574940679,-0.9724914241316446,766,766.0,18.402465059767398
constant,2025-12-26,13.277878736561952,13.277878736561952,59.47726792792128,4.916249750221804,1093,1093.0,16.869131726434063
constant,2025-12-27,10.71841397894077,10.71841397894077,12.64397896388341,7.680368528847337,663,663.0,16.915798393100733
constant,2025-12-28,15.820779950760551,15.820779950760551,76.54529391976142,1.686315634480042,870,870.0,17.31969461885275
constant,2025-12-29,17.525844151704806,17.525844151704806,95.50517579720034,-1.0745734017710626,1300,1300.0,17.4874650597674
constant,2025-12-30,14.045268299540915,14.045268299540915,57.8439389516466,2.8701447510360913,1382,1382.0,17.602465059767397
constant,2025-12-31,15.356990768079163,15.356990768079163,75.1212893497907,2.606527098172125,1354,1354.0,17.564131726434066
domain,2025-10-01,13.367946532631203,13.367946532631203,89.97537658384181,-1.8382997972721111,1658,1658.0,12.663968344975864
domain,2025-10-02,9.665518927498043,9.665518927498043,52.097794724337426,4.379065944280989,1455,1455.0,12.634199786973724
domain,2025-10-03,15.235187250906607,15.235187250906607,102.34796548178282,-4.141252829992095,1602,1602.0,12.692637901128897
domain,2025-10-04,12.780042989141855,12.780042989141855,83.85328022721623,0.6541103959643455,1350,1350.0,12.061222280170794
domain,2025-10-05,16.606479518870664,16.606479518870664,107.15313568664118,-2.0108228466362243,1331,1331.0,13.617315707328128
domain,2025-10-06,12.417968566633794,12.417968566633794,79.88674714033422,-0.6271547873957254,1585,1585.0,12.40442007958805
domain,2025-10-07,12.048556168480546,12.048556168480546,70.78390867321482,0.7675993999788144,1578,1578.0,12.9077893154991
domain,2025-10-08,9.439185550153507,9.439185550153507,51.86507357796564,2.5533037740965128,1711,1711.0,12.028312924907729
domain,2025-10-09,13.03631138961893,13.03631138961893,85.81304479631764,-2.3170388629599428,1719,1719.0,12.59323014204507
domain,2025-10-10,10.30409485761453,10.30409485761453,63.110457335433395,1.04703711003671,1635,1635.0,11.964922404839024
domain,2025-10-11,7.781693512353341,7.781693512353341,13.076399717117344,5.871932345473418,1287,1287.0,12.086643680101627
domain,2025-10-12,16.453271676802807,16.453271676802807,102.49746429508554,-0.4206732490612383,1204,1204.0,13.085203600649905
domain,2025-10-13,11.260802571509675,11.260802571509675,66.95851546616505,3.6249069301245447,1290,1290.0,12.06920536166549
domain,2025-10-14,9.272587779323931,9.272587779323931,50.778468163352485,3.0843441542356573,1569,1569.0,12.185817419736223
domain,2025-10-15,11.680870073918157,11.680870073918157,75.71580339074808,0.02665504637477296,1529,1529.0,11.982541273138262
domain,2025-10-16,10.034263410255235,10.034263410255235,58.613739036670374,1.0160077237000218,1760,1760.0,12.58754270684864
domain,2025-10-17,11.778789716140219,11.778789716140219,79.714621799605,-0.7655646040231601,1595,1595.0,12.019104297304828
domain,2025-10-18,16.936933907114838,16.936933907114838,113.42020913877269,-3.647161599783927,1347,1347.0,12.12105185828641
domain,2025-10-19,15.043935269119357,15.043935269119357,97.88365666834834,-0.2092339808176464,1306,1306.0,12.775561820740705
domain,2025-10-20,10.7717428393446,10.7717428393446,65.48714917577023,1.8947068699161633,1526,1526.0,11.547212483240921
domain,2025-10-21,9.849208527267335,9.849208527267335,52.177131757972475,1.6086495414190511,1502,1502.0,12.675995391459892
domain,2025-10-22,10.078848504072111,10.078848504072111,59.955269586821856,0.8192441815496774,1664,1664.0,11.978523624873151
domain,2025-10-23,11.020005520788905,11.020005520788905,68.4606951007186,-0.0030126858824442507,1737,1737.0,12.547338424508093
domain,2025-10-24,10.628990996538457,10.628990996538457,67.61074394737264,1.0483870710457412,1689,1689.0,12.388535494165533
domain,2025-10-25,14.828414068338482,14.828414068338482,99.8600973845325,-1.2958036618302406,1316,1316.0,12.43742357699181
domain,2025-10-26,14.338820306318091,14.338820306318091,93.1704933360446,0.6746527769183117,1314,1314.0,12.996426894742033
domain,2025-10-27,14.956542345193467,14.956542345193467,99.10747502241298,-3.7206703400600096,1558,1558.0,13.451353161715
domain,2025-10-28,13.464843869391823,13.464843869391823,90.6554555088906,-2.3118785511821858,1671,1671.0,12.492209905101483
domain,2025-10-29,11.40971999717125,11.40971999717125,75.40984955816059,-0.43638444357040207,1727,1727.0,11.900440853237592
domain,2025-10-30,11.147264622307988,11.147264622307988,64.94910665997475,-0.9028560534576441,1840,1840.0,14.092327065918122
domain,2025-10-31,12.318044837030083,12.318044837030083,75.83181590551274,-0.050259379279006915,1716,1716.0,13.487164012734342
domain,2025-11-01,11.394937798583426,11.394937798583426,73.27341758468084,1.990478696726301,1390,1390.0,12.322619195798756
domain,2025-11-02,20.94968067043292,20.94968067043292,129.14526501193257,-5.543772947665183,1239,1239.0,14.122658944657294
domain,2025-11-03,11.131614505524928,11.131614505524928,70.23005067288517,0.348677548921953,1597,1597.0,12.51076838583206
domain,2025-11-04,15.151567075643642,15.151567075643642,103.69990665358497,-3.2667751870702504,1436,1436.0,12.318214857099397
domain,2025-11-05,14.079662908025917,14.079662908025917,91.72156098194792,-2.5926406190389097,1765,1765.0,12.90506279353802
domain,2025-11-06,9.709146983135037,9.709146983135037,57.41994771066537,1.3214582258906886,1810,1810.0,12.327271017504481
domain,2025-11-07,13.435748228856218,13.435748228856218,90.0394711846015,-1.67790376378985,1582,1582.0,12.670706221289514
domain,2025-11-08,12.51732948976826,12.51732948976826,78.90859432187075,0.7558238575081161,1349,1349.0,12.110758676266222
domain,2025-11-09,15.98067722361516,15.98067722361516,106.19188083888294,-1.1877604045260088,1176,1176.0,12.578090983269263
domain,2025-11-10,11.138443693639502,11.138443693639502,70.42693823676136,-0.2247257988640911,1672,1672.0,11.965884467129445
domain,2025-11-11,13.07790553622257,13.07790553622257,86.23515148812248,0.030399456425557338,1540,1540.0,12.294458173315126
domain,2025-11-12,10.643260343287213,10.643260343287213,61.10917042965925,0.4398875415539229,1640,1640.0,12.615306732447594
domain,2025-11-13,10.54223022090275,10.54223022090275,59.398418934277906,0.994158564765693,1761,1761.0,12.88556697701958
domain,2025-11-14,8.812058768136774,8.812058768136774,38.08265336264162,3.432276760794026,1676,1676.0,12.554567986015453
domain,2025-11-15,10.773203489967976,10.773203489967976,64.83440707720145,2.957733060278831,1378,1378.0,11.878576460732617
domain,2025-11-16,14.48555898624707,14.48555898624707,89.65381800599721,1.0792763828264482,1325,1325.0,12.492941814119728
domain,2025-11-17,10.04556157863647,10.04556157863647,58.277258834861904,2.173061624205485,1721,1721.0,12.234205361665488
domain,2025-11-18,13.362194988950767,13.362194988950767,87.99145090777553,-2.0591007805343224,1719,1719.0,12.625059077076838
domain,2025-11-19,9.596764091873425,9.596764091873425,48.233452362340486,0.9556907730170571,1773,1773.0,13.073992083560631
domain,2025-11-20,11.308936557085087,11.308936557085087,60.54621617031108,-0.3906992164863794,1877,1877.0,12.710331636045723
domain,2025-11-21,14.973790175578175,14.973790175578175,100.03923252854325,-3.560440168211644,1755,1755.0,12.36307105343519
domain,2025-11-22,11.945145390881843,11.945145390881843,77.37968148842683,2.0402344311786784,1277,1277.0,12.223198852932944
domain,2025-11-23,9.41949649129217,9.41949649129217,38.89912403693324,6.07944846444928,1235,1235.0,12.773973082841854
domain,2025-11-24,11.316636927604325,11.316636927604325,69.76530051650691,-0.12757095323221604,1688,1688.0,12.283581949930259
domain,2025-11-25,11.184331365178984,11.184331365178984,66.7810326700557,-1.2974893112752288,1795,1795.0,13.607210560788591
domain,2025-11-26,15.300435106035122,15.300435106035122,93.08662875628968,-3.856914897386198,1457,1457.0,14.155334933405953
domain,2025-11-27,9.961530984152231,9.961530984152231,45.16796913050673,6.1295387040996205,995,995.0,12.35047562222476
domain,2025-11-28,14.887922663891732,14.887922663891732,94.02252346066754,0.9975052076766739,1131,1131.0,12.09579512096915
domain,2025-11-29,17.272249164197884,17.272249164197884,108.97148665057432,-1.2726871139604723,1269,1269.0,12.663802962453435
domain,2025-11-30,13.04713969165502,13.04713969165502,84.87858651281903,1.3046748520449016,1342,1342.0,11.394078491283029
domain,2025-12-01,10.409477245371976,10.409477245371976,61.66379556996209,0.7562684647364782,1579,1579.0,11.577371571850804
domain,2025-12-02,14.128008195253367,14.128008195253367,93.02147036772216,-2.671865941795529,1662,1662.0,12.201080301250153
domain,2025-12-03,10.670853200159957,10.670853200159957,66.33674099839085,0.5925454963086779,1826,1826.0,12.144377758697388
domain,2025-12-04,12.025323285320589,12.025323285320589,76.44109295617154,-0.7959578686986848,1912,1912.0,12.164667107339469
domain,2025-12-05,12.382805710152816,12.382805710152816,84.51864515510711,-1.1118262884513987,1713,1713.0,11.950332775055534
domain,2025-12-06,19.301128287087995,19.301128287087995,126.57205076222702,-6.768562892987758,1385,1385.0,11.807788719302579
domain,2025-12-07,13.598487518626058,13.598487518626058,87.00910546141044,1.5958798113381534,1250,1250.0,12.548416567407836
domain,2025-12-08,15.763490745815915,15.763490745815915,106.98401899591038,-3.6061230843759327,1706,1706.0,11.965384026112606
domain,2025-12-09,14.240657432042823,14.240657432042823,93.37872433135165,-3.3088574354007045,1783,1783.0,12.375561820740707
domain,2025-12-10,12.903926250198392,12.903926250198392,86.2463877427738,-2.230784940271707,1865,1865.0,12.223597117270934
domain,2025-12-11,12.920397656002129,12.920397656002129,82.07188518068821,-1.9187711188557146,2016,2016.0,12.691843950592359
domain,2025-12-12,11.961490874753546,11.961490874753546,78.31236765109969,-0.9319259907513784,1917,1917.0,12.5112624413349
domain,2025-12-13,16.85216078526526,16.85216078526526,112.00653670034158,-3.573945624662298,1526,1526.0,12.758167890632265
domain,2025-12-14,15.280074566947802,15.280074566947802,97.31145066937421,-0.14502471388555158,1204,1204.0,12.421085700222486
domain,2025-12-15,9.285002155328655,9.285002155328655,47.53102979118062,1.8246833508957139,1811,1811.0,12.18775341292138
domain,2025-12-16,11.718399834965503,11.718399834965503,73.6250805801437,-0.9861831567430175,1772,1772.0,12.373022437943911
domain,2025-12-17,13.5365442250851,13.5365442250851,88.15323643907305,-2.7713916302277015,1846,1846.0,12.405268128018113
domain,2025-12-18,16.053637451549175,16.053637451549175,106.1722913848131,-5.689671583793912,1924,1924.0,12.768003646431575
domain,2025-12-19,11.903054947213448,11.903054947213448,74.03042377303986,-0.22563210807436843,1824,1824.0,12.3443703852656
domain,2025-12-20,15.544840153911819,15.544840153911819,101.8521626972622,-1.9772748804096147,1333,1333.0,12.583822566164129
domain,2025-12-21,15.607676401761427,15.607676401761427,94.11556010243852,-0.46899256510619863,1173,1173.0,12.607731532567199
domain,2025-12-22,10.383137152320286,10.383137152320286,50.57134254189248,1.8860250723533156,1531,1531.0,12.830822459098165
domain,2025-12-23,16.99159650156581,16.99159650156581,110.79056460293197,-5.547722758058174,1415,1415.0,12.471781006650403
domain,2025-12-24,20.72692486322779,20.72692486322779,132.89582784114893,-6.124824535269363,1205,1205.0,12.023394988549613
domain,2025-12-25,17.810514107077825,17.810514107077825,102.92016195101654,0.06400452247178551,766,766.0,14.352515977818864
domain,2025-12-26,10.728190950142858,10.728190950142858,59.02679261537347,4.610060056601053,1093,1093.0,12.373830835912273
domain,2025-12-27,8.6412592098479,8.6412592098479,10.0824866645984,7.506776977279366,663,663.0,12.820488629838884
domain,2025-12-28,13.57052363269097,13.57052363269097,75.41865171951113,2.535072821435424,870,870.0,12.644971524925383
domain,2025-12-29,14.294344965160054,14.294344965160054,94.33119066171346,-0.7041295080941056,1300,1300.0,12.432157154736142
domain,2025-12-30,10.641124188541545,10.641124188541545,56.539699146899764,2.9184664457286265,1382,1382.0,12.23099062285917
domain,2025-12-31,12.345265735166226,12.345265735166226,73.87818486388453,2.4549613218859756,1354,1354.0,12.667808439930205
flexible,2025-10-01,13.09770848339332,13.09770848339332,89.79338076240947,-1.4229306482228283,1658,1658.0,12.873627077892692
flexible,2025-10-02,9.336431097447283,9.336431097447283,52.089509378910634,4.1922824922562425,1455,1455.0,13.078796781798907
flexible,2025-10-03,14.885210643843356,14.885210643843356,102.12264435142121,-4.218331107288701,1602,1602.0,13.384269446469348
flexible,2025-10-04,13.065671586337805,13.065671586337805,83.95726264912753,0.8199950760769456,1350,1350.0,13.85554956051812
flexible,2025-10-05,16.812824600425746,16.812824600425746,106.98301642326763,-1.8409604906888157,1331,1331.0,16.136817443549656
flexible,2025-10-06,12.361326002325185,12.361326002325185,79.97809552482086,-0.34898658224637,1585,1585.0,13.47449288993528
flexible,2025-10-07,11.676012300417076,11.676012300417076,70.89067416488633,0.7559540850242529,1578,1578.0,13.015664056683619
flexible,2025-10-08,9.12116585983044,9.12116585983044,51.937529782894856,2.4963170537365302,1711,1711.0,11.94917397428795
flexible,2025-10-09,12.475610152572125,12.475610152572125,85.73080144758708,-2.5418258215362455,1719,1719.0,12.688435253224835
flexible,2025-10-10,9.853460131334622,9.853460131334622,63.063025955456176,0.8955880702008836,1635,1635.0,12.056665339908708
flexible,2025-10-11,7.9569970262117975,7.9569970262117975,13.476690271225127,5.949447789728123,1287,1287.0,13.868959143431931
flexible,2025-10-12,16.387342831742217,16.387342831742217,102.57955951380039,-0.5325309008666292,1204,1204.0,14.83173406400333
flexible,2025-10-13,11.482968868109968,11.482968868109968,67.43733091248235,3.7674728096770047,1290,1290.0,12.746308372698902
flexible,2025-10-14,9.417487153354438,9.417487153354438,50.9911639745559,3.5621886715383426,1569,1569.0,13.094147060248224
flexible,2025-10-15,11.539113538119901,11.539113538119901,75.77133317101843,0.3632956858475676,1529,1529.0,12.268148001662107
flexible,2025-10-16,9.443088900291349,9.443088900291349,58.604606736976265,1.0592827999299557,1760,1760.0,12.402168667019039
flexible,2025-10-17,11.467777568041011,11.467777568041011,79.59957328813029,-0.6758198365128106,1595,1595.0,12.429388591858594
flexible,2025-10-18,17.268572192174535,17.268572192174535,113.33745873007807,-3.4604008140928677,1347,1347.0,14.336161472728577
flexible,2025-10-19,15.150338790789244,15.150338790789244,97.74497896269871,-0.14328426150577744,1306,1306.0,14.92788418861256
flexible,2025-10-20,11.034788563167009,11.034788563167009,65.57583595809834,2.6006076581790745,1526,1526.0,12.618056691329329
flexible,2025-10-21,9.559841406995613,9.559841406995613,52.40384408305483,1.8925580870226757,1502,1502.0,12.91854824978614
flexible,2025-10-22,9.85873220147138,9.85873220147138,59.82352584089875,1.1947731246667304,1664,1664.0,12.415917238938691
flexible,2025-10-23,10.72303957748148,10.72303957748148,68.35944049084657,0.20785864173711832,1737,1737.0,13.044816483972319
flexible,2025-10-24,10.169631742722235,10.169631742722235,67.43182959899313,0.8159950066138518,1689,1689.0,12.574523875778631
flexible,2025-10-25,15.161255630106043,15.161255630106043,99.64908534841418,-0.949208978324924,1316,1316.0,15.448025767912213
flexible,2025-10-26,14.709079218469777,14.709079218469777,93.30226475880394,0.9472230150562871,1314,1314.0,16.627794091267557
flexible,2025-10-27,14.723285286774242,14.723285286774242,99.10023510512619,-2.9781434192123486,1558,1558.0,13.66028767969052
flexible,2025-10-28,13.116694723129328,13.116694723129328,90.57627110135235,-1.9613334171838395,1671,1671.0,12.943983746576581
flexible,2025-10-29,11.169009987277724,11.169009987277724,75.22709837716512,-0.0038103148272932825,1727,1727.0,12.665123737322869
flexible,2025-10-30,10.755456128061134,10.755456128061134,64.93990954034781,-0.6039459309495184,1840,1840.0,13.938112424212397
flexible,2025-10-31,12.573695309937975,12.573695309937975,75.71797547854608,0.27078988772607354,1716,1716.0,15.866253940722506
flexible,2025-11-01,11.90452057158791,11.90452057158791,73.35386790906632,2.3515520651952024,1390,1390.0,14.894783291738646
flexible,2025-11-02,21.298294205863595,21.298294205863595,129.30491737093266,-5.462526782317516,1239,1239.0,17.07503325567191
flexible,2025-11-03,11.217601788447512,11.217601788447512,70.14088921346757,1.218444604278112,1597,1597.0,13.611605108469956
flexible,2025-11-04,15.25880539778206,15.25880539778206,103.684815475453,-2.5279165104376515,1436,1436.0,12.798640446123203
flexible,2025-11-05,13.888081795088393,13.888081795088393,91.70022112599983,-2.3243611072697363,1765,1765.0,13.193521743911665
flexible,2025-11-06,9.45821838478638,9.45821838478638,57.260054917232516,1.761701090134282,1810,1810.0,12.479220895744172
flexible,2025-11-07,13.118795139656488,13.118795139656488,90.00757813690336,-1.7392323868952493,1582,1582.0,12.960544791276758
flexible,2025-11-08,12.730590299929515,12.730590299929515,78.87462428051268,0.9020488626923326,1349,1349.0,13.896571568628204
flexible,2025-11-09,16.1361601791524,16.1361601791524,105.8653654733934,-0.9663362630297235,1176,1176.0,14.886874032579602
flexible,2025-11-10,10.922342013458264,10.922342013458264,70.35126569766722,0.40194564471375377,1672,1672.0,12.278653850806224
flexible,2025-11-11,13.051795120382364,13.051795120382364,86.17084952328665,0.16834793244564628,1540,1540.0,12.760276578608835
flexible,2025-11-12,10.304335290273775,10.304335290273775,61.06887218347561,0.9374949857600169,1640,1640.0,13.08398797542166
flexible,2025-11-13,10.016720636227358,10.016720636227358,59.333440810358766,1.3135507066314234,1761,1761.0,13.130540901023487
flexible,2025-11-14,8.612432792105393,8.612432792105393,38.18507630810464,3.5959653198585304,1676,1676.0,12.913616489146252
flexible,2025-11-15,10.978631447260241,10.978631447260241,64.90583641442406,3.140291916177172,1378,1378.0,13.729421449142123
flexible,2025-11-16,14.68368983752528,14.68368983752528,89.73252528100399,1.1236037752423695,1325,1325.0,15.165791899872369
flexible,2025-11-17,10.032992593628958,10.032992593628958,58.27459440880585,2.7211702688439954,1721,1721.0,13.07626177088807
flexible,2025-11-18,13.319581588983016,13.319581588983016,88.0627833646314,-1.448292697363978,1719,1719.0,12.864987056345917
flexible,2025-11-19,9.211711734081247,9.211711734081247,48.159844076255396,1.3924642077167073,1773,1773.0,12.686619324816991
flexible,2025-11-20,11.101006160196734,11.101006160196734,60.36098324189083,-0.03354438511853666,1877,1877.0,13.36110175196086
flexible,2025-11-21,14.586403677387612,14.586403677387612,100.03146102281234,-3.4964021461132746,1755,1755.0,12.74711673603773
flexible,2025-11-22,12.217065038238573,12.217065038238573,77.26696207222254,2.1922230447774007,1277,1277.0,13.941864639582333
flexible,2025-11-23,9.709678381851925,9.709678381851925,39.406181918852795,6.295298462858946,1235,1235.0,14.614194562527045
flexible,2025-11-24,11.328353799571145,11.328353799571145,69.82408775736229,0.5910667830754337,1688,1688.0,12.980575158786325
flexible,2025-11-25,10.871516774989702,10.871516774989702,66.87408927356974,-0.7786256039284315,1795,1795.0,14.020105114465261
flexible,2025-11-26,14.990812267379725,14.990812267379725,92.91225935563786,-3.303690890350269,1457,1457.0,15.039431380585627
flexible,2025-11-27,9.483432356464718,9.483432356464718,45.50666758279234,5.7456104042392075,995,995.0,13.090863076076092
flexible,2025-11-28,14.593251915836692,14.593251915836692,93.8433885377805,0.5584537763933791,1131,1131.0,13.169209634335234
flexible,2025-11-29,17.282285930632444,17.282285930632444,109.03346174041742,-1.37962030972153,1269,1269.0,14.587092480613741
flexible,2025-11-30,12.902681844927692,12.902681844927692,84.97377697782427,1.1890043868747073,1342,1342.0,12.937126633143398
flexible,2025-12-01,10.303428715671394,10.303428715671394,61.73941024042754,1.4860676713496668,1579,1579.0,12.33038808204669
flexible,2025-12-02,13.839093273163712,13.839093273163712,93.02091910296062,-2.1774107118405484,1662,1662.0,12.588196041138747
flexible,2025-12-03,10.393169627818887,10.393169627818887,66.32590310689284,0.9502677742678414,1826,1826.0,12.660727712112223
flexible,2025-12-04,11.594904049702118,11.594904049702118,76.5759367705467,-0.6895578446701918,1912,1912.0,12.492488088132674
flexible,2025-12-05,12.225034145067003,12.225034145067003,84.54763709992352,-1.1452066276940442,1713,1713.0,12.320675721973025
flexible,2025-12-06,19.559217305069833,19.559217305069833,126.47340701534141,-6.6443870700296115,1385,1385.0,13.631358745611244
flexible,2025-12-07,13.710423655839556,13.710423655839556,86.95283184069322,1.714002818164826,1250,1250.0,13.951172195382362
flexible,2025-12-08,15.716858669146605,15.716858669146605,106.96635327235109,-3.190007106067095,1706,1706.0,12.538363211588688
flexible,2025-12-09,13.94499740486228,13.94499740486228,93.31894337972393,-2.8902380671909516,1783,1783.0,13.132097543546552
flexible,2025-12-10,12.452284107801221,12.452284107801221,86.14883806067802,-2.147113326274211,1865,1865.0,12.371737921160959
flexible,2025-12-11,12.513900412200597,12.513900412200597,81.92823187333697,-1.6961292772038783,2016,2016.0,13.154433280484328
flexible,2025-12-12,11.506645303979683,11.506645303979683,78.24073770905989,-0.936318801871321,1917,1917.0,12.602569378551992
flexible,2025-12-13,17.065634927142607,17.065634927142607,111.94701825095017,-3.450734432071694,1526,1526.0,14.499819770140496
flexible,2025-12-14,15.24127628911585,15.24127628911585,97.47296329737358,-0.25515616039513134,1204,1204.0,14.099350518465073
flexible,2025-12-15,9.018361453844538,9.018361453844538,47.508915651595686,2.5665841423259486,1811,1811.0,12.944808479395373
flexible,2025-12-16,11.33866506062665,11.33866506062665,73.52315825945932,-0.5598359071782717,1772,1772.0,12.849257199639192
flexible,2025-12-17,13.152598786456862,13.152598786456862,87.96794091385122,-2.6209561524212917,1846,1846.0,12.632847349893733
flexible,2025-12-18,15.736886058525123,15.736886058525123,106.21810235192018,-5.490097733095737,1924,1924.0,13.923400593053056
flexible,2025-12-19,11.349030295136268,11.349030295136268,74.01136880542643,-0.32016463223430597,1824,1824.0,12.334773367160116
flexible,2025-12-20,15.743837020446852,15.743837020446852,101.94942003657468,-1.6986964918660845,1333,1333.0,14.430755997178322
flexible,2025-12-21,15.711381721510719,15.711381721510719,94.26830456539349,-0.303684438620507,1173,1173.0,14.509089349044167
flexible,2025-12-22,10.455857851959575,10.455857851959575,50.41677175063228,2.5114217552839104,1531,1531.0,13.825948401464856
flexible,2025-12-23,16.89759249538674,16.89759249538674,110.83275164404856,-5.318675588771136,1415,1415.0,13.462793607925544
flexible,2025-12-24,20.77253932927536,20.77253932927536,133.10622834895696,-6.192173388457202,1205,1205.0,13.120171940248675
flexible,2025-12-25,17.095013522536085,17.095013522536085,103.52020436509753,-0.7959696165775899,766,766.0,14.541535143882747
flexible,2025-12-26,10.81305933307328,10.81305933307328,59.19027898148654,4.762976331614952,1093,1093.0,13.460988760614994
flexible,2025-12-27,8.691594582487804,8.691594582487804,10.99564209361262,7.4931360667947935,663,663.0,15.127839945942506
flexible,2025-12-28,13.477452586161789,13.477452586161789,75.37993251149199,2.540914863736678,870,870.0,14.743063737347713
flexible,2025-12-29,14.337721953679393,14.337721953679393,94.13144077268775,-0.4979514499250763,1300,1300.0,13.283535097843043
flexible,2025-12-30,10.746553632002058,10.746553632002058,56.63827060584246,3.134335422680635,1382,1382.0,13.231592240330514
flexible,2025-12-31,12.230206846603705,12.230206846603705,74.01843426986377,2.130347716599832,1354,1354.0,13.611950047536116
robust_domain,2025-10-01,11.527826338125308,11.527826338125308,90.26792399642196,-8.139973156035712,1658,1658.0,12.267803258250208
robust_domain,2025-10-02,6.319942893160301,6.319942893160301,51.95237544707929,-1.9337905786097889,1455,1455.0,9.414277297601963
robust_domain,2025-10-03,13.670867283054983,13.670867283054983,102.7845681525714,-10.442940828640435,1602,1602.0,13.374776809546912
robust_domain,2025-10-04,9.650713363634177,9.650713363634177,84.00765839141346,-5.6843092400848,1350,1350.0,8.736454757285074
robust_domain,2025-10-05,13.195804547896612,13.195804547896612,107.45559018077088,-8.28052815337898,1331,1331.0,10.599984683485054
robust_domain,2025-10-06,10.231039461062053,10.231039461062053,80.18137049993393,-6.9668879551176035,1585,1585.0,11.520847593815347
robust_domain,2025-10-07,9.46298061003982,9.46298061003982,70.94895264728818,-5.549619597375582,1578,1578.0,11.682880145550724
robust_domain,2025-10-08,7.355125063837041,7.355125063837041,51.89962304381157,-3.7501013291799494,1711,1711.0,11.002374136213255
robust_domain,2025-10-09,11.659589565000735,11.659589565000735,86.20319173146774,-8.655022865887299,1719,1719.0,14.547082805316867
robust_domain,2025-10-10,8.268001111497469,8.268001111497469,63.30596305051191,-5.30671923906775,1635,1635.0,11.786869528285088
robust_domain,2025-10-11,4.386139318181818,4.386139318181818,11.642758509831044,-0.4701751720104574,1287,1287.0,8.480748253216486
robust_domain,2025-10-12,12.386795001546036,12.386795001546036,102.75788945235647,-6.7170460699655505,1204,1204.0,9.275202020683468
robust_domain,2025-10-13,7.094542965951758,7.094542965951758,66.88867185486323,-2.795424984348364,1290,1290.0,7.732824294451986
robust_domain,2025-10-14,6.753229937682042,6.753229937682042,50.78990207575078,-3.2571622423506894,1569,1569.0,10.549025402701494
robust_domain,2025-10-15,9.558557439636923,9.558557439636923,75.98096932538158,-6.318874667617027,1529,1529.0,11.284636183286109
robust_domain,2025-10-16,8.393839080146964,8.393839080146964,58.816411923833975,-5.305947385891704,1760,1760.0,13.087362586079434
robust_domain,2025-10-17,9.940769320813391,9.940769320813391,80.01644486419406,-7.123246492330144,1595,1595.0,11.354064721274824
robust_domain,2025-10-18,13.850135884643327,13.850135884643327,113.79470840693621,-9.932418861207017,1347,1347.0,9.085410188407133
robust_domain,2025-10-19,11.410975301478848,11.410975301478848,98.10312439504271,-6.475852038552801,1306,1306.0,9.8881495745872
robust_domain,2025-10-20,7.746879298413032,7.746879298413032,65.59108487499084,-4.450623749577796,1526,1526.0,9.522432187330324
robust_domain,2025-10-21,7.764059448720284,7.764059448720284,52.24113142173844,-4.721884502223627,1502,1502.0,12.420059617479863
robust_domain,2025-10-22,8.180739975708608,8.180739975708608,60.15459696920092,-5.538805843702254,1664,1664.0,13.125803491563028
robust_domain,2025-10-23,9.232836513956883,9.232836513956883,68.71611051772626,-6.340327832110013,1737,1737.0,12.726187227360976
robust_domain,2025-10-24,8.46715084486203,8.46715084486203,67.74053257467274,-5.2941879976620205,1689,1689.0,12.069425415745423
robust_domain,2025-10-25,11.622051335771433,11.622051335771433,100.1356405462825,-7.594199003710496,1316,1316.0,10.214137207092318
robust_domain,2025-10-26,10.734226678381987,10.734226678381987,93.33136911405298,-5.5739991014055486,1314,1314.0,10.297349349786735
robust_domain,2025-10-27,13.055207992708217,13.055207992708217,99.52195454923068,-10.041219256500804,1558,1558.0,13.390616323908535
robust_domain,2025-10-28,11.581786294172476,11.581786294172476,91.02395368685498,-8.659420153167149,1671,1671.0,13.137040168161118
robust_domain,2025-10-29,9.496105590266067,9.496105590266067,75.667258139944,-6.800957698872555,1727,1727.0,12.023155375564043
robust_domain,2025-10-30,9.891009506391878,9.891009506391878,65.28669483055809,-7.278483119073625,1840,1840.0,15.453053052952217
robust_domain,2025-10-31,10.151143055818572,10.151143055818572,76.0355752215651,-6.33899110949945,1716,1716.0,13.240706886264544
robust_domain,2025-11-01,8.385019392846951,8.385019392846951,73.36103340896214,-4.328049060326593,1390,1390.0,9.649638866766628
robust_domain,2025-11-02,17.407288769437056,17.407288769437056,129.5335886242117,-11.857342308906151,1239,1239.0,13.038992039118204
robust_domain,2025-11-03,9.02345572494783,9.02345572494783,70.4498293207787,-5.948830899587088,1597,1597.0,11.987487891536313
robust_domain,2025-11-04,12.894842569463215,12.894842569463215,104.07468282132186,-9.579812196345426,1436,1436.0,12.212015367951704
robust_domain,2025-11-05,12.053850798552695,12.053850798552695,92.0936798730283,-8.928453280401806,1765,1765.0,13.106522077227655
robust_domain,2025-11-06,7.9383475931940115,7.9383475931940115,57.59741308455891,-5.0160806667715985,1810,1810.0,12.741739701549095
robust_domain,2025-11-07,11.328953923685315,11.328953923685315,90.37708225404037,-8.003902387968903,1582,1582.0,12.132800807699425
robust_domain,2025-11-08,9.517533189312513,9.517533189312513,79.10670686710988,-5.575673492384315,1349,1349.0,10.357664594331066
robust_domain,2025-11-09,12.06494263224931,12.06494263224931,106.44045361726823,-7.511969402253868,1176,1176.0,8.437538794002585
robust_domain,2025-11-10,9.218253563415676,9.218253563415676,70.68204142836562,-6.580926391564933,1672,1672.0,11.988293049282005
robust_domain,2025-11-11,10.019588909011981,10.019588909011981,86.42665116531323,-6.361610360756991,1540,1540.0,10.377109407192279
robust_domain,2025-11-12,8.719916312119437,8.719916312119437,61.369845143061674,-5.908020456914065,1640,1640.0,13.301667136815084
robust_domain,2025-11-13,8.39329455494541,8.39329455494541,59.58990962200527,-5.357746969700402,1761,1761.0,13.613040336254286
robust_domain,2025-11-14,6.467396996082311,6.467396996082311,38.05220425000033,-2.8981184808793805,1676,1676.0,11.189400886971802
robust_domain,2025-11-15,7.437713001023227,7.437713001023227,64.8507720681655,-3.3909876102831094,1378,1378.0,9.24477945689481
robust_domain,2025-11-16,10.359665259957431,10.359665259957431,89.81066941643172,-5.255431090134595,1325,1325.0,8.170148437110182
robust_domain,2025-11-17,7.507726150667652,7.507726150667652,58.33025722342693,-4.156364684748249,1721,1721.0,11.856453007438931
robust_domain,2025-11-18,11.62889424326391,11.62889424326391,88.34237042520449,-8.36343616736999,1719,1719.0,13.099646392866415
robust_domain,2025-11-19,8.08610083342892,8.08610083342892,48.45489797922544,-5.362694158319393,1773,1773.0,15.089408555217387
robust_domain,2025-11-20,9.612181923087695,9.612181923087695,60.85091630810788,-6.709919627082256,1877,1877.0,14.046532110445039
robust_domain,2025-11-21,12.822634776361394,12.822634776361394,100.40921355572478,-9.90519008110192,1755,1755.0,13.421900391871214
robust_domain,2025-11-22,8.51237249047918,8.51237249047918,77.40514990979337,-4.294773787698413,1277,1277.0,9.026243230099437
robust_domain,2025-11-23,5.343772988848291,5.343772988848291,38.38783275081965,-0.23473697501904503,1235,1235.0,8.61414867118917
robust_domain,2025-11-24,9.33092786632008,9.33092786632008,70.02990439207889,-6.457459397559978,1688,1688.0,12.246019219145598
robust_domain,2025-11-25,9.87731433054425,9.87731433054425,67.15094274677713,-7.631779705019186,1795,1795.0,16.349384519399887
robust_domain,2025-11-26,13.421399799867313,13.421399799867313,93.51535557010605,-10.125278315461838,1457,1457.0,15.262279864042975
robust_domain,2025-11-27,5.289860695708452,5.289860695708452,44.72493338874332,-0.165544269299047,995,995.0,7.990528442659584
robust_domain,2025-11-28,10.382898022079575,10.382898022079575,94.17652756332066,-5.406801854093059,1131,1131.0,7.503509360146619
robust_domain,2025-11-29,12.9915560149433,12.9915560149433,109.24463120019797,-7.629221454605191,1269,1269.0,9.154265690901312
robust_domain,2025-11-30,9.068146087699333,9.068146087699333,85.00561139709282,-5.0557004271851325,1342,1342.0,7.099194227128639
robust_domain,2025-12-01,8.38895031942043,8.38895031942043,61.900214223515455,-5.599172176404979,1579,1579.0,11.337775840163028
robust_domain,2025-12-02,11.976259648938036,11.976259648938036,93.39341546267082,-9.035100832805963,1662,1662.0,13.073308515063179
robust_domain,2025-12-03,8.614307526556649,8.614307526556649,66.55430661010762,-5.799924420691787,1826,1826.0,12.158315100408153
robust_domain,2025-12-04,10.107642987917137,10.107642987917137,76.76355291370837,-7.182094629905724,1912,1912.0,12.753577613723548
robust_domain,2025-12-05,10.319214076040845,10.319214076040845,84.7924037224633,-7.502775641429122,1713,1713.0,11.56371989713106
robust_domain,2025-12-06,16.665028430370377,16.665028430370377,127.06814250209985,-13.15769454857116,1385,1385.0,10.313354364788147
robust_domain,2025-12-07,9.715479470593017,9.715479470593017,87.0772931248781,-4.730080111809638,1250,1250.0,9.886182828251435
robust_domain,2025-12-08,13.279215575739473,13.279215575739473,107.36338880906722,-9.967264402417877,1706,1706.0,10.507609380707706
robust_domain,2025-12-09,12.530476073439516,12.530476073439516,93.81885528377983,-9.667418842391813,1783,1783.0,14.085642600154824
robust_domain,2025-12-10,11.215209492827606,11.215209492827606,86.6267642800072,-8.615956319771579,1865,1865.0,13.2764499736061
robust_domain,2025-12-11,11.036346641636381,11.036346641636381,82.43038444305807,-8.284150333833066,2016,2016.0,15.184149308664557
robust_domain,2025-12-12,10.109567538516993,10.109567538516993,78.62258926739973,-7.27069877689279,1917,1917.0,13.125832487880418
robust_domain,2025-12-13,13.756782667450587,13.756782667450587,112.36988265860155,-9.943815191277444,1526,1526.0,10.826845759156422
robust_domain,2025-12-14,11.289124193722722,11.289124193722722,97.53345802911704,-6.459787323320382,1204,1204.0,9.196244371940345
robust_domain,2025-12-15,7.422499645898408,7.422499645898408,47.66177575537543,-4.532790291695718,1811,1811.0,13.241982117044053
robust_domain,2025-12-16,10.209890060966393,10.209890060966393,73.95479717571429,-7.335836971994123,1772,1772.0,14.236708869806602
robust_domain,2025-12-17,11.97472003303986,11.97472003303986,88.55767607626272,-9.137341067799742,1846,1846.0,14.069785757490216
robust_domain,2025-12-18,14.715814643009958,14.715814643009958,106.68212677997815,-12.016958482506526,1924,1924.0,15.16511906334379
robust_domain,2025-12-19,9.645535314384782,9.645535314384782,74.27646610347975,-6.595103830036617,1824,1824.0,12.185280773337244
robust_domain,2025-12-20,12.310926096406638,12.310926096406638,102.1124106986868,-8.332658736299797,1333,1333.0,10.638313933844058
robust_domain,2025-12-21,11.599646548786428,11.599646548786428,94.33958008672904,-6.792767612545268,1173,1173.0,9.436458379146913
robust_domain,2025-12-22,8.015009230078217,8.015009230078217,50.64183178335733,-4.404737470464574,1531,1531.0,13.716064487962004
robust_domain,2025-12-23,14.90958308789038,14.90958308789038,111.28708248768685,-11.900476110210969,1415,1415.0,13.401084617626093
robust_domain,2025-12-24,16.82014396796885,16.82014396796885,133.36164464069344,-12.547959054820167,1205,1205.0,8.245990114899547
robust_domain,2025-12-25,12.862113553505667,12.862113553505667,103.04613999273721,-6.221618258876609,766,766.0,9.805943880605133
robust_domain,2025-12-26,6.508516537966653,6.508516537966653,58.89054538824932,-1.7698742902622049,1093,1093.0,8.747832607293406
robust_domain,2025-12-27,3.9617374179014067,3.9617374179014067,6.941790668741451,1.1361564548786025,663,663.0,8.67879725029103
robust_domain,2025-12-28,9.262593518896036,9.262593518896036,75.44089228788916,-3.7637369158167164,870,870.0,9.940636365162169
robust_domain,2025-12-29,11.016587646334854,11.016587646334854,94.54413214946058,-7.036536443487224,1300,1300.0,10.460250995025204
robust_domain,2025-12-30,7.436641530705623,7.436641530705623,56.536379609501374,-3.4365666710752336,1382,1382.0,10.366376850313209
robust_domain,2025-12-31,8.543929240364582,8.543929240364582,73.89959108861527,-3.9141120883045457,1354,1354.0,9.414901613011741
robust_flexible,2025-10-01,11.256135647852165,11.256135647852165,90.3102070854153,-7.857284164799058,1658,1658.0,11.71204743657874
robust_flexible,2025-10-02,6.486759699310617,6.486759699310617,51.90723628586363,-2.0489802090788896,1455,1455.0,9.465487922793063
robust_flexible,2025-10-03,13.503114535872845,13.503114535872845,102.59072144246748,-10.592981488678586,1602,1602.0,12.565484859385668
robust_flexible,2025-10-04,10.1487534646793,10.1487534646793,84.31644842646479,-6.019615079882557,1350,1350.0,9.66989307024013
robust_flexible,2025-10-05,13.409179768249029,13.409179768249029,107.3691974569783,-9.199654840661758,1331,1331.0,10.694515764666942
robust_flexible,2025-10-06,10.336130917213962,10.336130917213962,80.30202169496874,-6.714560594545682,1585,1585.0,11.739787227688028
robust_flexible,2025-10-07,9.260655422134715,9.260655422134715,71.22687574192264,-5.600006770162293,1578,1578.0,10.66692470881253
robust_flexible,2025-10-08,7.082786778855576,7.082786778855576,52.20021464531844,-3.877878466164262,1711,1711.0,10.135173069256085
robust_flexible,2025-10-09,11.494901857805495,11.494901857805495,86.17413762467673,-8.79399876197018,1719,1719.0,13.879846526411749
robust_flexible,2025-10-10,8.364404679625425,8.364404679625425,63.259413693932416,-5.353632672210535,1635,1635.0,11.61561640612651
robust_flexible,2025-10-11,4.842277115433581,4.842277115433581,12.020842886910252,-1.005090545984075,1287,1287.0,9.793359219820113
robust_flexible,2025-10-12,12.386682441529537,12.386682441529537,102.82077204102242,-7.751903053118821,1204,1204.0,9.31172696510504
robust_flexible,2025-10-13,7.635738165049495,7.635738165049495,67.3258585077439,-2.4000662095553866,1290,1290.0,7.722959143744839
robust_flexible,2025-10-14,6.767022096465146,6.767022096465146,50.848391292383475,-2.832476800356203,1569,1569.0,10.352321589939722
robust_flexible,2025-10-15,9.365957459034425,9.365957459034425,76.03525764556733,-5.979428235073437,1529,1529.0,10.407427016939238
robust_flexible,2025-10-16,8.245428471351966,8.245428471351966,58.88906361587181,-5.176147772916685,1760,1760.0,12.790112689521537
robust_flexible,2025-10-17,9.940970819409033,9.940970819409033,79.90077107218575,-6.947514269163055,1595,1595.0,11.410888195532936
robust_flexible,2025-10-18,14.365074599156683,14.365074599156683,113.88536614684486,-10.459762626132694,1347,1347.0,9.992292702742875
robust_flexible,2025-10-19,11.83017004286227,11.83017004286227,98.1344160699602,-7.403364705981814,1306,1306.0,9.92531766859199
robust_flexible,2025-10-20,7.833192752713045,7.833192752713045,65.60930939713289,-3.751969765782696,1526,1526.0,9.201695946988325
robust_flexible,2025-10-21,7.686121983531107,7.686121983531107,52.85996383233178,-4.441379574923791,1502,1502.0,11.733494810221616
robust_flexible,2025-10-22,8.169405885139058,8.169405885139058,60.10033954413168,-5.0478508546691545,1664,1664.0,12.706283439613772
robust_flexible,2025-10-23,9.227529151243248,9.227529151243248,68.70508120919635,-6.114608424361861,1737,1737.0,12.365229191332768
robust_flexible,2025-10-24,8.561526344530947,8.561526344530947,68.08350435596937,-5.371327919850974,1689,1689.0,11.729749661208055
robust_flexible,2025-10-25,12.059047234343321,12.059047234343321,100.15012867673263,-7.949450806125517,1316,1316.0,11.041585360327929
robust_flexible,2025-10-26,10.921721676460695,10.921721676460695,93.43880898784192,-6.414307516316768,1314,1314.0,10.18306711734691
robust_flexible,2025-10-27,12.736826193347632,12.736826193347632,99.48914085438406,-9.425924225588497,1558,1558.0,11.993830068807066
robust_flexible,2025-10-28,11.388504262774008,11.388504262774008,91.00312126096277,-8.245857573966608,1671,1671.0,12.640925779752735
robust_flexible,2025-10-29,9.425450075987131,9.425450075987131,75.43275123247102,-6.252618641379297,1727,1727.0,12.153685991684592
robust_flexible,2025-10-30,9.627978869029077,9.627978869029077,65.39287163875896,-6.869131630740751,1840,1840.0,15.87875577246683
robust_flexible,2025-10-31,10.441999802167244,10.441999802167244,76.34367401596332,-6.341062147514395,1716,1716.0,13.591967391930787
robust_flexible,2025-11-01,9.046904438287731,9.046904438287731,73.48505521914475,-5.178062030839685,1390,1390.0,10.759256017007266
robust_flexible,2025-11-02,17.69616467241642,17.69616467241642,130.03890962501458,-12.835266383732773,1239,1239.0,13.030456541188803
robust_flexible,2025-11-03,8.89890744384456,8.89890744384456,70.33357444669335,-5.289417392256828,1597,1597.0,11.793816844059581
robust_flexible,2025-11-04,12.759246761952163,12.759246761952163,104.02772655427482,-8.941137601483346,1436,1436.0,11.577654923273393
robust_flexible,2025-11-05,12.036645290839969,12.036645290839969,92.10619582258053,-8.66223786815397,1765,1765.0,13.243661205977334
robust_flexible,2025-11-06,7.772623647649317,7.772623647649317,57.43118748155914,-4.5973981056569,1810,1810.0,12.385187605935766
robust_flexible,2025-11-07,11.339216685730095,11.339216685730095,90.37315873076872,-8.003449109512397,1582,1582.0,12.059613800224644
robust_flexible,2025-11-08,9.848591056306113,9.848591056306113,79.02540475281532,-5.946035597309824,1349,1349.0,10.72355008831607
robust_flexible,2025-11-09,12.449690461188332,12.449690461188332,106.3335953729859,-7.994514830542232,1176,1176.0,9.04990432642052
robust_flexible,2025-11-10,8.988427928110024,8.988427928110024,70.74963321400575,-5.942874241934778,1672,1672.0,11.323138894782124
robust_flexible,2025-11-11,10.141261750140798,10.141261750140798,86.45871179550987,-6.059744448884819,1540,1540.0,9.730589564844813
robust_flexible,2025-11-12,8.590820134542204,8.590820134542204,61.25891740959649,-5.39324513716753,1640,1640.0,12.895864754316898
robust_flexible,2025-11-13,8.280881297777933,8.280881297777933,59.549861016543346,-4.973418127719336,1761,1761.0,13.329239759131887
robust_flexible,2025-11-14,6.484141198463739,6.484141198463739,38.1469132466625,-2.7563204841157347,1676,1676.0,11.08784544829606
robust_flexible,2025-11-15,7.662576652213568,7.662576652213568,64.86067010835545,-3.6201739339459986,1378,1378.0,9.868120635822129
robust_flexible,2025-11-16,10.63579204941569,10.63579204941569,89.95347825665361,-6.030158716700419,1325,1325.0,9.227470763576324
robust_flexible,2025-11-17,7.624908807646531,7.624908807646531,58.36522438962014,-3.691597237010654,1721,1721.0,11.869004066975243
robust_flexible,2025-11-18,11.454801386971921,11.454801386971921,88.39793629860898,-7.8461537405533965,1719,1719.0,12.413486212634496
robust_flexible,2025-11-19,7.8676488033565235,7.8676488033565235,48.43900858066241,-5.062796797162528,1773,1773.0,14.136248210862616
robust_flexible,2025-11-20,9.595967524022663,9.595967524022663,60.86169210590065,-6.350174610769316,1877,1877.0,13.976249820041367
robust_flexible,2025-11-21,12.878539811316958,12.878539811316958,100.6329726191776,-9.804973878984322,1755,1755.0,12.769161704152552
robust_flexible,2025-11-22,8.937953633537637,8.937953633537637,77.72615972425804,-4.695333589555501,1277,1277.0,9.576385913075802
robust_flexible,2025-11-23,5.720122426700313,5.720122426700313,38.99986339782843,-0.9535091871304658,1235,1235.0,9.6739512609132
robust_flexible,2025-11-24,9.386081033578701,9.386081033578701,70.11719956134576,-5.799656754494525,1688,1688.0,12.776606459660814
robust_flexible,2025-11-25,9.937443503299505,9.937443503299505,67.29019113483724,-7.106577138285023,1795,1795.0,16.37864386640553
robust_flexible,2025-11-26,13.296392601388494,13.296392601388494,93.45498976534738,-9.853401631236874,1457,1457.0,14.386111264152744
robust_flexible,2025-11-27,5.799965645278344,5.799965645278344,45.067269361788696,-0.5689826449292011,995,995.0,8.65423486280976
robust_flexible,2025-11-28,10.738133505646127,10.738133505646127,93.9956033260475,-5.558976072853306,1131,1131.0,8.289829419653154
robust_flexible,2025-11-29,13.095635572068842,13.095635572068842,109.22625493679027,-8.14178023990372,1269,1269.0,9.053690585222279
robust_flexible,2025-11-30,9.437877617009237,9.437877617009237,85.06812318583533,-5.600405615026856,1342,1342.0,7.9436504748682495
robust_flexible,2025-12-01,8.275632079959648,8.275632079959648,61.884188343393284,-4.859570759666642,1579,1579.0,11.13594393137993
robust_flexible,2025-12-02,11.770234528403826,11.770234528403826,93.42493434909615,-8.486284315528467,1662,1662.0,11.405138153474589
robust_flexible,2025-12-03,8.57554086483974,8.57554086483974,66.53818533862976,-5.268254607358925,1826,1826.0,11.415487617941313
robust_flexible,2025-12-04,10.011247262611512,10.011247262611512,76.81870084944636,-6.897209111331854,1912,1912.0,12.267254417425045
robust_flexible,2025-12-05,10.45192434317519,10.45192434317519,84.95844019764714,-7.324099220443022,1713,1713.0,11.70792692005319
robust_flexible,2025-12-06,17.10304341199215,17.10304341199215,127.10147178634317,-13.459428556288863,1385,1385.0,10.652030825846516
robust_flexible,2025-12-07,9.967695224079097,9.967695224079097,87.41126162399365,-5.405958000766285,1250,1250.0,9.627133716162511
robust_flexible,2025-12-08,13.325070192717735,13.325070192717735,107.34877873593014,-9.561340152356596,1706,1706.0,10.084505326710023
robust_flexible,2025-12-09,12.418376646109953,12.418376646109953,93.73637204236114,-9.263238443619363,1783,1783.0,13.578601598071845
robust_flexible,2025-12-10,11.165850328463003,11.165850328463003,86.57237442609237,-8.383217535754078,1865,1865.0,12.68810733058309
robust_flexible,2025-12-11,11.110742323725603,11.110742323725603,82.34072897145774,-7.910091313140801,2016,2016.0,14.842408962267115
robust_flexible,2025-12-12,10.286985699809097,10.286985699809097,78.60705898089812,-7.210367673541267,1917,1917.0,13.512362157673008
robust_flexible,2025-12-13,14.117765113463918,14.117765113463918,112.36832690875806,-10.216303740337883,1526,1526.0,11.269183358939559
robust_flexible,2025-12-14,11.838201299128725,11.838201299128725,97.71355216650154,-7.51239764391195,1204,1204.0,10.37360127296961
robust_flexible,2025-12-15,7.290555971994878,7.290555971994878,47.7036480520607,-3.8647447453743404,1811,1811.0,12.446413070374236
robust_flexible,2025-12-16,9.9835344125422,9.9835344125422,73.88102178175218,-6.932056601364196,1772,1772.0,13.632865139602323
robust_flexible,2025-12-17,11.870188426278515,11.870188426278515,88.4313509144218,-8.925312428530312,1846,1846.0,13.855815983032851
robust_flexible,2025-12-18,14.824963209893355,14.824963209893355,106.78179527341015,-11.847768817144681,1924,1924.0,14.821777628034665
robust_flexible,2025-12-19,9.702172083659606,9.702172083659606,74.39095778828391,-6.572340046203482,1824,1824.0,12.26254032530407
robust_flexible,2025-12-20,12.61577453405114,12.61577453405114,102.44865635584081,-8.655871738680876,1333,1333.0,10.163871233962489
robust_flexible,2025-12-21,11.802236806023176,11.802236806023176,94.59919891256833,-7.462484499771443,1173,1173.0,9.790064267577316
robust_flexible,2025-12-22,8.077782032926208,8.077782032926208,51.00312357905826,-4.217602018741038,1531,1531.0,13.10826745004751
robust_flexible,2025-12-23,15.138257015091419,15.138257015091419,111.2788993930243,-11.689477368921425,1415,1415.0,13.283842172464835
robust_flexible,2025-12-24,17.57649865253551,17.57649865253551,133.50545075528387,-12.371144450071565,1205,1205.0,10.393131422708274
robust_flexible,2025-12-25,12.933097013143302,12.933097013143302,103.91757277747422,-7.121226590049695,766,766.0,8.887197740092695
robust_flexible,2025-12-26,6.910190803157674,6.910190803157674,58.94995134018053,-1.5012426922955349,1093,1093.0,8.366038881003805
robust_flexible,2025-12-27,4.569302459759123,4.569302459759123,7.596006869037968,1.0542789077565493,663,663.0,9.329972142061449
robust_flexible,2025-12-28,9.451536034735947,9.451536034735947,75.75482347358397,-4.478953348256487,870,870.0,9.204598256687198
robust_flexible,2025-12-29,11.414373369687997,11.414373369687997,94.61169221557822,-6.86005387681983,1300,1300.0,10.032857120286184
robust_flexible,2025-12-30,7.875460310583,7.875460310583,56.62473487936824,-3.1968495182209327,1382,1382.0,10.5931634117951
robust_flexible,2025-12-31,9.090967026653166,9.090967026653166,74.17639110376125,-4.121121283596099,1354,1354.0,9.807643462293322
attempt_001,2025-10-01,13.374154069637038,13.374154069637038,89.96330573692349,-1.7236121418421497,1658,1658.0,12.637390942174358
attempt_001,2025-10-02,9.732019186444251,9.732019186444251,52.10805703713064,4.481822604495508,1455,1455.0,12.684842622614775
attempt_001,2025-10-03,15.226712776844725,15.226712776844725,102.32438853812002,-4.02497353621349,1602,1602.0,12.601972456005107
attempt_001,2025-10-04,12.674841746414758,12.674841746414758,83.8955618980626,0.4163788857919011,1350,1350.0,11.928804403292585
attempt_001,2025-10-05,16.440134809919275,16.440134809919275,107.1729907802139,-2.270016466570908,1331,1331.0,13.322901308068886
attempt_001,2025-10-06,12.430421082413064,12.430421082413064,79.87964328006166,-0.506197599204796,1585,1585.0,12.374834868654698
attempt_001,2025-10-07,12.071282245115139,12.071282245115139,70.78558369936425,0.863052389634844,1578,1578.0,12.818736580920229
attempt_001,2025-10-08,9.456645074327286,9.456645074327286,51.86832228149098,2.6658592788482616,1711,1711.0,12.160757645815625
attempt_001,2025-10-09,13.03713355437336,13.03713355437336,85.80086687026417,-2.1998021758368926,1719,1719.0,12.60918921667293
attempt_001,2025-10-10,10.299083589201638,10.299083589201638,63.08888088559649,1.1515854976020181,1635,1635.0,11.933424342102398
attempt_001,2025-10-11,7.664932502176401,7.664932502176401,13.036318378295476,5.639772431321305,1287,1287.0,11.886769092230804
attempt_001,2025-10-12,16.25957753066762,16.25957753066762,102.48398095209527,-0.6651585004285883,1204,1204.0,12.8246688171998
attempt_001,2025-10-13,11.33396401123455,11.33396401123455,66.97143297850997,3.7179088862155565,1290,1290.0,12.114893173671243
attempt_001,2025-10-14,9.320943916214155,9.320943916214155,50.78023267439416,3.201262151937606,1569,1569.0,12.357710252480782
attempt_001,2025-10-15,11.70620514786279,11.70620514786279,75.70897025433602,0.14253342564595758,1529,1529.0,12.073705895281615
attempt_001,2025-10-16,10.032885305983495,10.032885305983495,58.60545749583482,1.1285167439200203,1760,1760.0,12.627111325309007
attempt_001,2025-10-17,11.755994011386612,11.755994011386612,79.70312130830916,-0.6552189227182856,1595,1595.0,11.949520229597711
attempt_001,2025-10-18,16.798777616825614,16.798777616825614,113.43318888913336,-3.923258902233557,1347,1347.0,11.868215154211086
attempt_001,2025-10-19,14.8677626697706,14.8677626697706,97.8592724253596,-0.47460145074639454,1306,1306.0,12.692227249907923
attempt_001,2025-10-20,10.821355548894468,10.821355548894468,65.48876452881679,2.0190586249098437,1526,1526.0,11.570570160743156
attempt_001,2025-10-21,9.841696652541518,9.841696652541518,52.16266381393989,1.7264147385140507,1502,1502.0,12.75636560479955
attempt_001,2025-10-22,10.066410043937834,10.066410043937834,59.950025016788544,0.9396118659880783,1664,1664.0,11.966143052346897
attempt_001,2025-10-23,11.018611202141207,11.018611202141207,68.45003502859352,0.12857410102662473,1737,1737.0,12.5347017554845
attempt_001,2025-10-24,10.60480366081684,10.60480366081684,67.59823320391376,1.156259099930662,1689,1689.0,12.292560500431266
attempt_001,2025-10-25,14.713988526526323,14.713988526526323,99.85768734512791,-1.5653343639896842,1316,1316.0,12.413140681866789
attempt_001,2025-10-26,14.16334439350022,14.16334439350022,93.1980290107114,0.4160522948061162,1314,1314.0,12.901856155542077
attempt_001,2025-10-27,14.940512747331352,14.940512747331352,99.09179874757496,-3.5782803038974897,1558,1558.0,13.562070670463246
attempt_001,2025-10-28,13.448360613266129,13.448360613266129,90.65394398959985,-2.198141443276533,1671,1671.0,12.590195190598209
attempt_001,2025-10-29,11.415317367895161,11.415317367895161,75.40232637899165,-0.3264978214625048,1727,1727.0,11.880292913761428
attempt_001,2025-10-30,11.118636175012124,11.118636175012124,64.93399296103792,-0.7876586207558488,1840,1840.0,14.129153742065421
attempt_001,2025-10-31,12.332745634797663,12.332745634797663,75.82087802773061,0.07468979816016598,1716,1716.0,13.524883816158525
attempt_001,2025-11-01,11.261969275394051,11.261969275394051,73.25222632822158,1.7371488192077245,1390,1390.0,12.34996248772872
attempt_001,2025-11-02,20.815108077194314,20.815108077194314,129.20575730054458,-5.782027547827708,1239,1239.0,13.609062338923955
attempt_001,2025-11-03,11.110114109206602,11.110114109206602,70.2150337064537,0.504024994582065,1597,1597.0,12.455567006904403
attempt_001,2025-11-04,15.161407415287874,15.161407415287874,103.70524422624464,-3.1600607900876043,1436,1436.0,12.45733419090479
attempt_001,2025-11-05,14.073009677135275,14.073009677135275,91.70986076879029,-2.4774279068267253,1765,1765.0,13.014301760255767
attempt_001,2025-11-06,9.705912734462167,9.705912734462167,57.40659310470949,1.4657061080881086,1810,1810.0,12.364543415661535
attempt_001,2025-11-07,13.422065533507004,13.422065533507004,90.03531700024266,-1.5550114974283018,1582,1582.0,12.567691366184967
attempt_001,2025-11-08,12.377995015612031,12.377995015612031,78.90583251648158,0.49280142607900584,1349,1349.0,11.83516473695196
attempt_001,2025-11-09,15.815872197196702,15.815872197196702,106.19673898623388,-1.4334938383694917,1176,1176.0,12.258942433104336
attempt_001,2025-11-10,11.131551471270065,11.131551471270065,70.42157924043421,-0.10054121849559546,1672,1672.0,11.87855422175599
attempt_001,2025-11-11,13.113462492376833,13.113462492376833,86.23087978189403,0.11619774450721385,1540,1540.0,12.260061427616543
attempt_001,2025-11-12,10.630012961809495,10.630012961809495,61.08033998932872,0.5568900010110271,1640,1640.0,12.531238375241657
attempt_001,2025-11-13,10.548843275183925,10.548843275183925,59.39465410407104,1.1074877790773265,1761,1761.0,13.026507568182268
attempt_001,2025-11-14,8.820597632448733,8.820597632448733,38.085251715605466,3.5454529957373344,1676,1676.0,12.56535032584577
attempt_001,2025-11-15,10.665869146975256,10.665869146975256,64.82743639032728,2.7338118806284326,1378,1378.0,11.795390463623152
attempt_001,2025-11-16,14.325494987256944,14.325494987256944,89.66015558702075,0.8523123607455126,1325,1325.0,12.236408853600064
attempt_001,2025-11-17,10.063337427237514,10.063337427237514,58.273636315931796,2.2994476093495644,1721,1721.0,12.211444402138522
attempt_001,2025-11-18,13.367358000487732,13.367358000487732,87.99328684178376,-1.9304837134036297,1719,1719.0,12.594644879195007
attempt_001,2025-11-19,9.561146467755073,9.561146467755073,48.20605589153447,1.0854616357365174,1773,1773.0,13.005728810031963
attempt_001,2025-11-20,11.277849738338144,11.277849738338144,60.50884049541074,-0.2506493034356771,1877,1877.0,12.620560047020755
attempt_001,2025-11-21,14.951114501087629,14.951114501087629,100.03677034804147,-3.456053646161759,1755,1755.0,12.250866621387976
attempt_001,2025-11-22,11.834744364507223,11.834744364507223,77.44552268245975,1.8018758285401892,1277,1277.0,12.172224663611898
attempt_001,2025-11-23,9.26334961759304,9.26334961759304,38.91168737633411,5.834779784071605,1235,1235.0,12.644133458819946
attempt_001,2025-11-24,11.311752993815755,11.311752993815755,69.75268093202703,-0.00028373083808848825,1688,1688.0,12.280678022744787
attempt_001,2025-11-25,11.140135155277369,11.140135155277369,66.75859968093746,-1.168612284123286,1795,1795.0,13.17834504548745
attempt_001,2025-11-26,15.27775502500254,15.27775502500254,93.07676625422695,-3.707474087702907,1457,1457.0,13.84240795896976
attempt_001,2025-11-27,9.999251393749999,9.999251393749999,45.18307828828537,6.178936569791648,995,995.0,12.470905110802605
attempt_001,2025-11-28,14.934252035063624,14.934252035063624,94.022151026969,1.0557367060113678,1131,1131.0,12.148482227766294
attempt_001,2025-11-29,17.093005833143735,17.093005833143735,108.96207079481259,-1.495394065925156,1269,1269.0,12.554915178698707
attempt_001,2025-11-30,12.922360143374705,12.922360143374705,84.87711091679785,1.10905820474487,1342,1342.0,11.399323746088745
attempt_001,2025-12-01,10.407423116805303,10.407423116805303,61.651473241037905,0.8938757674035116,1579,1579.0,11.641776966662865
attempt_001,2025-12-02,14.099882047768082,14.099882047768082,93.01104379647346,-2.5590414826110393,1662,1662.0,12.246436535909991
attempt_001,2025-12-03,10.658964874512534,10.658964874512534,66.32871438965438,0.6958648483293817,1826,1826.0,12.096722820379895
attempt_001,2025-12-04,12.0155254331935,12.0155254331935,76.43435250057395,-0.6946866495900657,1912,1912.0,12.372861265598896
attempt_001,2025-12-05,12.374777330588662,12.374777330588662,84.51262497315051,-1.0233858554938682,1713,1713.0,11.92492874722647
attempt_001,2025-12-06,19.195386200226892,19.195386200226892,126.59713027634601,-6.989378251573906,1385,1385.0,11.649634438888528
attempt_001,2025-12-07,13.442954271989107,13.442954271989107,87.02563440266326,1.361637371939612,1250,1250.0,12.307713970400375
attempt_001,2025-12-08,15.77379965616118,15.77379965616118,106.98490615978011,-3.4889950069303675,1706,1706.0,12.05670561970448
attempt_001,2025-12-09,14.2319520972624,14.2319520972624,93.36503066801781,-3.186442378316041,1783,1783.0,12.347754638327617
attempt_001,2025-12-10,12.889923135659727,12.889923135659727,86.22744613293405,-2.1116482463946418,1865,1865.0,12.138941029582965
attempt_001,2025-12-11,12.902639940751518,12.902639940751518,82.06301534549976,-1.803026208091593,2016,2016.0,12.704888678683506
attempt_001,2025-12-12,11.952554038908714,11.952554038908714,78.30568014444911,-0.834954969793209,1917,1917.0,12.440538951192808
attempt_001,2025-12-13,16.742004761214197,16.742004761214197,112.00586801651684,-3.79659109235298,1526,1526.0,12.651077990684701
attempt_001,2025-12-14,15.114988912451244,15.114988912451244,97.32414071047337,-0.38590737516651347,1204,1204.0,12.33026523615968
attempt_001,2025-12-15,9.256750365998458,9.256750365998458,47.50539486147487,1.9430213593466068,1811,1811.0,12.283943514161981
attempt_001,2025-12-16,11.67832164181572,11.67832164181572,73.60728129619154,-0.865780170248872,1772,1772.0,12.42315067153247
attempt_001,2025-12-17,13.51204837370342,13.51204837370342,88.12771930597694,-2.6608994928606635,1846,1846.0,12.434184251767114
attempt_001,2025-12-18,16.02550531420104,16.02550531420104,106.16276206732768,-5.579274901897869,1924,1924.0,12.600783491995088
attempt_001,2025-12-19,11.90033929286398,11.90033929286398,74.02323195841869,-0.11773805435460177,1824,1824.0,12.341209937096908
attempt_001,2025-12-20,15.428222510516726,15.428222510516726,101.89242590513447,-2.2044897163677146,1333,1333.0,12.376967675646775
attempt_001,2025-12-21,15.490898210072627,15.490898210072627,94.11982297913084,-0.671300906603272,1173,1173.0,12.624246858087961
attempt_001,2025-12-22,10.39066813494461,10.39066813494461,50.563314629973064,2.01211191657964,1531,1531.0,12.71914607948537
attempt_001,2025-12-23,16.975576048123923,16.975576048123923,110.78003957603406,-5.428197021563071,1415,1415.0,12.532559633655056
attempt_001,2025-12-24,20.75901380487866,20.75901380487866,132.9061326366807,-6.071938724657759,1205,1205.0,12.041390520213326
attempt_001,2025-12-25,17.852250863574245,17.852250863574245,102.93368650357364,0.1189487749011052,766,766.0,14.396351348545124
attempt_001,2025-12-26,10.773621326238889,10.773621326238889,59.04513785998112,4.674569719601724,1093,1093.0,12.580978359129059
attempt_001,2025-12-27,8.474582995719631,8.474582995719631,9.862293945638969,7.297704585904146,663,663.0,12.63751479176363
attempt_001,2025-12-28,13.415395251869121,13.415395251869121,75.41852925917426,2.299456454011913,870,870.0,12.543022764644768
attempt_001,2025-12-29,14.32492376168179,14.32492376168179,94.31449326038872,-0.6170243684007003,1300,1300.0,12.391479492432195
attempt_001,2025-12-30,10.659438601564142,10.659438601564142,56.53732969024902,3.0206552370785857,1382,1382.0,12.3406539082059
attempt_001,2025-12-31,12.376740738739121,12.376740738739121,73.88291512863641,2.511330972568723,1354,1354.0,12.596089442036323
attempt_002,2025-10-01,13.249738819701001,13.249738819701001,90.03239178404066,-1.827970365861454,1658,1658.0,12.770105172767346
attempt_002,2025-10-02,9.665913955144346,9.665913955144346,52.11459519591823,4.5362018027450555,1455,1455.0,12.946857893034377
attempt_002,2025-10-03,15.073133457845165,15.073133457845165,102.29801974936898,-4.161125633936105,1602,1602.0,12.522959058403472
attempt_002,2025-10-04,12.641081845789426,12.641081845789426,83.77968207358994,0.6617885892114763,1350,1350.0,11.693354013920022
attempt_002,2025-10-05,16.492150822386755,16.492150822386755,107.08935678875474,-1.9590523333692262,1331,1331.0,13.320805366523278
attempt_002,2025-10-06,12.320061707237882,12.320061707237882,79.87076767589886,-0.6083764112288286,1585,1585.0,12.288204709245992
attempt_002,2025-10-07,11.946072020542037,11.946072020542037,70.64870642489949,0.8726864999890127,1578,1578.0,12.317607893816836
attempt_002,2025-10-08,9.38697716508769,9.38697716508769,51.77056417866307,2.5961667745326293,1711,1711.0,12.284684275007734
attempt_002,2025-10-09,12.957051358483197,12.957051358483197,85.90069008528855,-2.329624915199492,1719,1719.0,12.820085428343923
attempt_002,2025-10-10,10.131281687853146,10.131281687853146,63.07857338749378,1.0550189747263778,1635,1635.0,11.660545875735556
attempt_002,2025-10-11,7.74117717698774,7.74117717698774,12.994914750259255,5.9443746172584,1287,1287.0,12.018860820476897
attempt_002,2025-10-12,16.39744388260896,16.39744388260896,102.51696195497776,-0.40399630698805916,1204,1204.0,13.83788975584938
attempt_002,2025-10-13,11.10214556317242,11.10214556317242,67.08874663862338,3.507418891578276,1290,1290.0,11.755143999240703
attempt_002,2025-10-14,9.173893349017678,9.173893349017678,50.76344956958875,3.1347281924175814,1569,1569.0,11.964110183279804
attempt_002,2025-10-15,11.58269027898343,11.58269027898343,75.69756079707004,0.021669181793415006,1529,1529.0,11.67440963979571
attempt_002,2025-10-16,9.939708789259932,9.939708789259932,58.58144818239769,1.145643333631273,1760,1760.0,12.877671554270448
attempt_002,2025-10-17,11.633278586913864,11.633278586913864,79.68500073376521,-0.7492679324026832,1595,1595.0,11.995797915657056
attempt_002,2025-10-18,16.894119803561523,16.894119803561523,113.36108348494862,-3.560155837408231,1347,1347.0,11.891138546255549
attempt_002,2025-10-19,15.02394308069104,15.02394308069104,97.93454144856025,-0.1254485816133804,1306,1306.0,12.69707221549799
attempt_002,2025-10-20,10.64643024943308,10.64643024943308,65.41583621482668,1.9470321685099283,1526,1526.0,11.460332545884764
attempt_002,2025-10-21,9.630634108570012,9.630634108570012,51.89846434941013,1.7390318973470658,1502,1502.0,12.454926450754412
attempt_002,2025-10-22,9.912427448973697,9.912427448973697,59.87139579084002,0.8379298187951523,1664,1664.0,11.856822046835221
attempt_002,2025-10-23,10.782426145812808,10.782426145812808,68.37792786865474,-0.006508337915394352,1737,1737.0,12.332807563805249
attempt_002,2025-10-24,10.542954216349433,10.542954216349433,67.89201450423792,1.1544016988328116,1689,1689.0,12.512694005632136
attempt_002,2025-10-25,14.697106298306768,14.697106298306768,99.94046979914566,-1.2655879153152583,1316,1316.0,12.205928938488718
attempt_002,2025-10-26,14.302603869112103,14.302603869112103,93.11799106252168,0.7572071711038695,1314,1314.0,13.49341613366918
attempt_002,2025-10-27,14.710042911859592,14.710042911859592,99.04054911208222,-3.6173336118723713,1558,1558.0,12.745390104241618
attempt_002,2025-10-28,13.25901425992686,13.25901425992686,90.7117783385057,-2.242759439530448,1671,1671.0,12.145927352812988
attempt_002,2025-10-29,11.270336606828684,11.270336606828684,75.5717671932609,-0.3975714665823224,1727,1727.0,11.67857387068228
attempt_002,2025-10-30,10.98332846399488,10.98332846399488,64.83843136503248,-0.8656194532742699,1840,1840.0,14.313287961690762
attempt_002,2025-10-31,12.154093771055686,12.154093771055686,76.0776184768517,-0.06584254823494597,1716,1716.0,13.538120899955668
attempt_002,2025-11-01,11.296225702915889,11.296225702915889,73.17998572613695,2.04597205759162,1390,1390.0,12.051206599391675
attempt_002,2025-11-02,20.84335653811468,20.84335653811468,129.0588979835122,-5.521711857257388,1239,1239.0,14.905016576393315
attempt_002,2025-11-03,10.946164079514496,10.946164079514496,70.18663422828743,0.4124651321071804,1597,1597.0,12.185920850959189
attempt_002,2025-11-04,14.980411261138459,14.980411261138459,103.6550910024804,-3.2107473378462825,1436,1436.0,12.274774153559669
attempt_002,2025-11-05,13.888117168135212,13.888117168135212,91.63703416658309,-2.52224458521871,1765,1765.0,13.17405729424532
attempt_002,2025-11-06,9.496041150168418,9.496041150168418,57.37657378145491,1.3628777609935732,1810,1810.0,12.027996138184717
attempt_002,2025-11-07,13.329740364730798,13.329740364730798,90.0394142814853,-1.5873986285652593,1582,1582.0,12.422179903306773
attempt_002,2025-11-08,12.444688075180771,12.444688075180771,78.88643117344331,0.8493530842522387,1349,1349.0,12.077003202486631
attempt_002,2025-11-09,16.02132510953934,16.02132510953934,106.30595475231718,-1.1419297264490431,1176,1176.0,12.50103959910765
attempt_002,2025-11-10,10.968031881907498,10.968031881907498,70.34191861790809,-0.18609553731070808,1672,1672.0,11.461206559747001
attempt_002,2025-11-11,12.923851205742025,12.923851205742025,86.1376141641811,0.04461210681478414,1540,1540.0,12.197558506939366
attempt_002,2025-11-12,10.448982490595537,10.448982490595537,61.06857964052189,0.5357284006956314,1640,1640.0,12.477871142845654
attempt_002,2025-11-13,10.381298626133688,10.381298626133688,59.342572163524,1.1117242779593577,1761,1761.0,13.227570949828248
attempt_002,2025-11-14,8.69189810846458,8.69189810846458,38.11788979833351,3.5494054765882597,1676,1676.0,12.25814905443799
attempt_002,2025-11-15,10.750948722306305,10.750948722306305,64.82137574185528,3.067537260874782,1378,1378.0,11.885644004772228
attempt_002,2025-11-16,14.421031659442457,14.421031659442457,89.61283132089734,1.0769431903311166,1325,1325.0,12.218709652592029
attempt_002,2025-11-17,9.874283545295462,9.874283545295462,58.19729782695134,2.225934995504688,1721,1721.0,12.018402759080349
attempt_002,2025-11-18,13.25955812441591,13.25955812441591,88.03525870407321,-1.9278738779730993,1719,1719.0,12.467870325761806
attempt_002,2025-11-19,9.285982197792345,9.285982197792345,48.08459253425821,1.0350980044882627,1773,1773.0,12.686631920469537
attempt_002,2025-11-20,11.159800564094589,11.159800564094589,60.44349105881348,-0.34246866943793225,1877,1877.0,12.577154363492722
attempt_002,2025-11-21,14.767052117265635,14.767052117265635,99.99002304217568,-3.547465822506871,1755,1755.0,12.197687087129292
attempt_002,2025-11-22,11.855492980926364,11.855492980926364,77.53530981410955,2.0999990184993926,1277,1277.0,12.00454354303031
attempt_002,2025-11-23,9.440224773373025,9.440224773373025,38.80286362428888,6.214841783474176,1235,1235.0,13.058146275221779
attempt_002,2025-11-24,11.08021429711246,11.08021429711246,69.68653646814572,-0.04513116499560635,1688,1688.0,11.886004163030812
attempt_002,2025-11-25,11.016770148280406,11.016770148280406,66.806819187604,-1.207123426204912,1795,1795.0,13.261730695552496
attempt_002,2025-11-26,15.009434957841085,15.009434957841085,92.98066807379547,-3.8191051113107837,1457,1457.0,13.4349847344425
attempt_002,2025-11-27,9.998344036496322,9.998344036496322,45.14838374356982,6.3133626086443115,995,995.0,12.394010685406972
attempt_002,2025-11-28,14.869654111641148,14.869654111641148,94.02724809278267,1.0401973113087968,1131,1131.0,11.907376161432675
attempt_002,2025-11-29,17.267123767934518,17.267123767934518,108.97376039979056,-1.1995382809249187,1269,1269.0,13.121547335153535
attempt_002,2025-11-30,13.0333650501044,13.0333650501044,84.84746316329489,1.307721133554192,1342,1342.0,11.514375086269103
attempt_002,2025-12-01,10.311279779784682,10.311279779784682,61.6609990022599,0.7245132592959143,1579,1579.0,11.416991595936908
attempt_002,2025-12-02,13.905227979601797,13.905227979601797,92.95288939044883,-2.62698452297014,1662,1662.0,11.905645400680763
attempt_002,2025-12-03,10.531271294098282,10.531271294098282,66.30090700628405,0.5748251862482093,1826,1826.0,11.993928626878688
attempt_002,2025-12-04,11.872021513125702,11.872021513125702,76.41451600206149,-0.7726595848436557,1912,1912.0,12.494802484054963
attempt_002,2025-12-05,12.193612259916495,12.193612259916495,84.55225505638373,-1.0955061799044223,1713,1713.0,11.587082722543041
attempt_002,2025-12-06,19.182862412882344,19.182862412882344,126.54060412435577,-6.803228393251829,1385,1385.0,11.375154881344557
attempt_002,2025-12-07,13.636369835218485,13.636369835218485,87.14556219065467,1.7572125775819092,1250,1250.0,12.847717528324907
attempt_002,2025-12-08,15.522479305779392,15.522479305779392,106.92215435083138,-3.7008794128590274,1706,1706.0,11.467067082001572
attempt_002,2025-12-09,14.055742457158424,14.055742457158424,93.36119372798552,-3.2101399846312635,1783,1783.0,12.226791033320145
attempt_002,2025-12-10,12.703927463592061,12.703927463592061,86.1991484768551,-2.2223637750463863,1865,1865.0,11.778524674806038
attempt_002,2025-12-11,12.68024702528294,12.68024702528294,82.0150905609814,-1.8748468557126718,2016,2016.0,12.647997978591402
attempt_002,2025-12-12,11.832964197392014,11.832964197392014,78.2825121486486,-0.8680163949132387,1917,1917.0,12.474617535256256
attempt_002,2025-12-13,16.7026192403833,16.7026192403833,111.96093303383857,-3.5644965069284793,1526,1526.0,12.4134007375943
attempt_002,2025-12-14,15.211985678829025,15.211985678829025,97.29940149547319,-0.22682108378492172,1204,1204.0,12.270973056530247
attempt_002,2025-12-15,9.038346531408342,9.038346531408342,47.408936542579994,1.796500615780592,1811,1811.0,12.010778923768322
attempt_002,2025-12-16,11.533256907221194,11.533256907221194,73.57370656162855,-0.9412431675552234,1772,1772.0,12.384374068255832
attempt_002,2025-12-17,13.430482767046328,13.430482767046328,88.11942847844828,-2.8004760782768447,1846,1846.0,12.537597114461718
attempt_002,2025-12-18,15.922063783836316,15.922063783836316,106.13262429177087,-5.759968093319981,1924,1924.0,12.73262137283431
attempt_002,2025-12-19,11.698065447453454,11.698065447453454,74.03429809910088,-0.29143945657193865,1824,1824.0,12.03212340048279
attempt_002,2025-12-20,15.443329221171629,15.443329221171629,101.68687926330793,-1.921505067639345,1333,1333.0,12.168968372478677
attempt_002,2025-12-21,15.483682637669657,15.483682637669657,94.04343886312192,-0.44776146437042136,1173,1173.0,12.344528094303099
attempt_002,2025-12-22,10.072349517389068,10.072349517389068,50.64059745419012,1.7210705929596946,1531,1531.0,12.450118865363407
attempt_002,2025-12-23,16.80896032629937,16.80896032629937,110.77274696042096,-5.531356904108006,1415,1415.0,12.42040049950949
attempt_002,2025-12-24,20.560006886137042,20.560006886137042,132.89580816448637,-6.152804310002871,1205,1205.0,11.661185427209263
attempt_002,2025-12-25,17.870211787493883,17.870211787493883,102.75158505290604,0.2902184432528927,766,766.0,15.323313547565704
attempt_002,2025-12-26,10.616582359548442,10.616582359548442,59.027354135790446,4.625575270479644,1093,1093.0,12.356333964585039
attempt_002,2025-12-27,8.435285491649537,8.435285491649537,9.874346057434325,7.400978607156636,663,663.0,12.731000652917926
attempt_002,2025-12-28,13.431715445620554,13.431715445620554,75.25701765882143,2.536660561665388,870,870.0,12.731944162897522
attempt_002,2025-12-29,14.271664155783816,14.271664155783816,94.48221965278735,-0.6508276334745988,1300,1300.0,12.109172498325787
attempt_002,2025-12-30,10.477496421948313,10.477496421948313,56.48363984741192,2.9478059227338713,1382,1382.0,11.951628003267492
attempt_002,2025-12-31,12.164754242247373,12.164754242247373,73.73620288698835,2.477316712441087,1354,1354.0,12.291666142033355
attempt_003,2025-10-01,11.292746348839646,11.292746348839646,90.38918406093036,-8.135286184866976,1658,1658.0,11.881664421694264
attempt_003,2025-10-02,6.031670964238986,6.031670964238986,51.889739814800976,-1.894649748128603,1455,1455.0,8.960059822101146
attempt_003,2025-10-03,13.413673116876458,13.413673116876458,102.7029634571018,-10.450108545277248,1602,1602.0,13.13788693754753
attempt_003,2025-10-04,9.4653401569429,9.4653401569429,83.89137939405586,-5.591408338257394,1350,1350.0,8.352323725438035
attempt_003,2025-10-05,12.949435205714723,12.949435205714723,107.39981262119136,-8.351757231498697,1331,1331.0,10.016055619859682
attempt_003,2025-10-06,10.1963103517245,10.1963103517245,80.15999912672629,-6.993445149025302,1585,1585.0,11.150020228784616
attempt_003,2025-10-07,9.279590444775392,9.279590444775392,70.93158135015887,-5.447413296150597,1578,1578.0,11.369458844214503
attempt_003,2025-10-08,7.141185230929903,7.141185230929903,51.87499564994127,-3.7881822963392566,1711,1711.0,10.438050430886289
attempt_003,2025-10-09,11.402529483944754,11.402529483944754,86.27721365279878,-8.840720468945358,1719,1719.0,13.739343541471206
attempt_003,2025-10-10,8.064403472588062,8.064403472588062,63.32700446162706,-5.421557150436261,1635,1635.0,11.386149462311861
attempt_003,2025-10-11,4.2153381146525435,4.2153381146525435,11.56676967461037,-0.38909452550201873,1287,1287.0,8.324948756337394
attempt_003,2025-10-12,12.179545093623423,12.179545093623423,102.70018879518545,-6.754486354910711,1204,1204.0,9.166646166069171
attempt_003,2025-10-13,6.988090038095466,6.988090038095466,67.1065108282292,-2.753210504366265,1290,1290.0,7.244531702488713
attempt_003,2025-10-14,6.587530567833908,6.587530567833908,50.74919093691624,-3.1793442088508574,1569,1569.0,10.334851119274742
attempt_003,2025-10-15,9.297444088672435,9.297444088672435,75.95480735906544,-6.298048680979764,1529,1529.0,11.081181353281599
attempt_003,2025-10-16,8.03962109277103,8.03962109277103,58.76433626964181,-5.336385633390885,1760,1760.0,12.584073110200716
attempt_003,2025-10-17,9.727923091360697,9.727923091360697,79.97917782712952,-7.152992115053129,1595,1595.0,10.984922405086127
attempt_003,2025-10-18,13.662312416888199,13.662312416888199,113.75831518468878,-9.878193942022536,1347,1347.0,8.773783465420522
attempt_003,2025-10-19,11.266911565716638,11.266911565716638,98.25014308876811,-6.511020520901411,1306,1306.0,9.157163965762146
attempt_003,2025-10-20,7.573844114228251,7.573844114228251,65.58657409209636,-4.269518596664026,1526,1526.0,9.331835765328634
attempt_003,2025-10-21,7.525806921152345,7.525806921152345,52.19607336830544,-4.599661399431769,1502,1502.0,12.115947552374445
attempt_003,2025-10-22,7.925921231903034,7.925921231903034,60.05308768821299,-5.438315337169114,1664,1664.0,12.690791864871805
attempt_003,2025-10-23,8.878569780374818,8.878569780374818,68.67022445790413,-6.456444659764236,1737,1737.0,12.278580804517087
attempt_003,2025-10-24,8.255185453097306,8.255185453097306,68.00990367619032,-5.335343437815077,1689,1689.0,11.949930037733955
attempt_003,2025-10-25,11.38608801310442,11.38608801310442,100.21387782681307,-7.582593092035356,1316,1316.0,9.41748356934841
attempt_003,2025-10-26,10.523282814864166,10.523282814864166,93.22189203446057,-5.558126316240994,1314,1314.0,9.751638219259652
attempt_003,2025-10-27,12.713152490817627,12.713152490817627,99.4378635198081,-9.867052612568727,1558,1558.0,12.818572410039899
attempt_003,2025-10-28,11.254262170305726,11.254262170305726,91.07466663808839,-8.598786077326148,1671,1671.0,12.559621605340269
attempt_003,2025-10-29,9.219428747189063,9.219428747189063,75.71151393232834,-6.710780021511244,1727,1727.0,11.618492470737298
attempt_003,2025-10-30,9.609471539957319,9.609471539957319,65.24653059814254,-7.294940725420864,1840,1840.0,15.014138033297625
attempt_003,2025-10-31,9.840113121548656,9.840113121548656,76.31268480318018,-6.4014714583454735,1716,1716.0,12.404222800530617
attempt_003,2025-11-01,8.123061341050928,8.123061341050928,73.32136210086246,-4.2548462876637965,1390,1390.0,8.961004984733638
attempt_003,2025-11-02,17.062020289955914,17.062020289955914,129.37075176094592,-12.03273933530704,1239,1239.0,12.420027642840454
attempt_003,2025-11-03,8.76998896880252,8.76998896880252,70.35688856837872,-5.816481940163993,1597,1597.0,11.583670441231968
attempt_003,2025-11-04,12.620541656565312,12.620541656565312,103.99221599448376,-9.443735068763022,1436,1436.0,11.22386653861293
attempt_003,2025-11-05,11.799088677569628,11.799088677569628,92.05600966627868,-8.956128602850338,1765,1765.0,13.057306957068509
attempt_003,2025-11-06,7.56621068267239,7.56621068267239,57.49110699355554,-5.06203015659779,1810,1810.0,12.021071532965241
attempt_003,2025-11-07,11.05892977364276,11.05892977364276,90.32318782386525,-8.002660290023842,1582,1582.0,12.012633100064258
attempt_003,2025-11-08,9.361246626319279,9.361246626319279,79.07088606316164,-5.416756729780131,1349,1349.0,10.14416409177851
attempt_003,2025-11-09,12.02149717419194,12.02149717419194,106.56146836035632,-7.446287488854508,1176,1176.0,8.327867711960481
attempt_003,2025-11-10,9.022365899443477,9.022365899443477,70.63041769634754,-6.422858801737758,1672,1672.0,11.675255407141343
attempt_003,2025-11-11,9.793421518973798,9.793421518973798,86.37034288784545,-6.346084964909252,1540,1540.0,9.280299283450853
attempt_003,2025-11-12,8.402524345934454,8.402524345934454,61.28479503859699,-5.738442345416009,1640,1640.0,12.294821189625395
attempt_003,2025-11-13,8.079947722478586,8.079947722478586,59.52201685806191,-5.3540080481333945,1761,1761.0,13.245720582623324
attempt_003,2025-11-14,6.151693122378123,6.151693122378123,37.97903025134459,-2.869264723428735,1676,1676.0,10.603520703573956
attempt_003,2025-11-15,7.302107319727187,7.302107319727187,64.78529815281142,-3.2630225808146402,1378,1378.0,8.658962893268777
attempt_003,2025-11-16,10.150299509296968,10.150299509296968,89.7302100006009,-5.273505353808442,1325,1325.0,7.929207074152818
attempt_003,2025-11-17,7.3204383245619065,7.3204383245619065,58.20969354274772,-4.125585423563505,1721,1721.0,11.361550340593038
attempt_003,2025-11-18,11.322183607324412,11.322183607324412,88.37878273942987,-8.248163564849895,1719,1719.0,12.428706276337875
attempt_003,2025-11-19,7.6957266946981155,7.6957266946981155,48.347166381357994,-5.36163497367865,1773,1773.0,14.37894002639219
attempt_003,2025-11-20,9.356325935865076,9.356325935865076,60.78026289226491,-6.749614836192579,1877,1877.0,13.40818813825822
attempt_003,2025-11-21,12.541753756842937,12.541753756842937,100.44900829387544,-9.885478186375993,1755,1755.0,12.570643542278674
attempt_003,2025-11-22,8.313382221162152,8.313382221162152,77.55308963770258,-4.223989688605933,1277,1277.0,8.577572578329033
attempt_003,2025-11-23,5.132107704980067,5.132107704980067,38.306912086681415,-0.22611896404697204,1235,1235.0,8.08449586192662
attempt_003,2025-11-24,9.137161740949477,9.137161740949477,69.99600418490185,-6.338153216544647,1688,1688.0,12.152938157730645
attempt_003,2025-11-25,9.82688838641753,9.82688838641753,67.18680981129715,-7.580820995415515,1795,1795.0,16.032559442793684
attempt_003,2025-11-26,13.03587906554334,13.03587906554334,93.39345334100616,-10.206588488769835,1457,1457.0,14.389850928279404
attempt_003,2025-11-27,5.278047443274634,5.278047443274634,44.63912136412134,0.06727587425515223,995,995.0,7.835898795071325
attempt_003,2025-11-28,10.26970062454609,10.26970062454609,94.1217965929403,-5.331212716036931,1131,1131.0,7.20457006513902
attempt_003,2025-11-29,12.86583755151137,12.86583755151137,109.20181419171418,-7.536650689536043,1269,1269.0,8.429803050965146
attempt_003,2025-11-30,8.960132111290378,8.960132111290378,84.9305758613526,-5.028378631740097,1342,1342.0,6.925830587522246
attempt_003,2025-12-01,8.242414599548596,8.242414599548596,61.88172705763264,-5.535459968473746,1579,1579.0,11.663189524233399
attempt_003,2025-12-02,11.762547327765109,11.762547327765109,93.40747645833085,-8.965845882327438,1662,1662.0,12.365416975710966
attempt_003,2025-12-03,8.39455049226354,8.39455049226354,66.48766588099333,-5.799226267264221,1826,1826.0,11.872647553236513
attempt_003,2025-12-04,9.860411605328789,9.860411605328789,76.77725797170271,-7.191027765257404,1912,1912.0,12.478009844671861
attempt_003,2025-12-05,10.064621501428135,10.064621501428135,84.90690789197686,-7.483180647275639,1713,1713.0,10.847136314614541
attempt_003,2025-12-06,16.49443318768914,16.49443318768914,127.0205934050374,-13.114891486634894,1385,1385.0,9.973685700880708
attempt_003,2025-12-07,9.607955604823958,9.607955604823958,87.28147768781253,-4.592879315087213,1250,1250.0,9.743070732425737
attempt_003,2025-12-08,13.035396633621547,13.035396633621547,107.27098600306408,-9.94288632909955,1706,1706.0,9.875382916223744
attempt_003,2025-12-09,12.320931636971622,12.320931636971622,93.78756251408963,-9.597220622693694,1783,1783.0,13.894443360836556
attempt_003,2025-12-10,10.971811857158459,10.971811857158459,86.58421270038893,-8.59185027055432,1865,1865.0,12.547300983109043
attempt_003,2025-12-11,10.75251944372737,10.75251944372737,82.3433127614706,-8.22668777531784,2016,2016.0,14.44598560627467
attempt_003,2025-12-12,9.846341744867093,9.846341744867093,78.55063698447726,-7.239471704523197,1917,1917.0,13.051078558236648
attempt_003,2025-12-13,13.508579149753995,13.508579149753995,112.26647043791846,-9.837815780615857,1526,1526.0,9.895268662731894
attempt_003,2025-12-14,11.167042367294618,11.167042367294618,97.46464778569539,-6.528138986912688,1204,1204.0,8.737974613317045
attempt_003,2025-12-15,7.156092253207115,7.156092253207115,47.59257911866975,-4.4957929130494305,1811,1811.0,12.713342710706385
attempt_003,2025-12-16,9.894605552522247,9.894605552522247,73.87868343752011,-7.2780049319975175,1772,1772.0,13.85178026795685
attempt_003,2025-12-17,11.800874615450887,11.800874615450887,88.51769884840618,-9.212273182194789,1846,1846.0,13.359119321067372
attempt_003,2025-12-18,14.606754480236473,14.606754480236473,106.68020443802843,-12.141651575155931,1924,1924.0,15.31876721323476
attempt_003,2025-12-19,9.429937885569444,9.429937885569444,74.35481432682637,-6.692835273556438,1824,1824.0,11.991011452854341
attempt_003,2025-12-20,12.141923885145019,12.141923885145019,102.10504797311617,-8.292944538363367,1333,1333.0,9.907160741585141
attempt_003,2025-12-21,11.460262255327539,11.460262255327539,94.28475918004888,-6.836874441195419,1173,1173.0,9.271956839423538
attempt_003,2025-12-22,7.725973248792966,7.725973248792966,50.7966253733652,-4.591611616740896,1531,1531.0,13.176987650810776
attempt_003,2025-12-23,14.803864787254328,14.803864787254328,111.27545773490553,-11.953051666712765,1415,1415.0,13.02430215099865
attempt_003,2025-12-24,16.68545349427266,16.68545349427266,133.36065299589694,-12.53118501762615,1205,1205.0,8.171460703044762
attempt_003,2025-12-25,12.820322860322225,12.820322860322225,103.03853750361561,-6.137781337403279,766,766.0,9.964095260046456
attempt_003,2025-12-26,6.308743976200023,6.308743976200023,58.859057428417664,-1.7333172212182435,1093,1093.0,7.970993144707307
attempt_003,2025-12-27,3.7942289977926045,3.7942289977926045,6.606359520755075,1.1373579503705251,663,663.0,7.963270990849129
attempt_003,2025-12-28,9.129353408327711,9.129353408327711,75.42477313860176,-3.7102636425788047,870,870.0,8.97054785384178
attempt_003,2025-12-29,10.891495488869959,10.891495488869959,94.69460792174304,-6.981653181968277,1300,1300.0,10.011191793889417
attempt_003,2025-12-30,7.235347043191235,7.235347043191235,56.43935816042287,-3.3912360124342604,1382,1382.0,9.745164102636162
attempt_003,2025-12-31,8.43484790550504,8.43484790550504,73.8920172556372,-3.882045082872055,1354,1354.0,9.142686795580326
attempt_004,2025-10-01,10.928036829655928,10.928036829655928,90.36524547285748,-8.320853532930444,1658,1658.0,11.239086794934565
attempt_004,2025-10-02,5.718361767653145,5.718361767653145,51.849176140866454,-2.0440921375203476,1455,1455.0,8.419302505608613
attempt_004,2025-10-03,13.106475146595132,13.106475146595132,102.77258182942158,-10.537917855201858,1602,1602.0,13.15198085555686
attempt_004,2025-10-04,9.140230773386683,9.140230773386683,84.03663726100027,-5.609320298170332,1350,1350.0,8.025196417199647
attempt_004,2025-10-05,12.807010823805195,12.807010823805195,107.37074373515006,-8.140297753715894,1331,1331.0,9.521399391608803
attempt_004,2025-10-06,9.791631366626193,9.791631366626193,80.17970648670932,-6.968548907940273,1585,1585.0,10.892910388149081
attempt_004,2025-10-07,8.838971303632668,8.838971303632668,70.96867437826997,-5.603826706188042,1578,1578.0,10.459140670291674
attempt_004,2025-10-08,6.7726710349233175,6.7726710349233175,51.90858960895056,-3.888893377039379,1711,1711.0,9.872162794173466
attempt_004,2025-10-09,11.085660439243107,11.085660439243107,86.19987621540639,-8.87429471962698,1719,1719.0,13.267299291327147
attempt_004,2025-10-10,7.684096752132157,7.684096752132157,63.34961117113676,-5.4786348008001315,1635,1635.0,10.745672091081806
attempt_004,2025-10-11,3.970995225976231,3.970995225976231,11.505847971664236,-0.3437144548940811,1287,1287.0,7.941057638832514
attempt_004,2025-10-12,11.909997263346515,11.909997263346515,102.58581443752828,-6.6925775609390294,1204,1204.0,8.300593079950605
attempt_004,2025-10-13,6.664066481155211,6.664066481155211,67.02535143338035,-2.672486581652674,1290,1290.0,6.42870072515399
attempt_004,2025-10-14,6.215712930416219,6.215712930416219,50.663184801599044,-3.305765576596175,1569,1569.0,9.776168843093188
attempt_004,2025-10-15,8.985110180782605,8.985110180782605,76.00588101602956,-6.339798598692674,1529,1529.0,10.526273059059346
attempt_004,2025-10-16,7.733846177621488,7.733846177621488,58.87743840349841,-5.4463526847323145,1760,1760.0,12.548911308639497
attempt_004,2025-10-17,9.502410807621347,9.502410807621347,79.98746126340532,-7.142130427738509,1595,1595.0,10.888136328953284
attempt_004,2025-10-18,13.428515214340948,13.428515214340948,113.73371174505273,-9.977628657628262,1347,1347.0,8.42710242218523
attempt_004,2025-10-19,10.987684455233115,10.987684455233115,98.13481928257096,-6.460901682913371,1306,1306.0,8.961671040174428
attempt_004,2025-10-20,7.335508809534039,7.335508809534039,65.55975846513125,-4.264604436680076,1526,1526.0,8.537708101880012
attempt_004,2025-10-21,7.206762250845151,7.206762250845151,52.339311731624655,-4.6715446956720745,1502,1502.0,11.072461763975284
attempt_004,2025-10-22,7.713208021452791,7.713208021452791,60.108890507790804,-5.552112056336527,1664,1664.0,12.396179411109731
attempt_004,2025-10-23,8.597535937687605,8.597535937687605,68.7161369032536,-6.633957816271015,1737,1737.0,11.993932519329368
attempt_004,2025-10-24,7.949271276832089,7.949271276832089,67.83439417432925,-5.55151729223265,1689,1689.0,11.151048503570129
attempt_004,2025-10-25,11.17185708129165,11.17185708129165,100.17148313566057,-7.536650454690338,1316,1316.0,8.910348563498978
attempt_004,2025-10-26,10.226139391945013,10.226139391945013,93.22574535834029,-5.451819737129147,1314,1314.0,9.034279174028327
attempt_004,2025-10-27,12.440467509125522,12.440467509125522,99.44134976378227,-9.942499416461676,1558,1558.0,12.571492146074547
attempt_004,2025-10-28,11.050799522467006,11.050799522467006,91.070651571304,-8.660867673866138,1671,1671.0,12.462611916867061
attempt_004,2025-10-29,9.00500908183708,9.00500908183708,75.7676308409985,-6.7808121086865825,1727,1727.0,11.346314419187898
attempt_004,2025-10-30,9.399451080649891,9.399451080649891,65.27486235234151,-7.321020291794292,1840,1840.0,15.143789958659001
attempt_004,2025-10-31,9.595112475644246,9.595112475644246,76.19717337027052,-6.648052575140848,1716,1716.0,12.402466512568825
attempt_004,2025-11-01,7.853924421264243,7.853924421264243,73.41021058963467,-4.280888353462459,1390,1390.0,9.001076797737376
attempt_004,2025-11-02,16.75199040910156,16.75199040910156,129.45615282942904,-12.195623528278468,1239,1239.0,11.668784488076291
attempt_004,2025-11-03,8.520280494685455,8.520280494685455,70.38760267465025,-5.968506673095214,1597,1597.0,11.653286006771273
attempt_004,2025-11-04,12.334174737604227,12.334174737604227,103.95497001742534,-9.570133595901881,1436,1436.0,11.018176987115286
attempt_004,2025-11-05,11.476014902007964,11.476014902007964,92.04399861560611,-8.946787929416573,1765,1765.0,12.50566397996938
attempt_004,2025-11-06,7.347442441716059,7.347442441716059,57.524220531849664,-5.172387777642872,1810,1810.0,11.970756968811902
attempt_004,2025-11-07,10.744759340061767,10.744759340061767,90.40665834419981,-8.088435048786714,1582,1582.0,11.652022356694706
attempt_004,2025-11-08,9.026223192687478,9.026223192687478,79.0205125141264,-5.417656203961917,1349,1349.0,9.298882053592948
attempt_004,2025-11-09,11.76065674597834,11.76065674597834,106.49838359551897,-7.37470995862081,1176,1176.0,7.694487755172708
attempt_004,2025-11-10,8.797822067900507,8.797822067900507,70.64025253693369,-6.391621807383826,1672,1672.0,11.279755957116564
attempt_004,2025-11-11,9.535151616277943,9.535151616277943,86.40899511446104,-6.3032392781098325,1540,1540.0,8.80398854210157
attempt_004,2025-11-12,8.136139124277806,8.136139124277806,61.300341191872015,-5.7883029949207945,1640,1640.0,12.542670422708788
attempt_004,2025-11-13,7.899696340855234,7.899696340855234,59.59847025908311,-5.513087179356877,1761,1761.0,13.339953624093033
attempt_004,2025-11-14,5.770349276992654,5.770349276992654,37.89160512229415,-3.060367017234654,1676,1676.0,10.320373345429365
attempt_004,2025-11-15,7.047833919454288,7.047833919454288,64.74656882094422,-3.314686070236575,1378,1378.0,8.190713791099606
attempt_004,2025-11-16,9.954544266611416,9.954544266611416,89.65983830023505,-5.274438726464862,1325,1325.0,7.486022631393435
attempt_004,2025-11-17,7.071762083435471,7.071762083435471,58.38777064927972,-4.1591748043915135,1721,1721.0,11.119087778158061
attempt_004,2025-11-18,11.161385168472643,11.161385168472643,88.40120562620473,-8.402399161757083,1719,1719.0,12.177295041062601
attempt_004,2025-11-19,7.5076902764107825,7.5076902764107825,48.41552738729067,-5.455110816480454,1773,1773.0,13.98586983870453
attempt_004,2025-11-20,9.156472723592374,9.156472723592374,60.935244046986845,-6.949992369209788,1877,1877.0,13.72959454559663
attempt_004,2025-11-21,12.401049661055868,12.401049661055868,100.41570707194816,-9.998784266147256,1755,1755.0,12.616277845680706
attempt_004,2025-11-22,7.993922182636149,7.993922182636149,77.5202631416642,-4.334600899336794,1277,1277.0,8.030985030718732
attempt_004,2025-11-23,5.030858932440349,5.030858932440349,38.3707313802832,-0.0632535073337911,1235,1235.0,8.112163357648805
attempt_004,2025-11-24,8.957331571442289,8.957331571442289,70.00234657107329,-6.481457495742998,1688,1688.0,11.746671693494246
attempt_004,2025-11-25,9.64622821169299,9.64622821169299,67.32620940667634,-7.885229612457875,1795,1795.0,16.235348843861104
attempt_004,2025-11-26,12.927283544603606,12.927283544603606,93.49372325254511,-10.494813069876294,1457,1457.0,15.371305894720368
attempt_004,2025-11-27,5.117341655049041,5.117341655049041,44.70114222479047,-0.13018689391971403,995,995.0,7.322792392309141
attempt_004,2025-11-28,10.126918764055388,10.126918764055388,94.04202641360806,-5.278322133054381,1131,1131.0,7.032592600200398
attempt_004,2025-11-29,12.650642022490448,12.650642022490448,109.09589484979972,-7.461416494195465,1269,1269.0,7.907673214106692
attempt_004,2025-11-30,8.81587526167253,8.81587526167253,84.94350668627823,-4.8275551886394865,1342,1342.0,6.5412889482381456
attempt_004,2025-12-01,7.9405232133443455,7.9405232133443455,61.919512769701946,-5.711378064601958,1579,1579.0,11.243168462876387
attempt_004,2025-12-02,11.485480653234683,11.485480653234683,93.37012198545442,-9.196498075617452,1662,1662.0,12.692491339903784
attempt_004,2025-12-03,8.167166307739684,8.167166307739684,66.49288652283592,-5.857625770060901,1826,1826.0,11.673753656556634
attempt_004,2025-12-04,9.573012444251317,9.573012444251317,76.8148686811885,-7.363624439213399,1912,1912.0,11.924909978870307
attempt_004,2025-12-05,9.789691177856003,9.789691177856003,84.88545844411121,-7.5614254313723,1713,1713.0,10.769715271893059
attempt_004,2025-12-06,16.175571222846358,16.175571222846358,127.0097758515842,-13.048927484052893,1385,1385.0,9.455376913544525
attempt_004,2025-12-07,9.392705489106085,9.392705489106085,87.25567013200158,-4.566921137518037,1250,1250.0,8.60464508618063
attempt_004,2025-12-08,12.772893553130876,12.772893553130876,107.3419824979284,-9.999686278172529,1706,1706.0,9.70049599038873
attempt_004,2025-12-09,12.001327999533771,12.001327999533771,93.73285861537984,-9.664771660332836,1783,1783.0,12.991439449031123
attempt_004,2025-12-10,10.617474969376216,10.617474969376216,86.57025049285706,-8.701527676037655,1865,1865.0,12.738772056580393
attempt_004,2025-12-11,10.544284218557355,10.544284218557355,82.39711968211225,-8.420035490741288,2016,2016.0,14.512787888508713
attempt_004,2025-12-12,9.603625047900675,9.603625047900675,78.67637382136415,-7.4610666566425925,1917,1917.0,13.104640455945546
attempt_004,2025-12-13,13.227457348786986,13.227457348786986,112.34737252255533,-9.93538687261666,1526,1526.0,9.44822156678205
attempt_004,2025-12-14,10.898825239614157,10.898825239614157,97.46312723866104,-6.454668382826413,1204,1204.0,8.037726223554403
attempt_004,2025-12-15,6.921286121721706,6.921286121721706,47.654774425013436,-4.640852453669025,1811,1811.0,12.656314901040059
attempt_004,2025-12-16,9.69244615285204,9.69244615285204,73.94987499639966,-7.518260594556808,1772,1772.0,13.65759682153052
attempt_004,2025-12-17,11.51307383210477,11.51307383210477,88.55354625316751,-9.394354378004557,1846,1846.0,13.82795610543616
attempt_004,2025-12-18,14.281873369239177,14.281873369239177,106.66117052445672,-12.306113125052779,1924,1924.0,15.568663458769649
attempt_004,2025-12-19,9.130536297376626,9.130536297376626,74.29393086743985,-6.879799639259017,1824,1824.0,11.710815810782083
attempt_004,2025-12-20,11.876681302526475,11.876681302526475,102.09864800816842,-8.417601565907487,1333,1333.0,9.057215303894244
attempt_004,2025-12-21,11.335208069140322,11.335208069140322,94.40400704520371,-6.881029079614347,1173,1173.0,9.096853327818245
attempt_004,2025-12-22,7.547945114518278,7.547945114518278,50.8600201165434,-4.730948727344045,1531,1531.0,12.906210579847553
attempt_004,2025-12-23,14.500258889137955,14.500258889137955,111.30415962773063,-11.9978701676296,1415,1415.0,12.708395243931543
attempt_004,2025-12-24,16.34640837461581,16.34640837461581,133.40422211484812,-12.698081898620762,1205,1205.0,7.314384835065341
attempt_004,2025-12-25,12.644111921429964,12.644111921429964,103.10009109799753,-6.3037050151797995,766,766.0,9.462802048687927
attempt_004,2025-12-26,6.069228596005716,6.069228596005716,58.90719140320277,-1.7437450823615162,1093,1093.0,7.564292382765444
attempt_004,2025-12-27,3.646545700195337,3.646545700195337,6.582790085273532,1.147896430580356,663,663.0,7.684768354269036
attempt_004,2025-12-28,8.892501989372127,8.892501989372127,75.36459761421112,-3.723522412219101,870,870.0,8.465457301417292
attempt_004,2025-12-29,10.581963973301539,10.581963973301539,94.59554123611609,-7.0772091843857305,1300,1300.0,10.30614258397691
attempt_004,2025-12-30,6.992765847729992,6.992765847729992,56.49608582729516,-3.507806056152495,1382,1382.0,9.45569941381522
attempt_004,2025-12-31,8.051585610717671,8.051585610717671,73.84761206133936,-4.02721719047206,1354,1354.0,8.930025682430482
attempt_005,2025-10-01,10.647327637008846,10.647327637008846,90.09437597311707,-8.072749496023722,1658,1658.0,10.786291680295262
attempt_005,2025-10-02,5.558028750536615,5.558028750536615,51.782783302856494,-1.9520591043252062,1455,1455.0,8.71564305837593
attempt_005,2025-10-03,12.69630714521323,12.69630714521323,102.77279007902074,-10.518432937307898,1602,1602.0,11.505432638180892
attempt_005,2025-10-04,8.857417152834142,8.857417152834142,83.96805978304083,-5.6912061680937125,1350,1350.0,8.04651888255401
attempt_005,2025-10-05,12.616222597319009,12.616222597319009,107.27270001839779,-8.190006772287058,1331,1331.0,9.075467838837724
attempt_005,2025-10-06,9.573704969013495,9.573704969013495,80.23055772840519,-6.687762622213209,1585,1585.0,10.34830078181148
attempt_005,2025-10-07,8.537039603805905,8.537039603805905,70.84293029753776,-5.5131562130308245,1578,1578.0,9.921418110358454
attempt_005,2025-10-08,6.438701856970739,6.438701856970739,51.638477410168655,-3.9279430108127262,1711,1711.0,9.247783622786528
attempt_005,2025-10-09,10.737095782255622,10.737095782255622,86.07465943628212,-8.670934919544958,1719,1719.0,12.478472077746027
attempt_005,2025-10-10,7.4062321623338025,7.4062321623338025,63.29223767653708,-5.383598199650846,1635,1635.0,9.819088254498945
attempt_005,2025-10-11,3.856289943425535,3.856289943425535,11.19514267513133,-0.45786975485076825,1287,1287.0,8.11183252698911
attempt_005,2025-10-12,11.803721774445808,11.803721774445808,102.6318491622991,-6.805917614136261,1204,1204.0,8.201190533711916
attempt_005,2025-10-13,6.586721683827783,6.586721683827783,67.12576827765233,-2.4569564869754976,1290,1290.0,6.652879977481144
attempt_005,2025-10-14,6.044769734851502,6.044769734851502,50.68195519516042,-3.0063008259407953,1569,1569.0,9.454155909845822
attempt_005,2025-10-15,8.691685009614025,8.691685009614025,75.93754791459389,-6.095690726473435,1529,1529.0,9.531515336068791
attempt_005,2025-10-16,7.354402767787381,7.354402767787381,58.77954559764707,-5.261392263791278,1760,1760.0,11.323558564191647
attempt_005,2025-10-17,9.23166651876709,9.23166651876709,79.94234500338098,-7.023076071449371,1595,1595.0,10.394014982573616
attempt_005,2025-10-18,13.392649084717872,13.392649084717872,113.90268780744321,-10.10843843957344,1347,1347.0,8.056649659838731
attempt_005,2025-10-19,10.66145108750683,10.66145108750683,98.19303252770523,-6.6955095954088275,1306,1306.0,8.073276918688517
attempt_005,2025-10-20,7.112935312123443,7.112935312123443,65.43120913602763,-3.964394929187149,1526,1526.0,7.568936846030121
attempt_005,2025-10-21,6.98548990807832,6.98548990807832,52.29886369882386,-4.414817644684635,1502,1502.0,10.836824864487179
attempt_005,2025-10-22,7.402072513754529,7.402072513754529,59.91476288157827,-5.2109008029499995,1664,1664.0,11.29805847252606
attempt_005,2025-10-23,8.269553368200382,8.269553368200382,68.57208095365613,-6.344598749448531,1737,1737.0,11.107757520251589
attempt_005,2025-10-24,7.702547522922522,7.702547522922522,67.68990784815188,-5.584710103804442,1689,1689.0,10.747215775049217
attempt_005,2025-10-25,11.16851684634613,11.16851684634613,100.24613590138982,-7.810275090764297,1316,1316.0,9.150915570358649
attempt_005,2025-10-26,9.919897174370487,9.919897174370487,93.2742954052583,-5.726573870329841,1314,1314.0,8.115969571880067
attempt_005,2025-10-27,12.133969802701435,12.133969802701435,99.31364106775692,-9.687615366755512,1558,1558.0,12.029449535352414
attempt_005,2025-10-28,10.827781677604722,10.827781677604722,90.94156755086935,-8.505793689081353,1671,1671.0,12.357757131667856
attempt_005,2025-10-29,8.706020435128144,8.706020435128144,75.70329795014132,-6.492824158636517,1727,1727.0,11.096856206853278
attempt_005,2025-10-30,8.976141082305626,8.976141082305626,65.25507087790953,-7.2035142364996405,1840,1840.0,14.195063302493283
attempt_005,2025-10-31,9.362735860871599,9.362735860871599,76.05481947267512,-6.735530669200201,1716,1716.0,11.874621427500143
attempt_005,2025-11-01,7.884437658423074,7.884437658423074,73.48363544756383,-4.778083924062437,1390,1390.0,9.348514117072968
attempt_005,2025-11-02,16.741070147816522,16.741070147816522,129.9449607706088,-12.390143169615579,1239,1239.0,11.81956459990309
attempt_005,2025-11-03,8.215493703920414,8.215493703920414,70.25624230198596,-5.624820263798889,1597,1597.0,10.880203524850726
attempt_005,2025-11-04,12.110616247054537,12.110616247054537,103.83440865594862,-9.253961084705526,1436,1436.0,10.427231407321552
attempt_005,2025-11-05,11.146346866635554,11.146346866635554,91.87988596182606,-8.766782872034911,1765,1765.0,11.88203505606618
attempt_005,2025-11-06,7.081046174603352,7.081046174603352,57.425689006901756,-5.041508160166294,1810,1810.0,11.51657826355835
attempt_005,2025-11-07,10.44382708591031,10.44382708591031,90.3261128532777,-8.007017862165133,1582,1582.0,10.11597330267297
attempt_005,2025-11-08,8.909094630264796,8.909094630264796,78.94988715126897,-5.492234577203107,1349,1349.0,8.844768540055252
attempt_005,2025-11-09,11.721311593678017,11.721311593678017,106.53046969121488,-7.388927234144897,1176,1176.0,7.6015963462465335
attempt_005,2025-11-10,8.382358643933866,8.382358643933866,70.6448256516285,-6.106475031219266,1672,1672.0,10.319761546205054
attempt_005,2025-11-11,9.38260444267494,9.38260444267494,86.32000344725027,-6.033600405082379,1540,1540.0,8.840342606887479
attempt_005,2025-11-12,7.802636442611091,7.802636442611091,61.196499911600334,-5.580580729159216,1640,1640.0,11.577865348386913
attempt_005,2025-11-13,7.5476057742519425,7.5476057742519425,59.513337657461506,-5.26189752746758,1761,1761.0,12.212177159145035
attempt_005,2025-11-14,5.541542416400035,5.541542416400035,37.91633415219885,-2.886018136095618,1676,1676.0,9.559291303067152
attempt_005,2025-11-15,6.966690517949296,6.966690517949296,64.69679271871598,-3.338112406816931,1378,1378.0,8.038164271684417
attempt_005,2025-11-16,9.87184372584269,9.87184372584269,89.73227099718865,-5.3744538521898395,1325,1325.0,7.4502959060418625
attempt_005,2025-11-17,6.8375427365541706,6.8375427365541706,58.31327046590569,-3.805106306149454,1721,1721.0,10.116414406052275
attempt_005,2025-11-18,10.833853916375848,10.833853916375848,88.28472209449818,-8.074383083725193,1719,1719.0,11.311965789412866
attempt_005,2025-11-19,7.233206378734699,7.233206378734699,48.404595426568996,-5.209108187228278,1773,1773.0,13.136342904253445
attempt_005,2025-11-20,8.764303308262749,8.764303308262749,60.741451289037926,-6.6754176803458884,1877,1877.0,12.4850510567271
attempt_005,2025-11-21,12.037117184515287,12.037117184515287,100.37890031022499,-9.88115556936804,1755,1755.0,11.588940996022568
attempt_005,2025-11-22,7.861577895051442,7.861577895051442,77.35542207761733,-4.442825217835373,1277,1277.0,7.869299952458704
attempt_005,2025-11-23,4.85464469458995,4.85464469458995,38.411132044441985,-0.21283245244953755,1235,1235.0,7.673905037104178
attempt_005,2025-11-24,8.562998637826913,8.562998637826913,69.87873152675996,-6.08332250112021,1688,1688.0,10.75336381464279
attempt_005,2025-11-25,9.198677833344318,9.198677833344318,67.21230580830563,-7.592352603579862,1795,1795.0,14.815257023056141
attempt_005,2025-11-26,12.466475893264946,12.466475893264946,93.33158843165619,-10.0666100723226,1457,1457.0,14.619032795222092
attempt_005,2025-11-27,5.152434510088915,5.152434510088915,44.8980974566112,-0.06242361877084843,995,995.0,7.573860355540088
attempt_005,2025-11-28,10.160087290624233,10.160087290624233,94.00664037974396,-5.109831956476164,1131,1131.0,7.259629699298685
attempt_005,2025-11-29,12.470398940933848,12.470398940933848,109.03112175667881,-7.418641398069821,1269,1269.0,7.716559311609962
attempt_005,2025-11-30,8.724461696008822,8.724461696008822,84.82078432993123,-4.627482838198746,1342,1342.0,6.48928106623902
attempt_005,2025-12-01,7.751410441653493,7.751410441653493,61.879940532772416,-5.496666676970625,1579,1579.0,10.61494881947561
attempt_005,2025-12-02,11.164836229959644,11.164836229959644,93.25089340895197,-8.959084120315957,1662,1662.0,11.387716322281303
attempt_005,2025-12-03,7.793086446549385,7.793086446549385,66.4498800189636,-5.708864952634375,1826,1826.0,10.434277530666103
attempt_005,2025-12-04,9.24172384891748,9.24172384891748,76.7834524397178,-7.221682294987229,1912,1912.0,11.04600874581896
attempt_005,2025-12-05,9.491277196464019,9.491277196464019,84.72589154865337,-7.524756815415579,1713,1713.0,9.304865252669092
attempt_005,2025-12-06,16.015191341713656,16.015191341713656,126.97660953003825,-13.218623094661533,1385,1385.0,9.505684107253886
attempt_005,2025-12-07,9.346291226326231,9.346291226326231,87.28797366439623,-4.585083829046617,1250,1250.0,8.576504160327001
attempt_005,2025-12-08,12.627672532122805,12.627672532122805,107.30378456604363,-9.684453304546508,1706,1706.0,9.220888456295587
attempt_005,2025-12-09,11.773674079062634,11.773674079062634,93.73310536220968,-9.406191765220738,1783,1783.0,12.593545517045817
attempt_005,2025-12-10,10.37236624595971,10.37236624595971,86.50151222842048,-8.591349841106648,1865,1865.0,11.96294440134646
attempt_005,2025-12-11,10.191328577300444,10.191328577300444,82.25983659239334,-8.251886789545155,2016,2016.0,13.204444928941749
attempt_005,2025-12-12,9.223548621534395,9.223548621534395,78.62008333183415,-7.35493844388065,1917,1917.0,11.904601453716008
attempt_005,2025-12-13,13.096325825003373,13.096325825003373,112.37022917699623,-10.058519530223906,1526,1526.0,9.364085617681404
attempt_005,2025-12-14,10.997670854284463,10.997670854284463,97.5644258488455,-6.692832755684479,1204,1204.0,8.459698470897033
attempt_005,2025-12-15,6.658398214168513,6.658398214168513,47.533869961669446,-4.437383553612028,1811,1811.0,11.749556719853913
attempt_005,2025-12-16,9.357720377672292,9.357720377672292,73.84719726157333,-7.343153622692248,1772,1772.0,13.379645998403417
attempt_005,2025-12-17,11.123618596078572,11.123618596078572,88.44135073246464,-9.137556316263845,1846,1846.0,12.680238365733034
attempt_005,2025-12-18,13.918086413790698,13.918086413790698,106.59501617101354,-12.15058040658088,1924,1924.0,14.431352723846318
attempt_005,2025-12-19,8.8590361486295,8.8590361486295,74.0947368510584,-6.77521290596475,1824,1824.0,10.604082850545183
attempt_005,2025-12-20,11.515948892828344,11.515948892828344,101.94876580657217,-8.49595291215625,1333,1333.0,8.575982067184913
attempt_005,2025-12-21,11.086913484964683,11.086913484964683,94.31309728038563,-6.8868747058075686,1173,1173.0,7.93741803427641
attempt_005,2025-12-22,7.096367769667448,7.096367769667448,50.81542531327551,-4.4037605285876245,1531,1531.0,11.769098324180852
attempt_005,2025-12-23,14.210250604019368,14.210250604019368,111.2502332217074,-11.79396477597976,1415,1415.0,11.973407603555922
attempt_005,2025-12-24,16.206523118054058,16.206523118054058,133.42724174463928,-12.506036876319396,1205,1205.0,7.890343827231949
attempt_005,2025-12-25,12.797994361111932,12.797994361111932,103.4382549313352,-6.1392732348134444,766,766.0,9.075206498140417
attempt_005,2025-12-26,6.132458490834819,6.132458490834819,58.92688677842811,-1.357950113326085,1093,1093.0,7.187337545924369
attempt_005,2025-12-27,3.8504900086141824,3.8504900086141824,6.942373384313501,1.2883584925028735,663,663.0,8.38949488483188
attempt_005,2025-12-28,8.836957966999423,8.836957966999423,75.54976232108353,-3.6662621999558787,870,870.0,8.029009450480228
attempt_005,2025-12-29,10.305046647095022,10.305046647095022,94.42722814186558,-6.838725058004541,1300,1300.0,8.330758094398085
attempt_005,2025-12-30,6.658306648562539,6.658306648562539,56.43073327821789,-3.298732700289732,1382,1382.0,8.249872534099412
attempt_005,2025-12-31,7.89211751956229,7.89211751956229,73.88570361254827,-3.901391954674432,1354,1354.0,8.364375164438606
attempt_006,2025-10-01,10.61839269720597,10.61839269720597,90.02742295261424,-7.679606529090415,1658,1658.0,10.663662892142192
attempt_006,2025-10-02,5.624487147771727,5.624487147771727,51.77281772521335,-1.5575052767368345,1455,1455.0,8.74105919408379
attempt_006,2025-10-03,12.59646963753764,12.59646963753764,102.72117881528291,-10.11393550085571,1602,1602.0,11.165574014935098
attempt_006,2025-10-04,8.937917791564072,8.937917791564072,84.09117198955768,-6.566884664943818,1350,1350.0,7.989170841167181
attempt_006,2025-10-05,12.480948554094878,12.480948554094878,107.35964770892214,-9.16798337369534,1331,1331.0,8.731149519908847
attempt_006,2025-10-06,9.546079355051187,9.546079355051187,80.19449179427643,-6.321741536601956,1585,1585.0,10.10060459139267
attempt_006,2025-10-07,8.56518863078687,8.56518863078687,70.77656328434394,-5.124447796532485,1578,1578.0,9.781035882816186
attempt_006,2025-10-08,6.404881882808954,6.404881882808954,51.58242746009743,-3.525662182740674,1711,1711.0,9.382076159678789
attempt_006,2025-10-09,10.632807724176912,10.632807724176912,86.03293006862,-8.300543744497741,1719,1719.0,12.123692943897481
attempt_006,2025-10-10,7.323842573335577,7.323842573335577,63.25079846292338,-5.019449910417294,1635,1635.0,9.684020181302078
attempt_006,2025-10-11,3.8569234873328386,3.8569234873328386,11.387703352188808,-1.330584683765713,1287,1287.0,8.024620300946939
attempt_006,2025-10-12,11.515860251436353,11.515860251436353,102.64966611514124,-7.747111610925021,1204,1204.0,7.68320742724212
attempt_006,2025-10-13,6.719475465051066,6.719475465051066,67.0901368739695,-2.140620014571852,1290,1290.0,6.944078849560109
attempt_006,2025-10-14,6.06789214034466,6.06789214034466,50.66254294396699,-2.6393991030545325,1569,1569.0,9.715501888001128
attempt_006,2025-10-15,8.681358021976694,8.681358021976694,75.9118604706887,-5.733381502930584,1529,1529.0,9.347532371151267
attempt_006,2025-10-16,7.26181549291979,7.26181549291979,58.728867350710935,-4.8787998103537,1760,1760.0,11.087099177199844
attempt_006,2025-10-17,9.155227849239495,9.155227849239495,79.90315619775835,-6.663054750746315,1595,1595.0,9.887276865936432
attempt_006,2025-10-18,13.491746559509828,13.491746559509828,113.99518911715192,-11.055897022724306,1347,1347.0,8.545212143934593
attempt_006,2025-10-19,10.598552414926807,10.598552414926807,98.27410723510557,-7.673418897959484,1306,1306.0,7.9380583777922515
attempt_006,2025-10-20,7.1373229455382265,7.1373229455382265,65.40175310820045,-3.6022039266642802,1526,1526.0,7.8093392991925725
attempt_006,2025-10-21,6.929019203326073,6.929019203326073,52.18501007031971,-4.039953124019457,1502,1502.0,10.811648491306515
attempt_006,2025-10-22,7.2993830252272245,7.2993830252272245,59.858114993113034,-4.85781960328085,1664,1664.0,10.809519736857016
attempt_006,2025-10-23,8.178926083014133,8.178926083014133,68.5206305959826,-5.980650243453803,1737,1737.0,10.693298632232532
attempt_006,2025-10-24,7.609842098974199,7.609842098974199,67.61756807222639,-5.205461594373016,1689,1689.0,10.467335172793998
attempt_006,2025-10-25,11.224462802848068,11.224462802848068,100.33960784023255,-8.734649606840325,1316,1316.0,9.356576034730034
attempt_006,2025-10-26,9.807764096918113,9.807764096918113,93.35953091751117,-6.728033297553128,1314,1314.0,8.340195596505119
attempt_006,2025-10-27,12.064358074712317,12.064358074712317,99.26393273268825,-9.31042056281978,1558,1558.0,11.95497180472578
attempt_006,2025-10-28,10.761599830160652,10.761599830160652,90.90028460194237,-8.139395157405623,1671,1671.0,11.990317018535613
attempt_006,2025-10-29,8.633872399295518,8.633872399295518,75.64383755737619,-6.141886444072453,1727,1727.0,10.927674584044981
attempt_006,2025-10-30,8.865409940091759,8.865409940091759,65.17257556558607,-6.856854347264329,1840,1840.0,13.86586360809376
attempt_006,2025-10-31,9.3102689176515,9.3102689176515,75.98500269095125,-6.325822588874161,1716,1716.0,11.741373299727703
attempt_006,2025-11-01,7.964964676615723,7.964964676615723,73.57998395969288,-5.671645560167361,1390,1390.0,9.79361114781147
attempt_006,2025-11-02,16.602855685419136,16.602855685419136,130.07696013526672,-13.308057281427681,1239,1239.0,11.78375285231779
attempt_006,2025-11-03,8.146396693405176,8.146396693405176,70.21114156516249,-5.233347175717635,1597,1597.0,10.431161876314558
attempt_006,2025-11-04,12.098010356291061,12.098010356291061,103.79296731121156,-8.869966927049175,1436,1436.0,9.95660123517471
attempt_006,2025-11-05,11.081940573960596,11.081940573960596,91.82857013784071,-8.394539215939762,1765,1765.0,11.595774707972215
attempt_006,2025-11-06,6.991737674575877,6.991737674575877,57.38007084432504,-4.672327960542624,1810,1810.0,10.975825964135343
attempt_006,2025-11-07,10.383094305927719,10.383094305927719,90.29387657574343,-7.6207139235223735,1582,1582.0,10.286787252709384
attempt_006,2025-11-08,8.895911560637936,8.895911560637936,79.01758715408207,-6.378900869978629,1349,1349.0,9.03511375607815
attempt_006,2025-11-09,11.531837207715043,11.531837207715043,106.61814290518272,-8.289413319236191,1176,1176.0,7.300969771391009
attempt_006,2025-11-10,8.33575254566362,8.33575254566362,70.58034764594146,-5.749914400173014,1672,1672.0,10.275861407523331
attempt_006,2025-11-11,9.41503398146318,9.41503398146318,86.27125131470419,-5.699192168946447,1540,1540.0,8.923510665205672
attempt_006,2025-11-12,7.736094004553456,7.736094004553456,61.15083844302899,-5.215918807763549,1640,1640.0,11.186213507484553
attempt_006,2025-11-13,7.484464925195658,7.484464925195658,59.45917353831702,-4.903423297261911,1761,1761.0,11.554089207042992
attempt_006,2025-11-14,5.509586757969746,5.509586757969746,37.901996592985206,-2.50823626003606,1676,1676.0,9.401877395525732
attempt_006,2025-11-15,6.976069249295737,6.976069249295737,64.75977732666725,-4.199566543563699,1378,1378.0,8.202330984102021
attempt_006,2025-11-16,9.677434381187807,9.677434381187807,89.78699418062065,-6.260396936253435,1325,1325.0,7.529449710766622
attempt_006,2025-11-17,6.821244183077688,6.821244183077688,58.25609319341796,-3.4351252362632096,1721,1721.0,9.951577988893277
attempt_006,2025-11-18,10.774226799080386,10.774226799080386,88.23967762175843,-7.685641553540801,1719,1719.0,11.194420710695162
attempt_006,2025-11-19,7.122995241026133,7.122995241026133,48.31827261227173,-4.827347755341666,1773,1773.0,12.771978543090274
attempt_006,2025-11-20,8.645779133937099,8.645779133937099,60.66531685898577,-6.295910251867463,1877,1877.0,12.131231797286054
attempt_006,2025-11-21,11.943503367937005,11.943503367937005,100.30600080345073,-9.510367794004683,1755,1755.0,11.291523307450012
attempt_006,2025-11-22,7.861063055067953,7.861063055067953,77.52466392686475,-5.325738654661382,1277,1277.0,7.780326093884658
attempt_006,2025-11-23,4.68025433055519,4.68025433055519,38.5068748923495,-1.126055551941011,1235,1235.0,7.489127413605341
attempt_006,2025-11-24,8.480968146690751,8.480968146690751,69.83009313438095,-5.712867496065824,1688,1688.0,10.527761832779628
attempt_006,2025-11-25,9.034287592435724,9.034287592435724,67.14220496428497,-7.220327768501355,1795,1795.0,14.17495053051482
attempt_006,2025-11-26,12.37043309353173,12.37043309353173,93.26563928435077,-9.655584951571747,1457,1457.0,13.803713889556487
attempt_006,2025-11-27,5.293194894691615,5.293194894691615,44.87589180438405,0.3560912868701961,995,995.0,7.97389899471478
attempt_006,2025-11-28,10.323373294039312,10.323373294039312,93.99549804139507,-4.772162370463743,1131,1131.0,7.521719196534055
attempt_006,2025-11-29,12.160117725692329,12.160117725692329,109.08174429066514,-8.27613849645378,1269,1269.0,6.869399574500127
attempt_006,2025-11-30,8.602575461574785,8.602575461574785,84.90350851780646,-5.49158068033303,1342,1342.0,6.323805009089041
attempt_006,2025-12-01,7.683457668769102,7.683457668769102,61.840698077644454,-5.14125662085016,1579,1579.0,10.550892131514429
attempt_006,2025-12-02,11.1038216788906,11.1038216788906,93.20415910715603,-8.606391220216413,1662,1662.0,11.192803271413105
attempt_006,2025-12-03,7.726493304584088,7.726493304584088,66.4014075787764,-5.371960467171523,1826,1826.0,10.216445758294274
attempt_006,2025-12-04,9.163160054501631,9.163160054501631,76.74450330743001,-6.879686819354925,1912,1912.0,10.919240057348782
attempt_006,2025-12-05,9.42593188153603,9.42593188153603,84.67067618544799,-7.182633063902511,1713,1713.0,9.116949584675615
attempt_006,2025-12-06,16.13349758609104,16.13349758609104,127.07716374602573,-14.022122326410472,1385,1385.0,9.87403841517242
attempt_006,2025-12-07,9.132713293563162,9.132713293563162,87.41448974783295,-5.485912521210547,1250,1250.0,7.762133492620991
attempt_006,2025-12-08,12.60767674177454,12.60767674177454,107.2587632046133,-9.332427098927944,1706,1706.0,9.553803806533246
attempt_006,2025-12-09,11.71296524807262,11.71296524807262,93.69740373306196,-9.050728857722197,1783,1783.0,12.33543905076198
attempt_006,2025-12-10,10.278301638079371,10.278301638079371,86.45549105828891,-8.24675600531879,1865,1865.0,11.597806501750487
attempt_006,2025-12-11,10.083610871712443,10.083610871712443,82.20700997905723,-7.894718818506197,2016,2016.0,12.977637632945267
attempt_006,2025-12-12,9.10957193218845,9.10957193218845,78.57301499031969,-6.977068031553229,1917,1917.0,11.45454144178932
attempt_006,2025-12-13,13.150753759500052,13.150753759500052,112.48014339449401,-10.890417447809865,1526,1526.0,9.8061827403874
attempt_006,2025-12-14,10.826325144126338,10.826325144126338,97.6326843350374,-7.604332944604952,1204,1204.0,8.148395864287643
attempt_006,2025-12-15,6.583975684772177,6.583975684772177,47.472303602532534,-4.083386068687218,1811,1811.0,11.48095439368587
attempt_006,2025-12-16,9.2572845735117,9.2572845735117,73.79469741830532,-6.979322294141423,1772,1772.0,12.86999092022928
attempt_006,2025-12-17,11.014876203025835,11.014876203025835,88.39386567530588,-8.787368448040821,1846,1846.0,12.35216887276523
attempt_006,2025-12-18,13.795161251006244,13.795161251006244,106.53908558740738,-11.776064416504399,1924,1924.0,14.006364397187061
attempt_006,2025-12-19,8.77585342881568,8.77585342881568,74.03652883239982,-6.424226497164925,1824,1824.0,10.266418038519022
attempt_006,2025-12-20,11.588415321727275,11.588415321727275,102.1159875642204,-9.352714253703896,1333,1333.0,8.902562037625664
attempt_006,2025-12-21,10.976678921903462,10.976678921903462,94.42073768419046,-7.794325233749719,1173,1173.0,8.131214786417356
attempt_006,2025-12-22,7.039542306511637,7.039542306511637,50.7268024427014,-4.010614306515959,1531,1531.0,11.505242064587925
attempt_006,2025-12-23,14.13081220260543,14.13081220260543,111.21026582145717,-11.432959328051702,1415,1415.0,11.978061888468018
attempt_006,2025-12-24,16.28412565291845,16.28412565291845,133.40477441047,-12.185558022885274,1205,1205.0,7.984074274848526
attempt_006,2025-12-25,13.01169308009459,13.01169308009459,103.35991038382166,-5.718619765739812,766,766.0,9.812111105558609
attempt_006,2025-12-26,6.265402410598195,6.265402410598195,58.92759352450135,-1.0217830618818753,1093,1093.0,7.827728406731338
attempt_006,2025-12-27,3.5382421370279484,3.5382421370279484,6.720309322948674,0.4471394245792169,663,663.0,7.340434594524991
attempt_006,2025-12-28,8.510922895616723,8.510922895616723,75.65262396046538,-4.606064734611051,870,870.0,6.8610820131889625
attempt_006,2025-12-29,10.345534185415712,10.345534185415712,94.37470026807983,-6.461600032355933,1300,1300.0,8.798836274211043
attempt_006,2025-12-30,6.687869627445805,6.687869627445805,56.38781369311448,-2.9348379396988267,1382,1382.0,8.322335246893573
attempt_006,2025-12-31,7.976907814444622,7.976907814444622,73.83409162273927,-3.5375658648570196,1354,1354.0,8.822292944353372
attempt_007,2025-10-01,10.820494307361203,10.820494307361203,90.07997318292607,-7.7230534095687124,1658,1658.0,11.506442535312308
attempt_007,2025-10-02,5.862692868319584,5.862692868319584,51.81986155441638,-1.5572926908838196,1455,1455.0,9.17655455213409
attempt_007,2025-10-03,12.85721716687544,12.85721716687544,102.8047481566154,-10.166518988139014,1602,1602.0,11.788312743607067
attempt_007,2025-10-04,9.05625615721034,9.05625615721034,84.15697377304896,-6.639191569441329,1350,1350.0,8.363621704806569
attempt_007,2025-10-05,12.652357272178007,12.652357272178007,107.42813937309779,-9.182346263144643,1331,1331.0,9.247150056231105
attempt_007,2025-10-06,9.585138947845707,9.585138947845707,80.22748252523253,-6.395941663044459,1585,1585.0,10.220211558040091
attempt_007,2025-10-07,8.757610654779846,8.757610654779846,70.87768149166158,-5.248692859630949,1578,1578.0,10.372781993849552
attempt_007,2025-10-08,6.627489815027235,6.627489815027235,51.72666715421315,-3.545547741780265,1711,1711.0,9.812528151045406
attempt_007,2025-10-09,10.938876407147463,10.938876407147463,86.02162020678243,-8.188737358251286,1719,1719.0,12.512377719098494
attempt_007,2025-10-10,7.5331462467195145,7.5331462467195145,63.20502146990397,-4.937941223124357,1635,1635.0,10.083318047018121
attempt_007,2025-10-11,3.954501546880192,3.954501546880192,11.518472092853287,-1.423247662331079,1287,1287.0,8.390185404088921
attempt_007,2025-10-12,11.63905154142622,11.63905154142622,102.66066917656697,-7.8006607535166115,1204,1204.0,8.348790807745878
attempt_007,2025-10-13,6.802278291716946,6.802278291716946,67.01855268196846,-2.2159007098037216,1290,1290.0,7.484120837404096
attempt_007,2025-10-14,6.190594377121262,6.190594377121262,50.6984475924782,-2.798662513809889,1569,1569.0,9.630365431993658
attempt_007,2025-10-15,8.889953678082696,8.889953678082696,75.97082259131811,-5.775516409806595,1529,1529.0,9.85363972030055
attempt_007,2025-10-16,7.653969853875868,7.653969853875868,58.8219056830829,-4.8040410807268055,1760,1760.0,11.207274069026754
attempt_007,2025-10-17,9.378177529522947,9.378177529522947,79.96182764046156,-6.6526045419496045,1595,1595.0,10.44247105763314
attempt_007,2025-10-18,13.61880910327007,13.61880910327007,114.04206606973928,-11.09815081136437,1347,1347.0,9.01012258691051
attempt_007,2025-10-19,10.72827772496794,10.72827772496794,98.14856814103165,-7.6380552105797745,1306,1306.0,8.30928779929534
attempt_007,2025-10-20,7.257430123135105,7.257430123135105,65.4164985014531,-3.771627085632469,1526,1526.0,8.362384390853073
attempt_007,2025-10-21,7.170066135214296,7.170066135214296,52.347139993985984,-4.217408907280665,1502,1502.0,11.126507868105234
attempt_007,2025-10-22,7.556468064463228,7.556468064463228,59.95656710098505,-4.933938717812264,1664,1664.0,11.486558659698163
attempt_007,2025-10-23,8.53788989960441,8.53788989960441,68.61444553212235,-5.8870315517283,1737,1737.0,11.122812983240703
attempt_007,2025-10-24,7.8105299697440245,7.8105299697440245,67.64140764124757,-5.107949570220482,1689,1689.0,10.3868586371345
attempt_007,2025-10-25,11.36545151739506,11.36545151739506,100.29349276219328,-8.783095770136837,1316,1316.0,9.889448672767806
attempt_007,2025-10-26,9.99204897088064,9.99204897088064,93.38970497620683,-6.7774761248305255,1314,1314.0,8.52976394628928
attempt_007,2025-10-27,12.367654885622605,12.367654885622605,99.34926259919017,-9.471435455209095,1558,1558.0,12.595242155161062
attempt_007,2025-10-28,11.034330867731596,11.034330867731596,90.90764450949797,-8.26321590732697,1671,1671.0,12.579891705204723
attempt_007,2025-10-29,8.851059148899363,8.851059148899363,75.63132637148912,-6.242332038799885,1727,1727.0,11.262075831457757
attempt_007,2025-10-30,9.172339189621505,9.172339189621505,65.2780295288953,-6.870721283821287,1840,1840.0,14.171926123772685
attempt_007,2025-10-31,9.563216579559322,9.563216579559322,75.9420576636177,-6.399167631799569,1716,1716.0,12.252583308763743
attempt_007,2025-11-01,8.059829470400425,8.059829470400425,73.65039567080788,-5.76939139990478,1390,1390.0,9.925036265217987
attempt_007,2025-11-02,16.884039931636863,16.884039931636863,130.11092756538753,-13.12977822455603,1239,1239.0,11.893724208719945
attempt_007,2025-11-03,8.391120563778363,8.391120563778363,70.28296195466018,-5.389417821235757,1597,1597.0,10.983758238963814
attempt_007,2025-11-04,12.336848550295322,12.336848550295322,103.8722390513299,-9.041500431543458,1436,1436.0,11.13116776950319
attempt_007,2025-11-05,11.384963500566785,11.384963500566785,91.92129776888832,-8.415015734657521,1765,1765.0,12.136942525242857
attempt_007,2025-11-06,7.324722226199551,7.324722226199551,57.46319736058069,-4.670284957537689,1810,1810.0,11.545966667907097
attempt_007,2025-11-07,10.661110328356125,10.661110328356125,90.35437786560992,-7.668888599887406,1582,1582.0,10.569084973965033
attempt_007,2025-11-08,9.016339104495767,9.016339104495767,79.07703500782968,-6.5075828606657815,1349,1349.0,9.44127842782763
attempt_007,2025-11-09,11.626359331241876,11.626359331241876,106.57660232102612,-8.346047637256081,1176,1176.0,7.854666713575876
attempt_007,2025-11-10,8.483610666444319,8.483610666444319,70.65196169289133,-5.935450732931058,1672,1672.0,10.50923587167731
attempt_007,2025-11-11,9.605000521426852,9.605000521426852,86.3547979403885,-5.776576204987409,1540,1540.0,9.462401785884202
attempt_007,2025-11-12,8.016357353266194,8.016357353266194,61.21383853737124,-5.392155358728486,1640,1640.0,11.804360706827902
attempt_007,2025-11-13,7.842296825915232,7.842296825915232,59.5483925884897,-4.897659402217036,1761,1761.0,12.293049489612125
attempt_007,2025-11-14,5.779523778728554,5.779523778728554,37.949386921991426,-2.5685677372632645,1676,1676.0,10.181819788653286
attempt_007,2025-11-15,7.079582106498025,7.079582106498025,64.79645613875893,-4.349568726283466,1378,1378.0,8.525285029794421
attempt_007,2025-11-16,9.806785857669277,9.806785857669277,89.82018495891334,-6.29435499743385,1325,1325.0,7.67924457837865
attempt_007,2025-11-17,7.0110853937513395,7.0110853937513395,58.32459705184043,-3.5768594647136593,1721,1721.0,10.602261658117213
attempt_007,2025-11-18,11.016716377886583,11.016716377886583,88.24610950767891,-7.870165535937571,1719,1719.0,11.655390282330684
attempt_007,2025-11-19,7.453887323259875,7.453887323259875,48.43820606288045,-4.949433224234057,1773,1773.0,13.26954357228632
attempt_007,2025-11-20,8.900623102690703,8.900623102690703,60.7904484179885,-6.258032688073358,1877,1877.0,12.67421672994263
attempt_007,2025-11-21,12.18281033555406,12.18281033555406,100.34775669678832,-9.544080245370056,1755,1755.0,11.821922508704702
attempt_007,2025-11-22,7.977053108327619,7.977053108327619,77.51800507992152,-5.336091134111511,1277,1277.0,8.060699260333362
attempt_007,2025-11-23,4.87881566130158,4.87881566130158,38.59584396556224,-1.160414488128866,1235,1235.0,7.975332020310595
attempt_007,2025-11-24,8.731824960114102,8.731824960114102,69.92188610512777,-5.8647847440385155,1688,1688.0,11.21381077800229
attempt_007,2025-11-25,9.110052656430804,9.110052656430804,67.11203010421511,-7.284775026193809,1795,1795.0,14.93504672315174
attempt_007,2025-11-26,12.763096959760821,12.763096959760821,93.38578441395036,-9.681000600889258,1457,1457.0,14.427300873830392
attempt_007,2025-11-27,5.27368901323406,5.27368901323406,44.880576217295264,0.10591573327027522,995,995.0,8.412190293746917
attempt_007,2025-11-28,10.303664730758575,10.303664730758575,94.01929506922436,-4.91484425783602,1131,1131.0,7.6789640329166655
attempt_007,2025-11-29,12.242673282802151,12.242673282802151,109.12420430865957,-8.350613102032334,1269,1269.0,7.359608755538198
attempt_007,2025-11-30,8.686573210309772,8.686573210309772,84.94267691634448,-5.559707016275504,1342,1342.0,6.568440051234166
attempt_007,2025-12-01,7.838831224030733,7.838831224030733,61.890010632315985,-5.2477003140874094,1579,1579.0,10.645062797859929
attempt_007,2025-12-02,11.309395606272036,11.309395606272036,93.19668735681726,-8.732054626411406,1662,1662.0,11.680550221383287
attempt_007,2025-12-03,7.952148613780223,7.952148613780223,66.47341965460294,-5.447610462999752,1826,1826.0,10.798374649714289
attempt_007,2025-12-04,9.426911016115463,9.426911016115463,76.73982015413009,-6.907629498461907,1912,1912.0,11.174576112013517
attempt_007,2025-12-05,9.643239283174813,9.643239283174813,84.61386558176724,-7.220384516452793,1713,1713.0,9.87977647923838
attempt_007,2025-12-06,16.19657149991875,16.19657149991875,127.12533768756181,-14.101583027472172,1385,1385.0,10.178072002565914
attempt_007,2025-12-07,9.201571590745793,9.201571590745793,87.40123031402379,-5.6180448593163375,1250,1250.0,8.318328238734594
attempt_007,2025-12-08,12.766328657712188,12.766328657712188,107.32832640396421,-9.470698444030836,1706,1706.0,10.299741253126712
attempt_007,2025-12-09,11.876923844331083,11.876923844331083,93.73547464684079,-9.24731507910508,1783,1783.0,12.504901235234712
attempt_007,2025-12-10,10.458329155512482,10.458329155512482,86.47682391406194,-8.32882112691779,1865,1865.0,11.868924974315288
attempt_007,2025-12-11,10.347668682936042,10.347668682936042,82.27850377149105,-7.985899856045663,2016,2016.0,13.229838676443395
attempt_007,2025-12-12,9.34557579202927,9.34557579202927,78.64324158117978,-7.020251206877753,1917,1917.0,11.63977626386463
attempt_007,2025-12-13,13.292742274160357,13.292742274160357,112.53782439524547,-10.961862651634586,1526,1526.0,9.95705006335448
attempt_007,2025-12-14,10.898518631475259,10.898518631475259,97.65129680689056,-7.5416132432196035,1204,1204.0,8.733863233056775
attempt_007,2025-12-15,6.772291008224395,6.772291008224395,47.58330664544008,-4.1863867449400125,1811,1811.0,11.888614289342833
attempt_007,2025-12-16,9.535535365597093,9.535535365597093,73.87168134399367,-7.09032049037816,1772,1772.0,13.50950414283988
attempt_007,2025-12-17,11.21762843383132,11.21762843383132,88.45139002818212,-8.801019987022865,1846,1846.0,12.461582350824772
attempt_007,2025-12-18,13.958452787236354,13.958452787236354,106.60742679236125,-11.704148689282238,1924,1924.0,13.673230387853872
attempt_007,2025-12-19,9.017828650520359,9.017828650520359,74.05885556019113,-6.353346714187282,1824,1824.0,10.538290911253231
attempt_007,2025-12-20,11.770413118124004,11.770413118124004,102.2186113150576,-9.308322235859736,1333,1333.0,9.329093907693919
attempt_007,2025-12-21,11.115584460073809,11.115584460073809,94.49013900047268,-7.822263097069032,1173,1173.0,8.34329952816083
attempt_007,2025-12-22,7.262246203028131,7.262246203028131,50.71882974515394,-4.08751209152435,1531,1531.0,11.835728396781779
attempt_007,2025-12-23,14.327494947436238,14.327494947436238,111.25389664806231,-11.514836287429938,1415,1415.0,12.259744894882061
attempt_007,2025-12-24,16.385284826244586,16.385284826244586,133.43160676496726,-12.337764706819199,1205,1205.0,8.359470013741383
attempt_007,2025-12-25,12.967446946675217,12.967446946675217,103.40532680618136,-5.892870937252882,766,766.0,10.15777319098426
attempt_007,2025-12-26,6.37124502588663,6.37124502588663,58.9625367209189,-1.1193151113503137,1093,1093.0,8.214310918954038
attempt_007,2025-12-27,3.671884097220989,3.671884097220989,6.93774671897818,0.458309694834182,663,663.0,7.823207293936549
attempt_007,2025-12-28,8.652159522370871,8.652159522370871,75.7413180480032,-4.652336398142101,870,870.0,7.680863223694732
attempt_007,2025-12-29,10.461812281897908,10.461812281897908,94.37197661971315,-6.622526415103912,1300,1300.0,9.058916046727587
attempt_007,2025-12-30,6.834750067616618,6.834750067616618,56.44973062573662,-3.0728802080240247,1382,1382.0,9.423275644471897
attempt_007,2025-12-31,8.038522786964952,8.038522786964952,73.92496624425112,-3.772015410999133,1354,1354.0,8.727901945944689
attempt_008,2025-10-01,10.658313374281564,10.658313374281564,90.10892944664285,-7.671639653682198,1658,1658.0,10.765920809537104
attempt_008,2025-10-02,5.7054717497951435,5.7054717497951435,51.7760837350258,-1.4665428315808127,1455,1455.0,8.619698983738957
attempt_008,2025-10-03,12.614978475891432,12.614978475891432,102.71573105561613,-10.164274281571437,1602,1602.0,11.181188212175226
attempt_008,2025-10-04,8.954342736716553,8.954342736716553,84.05616168505303,-6.586280161678241,1350,1350.0,8.030811445346119
attempt_008,2025-10-05,12.495016515882538,12.495016515882538,107.34970564248529,-9.158841051554184,1331,1331.0,8.64950443885477
attempt_008,2025-10-06,9.534873919904326,9.534873919904326,80.19536544257053,-6.327649843349528,1585,1585.0,10.076888722240776
attempt_008,2025-10-07,8.602526938461672,8.602526938461672,70.76987086598454,-5.102489417272646,1578,1578.0,9.922843401458712
attempt_008,2025-10-08,6.467959751911769,6.467959751911769,51.556356547008264,-3.5292896936306892,1711,1711.0,9.438950431311826
attempt_008,2025-10-09,10.771787629085207,10.771787629085207,86.0800234229355,-8.24905208079366,1719,1719.0,12.500002345189882
attempt_008,2025-10-10,7.347967749514197,7.347967749514197,63.20574337540469,-4.96960995904881,1635,1635.0,9.71565640286916
attempt_008,2025-10-11,3.9064325544345744,3.9064325544345744,11.445775274081035,-1.31457643992779,1287,1287.0,8.105859212938336
attempt_008,2025-10-12,11.505826272289001,11.505826272289001,102.65987482424354,-7.7472000620177415,1204,1204.0,7.534127931026211
attempt_008,2025-10-13,6.728292371043849,6.728292371043849,67.19498218257311,-2.2045470520302355,1290,1290.0,6.950376511318474
attempt_008,2025-10-14,6.106740259156798,6.106740259156798,50.67081020670127,-2.649970455486433,1569,1569.0,9.862038748178263
attempt_008,2025-10-15,8.723562471038463,8.723562471038463,75.9119161678287,-5.722818172881765,1529,1529.0,9.43900977792597
attempt_008,2025-10-16,7.407891606748478,7.407891606748478,58.73410044501113,-4.7569178109213315,1760,1760.0,11.334422766898717
attempt_008,2025-10-17,9.197974503369148,9.197974503369148,79.91066852707972,-6.630169940622126,1595,1595.0,9.729695966021735
attempt_008,2025-10-18,13.480951571105559,13.480951571105559,113.98875631862785,-11.02983585020275,1347,1347.0,8.624186763650835
attempt_008,2025-10-19,10.624595586998385,10.624595586998385,98.23717068634629,-7.606469425555837,1306,1306.0,8.093975814115723
attempt_008,2025-10-20,7.165168691958779,7.165168691958779,65.37194986064625,-3.6144066535920434,1526,1526.0,7.985333870852683
attempt_008,2025-10-21,6.945500608983863,6.945500608983863,52.13533399272032,-4.017805519572077,1502,1502.0,11.012103273907854
attempt_008,2025-10-22,7.333281764825964,7.333281764825964,59.84482121259409,-4.82779324861961,1664,1664.0,10.877343848464848
attempt_008,2025-10-23,8.263124346282678,8.263124346282678,68.50766596086791,-5.894196815556672,1737,1737.0,10.702803965937528
attempt_008,2025-10-24,7.685651319911313,7.685651319911313,67.84291622429743,-5.093803976198637,1689,1689.0,10.422055126784125
attempt_008,2025-10-25,11.226283717300065,11.226283717300065,100.3833727306462,-8.77159041828814,1316,1316.0,9.542009202508229
attempt_008,2025-10-26,9.813646255151374,9.813646255151374,93.34394932378005,-6.710423644126462,1314,1314.0,8.328098669441323
attempt_008,2025-10-27,12.09050372427735,12.09050372427735,99.26008586158704,-9.275176277472362,1558,1558.0,11.708222868594646
attempt_008,2025-10-28,10.783294060137727,10.783294060137727,90.92211268131862,-8.134668446979154,1671,1671.0,11.782853440357528
attempt_008,2025-10-29,8.66871238699627,8.66871238699627,75.74880308215839,-6.124167314742466,1727,1727.0,11.036680084280285
attempt_008,2025-10-30,8.938288139690968,8.938288139690968,65.18048440276453,-6.801625132594469,1840,1840.0,13.806768262440812
attempt_008,2025-10-31,9.355315784362483,9.355315784362483,76.14934686891681,-6.365638908914973,1716,1716.0,11.412309181987464
attempt_008,2025-11-01,7.978964089702757,7.978964089702757,73.55463994189955,-5.684433233735314,1390,1390.0,9.897302592623296
attempt_008,2025-11-02,16.698951768267296,16.698951768267296,130.048462613835,-13.170933347706356,1239,1239.0,11.723245199373059
attempt_008,2025-11-03,8.197957764763895,8.197957764763895,70.20581618368573,-5.230449497509181,1597,1597.0,10.818085338761339
attempt_008,2025-11-04,12.11120914325587,12.11120914325587,103.79191874010833,-8.878657425318039,1436,1436.0,9.792700046666615
attempt_008,2025-11-05,11.132341831019154,11.132341831019154,91.83098316438354,-8.34827849053957,1765,1765.0,11.614993696762996
attempt_008,2025-11-06,7.022299660760739,7.022299660760739,57.36652203544045,-4.609195884550034,1810,1810.0,10.997594297942312
attempt_008,2025-11-07,10.440853013591662,10.440853013591662,90.29299436567267,-7.594193153215335,1582,1582.0,10.363912992758294
attempt_008,2025-11-08,8.916884338008165,8.916884338008165,79.01401457168258,-6.36086551574973,1349,1349.0,9.023987602427507
attempt_008,2025-11-09,11.593888305360856,11.593888305360856,106.67419220425292,-8.272596386657735,1176,1176.0,7.561173391098719
attempt_008,2025-11-10,8.357808609007503,8.357808609007503,70.57338258526431,-5.774766376436319,1672,1672.0,10.085315665567832
attempt_008,2025-11-11,9.451875249116878,9.451875249116878,86.25622775012083,-5.698646716267051,1540,1540.0,8.810389686171263
attempt_008,2025-11-12,7.770400063185805,7.770400063185805,61.14989230485485,-5.198399724768836,1640,1640.0,11.16991443907761
attempt_008,2025-11-13,7.5598756508863145,7.5598756508863145,59.46012467956043,-4.781379676954135,1761,1761.0,11.743854041301564
attempt_008,2025-11-14,5.588682689849999,5.588682689849999,37.934488606753895,-2.439262335070196,1676,1676.0,9.369490766495064
attempt_008,2025-11-15,6.9847033705382024,6.9847033705382024,64.75115421010655,-4.1830930786956815,1378,1378.0,8.386656546549144
attempt_008,2025-11-16,9.672834611261532,9.672834611261532,89.78030046359767,-6.2555073626097295,1325,1325.0,7.748433568255317
attempt_008,2025-11-17,6.849736483628695,6.849736483628695,58.24093525420192,-3.436158661332092,1721,1721.0,9.951430482762227
attempt_008,2025-11-18,10.807538835478905,10.807538835478905,88.2629592898248,-7.665336055733887,1719,1719.0,11.251154801902237
attempt_008,2025-11-19,7.144824562423385,7.144824562423385,48.29688459453662,-4.819650313625568,1773,1773.0,12.64188110297017
attempt_008,2025-11-20,8.718460191787631,8.718460191787631,60.65151231997297,-6.218405995466113,1877,1877.0,12.366892809483593
attempt_008,2025-11-21,12.012763779821245,12.012763779821245,100.32504908631266,-9.503312674405413,1755,1755.0,11.378006435683684
attempt_008,2025-11-22,7.9243330286452975,7.9243330286452975,77.62200413806549,-5.266075388678628,1277,1277.0,8.147031259680645
attempt_008,2025-11-23,4.740410019720271,4.740410019720271,38.46234608747964,-1.0529457404230125,1235,1235.0,7.596437570412109
attempt_008,2025-11-24,8.477158227392684,8.477158227392684,69.82581371361492,-5.687153211461999,1688,1688.0,10.54527079754097
attempt_008,2025-11-25,8.988426816131005,8.988426816131005,67.1277550904929,-7.147045779087081,1795,1795.0,14.624581568846718
attempt_008,2025-11-26,12.403479647375132,12.403479647375132,93.24005336877376,-9.626772161479034,1457,1457.0,13.373483741234772
attempt_008,2025-11-27,5.3079623349234595,5.3079623349234595,44.879146183714795,0.30734414803992643,995,995.0,7.975419730461737
attempt_008,2025-11-28,10.29092302273916,10.29092302273916,93.99677034156032,-4.813847287080707,1131,1131.0,7.557376840940879
attempt_008,2025-11-29,12.198400320160497,12.198400320160497,109.08951722953041,-8.245719541812704,1269,1269.0,7.231304643910548
attempt_008,2025-11-30,8.58384669123445,8.58384669123445,84.88769083022902,-5.48082622649195,1342,1342.0,6.257757550741865
attempt_008,2025-12-01,7.7379411191731,7.7379411191731,61.85345438924875,-5.156660508720833,1579,1579.0,10.691809877815796
attempt_008,2025-12-02,11.122440179455825,11.122440179455825,93.15139087237488,-8.583030217082852,1662,1662.0,11.270284404765986
attempt_008,2025-12-03,7.776246630789376,7.776246630789376,66.40570282475471,-5.37799174944409,1826,1826.0,10.228482567241315
attempt_008,2025-12-04,9.245922990171135,9.245922990171135,76.71513325970889,-6.833984836885618,1912,1912.0,10.979636345421216
attempt_008,2025-12-05,9.469053590465451,9.469053590465451,84.6631406244677,-7.155670017444123,1713,1713.0,9.09923362303678
attempt_008,2025-12-06,16.178103808194596,16.178103808194596,127.07807875151144,-14.065875461793222,1385,1385.0,10.113832550112173
attempt_008,2025-12-07,9.14941645478271,9.14941645478271,87.49102982609293,-5.413763508883353,1250,1250.0,7.918115319196178
attempt_008,2025-12-08,12.58450631343392,12.58450631343392,107.24530914260231,-9.415956260936216,1706,1706.0,9.446585313440487
attempt_008,2025-12-09,11.719646358263738,11.719646358263738,93.70212279861913,-9.04897510290468,1783,1783.0,12.304275047896644
attempt_008,2025-12-10,10.298093184319077,10.298093184319077,86.43755277646736,-8.241835454580464,1865,1865.0,11.821635639064848
attempt_008,2025-12-11,10.099313437621904,10.099313437621904,82.18747937197244,-7.875281320192254,2016,2016.0,12.798952586678997
attempt_008,2025-12-12,9.18343093918424,9.18343093918424,78.56717149726563,-6.945625724786828,1917,1917.0,11.368025285813845
attempt_008,2025-12-13,13.181765468326248,13.181765468326248,112.45984584011053,-10.88663637903435,1526,1526.0,9.542761910878273
attempt_008,2025-12-14,10.829120723737354,10.829120723737354,97.62339482788862,-7.6236255877504835,1204,1204.0,7.99424186367327
attempt_008,2025-12-15,6.569990480498417,6.569990480498417,47.44343224136502,-4.092360108564048,1811,1811.0,11.266157475132896
attempt_008,2025-12-16,9.29065291644683,9.29065291644683,73.79090363316239,-6.95216219874529,1772,1772.0,13.03746305329569
attempt_008,2025-12-17,11.089298674801265,11.089298674801265,88.39681243101015,-8.766334414377805,1846,1846.0,12.539653895215228
attempt_008,2025-12-18,13.841305258489088,13.841305258489088,106.55413248902856,-11.754031421049183,1924,1924.0,14.242186645805427
attempt_008,2025-12-19,8.8386439715439,8.8386439715439,74.06880783667772,-6.388373766627131,1824,1824.0,10.395878575858601
attempt_008,2025-12-20,11.613423265526762,11.613423265526762,102.07897544194735,-9.249113853141388,1333,1333.0,8.929664732369579
attempt_008,2025-12-21,11.000299597987134,11.000299597987134,94.39274842566414,-7.75049593179837,1173,1173.0,8.295899111965275
attempt_008,2025-12-22,7.017865196926377,7.017865196926377,50.81287052382829,-4.128920949250062,1531,1531.0,11.52466646429233
attempt_008,2025-12-23,14.15711628225954,14.15711628225954,111.21840957405959,-11.435201705337601,1415,1415.0,12.364796492259975
attempt_008,2025-12-24,16.285547487548573,16.285547487548573,133.4167694229145,-12.228135734701175,1205,1205.0,8.034474095509793
attempt_008,2025-12-25,13.027909852183445,13.027909852183445,103.34794188027918,-5.724103097079524,766,766.0,10.238957855438528
attempt_008,2025-12-26,6.294220626006364,6.294220626006364,58.93840750588762,-1.0106038023391755,1093,1093.0,7.86148053862191
attempt_008,2025-12-27,3.5334509192436947,3.5334509192436947,6.603062951934674,0.4212222007106761,663,663.0,7.624534840261642
attempt_008,2025-12-28,8.512745354205954,8.512745354205954,75.6206232990843,-4.608586512496091,870,870.0,7.06312574168453
attempt_008,2025-12-29,10.410787949113235,10.410787949113235,94.48943325712537,-6.498315825190287,1300,1300.0,9.104956247369737
attempt_008,2025-12-30,6.680465995883142,6.680465995883142,56.37876656448103,-2.9638508846959617,1382,1382.0,8.28099630031138
attempt_008,2025-12-31,7.939018933918499,7.939018933918499,73.81957441448712,-3.64193564253496,1354,1354.0,8.665652264428342
