group,primary_error,model
30000000009264,0.025293078369644145,previous/results-v2/cycle1
30000000009265,0.028026260426631512,previous/results-v2/cycle1
30000000009267,0.03736691208263962,previous/results-v2/cycle1
30000000009268,0.026922613337675566,previous/results-v2/cycle1
30000000009269,0.030708576889639766,previous/results-v2/cycle1
30000000009270,0.025006863801843898,previous/results-v2/cycle1
30000000009271,0.016559613941679704,previous/results-v2/cycle1
30000000009272,0.03010600099967539,previous/results-v2/cycle1
30000000009273,0.027063347164404256,previous/results-v2/cycle1
30000000009274,0.02938940161386599,previous/results-v2/cycle1
30000000009275,0.018208173700544693,previous/results-v2/cycle1
30000000009277,0.0198690777238046,previous/results-v2/cycle1
30000000009278,0.02815118923669536,previous/results-v2/cycle1
30000000009279,0.020919533114046297,previous/results-v2/cycle1
30000000009280,0.029518012409775474,previous/results-v2/cycle1
30000000009281,0.015145940471819655,previous/results-v2/cycle1
30000000009282,0.011845654298393985,previous/results-v2/cycle1
30000000009283,0.01527802301859077,previous/results-v2/cycle1
30000000009285,0.019744924082485658,previous/results-v2/cycle1
30000000009286,0.0176634828114866,previous/results-v2/cycle1
30000000009287,0.017507465417366395,previous/results-v2/cycle1
30000000009288,0.020434620727374897,previous/results-v2/cycle1
30000000009289,0.020302546989458378,previous/results-v2/cycle1
30000000009290,0.01600635034657829,previous/results-v2/cycle1
30000000009291,0.01991518012847142,previous/results-v2/cycle1
30000000009292,0.028100043602141106,previous/results-v2/cycle1
30000000009293,0.02172850669560092,previous/results-v2/cycle1
30000000009294,0.02053749973897169,previous/results-v2/cycle1
30000000009295,0.016964831970792307,previous/results-v2/cycle1
30000000009296,0.01586397016613785,previous/results-v2/cycle1
30000000009299,0.0298739490962518,previous/results-v2/cycle1
30000000009300,0.016382876364250253,previous/results-v2/cycle1
30000000009302,0.021216423273129763,previous/results-v2/cycle1
30000000009303,0.015423679681889766,previous/results-v2/cycle1
30000000009304,0.014483507380526568,previous/results-v2/cycle1
30000000009306,0.025802271752637856,previous/results-v2/cycle1
30000000009307,0.01728305655165943,previous/results-v2/cycle1
30000000009309,0.01520447138354191,previous/results-v2/cycle1
30000000009310,0.03214717250473995,previous/results-v2/cycle1
30000000009311,0.020683435456745468,previous/results-v2/cycle1
30000000009312,0.02643307033565991,previous/results-v2/cycle1
30000000009313,0.020170586903794613,previous/results-v2/cycle1
30000000009316,0.023790145626448465,previous/results-v2/cycle1
30000000009317,0.024096255358949655,previous/results-v2/cycle1
30000000009318,0.02528309193358042,previous/results-v2/cycle1
30000000009319,0.029244252904310212,previous/results-v2/cycle1
30000000009320,0.018545158596524797,previous/results-v2/cycle1
30000000009321,0.02336443552753879,previous/results-v2/cycle1
30000000009322,0.023371776918839716,previous/results-v2/cycle1
30000000009323,0.027452889544127692,previous/results-v2/cycle1
30000000009324,0.02471976042613078,previous/results-v2/cycle1
30000000009325,0.0196183980876419,previous/results-v2/cycle1
30000000009327,0.014667385563019893,previous/results-v2/cycle1
30000000009329,0.020668816619288412,previous/results-v2/cycle1
30000000009330,0.02724695744241077,previous/results-v2/cycle1
30000000009331,0.018933014825857148,previous/results-v2/cycle1
30000000009332,0.031220860683418068,previous/results-v2/cycle1
30000000009333,0.016377641097027672,previous/results-v2/cycle1
30000000009335,0.025109926443650968,previous/results-v2/cycle1
30000000009336,0.02691300013926517,previous/results-v2/cycle1
30000000009337,0.01637042688482067,previous/results-v2/cycle1
30000000009338,0.020390835906206224,previous/results-v2/cycle1
30000000009341,0.022838738448426595,previous/results-v2/cycle1
30000000009342,0.01891626398427908,previous/results-v2/cycle1
30000000009343,0.02589547627301951,previous/results-v2/cycle1
30000000009344,0.015277543731621927,previous/results-v2/cycle1
30000000009345,0.01838121463366248,previous/results-v2/cycle1
30000000009346,0.02536987757900992,previous/results-v2/cycle1
30000000009347,0.02030799664490597,previous/results-v2/cycle1
30000000009348,0.03141414199039815,previous/results-v2/cycle1
30000000009349,0.01859552951005059,previous/results-v2/cycle1
30000000009350,0.027819264423502663,previous/results-v2/cycle1
30000000009352,0.017309863769032152,previous/results-v2/cycle1
30000000009353,0.03075759672698057,previous/results-v2/cycle1
30000000009354,0.022836803395435055,previous/results-v2/cycle1
30000000009356,0.016339766111124233,previous/results-v2/cycle1
30000000009358,0.020415325365823796,previous/results-v2/cycle1
30000000009360,0.019385404296634136,previous/results-v2/cycle1
30000000009362,0.01941382352163243,previous/results-v2/cycle1
30000000009363,0.016378982277035967,previous/results-v2/cycle1
30000000009364,0.02814500060079966,previous/results-v2/cycle1
30000000009366,0.025037791736039643,previous/results-v2/cycle1
30000000009367,0.022692099711452935,previous/results-v2/cycle1
30000000009368,0.0217287067249354,previous/results-v2/cycle1
30000000009369,0.026500281395459818,previous/results-v2/cycle1
30000000009371,0.022177496870562415,previous/results-v2/cycle1
30000000009373,0.022905201277962,previous/results-v2/cycle1
30000000009375,0.027015264757073863,previous/results-v2/cycle1
30000000009376,0.02530695576424945,previous/results-v2/cycle1
30000000009377,0.027125592401507567,previous/results-v2/cycle1
30000000009378,0.03438663302961462,previous/results-v2/cycle1
30000000009379,0.041250978694102575,previous/results-v2/cycle1
30000000009380,0.02518168688818767,previous/results-v2/cycle1
30000000009381,0.028637059798291755,previous/results-v2/cycle1
30000000009382,0.024140741555906862,previous/results-v2/cycle1
30000000009384,0.028891916592484322,previous/results-v2/cycle1
30000000009385,0.02243477566352842,previous/results-v2/cycle1
30000000009386,0.01861018498171062,previous/results-v2/cycle1
30000000009387,0.027068533575798047,previous/results-v2/cycle1
30000000009388,0.020952461756379638,previous/results-v2/cycle1
30000000009389,0.029686377911744746,previous/results-v2/cycle1
30000000009390,0.026498074896002855,previous/results-v2/cycle1
30000000009405,0.018630696176090714,previous/results-v2/cycle1
30000000009406,0.02328797972261776,previous/results-v2/cycle1
30000000009408,0.020172276466175226,previous/results-v2/cycle1
30000000009409,0.02979462597681477,previous/results-v2/cycle1
30000000009410,0.020432539002277074,previous/results-v2/cycle1
30000000009411,0.02220346334729978,previous/results-v2/cycle1
30000000009412,0.025351070587126583,previous/results-v2/cycle1
30000000009413,0.02436800885712936,previous/results-v2/cycle1
30000000009414,0.02044375526258518,previous/results-v2/cycle1
30000000009416,0.02902968816000541,previous/results-v2/cycle1
30000000009418,0.029001434512655785,previous/results-v2/cycle1
30000000009419,0.026128506782285996,previous/results-v2/cycle1
30000000009420,0.026120943741608216,previous/results-v2/cycle1
30000000009421,0.027535544301680002,previous/results-v2/cycle1
30000000009422,0.028984893681995222,previous/results-v2/cycle1
30000000009423,0.02353558247043701,previous/results-v2/cycle1
30000000009424,0.02690593896134014,previous/results-v2/cycle1
30000000009425,0.020283687440240516,previous/results-v2/cycle1
30000000009428,0.023280087264659483,previous/results-v2/cycle1
30000000009429,0.02150269212611147,previous/results-v2/cycle1
30000000009430,0.021098399912901206,previous/results-v2/cycle1
30000000009431,0.020426322942440307,previous/results-v2/cycle1
30000000009432,0.018614069088249887,previous/results-v2/cycle1
30000000009433,0.0222949783395729,previous/results-v2/cycle1
30000000009434,0.026294085099675315,previous/results-v2/cycle1
30000000009435,0.02602472724812771,previous/results-v2/cycle1
30000000009437,0.029535801605661497,previous/results-v2/cycle1
30000000009439,0.02242925603734948,previous/results-v2/cycle1
30000000009440,0.035870495803425086,previous/results-v2/cycle1
30000000009441,0.033416284649831554,previous/results-v2/cycle1
30000000009443,0.017866140810419984,previous/results-v2/cycle1
30000000009444,0.04350779750264315,previous/results-v2/cycle1
30000000009446,0.028385485771963335,previous/results-v2/cycle1
30000000009447,0.027603845893954343,previous/results-v2/cycle1
30000000009448,0.02295208271998466,previous/results-v2/cycle1
30000000009449,0.021512345326882912,previous/results-v2/cycle1
30000000009451,0.0261195238495654,previous/results-v2/cycle1
30000000009452,0.028075551622323024,previous/results-v2/cycle1
30000000009845,0.027065585397310948,previous/results-v2/cycle1
30000000009848,0.027973991758581684,previous/results-v2/cycle1
30000000009849,0.021648305986439666,previous/results-v2/cycle1
30000000009851,0.02093099243169053,previous/results-v2/cycle1
30000000009852,0.024011610534319657,previous/results-v2/cycle1
30000000009853,0.026031367135144895,previous/results-v2/cycle1
30000000009854,0.028383718276016975,previous/results-v2/cycle1
30000000009856,0.026402009978412005,previous/results-v2/cycle1
30000000009857,0.023928541238605848,previous/results-v2/cycle1
30000000009858,0.025565776216364754,previous/results-v2/cycle1
30000000009859,0.03115631306822914,previous/results-v2/cycle1
30000000009861,0.02563904136273244,previous/results-v2/cycle1
30000000009864,0.0313177179569725,previous/results-v2/cycle1
30000000009865,0.024625740602811794,previous/results-v2/cycle1
30000000009866,0.023849695608003544,previous/results-v2/cycle1
30000000009867,0.026257610167100705,previous/results-v2/cycle1
30000000009868,0.02033846821550784,previous/results-v2/cycle1
30000000009869,0.022673221302497205,previous/results-v2/cycle1
30000000009870,0.02726302373892927,previous/results-v2/cycle1
30000000009872,0.03049854740746486,previous/results-v2/cycle1
30000000009873,0.029119666826322436,previous/results-v2/cycle1
30000000009875,0.020639028986763553,previous/results-v2/cycle1
30000000009876,0.02733653565901091,previous/results-v2/cycle1
30000000009878,0.031171160395822888,previous/results-v2/cycle1
30000000009880,0.026386017859603237,previous/results-v2/cycle1
30000000009881,0.029250990227697685,previous/results-v2/cycle1
30000000009882,0.04257976563363756,previous/results-v2/cycle1
30000000009885,0.023789184616822875,previous/results-v2/cycle1
30000000009886,0.03357329021882926,previous/results-v2/cycle1
30000000009887,0.016011231057150056,previous/results-v2/cycle1
30000000009888,0.024862776801206805,previous/results-v2/cycle1
30000000009889,0.03892181486167671,previous/results-v2/cycle1
30000000009890,0.026360502004225624,previous/results-v2/cycle1
30000000009891,0.020789370339551628,previous/results-v2/cycle1
30000000009892,0.02742439608729217,previous/results-v2/cycle1
30000000009893,0.024544191882736772,previous/results-v2/cycle1
30000000009894,0.02564048286558984,previous/results-v2/cycle1
30000000009895,0.015422211752301527,previous/results-v2/cycle1
30000000009897,0.031022324227082204,previous/results-v2/cycle1
30000000009898,0.020198110221175184,previous/results-v2/cycle1
30000000009900,0.028892307105386594,previous/results-v2/cycle1
30000000009903,0.026213547820054018,previous/results-v2/cycle1
30000000009904,0.021695601831531824,previous/results-v2/cycle1
30000000009905,0.024587311842773373,previous/results-v2/cycle1
30000000009906,0.0259305440120176,previous/results-v2/cycle1
30000000009907,0.02376520262047678,previous/results-v2/cycle1
30000000009908,0.02824379184312515,previous/results-v2/cycle1
30000000009909,0.03401515169920488,previous/results-v2/cycle1
30000000009910,0.017673683139877668,previous/results-v2/cycle1
30000000009911,0.030241353676485474,previous/results-v2/cycle1
30000000009913,0.03084840033151826,previous/results-v2/cycle1
30000000009914,0.017051300687100084,previous/results-v2/cycle1
30000000009915,0.0403257984005212,previous/results-v2/cycle1
30000000009916,0.02826401432766289,previous/results-v2/cycle1
30000000009917,0.03986244809790533,previous/results-v2/cycle1
30000000009918,0.019552023425412342,previous/results-v2/cycle1
30000000009920,0.025564950920698742,previous/results-v2/cycle1
30000000009921,0.024946489877409408,previous/results-v2/cycle1
30000000009922,0.016107916728575325,previous/results-v2/cycle1
30000000009923,0.0222645213273126,previous/results-v2/cycle1
30000000009264,0.02454635104127746,previous/results-v2/linear
30000000009265,0.026908999278612268,previous/results-v2/linear
30000000009267,0.039478693825497985,previous/results-v2/linear
30000000009268,0.025788767339094614,previous/results-v2/linear
30000000009269,0.028021470000520445,previous/results-v2/linear
30000000009270,0.027295648963178078,previous/results-v2/linear
30000000009271,0.016362085981299606,previous/results-v2/linear
30000000009272,0.029576038246119804,previous/results-v2/linear
30000000009273,0.02654470179423214,previous/results-v2/linear
30000000009274,0.028002918242899518,previous/results-v2/linear
30000000009275,0.01744773793793261,previous/results-v2/linear
30000000009277,0.01947032287977874,previous/results-v2/linear
30000000009278,0.02681922721287026,previous/results-v2/linear
30000000009279,0.019484377144651285,previous/results-v2/linear
30000000009280,0.02966617874088462,previous/results-v2/linear
30000000009281,0.014678232472461816,previous/results-v2/linear
30000000009282,0.011597665632296153,previous/results-v2/linear
30000000009283,0.015164848680556358,previous/results-v2/linear
30000000009285,0.01973549741010049,previous/results-v2/linear
30000000009286,0.01626235259883219,previous/results-v2/linear
30000000009287,0.017184020056522614,previous/results-v2/linear
30000000009288,0.020968092578047232,previous/results-v2/linear
30000000009289,0.019801387956211752,previous/results-v2/linear
30000000009290,0.014094923374614612,previous/results-v2/linear
30000000009291,0.019601872205127942,previous/results-v2/linear
30000000009292,0.0284238628238462,previous/results-v2/linear
30000000009293,0.022784973573550246,previous/results-v2/linear
30000000009294,0.01646191255942789,previous/results-v2/linear
30000000009295,0.015423186999004548,previous/results-v2/linear
30000000009296,0.01597194991012621,previous/results-v2/linear
30000000009299,0.030866074385464955,previous/results-v2/linear
30000000009300,0.015602105699713091,previous/results-v2/linear
30000000009302,0.019950458152414963,previous/results-v2/linear
30000000009303,0.014953920867336832,previous/results-v2/linear
30000000009304,0.014433238834006726,previous/results-v2/linear
30000000009306,0.02530827442126458,previous/results-v2/linear
30000000009307,0.01659622433471132,previous/results-v2/linear
30000000009309,0.013858856212212669,previous/results-v2/linear
30000000009310,0.031573730848535216,previous/results-v2/linear
30000000009311,0.021142946669169892,previous/results-v2/linear
30000000009312,0.027876323464255025,previous/results-v2/linear
30000000009313,0.018286116916184585,previous/results-v2/linear
30000000009316,0.024195220810041204,previous/results-v2/linear
30000000009317,0.023023942718783563,previous/results-v2/linear
30000000009318,0.024786462558711267,previous/results-v2/linear
30000000009319,0.029282312038169122,previous/results-v2/linear
30000000009320,0.01630856272664699,previous/results-v2/linear
30000000009321,0.024606685527825266,previous/results-v2/linear
30000000009322,0.023216710763187594,previous/results-v2/linear
30000000009323,0.024192836337477798,previous/results-v2/linear
30000000009324,0.02360129543435822,previous/results-v2/linear
30000000009325,0.018520518649302695,previous/results-v2/linear
30000000009327,0.014435158512152102,previous/results-v2/linear
30000000009329,0.01961366162581541,previous/results-v2/linear
30000000009330,0.028238710216285625,previous/results-v2/linear
30000000009331,0.01954031525856823,previous/results-v2/linear
30000000009332,0.03000623666197975,previous/results-v2/linear
30000000009333,0.016250818018586313,previous/results-v2/linear
30000000009335,0.02474514905313889,previous/results-v2/linear
30000000009336,0.02680480332028069,previous/results-v2/linear
30000000009337,0.016117348681373614,previous/results-v2/linear
30000000009338,0.019724003785531238,previous/results-v2/linear
30000000009341,0.022197006513856317,previous/results-v2/linear
30000000009342,0.01771615705323353,previous/results-v2/linear
30000000009343,0.023951000815805982,previous/results-v2/linear
30000000009344,0.015517163623524715,previous/results-v2/linear
30000000009345,0.01785539743882338,previous/results-v2/linear
30000000009346,0.025843666164787782,previous/results-v2/linear
30000000009347,0.01893445742163011,previous/results-v2/linear
30000000009348,0.029629963872873578,previous/results-v2/linear
30000000009349,0.01818859047880613,previous/results-v2/linear
30000000009350,0.02830150254145013,previous/results-v2/linear
30000000009352,0.016689581396017245,previous/results-v2/linear
30000000009353,0.02748656493066108,previous/results-v2/linear
30000000009354,0.023031554949104114,previous/results-v2/linear
30000000009356,0.015857401168873995,previous/results-v2/linear
30000000009358,0.020623332501618824,previous/results-v2/linear
30000000009360,0.018795902519035356,previous/results-v2/linear
30000000009362,0.0176859818837272,previous/results-v2/linear
30000000009363,0.016484879476385838,previous/results-v2/linear
30000000009364,0.027708426155806768,previous/results-v2/linear
30000000009366,0.027353862835527782,previous/results-v2/linear
30000000009367,0.02089722611772671,previous/results-v2/linear
30000000009368,0.018085153154015324,previous/results-v2/linear
30000000009369,0.024944294156038268,previous/results-v2/linear
30000000009371,0.022009839624889158,previous/results-v2/linear
30000000009373,0.02319093556515081,previous/results-v2/linear
30000000009375,0.02789299769731582,previous/results-v2/linear
30000000009376,0.024500215283029803,previous/results-v2/linear
30000000009377,0.02789358596763211,previous/results-v2/linear
30000000009378,0.032889303385472926,previous/results-v2/linear
30000000009379,0.041837934384284015,previous/results-v2/linear
30000000009380,0.025399002216027675,previous/results-v2/linear
30000000009381,0.030109296351343597,previous/results-v2/linear
30000000009382,0.02301585228927223,previous/results-v2/linear
30000000009384,0.030536043139203408,previous/results-v2/linear
30000000009385,0.019769274149774748,previous/results-v2/linear
30000000009386,0.018698140068095656,previous/results-v2/linear
30000000009387,0.024832014732395543,previous/results-v2/linear
30000000009388,0.020202963445393404,previous/results-v2/linear
30000000009389,0.02966921105541354,previous/results-v2/linear
30000000009390,0.02633079855471958,previous/results-v2/linear
30000000009405,0.018520482088188336,previous/results-v2/linear
30000000009406,0.024370897080819257,previous/results-v2/linear
30000000009408,0.019086044142276232,previous/results-v2/linear
30000000009409,0.02862062910224012,previous/results-v2/linear
30000000009410,0.01985886248616459,previous/results-v2/linear
30000000009411,0.02109904527673462,previous/results-v2/linear
30000000009412,0.024819182519561934,previous/results-v2/linear
30000000009413,0.02421877881497091,previous/results-v2/linear
30000000009414,0.020712962298190113,previous/results-v2/linear
30000000009416,0.030592144735790507,previous/results-v2/linear
30000000009418,0.03042540260865665,previous/results-v2/linear
30000000009419,0.024074201932189815,previous/results-v2/linear
30000000009420,0.023332073260029267,previous/results-v2/linear
30000000009421,0.026970528154022053,previous/results-v2/linear
30000000009422,0.02880279848640404,previous/results-v2/linear
30000000009423,0.022236523435080216,previous/results-v2/linear
30000000009424,0.025197126895385762,previous/results-v2/linear
30000000009425,0.02059287893692203,previous/results-v2/linear
30000000009428,0.02344114664283151,previous/results-v2/linear
30000000009429,0.020180283522499905,previous/results-v2/linear
30000000009430,0.02135925964734425,previous/results-v2/linear
30000000009431,0.019881404098967822,previous/results-v2/linear
30000000009432,0.017530814920909445,previous/results-v2/linear
30000000009433,0.021220260324495383,previous/results-v2/linear
30000000009434,0.026433149894177933,previous/results-v2/linear
30000000009435,0.026274067198910667,previous/results-v2/linear
30000000009437,0.028773632167998817,previous/results-v2/linear
30000000009439,0.021999034039266,previous/results-v2/linear
30000000009440,0.034280358386552585,previous/results-v2/linear
30000000009441,0.0348699168576252,previous/results-v2/linear
30000000009443,0.016453209705160905,previous/results-v2/linear
30000000009444,0.04604360044428023,previous/results-v2/linear
30000000009446,0.0283525098318209,previous/results-v2/linear
30000000009447,0.027476719755831297,previous/results-v2/linear
30000000009448,0.021814426796734357,previous/results-v2/linear
30000000009449,0.021639123163295974,previous/results-v2/linear
30000000009451,0.025224810471941216,previous/results-v2/linear
30000000009452,0.027081145420885466,previous/results-v2/linear
30000000009845,0.023651816031369392,previous/results-v2/linear
30000000009848,0.027183550966219206,previous/results-v2/linear
30000000009849,0.02107317156909946,previous/results-v2/linear
30000000009851,0.021606957611337987,previous/results-v2/linear
30000000009852,0.02047907171680661,previous/results-v2/linear
30000000009853,0.025632655860865758,previous/results-v2/linear
30000000009854,0.028038127798879965,previous/results-v2/linear
30000000009856,0.0241575409869242,previous/results-v2/linear
30000000009857,0.024399105371780926,previous/results-v2/linear
30000000009858,0.023246339642439023,previous/results-v2/linear
30000000009859,0.030749777663828602,previous/results-v2/linear
30000000009861,0.024932422908927564,previous/results-v2/linear
30000000009864,0.0285050660794879,previous/results-v2/linear
30000000009865,0.024997358319925004,previous/results-v2/linear
30000000009866,0.024037234315860453,previous/results-v2/linear
30000000009867,0.024763114650155904,previous/results-v2/linear
30000000009868,0.01852823320647831,previous/results-v2/linear
30000000009869,0.022922959582979206,previous/results-v2/linear
30000000009870,0.02746003399421717,previous/results-v2/linear
30000000009872,0.02775432655440809,previous/results-v2/linear
30000000009873,0.0287840937592405,previous/results-v2/linear
30000000009875,0.021308804783032355,previous/results-v2/linear
30000000009876,0.026532913378728776,previous/results-v2/linear
30000000009878,0.03004853318472687,previous/results-v2/linear
30000000009880,0.02369842989327508,previous/results-v2/linear
30000000009881,0.029560013684392067,previous/results-v2/linear
30000000009882,0.04103993309364982,previous/results-v2/linear
30000000009885,0.022175179959138723,previous/results-v2/linear
30000000009886,0.032087394384617975,previous/results-v2/linear
30000000009887,0.017170842488207046,previous/results-v2/linear
30000000009888,0.022170380845508323,previous/results-v2/linear
30000000009889,0.03732242256697793,previous/results-v2/linear
30000000009890,0.02644858857922473,previous/results-v2/linear
30000000009891,0.020595133718682802,previous/results-v2/linear
30000000009892,0.026432992637359418,previous/results-v2/linear
30000000009893,0.026431713957205935,previous/results-v2/linear
30000000009894,0.024629854284090466,previous/results-v2/linear
30000000009895,0.015905959658334703,previous/results-v2/linear
30000000009897,0.03195287142406645,previous/results-v2/linear
30000000009898,0.018220079387558038,previous/results-v2/linear
30000000009900,0.030178346468514475,previous/results-v2/linear
30000000009903,0.025113519962142297,previous/results-v2/linear
30000000009904,0.019762509594226076,previous/results-v2/linear
30000000009905,0.022288892517523383,previous/results-v2/linear
30000000009906,0.026128296089800326,previous/results-v2/linear
30000000009907,0.021879374950008957,previous/results-v2/linear
30000000009908,0.027727485578189617,previous/results-v2/linear
30000000009909,0.03225908744355457,previous/results-v2/linear
30000000009910,0.019187982881153733,previous/results-v2/linear
30000000009911,0.03011169645913141,previous/results-v2/linear
30000000009913,0.03034277864075849,previous/results-v2/linear
30000000009914,0.016868957570819187,previous/results-v2/linear
30000000009915,0.039037578599682106,previous/results-v2/linear
30000000009916,0.027871878152346,previous/results-v2/linear
30000000009917,0.03824412424134256,previous/results-v2/linear
30000000009918,0.018218466818873374,previous/results-v2/linear
30000000009920,0.02340543482309191,previous/results-v2/linear
30000000009921,0.02084065169285214,previous/results-v2/linear
30000000009922,0.015349637265610038,previous/results-v2/linear
30000000009923,0.020215424753231574,previous/results-v2/linear
30000000009264,0.025293078369644145,previous/results-v2/unconstrained1
30000000009265,0.028026260426631512,previous/results-v2/unconstrained1
30000000009267,0.03736691208263962,previous/results-v2/unconstrained1
30000000009268,0.026922613337675566,previous/results-v2/unconstrained1
30000000009269,0.030708576889639766,previous/results-v2/unconstrained1
30000000009270,0.025006863801843898,previous/results-v2/unconstrained1
30000000009271,0.016559613941679704,previous/results-v2/unconstrained1
30000000009272,0.03010600099967539,previous/results-v2/unconstrained1
30000000009273,0.027063347164404256,previous/results-v2/unconstrained1
30000000009274,0.02938940161386599,previous/results-v2/unconstrained1
30000000009275,0.018208173700544693,previous/results-v2/unconstrained1
30000000009277,0.0198690777238046,previous/results-v2/unconstrained1
30000000009278,0.02815118923669536,previous/results-v2/unconstrained1
30000000009279,0.020919533114046297,previous/results-v2/unconstrained1
30000000009280,0.029518012409775474,previous/results-v2/unconstrained1
30000000009281,0.015145940471819655,previous/results-v2/unconstrained1
30000000009282,0.011845654298393985,previous/results-v2/unconstrained1
30000000009283,0.01527802301859077,previous/results-v2/unconstrained1
30000000009285,0.019744924082485658,previous/results-v2/unconstrained1
30000000009286,0.0176634828114866,previous/results-v2/unconstrained1
30000000009287,0.017507465417366395,previous/results-v2/unconstrained1
30000000009288,0.020434620727374897,previous/results-v2/unconstrained1
30000000009289,0.020302546989458378,previous/results-v2/unconstrained1
30000000009290,0.01600635034657829,previous/results-v2/unconstrained1
30000000009291,0.01991518012847142,previous/results-v2/unconstrained1
30000000009292,0.028100043602141106,previous/results-v2/unconstrained1
30000000009293,0.02172850669560092,previous/results-v2/unconstrained1
30000000009294,0.02053749973897169,previous/results-v2/unconstrained1
30000000009295,0.016964831970792307,previous/results-v2/unconstrained1
30000000009296,0.01586397016613785,previous/results-v2/unconstrained1
30000000009299,0.0298739490962518,previous/results-v2/unconstrained1
30000000009300,0.016382876364250253,previous/results-v2/unconstrained1
30000000009302,0.021216423273129763,previous/results-v2/unconstrained1
30000000009303,0.015423679681889766,previous/results-v2/unconstrained1
30000000009304,0.014483507380526568,previous/results-v2/unconstrained1
30000000009306,0.025802271752637856,previous/results-v2/unconstrained1
30000000009307,0.01728305655165943,previous/results-v2/unconstrained1
30000000009309,0.01520447138354191,previous/results-v2/unconstrained1
30000000009310,0.03214717250473995,previous/results-v2/unconstrained1
30000000009311,0.020683435456745468,previous/results-v2/unconstrained1
30000000009312,0.02643307033565991,previous/results-v2/unconstrained1
30000000009313,0.020170586903794613,previous/results-v2/unconstrained1
30000000009316,0.023790145626448465,previous/results-v2/unconstrained1
30000000009317,0.024096255358949655,previous/results-v2/unconstrained1
30000000009318,0.02528309193358042,previous/results-v2/unconstrained1
30000000009319,0.029244252904310212,previous/results-v2/unconstrained1
30000000009320,0.018545158596524797,previous/results-v2/unconstrained1
30000000009321,0.02336443552753879,previous/results-v2/unconstrained1
30000000009322,0.023371776918839716,previous/results-v2/unconstrained1
30000000009323,0.027452889544127692,previous/results-v2/unconstrained1
30000000009324,0.02471976042613078,previous/results-v2/unconstrained1
30000000009325,0.0196183980876419,previous/results-v2/unconstrained1
30000000009327,0.014667385563019893,previous/results-v2/unconstrained1
30000000009329,0.020668816619288412,previous/results-v2/unconstrained1
30000000009330,0.02724695744241077,previous/results-v2/unconstrained1
30000000009331,0.018933014825857148,previous/results-v2/unconstrained1
30000000009332,0.031220860683418068,previous/results-v2/unconstrained1
30000000009333,0.016377641097027672,previous/results-v2/unconstrained1
30000000009335,0.025109926443650968,previous/results-v2/unconstrained1
30000000009336,0.02691300013926517,previous/results-v2/unconstrained1
30000000009337,0.01637042688482067,previous/results-v2/unconstrained1
30000000009338,0.020390835906206224,previous/results-v2/unconstrained1
30000000009341,0.022838738448426595,previous/results-v2/unconstrained1
30000000009342,0.01891626398427908,previous/results-v2/unconstrained1
30000000009343,0.02589547627301951,previous/results-v2/unconstrained1
30000000009344,0.015277543731621927,previous/results-v2/unconstrained1
30000000009345,0.01838121463366248,previous/results-v2/unconstrained1
30000000009346,0.02536987757900992,previous/results-v2/unconstrained1
30000000009347,0.02030799664490597,previous/results-v2/unconstrained1
30000000009348,0.03141414199039815,previous/results-v2/unconstrained1
30000000009349,0.01859552951005059,previous/results-v2/unconstrained1
30000000009350,0.027819264423502663,previous/results-v2/unconstrained1
30000000009352,0.017309863769032152,previous/results-v2/unconstrained1
30000000009353,0.03075759672698057,previous/results-v2/unconstrained1
30000000009354,0.022836803395435055,previous/results-v2/unconstrained1
30000000009356,0.016339766111124233,previous/results-v2/unconstrained1
30000000009358,0.020415325365823796,previous/results-v2/unconstrained1
30000000009360,0.019385404296634136,previous/results-v2/unconstrained1
30000000009362,0.01941382352163243,previous/results-v2/unconstrained1
30000000009363,0.016378982277035967,previous/results-v2/unconstrained1
30000000009364,0.02814500060079966,previous/results-v2/unconstrained1
30000000009366,0.025037791736039643,previous/results-v2/unconstrained1
30000000009367,0.022692099711452935,previous/results-v2/unconstrained1
30000000009368,0.0217287067249354,previous/results-v2/unconstrained1
30000000009369,0.026500281395459818,previous/results-v2/unconstrained1
30000000009371,0.022177496870562415,previous/results-v2/unconstrained1
30000000009373,0.022905201277962,previous/results-v2/unconstrained1
30000000009375,0.027015264757073863,previous/results-v2/unconstrained1
30000000009376,0.02530695576424945,previous/results-v2/unconstrained1
30000000009377,0.027125592401507567,previous/results-v2/unconstrained1
30000000009378,0.03438663302961462,previous/results-v2/unconstrained1
30000000009379,0.041250978694102575,previous/results-v2/unconstrained1
30000000009380,0.02518168688818767,previous/results-v2/unconstrained1
30000000009381,0.028637059798291755,previous/results-v2/unconstrained1
30000000009382,0.024140741555906862,previous/results-v2/unconstrained1
30000000009384,0.028891916592484322,previous/results-v2/unconstrained1
30000000009385,0.02243477566352842,previous/results-v2/unconstrained1
30000000009386,0.01861018498171062,previous/results-v2/unconstrained1
30000000009387,0.027068533575798047,previous/results-v2/unconstrained1
30000000009388,0.020952461756379638,previous/results-v2/unconstrained1
30000000009389,0.029686377911744746,previous/results-v2/unconstrained1
30000000009390,0.026498074896002855,previous/results-v2/unconstrained1
30000000009405,0.018630696176090714,previous/results-v2/unconstrained1
30000000009406,0.02328797972261776,previous/results-v2/unconstrained1
30000000009408,0.020172276466175226,previous/results-v2/unconstrained1
30000000009409,0.02979462597681477,previous/results-v2/unconstrained1
30000000009410,0.020432539002277074,previous/results-v2/unconstrained1
30000000009411,0.02220346334729978,previous/results-v2/unconstrained1
30000000009412,0.025351070587126583,previous/results-v2/unconstrained1
30000000009413,0.02436800885712936,previous/results-v2/unconstrained1
30000000009414,0.02044375526258518,previous/results-v2/unconstrained1
30000000009416,0.02902968816000541,previous/results-v2/unconstrained1
30000000009418,0.029001434512655785,previous/results-v2/unconstrained1
30000000009419,0.026128506782285996,previous/results-v2/unconstrained1
30000000009420,0.026120943741608216,previous/results-v2/unconstrained1
30000000009421,0.027535544301680002,previous/results-v2/unconstrained1
30000000009422,0.028984893681995222,previous/results-v2/unconstrained1
30000000009423,0.02353558247043701,previous/results-v2/unconstrained1
30000000009424,0.02690593896134014,previous/results-v2/unconstrained1
30000000009425,0.020283687440240516,previous/results-v2/unconstrained1
30000000009428,0.023280087264659483,previous/results-v2/unconstrained1
30000000009429,0.02150269212611147,previous/results-v2/unconstrained1
30000000009430,0.021098399912901206,previous/results-v2/unconstrained1
30000000009431,0.020426322942440307,previous/results-v2/unconstrained1
30000000009432,0.018614069088249887,previous/results-v2/unconstrained1
30000000009433,0.0222949783395729,previous/results-v2/unconstrained1
30000000009434,0.026294085099675315,previous/results-v2/unconstrained1
30000000009435,0.02602472724812771,previous/results-v2/unconstrained1
30000000009437,0.029535801605661497,previous/results-v2/unconstrained1
30000000009439,0.02242925603734948,previous/results-v2/unconstrained1
30000000009440,0.035870495803425086,previous/results-v2/unconstrained1
30000000009441,0.033416284649831554,previous/results-v2/unconstrained1
30000000009443,0.017866140810419984,previous/results-v2/unconstrained1
30000000009444,0.04350779750264315,previous/results-v2/unconstrained1
30000000009446,0.028385485771963335,previous/results-v2/unconstrained1
30000000009447,0.027603845893954343,previous/results-v2/unconstrained1
30000000009448,0.02295208271998466,previous/results-v2/unconstrained1
30000000009449,0.021512345326882912,previous/results-v2/unconstrained1
30000000009451,0.0261195238495654,previous/results-v2/unconstrained1
30000000009452,0.028075551622323024,previous/results-v2/unconstrained1
30000000009845,0.027065585397310948,previous/results-v2/unconstrained1
30000000009848,0.027973991758581684,previous/results-v2/unconstrained1
30000000009849,0.021648305986439666,previous/results-v2/unconstrained1
30000000009851,0.02093099243169053,previous/results-v2/unconstrained1
30000000009852,0.024011610534319657,previous/results-v2/unconstrained1
30000000009853,0.026031367135144895,previous/results-v2/unconstrained1
30000000009854,0.028383718276016975,previous/results-v2/unconstrained1
30000000009856,0.026402009978412005,previous/results-v2/unconstrained1
30000000009857,0.023928541238605848,previous/results-v2/unconstrained1
30000000009858,0.025565776216364754,previous/results-v2/unconstrained1
30000000009859,0.03115631306822914,previous/results-v2/unconstrained1
30000000009861,0.02563904136273244,previous/results-v2/unconstrained1
30000000009864,0.0313177179569725,previous/results-v2/unconstrained1
30000000009865,0.024625740602811794,previous/results-v2/unconstrained1
30000000009866,0.023849695608003544,previous/results-v2/unconstrained1
30000000009867,0.026257610167100705,previous/results-v2/unconstrained1
30000000009868,0.02033846821550784,previous/results-v2/unconstrained1
30000000009869,0.022673221302497205,previous/results-v2/unconstrained1
30000000009870,0.02726302373892927,previous/results-v2/unconstrained1
30000000009872,0.03049854740746486,previous/results-v2/unconstrained1
30000000009873,0.029119666826322436,previous/results-v2/unconstrained1
30000000009875,0.020639028986763553,previous/results-v2/unconstrained1
30000000009876,0.02733653565901091,previous/results-v2/unconstrained1
30000000009878,0.031171160395822888,previous/results-v2/unconstrained1
30000000009880,0.026386017859603237,previous/results-v2/unconstrained1
30000000009881,0.029250990227697685,previous/results-v2/unconstrained1
30000000009882,0.04257976563363756,previous/results-v2/unconstrained1
30000000009885,0.023789184616822875,previous/results-v2/unconstrained1
30000000009886,0.03357329021882926,previous/results-v2/unconstrained1
30000000009887,0.016011231057150056,previous/results-v2/unconstrained1
30000000009888,0.024862776801206805,previous/results-v2/unconstrained1
30000000009889,0.03892181486167671,previous/results-v2/unconstrained1
30000000009890,0.026360502004225624,previous/results-v2/unconstrained1
30000000009891,0.020789370339551628,previous/results-v2/unconstrained1
30000000009892,0.02742439608729217,previous/results-v2/unconstrained1
30000000009893,0.024544191882736772,previous/results-v2/unconstrained1
30000000009894,0.02564048286558984,previous/results-v2/unconstrained1
30000000009895,0.015422211752301527,previous/results-v2/unconstrained1
30000000009897,0.031022324227082204,previous/results-v2/unconstrained1
30000000009898,0.020198110221175184,previous/results-v2/unconstrained1
30000000009900,0.028892307105386594,previous/results-v2/unconstrained1
30000000009903,0.026213547820054018,previous/results-v2/unconstrained1
30000000009904,0.021695601831531824,previous/results-v2/unconstrained1
30000000009905,0.024587311842773373,previous/results-v2/unconstrained1
30000000009906,0.0259305440120176,previous/results-v2/unconstrained1
30000000009907,0.02376520262047678,previous/results-v2/unconstrained1
30000000009908,0.02824379184312515,previous/results-v2/unconstrained1
30000000009909,0.03401515169920488,previous/results-v2/unconstrained1
30000000009910,0.017673683139877668,previous/results-v2/unconstrained1
30000000009911,0.030241353676485474,previous/results-v2/unconstrained1
30000000009913,0.03084840033151826,previous/results-v2/unconstrained1
30000000009914,0.017051300687100084,previous/results-v2/unconstrained1
30000000009915,0.0403257984005212,previous/results-v2/unconstrained1
30000000009916,0.02826401432766289,previous/results-v2/unconstrained1
30000000009917,0.03986244809790533,previous/results-v2/unconstrained1
30000000009918,0.019552023425412342,previous/results-v2/unconstrained1
30000000009920,0.025564950920698742,previous/results-v2/unconstrained1
30000000009921,0.024946489877409408,previous/results-v2/unconstrained1
30000000009922,0.016107916728575325,previous/results-v2/unconstrained1
30000000009923,0.0222645213273126,previous/results-v2/unconstrained1
30000000009264,0.0234840348856019,previous/results-v2/simple
30000000009265,0.028538356399080915,previous/results-v2/simple
30000000009267,0.04178691238131545,previous/results-v2/simple
30000000009268,0.024532743254782236,previous/results-v2/simple
30000000009269,0.02988832413299992,previous/results-v2/simple
30000000009270,0.02716211444353049,previous/results-v2/simple
30000000009271,0.018813715265941576,previous/results-v2/simple
30000000009272,0.031248002448814143,previous/results-v2/simple
30000000009273,0.02818314316769271,previous/results-v2/simple
30000000009274,0.028572785973255778,previous/results-v2/simple
30000000009275,0.019526209161552892,previous/results-v2/simple
30000000009277,0.019550317927325117,previous/results-v2/simple
30000000009278,0.025652202892295466,previous/results-v2/simple
30000000009279,0.02035355080603604,previous/results-v2/simple
30000000009280,0.03168378124113414,previous/results-v2/simple
30000000009281,0.01565116927231998,previous/results-v2/simple
30000000009282,0.012492468580780227,previous/results-v2/simple
30000000009283,0.01695483602179068,previous/results-v2/simple
30000000009285,0.019641463644887554,previous/results-v2/simple
30000000009286,0.017246169369676535,previous/results-v2/simple
30000000009287,0.018519612365449783,previous/results-v2/simple
30000000009288,0.02283010743327588,previous/results-v2/simple
30000000009289,0.01981019321745881,previous/results-v2/simple
30000000009290,0.01492102519716151,previous/results-v2/simple
30000000009291,0.019433579851592966,previous/results-v2/simple
30000000009292,0.028214924432832293,previous/results-v2/simple
30000000009293,0.023702186731578444,previous/results-v2/simple
30000000009294,0.019690061795475885,previous/results-v2/simple
30000000009295,0.01699778279714067,previous/results-v2/simple
30000000009296,0.017590305807715246,previous/results-v2/simple
30000000009299,0.03275028463914895,previous/results-v2/simple
30000000009300,0.015177695580726928,previous/results-v2/simple
30000000009302,0.0188278175771829,previous/results-v2/simple
30000000009303,0.015152513961831553,previous/results-v2/simple
30000000009304,0.013909055660355687,previous/results-v2/simple
30000000009306,0.025194219810395962,previous/results-v2/simple
30000000009307,0.017999253146270516,previous/results-v2/simple
30000000009309,0.014660641314975232,previous/results-v2/simple
30000000009310,0.03203740962397454,previous/results-v2/simple
30000000009311,0.020967032184834932,previous/results-v2/simple
30000000009312,0.027288237580288977,previous/results-v2/simple
30000000009313,0.020072000936240116,previous/results-v2/simple
30000000009316,0.024650484168794996,previous/results-v2/simple
30000000009317,0.021570465525606507,previous/results-v2/simple
30000000009318,0.02509622692884948,previous/results-v2/simple
30000000009319,0.029660719427044128,previous/results-v2/simple
30000000009320,0.01858068531029979,previous/results-v2/simple
30000000009321,0.025313644233939128,previous/results-v2/simple
30000000009322,0.022558915838253483,previous/results-v2/simple
30000000009323,0.027910673476767216,previous/results-v2/simple
30000000009324,0.024984534291139504,previous/results-v2/simple
30000000009325,0.01927776088695258,previous/results-v2/simple
30000000009327,0.014638361101789262,previous/results-v2/simple
30000000009329,0.019186287224620187,previous/results-v2/simple
30000000009330,0.02926018914157213,previous/results-v2/simple
30000000009331,0.01977251170088545,previous/results-v2/simple
30000000009332,0.030125309876516536,previous/results-v2/simple
30000000009333,0.01623949460036045,previous/results-v2/simple
30000000009335,0.024099036017628903,previous/results-v2/simple
30000000009336,0.028512569125038422,previous/results-v2/simple
30000000009337,0.0166929190981481,previous/results-v2/simple
30000000009338,0.019790822304936895,previous/results-v2/simple
30000000009341,0.022581927253116526,previous/results-v2/simple
30000000009342,0.017427288269988437,previous/results-v2/simple
30000000009343,0.02494347427353215,previous/results-v2/simple
30000000009344,0.016644853581540275,previous/results-v2/simple
30000000009345,0.018502430361276186,previous/results-v2/simple
30000000009346,0.026826412296487228,previous/results-v2/simple
30000000009347,0.018662779604524567,previous/results-v2/simple
30000000009348,0.03006270320226126,previous/results-v2/simple
30000000009349,0.018810157823225246,previous/results-v2/simple
30000000009350,0.029921432069402065,previous/results-v2/simple
30000000009352,0.017700496117570224,previous/results-v2/simple
30000000009353,0.028124643197722562,previous/results-v2/simple
30000000009354,0.021220328294768515,previous/results-v2/simple
30000000009356,0.017178755357273572,previous/results-v2/simple
30000000009358,0.020734207906898654,previous/results-v2/simple
30000000009360,0.019798873484012203,previous/results-v2/simple
30000000009362,0.02067511249177391,previous/results-v2/simple
30000000009363,0.018236072673890727,previous/results-v2/simple
30000000009364,0.027424991983384606,previous/results-v2/simple
30000000009366,0.02613758988997562,previous/results-v2/simple
30000000009367,0.02099773518554455,previous/results-v2/simple
30000000009368,0.018077102571974944,previous/results-v2/simple
30000000009369,0.02660689366301627,previous/results-v2/simple
30000000009371,0.024884705551607128,previous/results-v2/simple
30000000009373,0.02448466374152948,previous/results-v2/simple
30000000009375,0.026849195195289364,previous/results-v2/simple
30000000009376,0.026500493069160535,previous/results-v2/simple
30000000009377,0.029276261249329857,previous/results-v2/simple
30000000009378,0.03502915209363045,previous/results-v2/simple
30000000009379,0.0441404156816531,previous/results-v2/simple
30000000009380,0.026557304959915897,previous/results-v2/simple
30000000009381,0.03054557427922573,previous/results-v2/simple
30000000009382,0.026300765085575342,previous/results-v2/simple
30000000009384,0.029405574706577946,previous/results-v2/simple
30000000009385,0.02179800055178763,previous/results-v2/simple
30000000009386,0.019533420482759307,previous/results-v2/simple
30000000009387,0.02742216050343243,previous/results-v2/simple
30000000009388,0.021781932120702178,previous/results-v2/simple
30000000009389,0.031348080836279865,previous/results-v2/simple
30000000009390,0.025773561112283527,previous/results-v2/simple
30000000009405,0.018754982860852358,previous/results-v2/simple
30000000009406,0.026608854625767314,previous/results-v2/simple
30000000009408,0.021255556503519183,previous/results-v2/simple
30000000009409,0.02883152297043144,previous/results-v2/simple
30000000009410,0.0215862433702364,previous/results-v2/simple
30000000009411,0.022977534108011927,previous/results-v2/simple
30000000009412,0.025786377356513682,previous/results-v2/simple
30000000009413,0.024687408081725898,previous/results-v2/simple
30000000009414,0.020294633805522492,previous/results-v2/simple
30000000009416,0.03262124029474599,previous/results-v2/simple
30000000009418,0.030277142080723234,previous/results-v2/simple
30000000009419,0.024943667240160203,previous/results-v2/simple
30000000009420,0.025084009925820036,previous/results-v2/simple
30000000009421,0.02993930302876721,previous/results-v2/simple
30000000009422,0.02940469261395088,previous/results-v2/simple
30000000009423,0.02166937595693225,previous/results-v2/simple
30000000009424,0.025563401137031004,previous/results-v2/simple
30000000009425,0.019945516980556167,previous/results-v2/simple
30000000009428,0.023129098648242464,previous/results-v2/simple
30000000009429,0.020888731189507955,previous/results-v2/simple
30000000009430,0.022649370956045897,previous/results-v2/simple
30000000009431,0.020533585710915788,previous/results-v2/simple
30000000009432,0.016079264445102034,previous/results-v2/simple
30000000009433,0.021650732755545295,previous/results-v2/simple
30000000009434,0.027819784538511572,previous/results-v2/simple
30000000009435,0.025013231408905535,previous/results-v2/simple
30000000009437,0.02809473398164186,previous/results-v2/simple
30000000009439,0.023801257479013644,previous/results-v2/simple
30000000009440,0.033673656088728784,previous/results-v2/simple
30000000009441,0.03356718954132534,previous/results-v2/simple
30000000009443,0.018414085479510272,previous/results-v2/simple
30000000009444,0.04242359959553468,previous/results-v2/simple
30000000009446,0.030200539787514843,previous/results-v2/simple
30000000009447,0.02779252808932469,previous/results-v2/simple
30000000009448,0.020873700874822182,previous/results-v2/simple
30000000009449,0.022987158415378094,previous/results-v2/simple
30000000009451,0.02654265622272965,previous/results-v2/simple
30000000009452,0.030086611803563815,previous/results-v2/simple
30000000009845,0.023048736429245188,previous/results-v2/simple
30000000009848,0.0271777806286913,previous/results-v2/simple
30000000009849,0.02123610977541995,previous/results-v2/simple
30000000009851,0.01993840015751718,previous/results-v2/simple
30000000009852,0.022135683675834114,previous/results-v2/simple
30000000009853,0.027232678347504483,previous/results-v2/simple
30000000009854,0.02869390303165522,previous/results-v2/simple
30000000009856,0.025257470096948186,previous/results-v2/simple
30000000009857,0.02532377620502145,previous/results-v2/simple
30000000009858,0.025328134266928766,previous/results-v2/simple
30000000009859,0.03104328365703451,previous/results-v2/simple
30000000009861,0.02734000003532691,previous/results-v2/simple
30000000009864,0.03090254940471455,previous/results-v2/simple
30000000009865,0.02427104662213151,previous/results-v2/simple
30000000009866,0.02417867535968009,previous/results-v2/simple
30000000009867,0.026620662011976343,previous/results-v2/simple
30000000009868,0.01827352717171355,previous/results-v2/simple
30000000009869,0.023995092199727536,previous/results-v2/simple
30000000009870,0.027575204971129953,previous/results-v2/simple
30000000009872,0.02860307134999835,previous/results-v2/simple
30000000009873,0.030965482282362636,previous/results-v2/simple
30000000009875,0.022201586863546202,previous/results-v2/simple
30000000009876,0.026494385523159924,previous/results-v2/simple
30000000009878,0.030167523660941706,previous/results-v2/simple
30000000009880,0.024121677772459382,previous/results-v2/simple
30000000009881,0.030259625702098215,previous/results-v2/simple
30000000009882,0.04302322812105394,previous/results-v2/simple
30000000009885,0.022022812480179458,previous/results-v2/simple
30000000009886,0.03266325161944326,previous/results-v2/simple
30000000009887,0.017070023396139153,previous/results-v2/simple
30000000009888,0.022937806069041704,previous/results-v2/simple
30000000009889,0.03746838489509914,previous/results-v2/simple
30000000009890,0.025703222365119047,previous/results-v2/simple
30000000009891,0.01895069346138231,previous/results-v2/simple
30000000009892,0.028081058491971896,previous/results-v2/simple
30000000009893,0.027676766210665626,previous/results-v2/simple
30000000009894,0.023731765674850257,previous/results-v2/simple
30000000009895,0.014571082397021217,previous/results-v2/simple
30000000009897,0.03356615285826595,previous/results-v2/simple
30000000009898,0.01903394995477631,previous/results-v2/simple
30000000009900,0.03088397702379304,previous/results-v2/simple
30000000009903,0.025449879008561004,previous/results-v2/simple
30000000009904,0.019672034489040747,previous/results-v2/simple
30000000009905,0.023495693032046426,previous/results-v2/simple
30000000009906,0.027728915730112137,previous/results-v2/simple
30000000009907,0.02267907118136271,previous/results-v2/simple
30000000009908,0.026152487236244536,previous/results-v2/simple
30000000009909,0.03176708778166998,previous/results-v2/simple
30000000009910,0.02008379726183604,previous/results-v2/simple
30000000009911,0.029195089660941878,previous/results-v2/simple
30000000009913,0.03195753374309023,previous/results-v2/simple
30000000009914,0.01820497267089844,previous/results-v2/simple
30000000009915,0.04161352695833569,previous/results-v2/simple
30000000009916,0.02854708688691441,previous/results-v2/simple
30000000009917,0.0396266568892358,previous/results-v2/simple
30000000009918,0.019086276230900822,previous/results-v2/simple
30000000009920,0.026620335978392296,previous/results-v2/simple
30000000009921,0.02339991267105482,previous/results-v2/simple
30000000009922,0.01486819473196464,previous/results-v2/simple
30000000009923,0.020948066403943765,previous/results-v2/simple
30000000009264,0.020757485584408444,previous/results-v2/flexible
30000000009265,0.027177775776812213,previous/results-v2/flexible
30000000009267,0.03608991608234038,previous/results-v2/flexible
30000000009268,0.022074027830578297,previous/results-v2/flexible
30000000009269,0.025614548869908906,previous/results-v2/flexible
30000000009270,0.02425506513588446,previous/results-v2/flexible
30000000009271,0.019429625562800656,previous/results-v2/flexible
30000000009272,0.028161220901939843,previous/results-v2/flexible
30000000009273,0.022834776794356772,previous/results-v2/flexible
30000000009274,0.025453510174401724,previous/results-v2/flexible
30000000009275,0.0163565287232179,previous/results-v2/flexible
30000000009277,0.01807699846318525,previous/results-v2/flexible
30000000009278,0.026151689089672848,previous/results-v2/flexible
30000000009279,0.02132342323995996,previous/results-v2/flexible
30000000009280,0.02569955592837543,previous/results-v2/flexible
30000000009281,0.014341269740603433,previous/results-v2/flexible
30000000009282,0.013082158783493121,previous/results-v2/flexible
30000000009283,0.013178689191711657,previous/results-v2/flexible
30000000009285,0.017178942381828585,previous/results-v2/flexible
30000000009286,0.016459586069797187,previous/results-v2/flexible
30000000009287,0.016060703401869415,previous/results-v2/flexible
30000000009288,0.020113485492987214,previous/results-v2/flexible
30000000009289,0.01914169689723788,previous/results-v2/flexible
30000000009290,0.01430535176243596,previous/results-v2/flexible
30000000009291,0.019507559266322184,previous/results-v2/flexible
30000000009292,0.02440445611996303,previous/results-v2/flexible
30000000009293,0.022754411947517955,previous/results-v2/flexible
30000000009294,0.019107126056778737,previous/results-v2/flexible
30000000009295,0.01586550805753903,previous/results-v2/flexible
30000000009296,0.016639471458114164,previous/results-v2/flexible
30000000009299,0.030178759087941574,previous/results-v2/flexible
30000000009300,0.014887541023957191,previous/results-v2/flexible
30000000009302,0.022157634652289048,previous/results-v2/flexible
30000000009303,0.015479642736712257,previous/results-v2/flexible
30000000009304,0.015378045712153536,previous/results-v2/flexible
30000000009306,0.01928714237121018,previous/results-v2/flexible
30000000009307,0.017414525512607783,previous/results-v2/flexible
30000000009309,0.014221214901836117,previous/results-v2/flexible
30000000009310,0.031414084362443334,previous/results-v2/flexible
30000000009311,0.018786898634532256,previous/results-v2/flexible
30000000009312,0.02659082633228826,previous/results-v2/flexible
30000000009313,0.018795286093360262,previous/results-v2/flexible
30000000009316,0.02292301169950699,previous/results-v2/flexible
30000000009317,0.02052299950600348,previous/results-v2/flexible
30000000009318,0.02276852463913711,previous/results-v2/flexible
30000000009319,0.027083892036541077,previous/results-v2/flexible
30000000009320,0.018531558869708677,previous/results-v2/flexible
30000000009321,0.024034348314971435,previous/results-v2/flexible
30000000009322,0.022769128176484226,previous/results-v2/flexible
30000000009323,0.021894326976419128,previous/results-v2/flexible
30000000009324,0.0189718370130589,previous/results-v2/flexible
30000000009325,0.019227288668390238,previous/results-v2/flexible
30000000009327,0.013788383810664481,previous/results-v2/flexible
30000000009329,0.019469777558879908,previous/results-v2/flexible
30000000009330,0.0265088842745443,previous/results-v2/flexible
30000000009331,0.0181314364713582,previous/results-v2/flexible
30000000009332,0.029222820519284015,previous/results-v2/flexible
30000000009333,0.014792127631754725,previous/results-v2/flexible
30000000009335,0.024142006583105047,previous/results-v2/flexible
30000000009336,0.024334167963767146,previous/results-v2/flexible
30000000009337,0.015294427372024143,previous/results-v2/flexible
30000000009338,0.020507106983091376,previous/results-v2/flexible
30000000009341,0.02273406252278007,previous/results-v2/flexible
30000000009342,0.01880073423876817,previous/results-v2/flexible
30000000009343,0.027512415427558737,previous/results-v2/flexible
30000000009344,0.01604011807872128,previous/results-v2/flexible
30000000009345,0.01769825624604299,previous/results-v2/flexible
30000000009346,0.023778971789133563,previous/results-v2/flexible
30000000009347,0.020842758993514645,previous/results-v2/flexible
30000000009348,0.027063123368270593,previous/results-v2/flexible
30000000009349,0.021142154759184746,previous/results-v2/flexible
30000000009350,0.028067602767006452,previous/results-v2/flexible
30000000009352,0.018589862419958088,previous/results-v2/flexible
30000000009353,0.026914428590036347,previous/results-v2/flexible
30000000009354,0.023985196964522143,previous/results-v2/flexible
30000000009356,0.013814128846299668,previous/results-v2/flexible
30000000009358,0.018260973561251018,previous/results-v2/flexible
30000000009360,0.017851192446203364,previous/results-v2/flexible
30000000009362,0.019841244900417932,previous/results-v2/flexible
30000000009363,0.014009139145243422,previous/results-v2/flexible
30000000009364,0.02479624459299781,previous/results-v2/flexible
30000000009366,0.024598435885335446,previous/results-v2/flexible
30000000009367,0.020833920323355813,previous/results-v2/flexible
30000000009368,0.02104572161115552,previous/results-v2/flexible
30000000009369,0.02097875888605465,previous/results-v2/flexible
30000000009371,0.020652771475667783,previous/results-v2/flexible
30000000009373,0.020788687070034548,previous/results-v2/flexible
30000000009375,0.02654256441248952,previous/results-v2/flexible
30000000009376,0.024700770737319504,previous/results-v2/flexible
30000000009377,0.02298549141323441,previous/results-v2/flexible
30000000009378,0.030257526402331782,previous/results-v2/flexible
30000000009379,0.037905918775830216,previous/results-v2/flexible
30000000009380,0.023265662064036872,previous/results-v2/flexible
30000000009381,0.029578003598409314,previous/results-v2/flexible
30000000009382,0.022477681288269703,previous/results-v2/flexible
30000000009384,0.027380248412659312,previous/results-v2/flexible
30000000009385,0.019486741936299488,previous/results-v2/flexible
30000000009386,0.018729969913487698,previous/results-v2/flexible
30000000009387,0.026870028132286936,previous/results-v2/flexible
30000000009388,0.022236104296323764,previous/results-v2/flexible
30000000009389,0.029219164286025244,previous/results-v2/flexible
30000000009390,0.02343955313244436,previous/results-v2/flexible
30000000009405,0.01795594401936452,previous/results-v2/flexible
30000000009406,0.022890487135302253,previous/results-v2/flexible
30000000009408,0.020754866846679768,previous/results-v2/flexible
30000000009409,0.029441260847381464,previous/results-v2/flexible
30000000009410,0.020671553159105082,previous/results-v2/flexible
30000000009411,0.01986704711185783,previous/results-v2/flexible
30000000009412,0.023723124954168385,previous/results-v2/flexible
30000000009413,0.024767337003890347,previous/results-v2/flexible
30000000009414,0.02152131717203198,previous/results-v2/flexible
30000000009416,0.02796446531775202,previous/results-v2/flexible
30000000009418,0.02867030222011256,previous/results-v2/flexible
30000000009419,0.02212000386425686,previous/results-v2/flexible
30000000009420,0.02344576448770351,previous/results-v2/flexible
30000000009421,0.026491940083986344,previous/results-v2/flexible
30000000009422,0.023910445463435948,previous/results-v2/flexible
30000000009423,0.021564557773229073,previous/results-v2/flexible
30000000009424,0.024556825554196957,previous/results-v2/flexible
30000000009425,0.020585790067326703,previous/results-v2/flexible
30000000009428,0.023991336424962827,previous/results-v2/flexible
30000000009429,0.020289149684934202,previous/results-v2/flexible
30000000009430,0.020784571757165974,previous/results-v2/flexible
30000000009431,0.021016404940822065,previous/results-v2/flexible
30000000009432,0.01958404103149849,previous/results-v2/flexible
30000000009433,0.018563951687197426,previous/results-v2/flexible
30000000009434,0.023251148093968388,previous/results-v2/flexible
30000000009435,0.025635750280784256,previous/results-v2/flexible
30000000009437,0.02640494029725368,previous/results-v2/flexible
30000000009439,0.019544808467417938,previous/results-v2/flexible
30000000009440,0.03375316335004731,previous/results-v2/flexible
30000000009441,0.02967123825842505,previous/results-v2/flexible
30000000009443,0.016804495177641064,previous/results-v2/flexible
30000000009444,0.03784679501082238,previous/results-v2/flexible
30000000009446,0.027792989677397753,previous/results-v2/flexible
30000000009447,0.026035240611636597,previous/results-v2/flexible
30000000009448,0.019199814116261166,previous/results-v2/flexible
30000000009449,0.020493315477157586,previous/results-v2/flexible
30000000009451,0.023224663859036793,previous/results-v2/flexible
30000000009452,0.026020533056445572,previous/results-v2/flexible
30000000009845,0.024617136109689356,previous/results-v2/flexible
30000000009848,0.024037621597429316,previous/results-v2/flexible
30000000009849,0.022575439939089025,previous/results-v2/flexible
30000000009851,0.02247442978787226,previous/results-v2/flexible
30000000009852,0.02021064043221823,previous/results-v2/flexible
30000000009853,0.023040963027439288,previous/results-v2/flexible
30000000009854,0.026328757019479555,previous/results-v2/flexible
30000000009856,0.023302615400551924,previous/results-v2/flexible
30000000009857,0.024626861396970564,previous/results-v2/flexible
30000000009858,0.022898583201285745,previous/results-v2/flexible
30000000009859,0.0329990506968714,previous/results-v2/flexible
30000000009861,0.02313781304015683,previous/results-v2/flexible
30000000009864,0.029656927328800285,previous/results-v2/flexible
30000000009865,0.024923445330070678,previous/results-v2/flexible
30000000009866,0.023787804014416505,previous/results-v2/flexible
30000000009867,0.024221846177316597,previous/results-v2/flexible
30000000009868,0.017356193697831434,previous/results-v2/flexible
30000000009869,0.023472920275231762,previous/results-v2/flexible
30000000009870,0.02463681800217064,previous/results-v2/flexible
30000000009872,0.024104764098774274,previous/results-v2/flexible
30000000009873,0.030056924009363013,previous/results-v2/flexible
30000000009875,0.022189157385099734,previous/results-v2/flexible
30000000009876,0.025149876178953895,previous/results-v2/flexible
30000000009878,0.02936306295156569,previous/results-v2/flexible
30000000009880,0.024448813317754132,previous/results-v2/flexible
30000000009881,0.03087019093089268,previous/results-v2/flexible
30000000009882,0.03913816851801781,previous/results-v2/flexible
30000000009885,0.020023539444394115,previous/results-v2/flexible
30000000009886,0.030320539419370754,previous/results-v2/flexible
30000000009887,0.01663388601233803,previous/results-v2/flexible
30000000009888,0.022328209733514095,previous/results-v2/flexible
30000000009889,0.03482988156333347,previous/results-v2/flexible
30000000009890,0.024370984556553985,previous/results-v2/flexible
30000000009891,0.01884628549573736,previous/results-v2/flexible
30000000009892,0.02437169748963016,previous/results-v2/flexible
30000000009893,0.026352057388939372,previous/results-v2/flexible
30000000009894,0.021617013426385445,previous/results-v2/flexible
30000000009895,0.01594010453907452,previous/results-v2/flexible
30000000009897,0.03150245861597075,previous/results-v2/flexible
30000000009898,0.017887530063623473,previous/results-v2/flexible
30000000009900,0.02877738408912269,previous/results-v2/flexible
30000000009903,0.022825729245773228,previous/results-v2/flexible
30000000009904,0.017382778618696436,previous/results-v2/flexible
30000000009905,0.018245088686090292,previous/results-v2/flexible
30000000009906,0.02694548070228016,previous/results-v2/flexible
30000000009907,0.024654128738934196,previous/results-v2/flexible
30000000009908,0.027139438439013522,previous/results-v2/flexible
30000000009909,0.029137066642959283,previous/results-v2/flexible
30000000009910,0.01815438392463813,previous/results-v2/flexible
30000000009911,0.028222035312065533,previous/results-v2/flexible
30000000009913,0.028711115331925764,previous/results-v2/flexible
30000000009914,0.01715643359000889,previous/results-v2/flexible
30000000009915,0.04055594675268372,previous/results-v2/flexible
30000000009916,0.028610122758949582,previous/results-v2/flexible
30000000009917,0.03635101048612441,previous/results-v2/flexible
30000000009918,0.02061299963486992,previous/results-v2/flexible
30000000009920,0.025451030170376997,previous/results-v2/flexible
30000000009921,0.01990052589375028,previous/results-v2/flexible
30000000009922,0.013967746299074981,previous/results-v2/flexible
30000000009923,0.02038423592817511,previous/results-v2/flexible
30000000009264,0.025230567084663605,previous/results-v2/cycle2
30000000009265,0.028510700268413573,previous/results-v2/cycle2
30000000009267,0.03740074258352532,previous/results-v2/cycle2
30000000009268,0.027197260335449325,previous/results-v2/cycle2
30000000009269,0.030036722751286767,previous/results-v2/cycle2
30000000009270,0.025420280042001035,previous/results-v2/cycle2
30000000009271,0.016431264459030426,previous/results-v2/cycle2
30000000009272,0.030392485377502717,previous/results-v2/cycle2
30000000009273,0.027291745007451216,previous/results-v2/cycle2
30000000009274,0.029298321589269465,previous/results-v2/cycle2
30000000009275,0.017933378382882396,previous/results-v2/cycle2
30000000009277,0.019765633257158077,previous/results-v2/cycle2
30000000009278,0.02817632550201486,previous/results-v2/cycle2
30000000009279,0.020501501451102105,previous/results-v2/cycle2
30000000009280,0.029298126418330385,previous/results-v2/cycle2
30000000009281,0.01522831323575637,previous/results-v2/cycle2
30000000009282,0.011853168360629291,previous/results-v2/cycle2
30000000009283,0.014992101644377262,previous/results-v2/cycle2
30000000009285,0.01994869649204913,previous/results-v2/cycle2
30000000009286,0.01732340255082001,previous/results-v2/cycle2
30000000009287,0.01754706227310607,previous/results-v2/cycle2
30000000009288,0.02028957454021905,previous/results-v2/cycle2
30000000009289,0.0202865266696594,previous/results-v2/cycle2
30000000009290,0.015650725651376964,previous/results-v2/cycle2
30000000009291,0.020293427726033725,previous/results-v2/cycle2
30000000009292,0.028185386354052214,previous/results-v2/cycle2
30000000009293,0.021214111142866594,previous/results-v2/cycle2
30000000009294,0.0204769231733045,previous/results-v2/cycle2
30000000009295,0.017040197993662676,previous/results-v2/cycle2
30000000009296,0.01552090604655207,previous/results-v2/cycle2
30000000009299,0.029980202490090993,previous/results-v2/cycle2
30000000009300,0.01709092491134867,previous/results-v2/cycle2
30000000009302,0.020933889686988706,previous/results-v2/cycle2
30000000009303,0.01545136750904285,previous/results-v2/cycle2
30000000009304,0.014316882211971972,previous/results-v2/cycle2
30000000009306,0.025837309348288335,previous/results-v2/cycle2
30000000009307,0.01728815782854241,previous/results-v2/cycle2
30000000009309,0.014755455093214416,previous/results-v2/cycle2
30000000009310,0.0321278075186508,previous/results-v2/cycle2
30000000009311,0.020574638321909068,previous/results-v2/cycle2
30000000009312,0.026347843392908386,previous/results-v2/cycle2
30000000009313,0.020405369794368446,previous/results-v2/cycle2
30000000009316,0.024266782456596584,previous/results-v2/cycle2
30000000009317,0.024073316033569835,previous/results-v2/cycle2
30000000009318,0.02517796400211406,previous/results-v2/cycle2
30000000009319,0.029677388299048695,previous/results-v2/cycle2
30000000009320,0.018247603121831962,previous/results-v2/cycle2
30000000009321,0.022790486109948802,previous/results-v2/cycle2
30000000009322,0.023697027016580136,previous/results-v2/cycle2
30000000009323,0.027080141233995325,previous/results-v2/cycle2
30000000009324,0.024920828187237173,previous/results-v2/cycle2
30000000009325,0.019145066659224944,previous/results-v2/cycle2
30000000009327,0.014663101976381375,previous/results-v2/cycle2
30000000009329,0.020129449396894948,previous/results-v2/cycle2
30000000009330,0.028003434546862525,previous/results-v2/cycle2
30000000009331,0.019184817338646572,previous/results-v2/cycle2
30000000009332,0.030681283333925287,previous/results-v2/cycle2
30000000009333,0.0167412202459415,previous/results-v2/cycle2
30000000009335,0.025585221695629858,previous/results-v2/cycle2
30000000009336,0.026341546728309496,previous/results-v2/cycle2
30000000009337,0.016484509699735837,previous/results-v2/cycle2
30000000009338,0.020356657357587318,previous/results-v2/cycle2
30000000009341,0.022558687036469946,previous/results-v2/cycle2
30000000009342,0.018884785114595126,previous/results-v2/cycle2
30000000009343,0.025912757072397225,previous/results-v2/cycle2
30000000009344,0.015171342481197711,previous/results-v2/cycle2
30000000009345,0.018273147120160052,previous/results-v2/cycle2
30000000009346,0.02562773826738068,previous/results-v2/cycle2
30000000009347,0.02032372225361296,previous/results-v2/cycle2
30000000009348,0.031540677298908554,previous/results-v2/cycle2
30000000009349,0.01845269907745895,previous/results-v2/cycle2
30000000009350,0.027527047943034497,previous/results-v2/cycle2
30000000009352,0.017133206892442878,previous/results-v2/cycle2
30000000009353,0.030951035483987737,previous/results-v2/cycle2
30000000009354,0.02236852793562022,previous/results-v2/cycle2
30000000009356,0.016483806951572266,previous/results-v2/cycle2
30000000009358,0.020657905693776474,previous/results-v2/cycle2
30000000009360,0.018988237747013626,previous/results-v2/cycle2
30000000009362,0.01942418316867197,previous/results-v2/cycle2
30000000009363,0.01622589788516763,previous/results-v2/cycle2
30000000009364,0.028123059573438115,previous/results-v2/cycle2
30000000009366,0.02528971434433559,previous/results-v2/cycle2
30000000009367,0.022774550912690046,previous/results-v2/cycle2
30000000009368,0.021697668489241186,previous/results-v2/cycle2
30000000009369,0.026084295401516373,previous/results-v2/cycle2
30000000009371,0.022410174958890895,previous/results-v2/cycle2
30000000009373,0.023668189626322732,previous/results-v2/cycle2
30000000009375,0.02759960271540307,previous/results-v2/cycle2
30000000009376,0.024942812927922775,previous/results-v2/cycle2
30000000009377,0.027103072988660507,previous/results-v2/cycle2
30000000009378,0.03392198886216615,previous/results-v2/cycle2
30000000009379,0.040687337457382025,previous/results-v2/cycle2
30000000009380,0.02509986547756454,previous/results-v2/cycle2
30000000009381,0.02898131965318748,previous/results-v2/cycle2
30000000009382,0.023984917981987416,previous/results-v2/cycle2
30000000009384,0.02908543587509134,previous/results-v2/cycle2
30000000009385,0.02221897810788425,previous/results-v2/cycle2
30000000009386,0.01872866072306192,previous/results-v2/cycle2
30000000009387,0.027251119700577517,previous/results-v2/cycle2
30000000009388,0.02063565799509048,previous/results-v2/cycle2
30000000009389,0.029504135155099025,previous/results-v2/cycle2
30000000009390,0.02682557857415531,previous/results-v2/cycle2
30000000009405,0.018912795704752614,previous/results-v2/cycle2
30000000009406,0.023686231190128974,previous/results-v2/cycle2
30000000009408,0.02022015491120019,previous/results-v2/cycle2
30000000009409,0.02978343573360748,previous/results-v2/cycle2
30000000009410,0.020683254178491435,previous/results-v2/cycle2
30000000009411,0.022452573545192252,previous/results-v2/cycle2
30000000009412,0.025291955058656803,previous/results-v2/cycle2
30000000009413,0.024342865460737315,previous/results-v2/cycle2
30000000009414,0.02071862566477035,previous/results-v2/cycle2
30000000009416,0.028766043194653177,previous/results-v2/cycle2
30000000009418,0.02892240506034603,previous/results-v2/cycle2
30000000009419,0.02585151111666605,previous/results-v2/cycle2
30000000009420,0.026121275167493102,previous/results-v2/cycle2
30000000009421,0.027891249880415078,previous/results-v2/cycle2
30000000009422,0.029456631148926035,previous/results-v2/cycle2
30000000009423,0.02350414607599077,previous/results-v2/cycle2
30000000009424,0.027123996331507944,previous/results-v2/cycle2
30000000009425,0.02068463040567554,previous/results-v2/cycle2
30000000009428,0.023818956772915793,previous/results-v2/cycle2
30000000009429,0.021777128775705392,previous/results-v2/cycle2
30000000009430,0.021331184676303155,previous/results-v2/cycle2
30000000009431,0.020680249824526334,previous/results-v2/cycle2
30000000009432,0.01883599665904706,previous/results-v2/cycle2
30000000009433,0.022835554576418653,previous/results-v2/cycle2
30000000009434,0.02595301127084387,previous/results-v2/cycle2
30000000009435,0.02651673436632492,previous/results-v2/cycle2
30000000009437,0.029315208038750283,previous/results-v2/cycle2
30000000009439,0.022242795848396186,previous/results-v2/cycle2
30000000009440,0.036007981582960744,previous/results-v2/cycle2
30000000009441,0.03318490522170339,previous/results-v2/cycle2
30000000009443,0.018105085235057876,previous/results-v2/cycle2
30000000009444,0.042927071781066944,previous/results-v2/cycle2
30000000009446,0.028544793992663135,previous/results-v2/cycle2
30000000009447,0.027466476054078728,previous/results-v2/cycle2
30000000009448,0.023075015630046793,previous/results-v2/cycle2
30000000009449,0.021529160118459182,previous/results-v2/cycle2
30000000009451,0.026111027047009797,previous/results-v2/cycle2
30000000009452,0.02774567139261601,previous/results-v2/cycle2
30000000009845,0.027100319328078545,previous/results-v2/cycle2
30000000009848,0.027638381979554885,previous/results-v2/cycle2
30000000009849,0.021646962114149407,previous/results-v2/cycle2
30000000009851,0.021481959722863646,previous/results-v2/cycle2
30000000009852,0.023827619252217387,previous/results-v2/cycle2
30000000009853,0.02594788096880185,previous/results-v2/cycle2
30000000009854,0.028534787529406302,previous/results-v2/cycle2
30000000009856,0.026259722290401216,previous/results-v2/cycle2
30000000009857,0.024094537297772434,previous/results-v2/cycle2
30000000009858,0.025343546215705785,previous/results-v2/cycle2
30000000009859,0.03138461258347781,previous/results-v2/cycle2
30000000009861,0.025803502925853983,previous/results-v2/cycle2
30000000009864,0.03207597066630737,previous/results-v2/cycle2
30000000009865,0.02471746127753463,previous/results-v2/cycle2
30000000009866,0.023633028979293293,previous/results-v2/cycle2
30000000009867,0.025622937190205444,previous/results-v2/cycle2
30000000009868,0.020676552078015803,previous/results-v2/cycle2
30000000009869,0.022300743815107823,previous/results-v2/cycle2
30000000009870,0.027515566498665604,previous/results-v2/cycle2
30000000009872,0.030466549321959094,previous/results-v2/cycle2
30000000009873,0.02919658977562673,previous/results-v2/cycle2
30000000009875,0.020948716979374744,previous/results-v2/cycle2
30000000009876,0.027363946035107597,previous/results-v2/cycle2
30000000009878,0.030688483064145126,previous/results-v2/cycle2
30000000009880,0.026337063713407778,previous/results-v2/cycle2
30000000009881,0.029491116766825146,previous/results-v2/cycle2
30000000009882,0.0428008817898599,previous/results-v2/cycle2
30000000009885,0.02385681956753248,previous/results-v2/cycle2
30000000009886,0.03385137941423921,previous/results-v2/cycle2
30000000009887,0.015913637285736075,previous/results-v2/cycle2
30000000009888,0.025229460363386528,previous/results-v2/cycle2
30000000009889,0.03924219703730991,previous/results-v2/cycle2
30000000009890,0.0259620202661953,previous/results-v2/cycle2
30000000009891,0.020951974305946548,previous/results-v2/cycle2
30000000009892,0.028014196524182373,previous/results-v2/cycle2
30000000009893,0.024578698523125518,previous/results-v2/cycle2
30000000009894,0.025661164325364902,previous/results-v2/cycle2
30000000009895,0.01638642805357901,previous/results-v2/cycle2
30000000009897,0.03063891311582769,previous/results-v2/cycle2
30000000009898,0.020459886928467466,previous/results-v2/cycle2
30000000009900,0.02909336281441217,previous/results-v2/cycle2
30000000009903,0.02638854906967963,previous/results-v2/cycle2
30000000009904,0.02200973796772582,previous/results-v2/cycle2
30000000009905,0.024949723817491914,previous/results-v2/cycle2
30000000009906,0.025582330349617953,previous/results-v2/cycle2
30000000009907,0.02409288917341431,previous/results-v2/cycle2
30000000009908,0.02882587017434286,previous/results-v2/cycle2
30000000009909,0.03391059489955845,previous/results-v2/cycle2
30000000009910,0.01788564963804749,previous/results-v2/cycle2
30000000009911,0.030488563127334486,previous/results-v2/cycle2
30000000009913,0.030849724608485864,previous/results-v2/cycle2
30000000009914,0.017022649350125284,previous/results-v2/cycle2
30000000009915,0.039885082859891875,previous/results-v2/cycle2
30000000009916,0.027945688245339717,previous/results-v2/cycle2
30000000009917,0.039891047277653226,previous/results-v2/cycle2
30000000009918,0.019744228285536777,previous/results-v2/cycle2
30000000009920,0.025071565419480676,previous/results-v2/cycle2
30000000009921,0.025285742114900596,previous/results-v2/cycle2
30000000009922,0.016350830098648336,previous/results-v2/cycle2
30000000009923,0.02176747257623495,previous/results-v2/cycle2
30000000009264,0.025230567084663605,previous/results-v2/unconstrained2
30000000009265,0.028510700268413573,previous/results-v2/unconstrained2
30000000009267,0.03740074258352532,previous/results-v2/unconstrained2
30000000009268,0.027197260335449325,previous/results-v2/unconstrained2
30000000009269,0.030036722751286767,previous/results-v2/unconstrained2
30000000009270,0.025420280042001035,previous/results-v2/unconstrained2
30000000009271,0.016431264459030426,previous/results-v2/unconstrained2
30000000009272,0.030392485377502717,previous/results-v2/unconstrained2
30000000009273,0.027291745007451216,previous/results-v2/unconstrained2
30000000009274,0.029298321589269465,previous/results-v2/unconstrained2
30000000009275,0.017933378382882396,previous/results-v2/unconstrained2
30000000009277,0.019765633257158077,previous/results-v2/unconstrained2
30000000009278,0.02817632550201486,previous/results-v2/unconstrained2
30000000009279,0.020501501451102105,previous/results-v2/unconstrained2
30000000009280,0.029298126418330385,previous/results-v2/unconstrained2
30000000009281,0.01522831323575637,previous/results-v2/unconstrained2
30000000009282,0.011853168360629291,previous/results-v2/unconstrained2
30000000009283,0.014992101644377262,previous/results-v2/unconstrained2
30000000009285,0.01994869649204913,previous/results-v2/unconstrained2
30000000009286,0.01732340255082001,previous/results-v2/unconstrained2
30000000009287,0.01754706227310607,previous/results-v2/unconstrained2
30000000009288,0.02028957454021905,previous/results-v2/unconstrained2
30000000009289,0.0202865266696594,previous/results-v2/unconstrained2
30000000009290,0.015650725651376964,previous/results-v2/unconstrained2
30000000009291,0.020293427726033725,previous/results-v2/unconstrained2
30000000009292,0.028185386354052214,previous/results-v2/unconstrained2
30000000009293,0.021214111142866594,previous/results-v2/unconstrained2
30000000009294,0.0204769231733045,previous/results-v2/unconstrained2
30000000009295,0.017040197993662676,previous/results-v2/unconstrained2
30000000009296,0.01552090604655207,previous/results-v2/unconstrained2
30000000009299,0.029980202490090993,previous/results-v2/unconstrained2
30000000009300,0.01709092491134867,previous/results-v2/unconstrained2
30000000009302,0.020933889686988706,previous/results-v2/unconstrained2
30000000009303,0.01545136750904285,previous/results-v2/unconstrained2
30000000009304,0.014316882211971972,previous/results-v2/unconstrained2
30000000009306,0.025837309348288335,previous/results-v2/unconstrained2
30000000009307,0.01728815782854241,previous/results-v2/unconstrained2
30000000009309,0.014755455093214416,previous/results-v2/unconstrained2
30000000009310,0.0321278075186508,previous/results-v2/unconstrained2
30000000009311,0.020574638321909068,previous/results-v2/unconstrained2
30000000009312,0.026347843392908386,previous/results-v2/unconstrained2
30000000009313,0.020405369794368446,previous/results-v2/unconstrained2
30000000009316,0.024266782456596584,previous/results-v2/unconstrained2
30000000009317,0.024073316033569835,previous/results-v2/unconstrained2
30000000009318,0.02517796400211406,previous/results-v2/unconstrained2
30000000009319,0.029677388299048695,previous/results-v2/unconstrained2
30000000009320,0.018247603121831962,previous/results-v2/unconstrained2
30000000009321,0.022790486109948802,previous/results-v2/unconstrained2
30000000009322,0.023697027016580136,previous/results-v2/unconstrained2
30000000009323,0.027080141233995325,previous/results-v2/unconstrained2
30000000009324,0.024920828187237173,previous/results-v2/unconstrained2
30000000009325,0.019145066659224944,previous/results-v2/unconstrained2
30000000009327,0.014663101976381375,previous/results-v2/unconstrained2
30000000009329,0.020129449396894948,previous/results-v2/unconstrained2
30000000009330,0.028003434546862525,previous/results-v2/unconstrained2
30000000009331,0.019184817338646572,previous/results-v2/unconstrained2
30000000009332,0.030681283333925287,previous/results-v2/unconstrained2
30000000009333,0.0167412202459415,previous/results-v2/unconstrained2
30000000009335,0.025585221695629858,previous/results-v2/unconstrained2
30000000009336,0.026341546728309496,previous/results-v2/unconstrained2
30000000009337,0.016484509699735837,previous/results-v2/unconstrained2
30000000009338,0.020356657357587318,previous/results-v2/unconstrained2
30000000009341,0.022558687036469946,previous/results-v2/unconstrained2
30000000009342,0.018884785114595126,previous/results-v2/unconstrained2
30000000009343,0.025912757072397225,previous/results-v2/unconstrained2
30000000009344,0.015171342481197711,previous/results-v2/unconstrained2
30000000009345,0.018273147120160052,previous/results-v2/unconstrained2
30000000009346,0.02562773826738068,previous/results-v2/unconstrained2
30000000009347,0.02032372225361296,previous/results-v2/unconstrained2
30000000009348,0.031540677298908554,previous/results-v2/unconstrained2
30000000009349,0.01845269907745895,previous/results-v2/unconstrained2
30000000009350,0.027527047943034497,previous/results-v2/unconstrained2
30000000009352,0.017133206892442878,previous/results-v2/unconstrained2
30000000009353,0.030951035483987737,previous/results-v2/unconstrained2
30000000009354,0.02236852793562022,previous/results-v2/unconstrained2
30000000009356,0.016483806951572266,previous/results-v2/unconstrained2
30000000009358,0.020657905693776474,previous/results-v2/unconstrained2
30000000009360,0.018988237747013626,previous/results-v2/unconstrained2
30000000009362,0.01942418316867197,previous/results-v2/unconstrained2
30000000009363,0.01622589788516763,previous/results-v2/unconstrained2
30000000009364,0.028123059573438115,previous/results-v2/unconstrained2
30000000009366,0.02528971434433559,previous/results-v2/unconstrained2
30000000009367,0.022774550912690046,previous/results-v2/unconstrained2
30000000009368,0.021697668489241186,previous/results-v2/unconstrained2
30000000009369,0.026084295401516373,previous/results-v2/unconstrained2
30000000009371,0.022410174958890895,previous/results-v2/unconstrained2
30000000009373,0.023668189626322732,previous/results-v2/unconstrained2
30000000009375,0.02759960271540307,previous/results-v2/unconstrained2
30000000009376,0.024942812927922775,previous/results-v2/unconstrained2
30000000009377,0.027103072988660507,previous/results-v2/unconstrained2
30000000009378,0.03392198886216615,previous/results-v2/unconstrained2
30000000009379,0.040687337457382025,previous/results-v2/unconstrained2
30000000009380,0.02509986547756454,previous/results-v2/unconstrained2
30000000009381,0.02898131965318748,previous/results-v2/unconstrained2
30000000009382,0.023984917981987416,previous/results-v2/unconstrained2
30000000009384,0.02908543587509134,previous/results-v2/unconstrained2
30000000009385,0.02221897810788425,previous/results-v2/unconstrained2
30000000009386,0.01872866072306192,previous/results-v2/unconstrained2
30000000009387,0.027251119700577517,previous/results-v2/unconstrained2
30000000009388,0.02063565799509048,previous/results-v2/unconstrained2
30000000009389,0.029504135155099025,previous/results-v2/unconstrained2
30000000009390,0.02682557857415531,previous/results-v2/unconstrained2
30000000009405,0.018912795704752614,previous/results-v2/unconstrained2
30000000009406,0.023686231190128974,previous/results-v2/unconstrained2
30000000009408,0.02022015491120019,previous/results-v2/unconstrained2
30000000009409,0.02978343573360748,previous/results-v2/unconstrained2
30000000009410,0.020683254178491435,previous/results-v2/unconstrained2
30000000009411,0.022452573545192252,previous/results-v2/unconstrained2
30000000009412,0.025291955058656803,previous/results-v2/unconstrained2
30000000009413,0.024342865460737315,previous/results-v2/unconstrained2
30000000009414,0.02071862566477035,previous/results-v2/unconstrained2
30000000009416,0.028766043194653177,previous/results-v2/unconstrained2
30000000009418,0.02892240506034603,previous/results-v2/unconstrained2
30000000009419,0.02585151111666605,previous/results-v2/unconstrained2
30000000009420,0.026121275167493102,previous/results-v2/unconstrained2
30000000009421,0.027891249880415078,previous/results-v2/unconstrained2
30000000009422,0.029456631148926035,previous/results-v2/unconstrained2
30000000009423,0.02350414607599077,previous/results-v2/unconstrained2
30000000009424,0.027123996331507944,previous/results-v2/unconstrained2
30000000009425,0.02068463040567554,previous/results-v2/unconstrained2
30000000009428,0.023818956772915793,previous/results-v2/unconstrained2
30000000009429,0.021777128775705392,previous/results-v2/unconstrained2
30000000009430,0.021331184676303155,previous/results-v2/unconstrained2
30000000009431,0.020680249824526334,previous/results-v2/unconstrained2
30000000009432,0.01883599665904706,previous/results-v2/unconstrained2
30000000009433,0.022835554576418653,previous/results-v2/unconstrained2
30000000009434,0.02595301127084387,previous/results-v2/unconstrained2
30000000009435,0.02651673436632492,previous/results-v2/unconstrained2
30000000009437,0.029315208038750283,previous/results-v2/unconstrained2
30000000009439,0.022242795848396186,previous/results-v2/unconstrained2
30000000009440,0.036007981582960744,previous/results-v2/unconstrained2
30000000009441,0.03318490522170339,previous/results-v2/unconstrained2
30000000009443,0.018105085235057876,previous/results-v2/unconstrained2
30000000009444,0.042927071781066944,previous/results-v2/unconstrained2
30000000009446,0.028544793992663135,previous/results-v2/unconstrained2
30000000009447,0.027466476054078728,previous/results-v2/unconstrained2
30000000009448,0.023075015630046793,previous/results-v2/unconstrained2
30000000009449,0.021529160118459182,previous/results-v2/unconstrained2
30000000009451,0.026111027047009797,previous/results-v2/unconstrained2
30000000009452,0.02774567139261601,previous/results-v2/unconstrained2
30000000009845,0.027100319328078545,previous/results-v2/unconstrained2
30000000009848,0.027638381979554885,previous/results-v2/unconstrained2
30000000009849,0.021646962114149407,previous/results-v2/unconstrained2
30000000009851,0.021481959722863646,previous/results-v2/unconstrained2
30000000009852,0.023827619252217387,previous/results-v2/unconstrained2
30000000009853,0.02594788096880185,previous/results-v2/unconstrained2
30000000009854,0.028534787529406302,previous/results-v2/unconstrained2
30000000009856,0.026259722290401216,previous/results-v2/unconstrained2
30000000009857,0.024094537297772434,previous/results-v2/unconstrained2
30000000009858,0.025343546215705785,previous/results-v2/unconstrained2
30000000009859,0.03138461258347781,previous/results-v2/unconstrained2
30000000009861,0.025803502925853983,previous/results-v2/unconstrained2
30000000009864,0.03207597066630737,previous/results-v2/unconstrained2
30000000009865,0.02471746127753463,previous/results-v2/unconstrained2
30000000009866,0.023633028979293293,previous/results-v2/unconstrained2
30000000009867,0.025622937190205444,previous/results-v2/unconstrained2
30000000009868,0.020676552078015803,previous/results-v2/unconstrained2
30000000009869,0.022300743815107823,previous/results-v2/unconstrained2
30000000009870,0.027515566498665604,previous/results-v2/unconstrained2
30000000009872,0.030466549321959094,previous/results-v2/unconstrained2
30000000009873,0.02919658977562673,previous/results-v2/unconstrained2
30000000009875,0.020948716979374744,previous/results-v2/unconstrained2
30000000009876,0.027363946035107597,previous/results-v2/unconstrained2
30000000009878,0.030688483064145126,previous/results-v2/unconstrained2
30000000009880,0.026337063713407778,previous/results-v2/unconstrained2
30000000009881,0.029491116766825146,previous/results-v2/unconstrained2
30000000009882,0.0428008817898599,previous/results-v2/unconstrained2
30000000009885,0.02385681956753248,previous/results-v2/unconstrained2
30000000009886,0.03385137941423921,previous/results-v2/unconstrained2
30000000009887,0.015913637285736075,previous/results-v2/unconstrained2
30000000009888,0.025229460363386528,previous/results-v2/unconstrained2
30000000009889,0.03924219703730991,previous/results-v2/unconstrained2
30000000009890,0.0259620202661953,previous/results-v2/unconstrained2
30000000009891,0.020951974305946548,previous/results-v2/unconstrained2
30000000009892,0.028014196524182373,previous/results-v2/unconstrained2
30000000009893,0.024578698523125518,previous/results-v2/unconstrained2
30000000009894,0.025661164325364902,previous/results-v2/unconstrained2
30000000009895,0.01638642805357901,previous/results-v2/unconstrained2
30000000009897,0.03063891311582769,previous/results-v2/unconstrained2
30000000009898,0.020459886928467466,previous/results-v2/unconstrained2
30000000009900,0.02909336281441217,previous/results-v2/unconstrained2
30000000009903,0.02638854906967963,previous/results-v2/unconstrained2
30000000009904,0.02200973796772582,previous/results-v2/unconstrained2
30000000009905,0.024949723817491914,previous/results-v2/unconstrained2
30000000009906,0.025582330349617953,previous/results-v2/unconstrained2
30000000009907,0.02409288917341431,previous/results-v2/unconstrained2
30000000009908,0.02882587017434286,previous/results-v2/unconstrained2
30000000009909,0.03391059489955845,previous/results-v2/unconstrained2
30000000009910,0.01788564963804749,previous/results-v2/unconstrained2
30000000009911,0.030488563127334486,previous/results-v2/unconstrained2
30000000009913,0.030849724608485864,previous/results-v2/unconstrained2
30000000009914,0.017022649350125284,previous/results-v2/unconstrained2
30000000009915,0.039885082859891875,previous/results-v2/unconstrained2
30000000009916,0.027945688245339717,previous/results-v2/unconstrained2
30000000009917,0.039891047277653226,previous/results-v2/unconstrained2
30000000009918,0.019744228285536777,previous/results-v2/unconstrained2
30000000009920,0.025071565419480676,previous/results-v2/unconstrained2
30000000009921,0.025285742114900596,previous/results-v2/unconstrained2
30000000009922,0.016350830098648336,previous/results-v2/unconstrained2
30000000009923,0.02176747257623495,previous/results-v2/unconstrained2
30000000009264,0.019954473034914176,current/baseline-hgb
30000000009265,0.02745753633778947,current/baseline-hgb
30000000009267,0.0348524432140533,current/baseline-hgb
30000000009268,0.02213211073982368,current/baseline-hgb
30000000009269,0.026220332583256484,current/baseline-hgb
30000000009270,0.02419827507573638,current/baseline-hgb
30000000009271,0.02452491501671042,current/baseline-hgb
30000000009272,0.028365490072655427,current/baseline-hgb
30000000009273,0.023574098574758024,current/baseline-hgb
30000000009274,0.0250798200332736,current/baseline-hgb
30000000009275,0.016541539848606145,current/baseline-hgb
30000000009277,0.017736722684318584,current/baseline-hgb
30000000009278,0.0267622187291294,current/baseline-hgb
30000000009279,0.021829579015542305,current/baseline-hgb
30000000009280,0.025941324521568717,current/baseline-hgb
30000000009281,0.015140142496900233,current/baseline-hgb
30000000009282,0.012556428426933601,current/baseline-hgb
30000000009283,0.011886456477655138,current/baseline-hgb
30000000009285,0.017342785505554507,current/baseline-hgb
30000000009286,0.01627522943008199,current/baseline-hgb
30000000009287,0.01706199308059067,current/baseline-hgb
30000000009288,0.019811105714727054,current/baseline-hgb
30000000009289,0.020781718125561875,current/baseline-hgb
30000000009290,0.015283307981244807,current/baseline-hgb
30000000009291,0.019799468391505953,current/baseline-hgb
30000000009292,0.025105635480762917,current/baseline-hgb
30000000009293,0.02288266878497705,current/baseline-hgb
30000000009294,0.01931048266995996,current/baseline-hgb
30000000009295,0.016689959857432234,current/baseline-hgb
30000000009296,0.017058259494480147,current/baseline-hgb
30000000009299,0.028689886885642477,current/baseline-hgb
30000000009300,0.015266552596352137,current/baseline-hgb
30000000009302,0.022870497537729264,current/baseline-hgb
30000000009303,0.017094927514903737,current/baseline-hgb
30000000009304,0.015873545459372692,current/baseline-hgb
30000000009306,0.02139199851073818,current/baseline-hgb
30000000009307,0.018572957590005976,current/baseline-hgb
30000000009309,0.014477149215627311,current/baseline-hgb
30000000009310,0.03199166509756954,current/baseline-hgb
30000000009311,0.019180192868655906,current/baseline-hgb
30000000009312,0.025986565843095173,current/baseline-hgb
30000000009313,0.01869070062075095,current/baseline-hgb
30000000009316,0.0211233199554217,current/baseline-hgb
30000000009317,0.021350976158700487,current/baseline-hgb
30000000009318,0.02298105756343594,current/baseline-hgb
30000000009319,0.026164604016535066,current/baseline-hgb
30000000009320,0.020001997045037922,current/baseline-hgb
30000000009321,0.023282199272586214,current/baseline-hgb
30000000009322,0.022435049016344345,current/baseline-hgb
30000000009323,0.021582969084606534,current/baseline-hgb
30000000009324,0.020630353516344107,current/baseline-hgb
30000000009325,0.019689441433674158,current/baseline-hgb
30000000009327,0.013819548052515762,current/baseline-hgb
30000000009329,0.01905893279322313,current/baseline-hgb
30000000009330,0.026231120571316765,current/baseline-hgb
30000000009331,0.017433729116658213,current/baseline-hgb
30000000009332,0.030401313853702466,current/baseline-hgb
30000000009333,0.01634314114452468,current/baseline-hgb
30000000009335,0.025112806932569322,current/baseline-hgb
30000000009336,0.024792624155174088,current/baseline-hgb
30000000009337,0.01515046629193258,current/baseline-hgb
30000000009338,0.020728080442377346,current/baseline-hgb
30000000009341,0.02241126327286477,current/baseline-hgb
30000000009342,0.01772697992008255,current/baseline-hgb
30000000009343,0.026764897935090067,current/baseline-hgb
30000000009344,0.015421948814804902,current/baseline-hgb
30000000009345,0.018917149692143587,current/baseline-hgb
30000000009346,0.02470051899816106,current/baseline-hgb
30000000009347,0.021521198098698287,current/baseline-hgb
30000000009348,0.02628268338503706,current/baseline-hgb
30000000009349,0.022099132353471683,current/baseline-hgb
30000000009350,0.02575724715018418,current/baseline-hgb
30000000009352,0.018330448950639313,current/baseline-hgb
30000000009353,0.027590779796384492,current/baseline-hgb
30000000009354,0.024275534243550872,current/baseline-hgb
30000000009356,0.013945150644777193,current/baseline-hgb
30000000009358,0.018589845405510633,current/baseline-hgb
30000000009360,0.017993422622643106,current/baseline-hgb
30000000009362,0.021234067468286228,current/baseline-hgb
30000000009363,0.013782267095769634,current/baseline-hgb
30000000009364,0.024020266643524527,current/baseline-hgb
30000000009366,0.023293483514101994,current/baseline-hgb
30000000009367,0.020361718541254247,current/baseline-hgb
30000000009368,0.021829170102465545,current/baseline-hgb
30000000009369,0.020833073506936337,current/baseline-hgb
30000000009371,0.020984273801673007,current/baseline-hgb
30000000009373,0.02094253549629681,current/baseline-hgb
30000000009375,0.026869879112925953,current/baseline-hgb
30000000009376,0.024646872000310086,current/baseline-hgb
30000000009377,0.023140591469133772,current/baseline-hgb
30000000009378,0.03055615643693231,current/baseline-hgb
30000000009379,0.038985840007302104,current/baseline-hgb
30000000009380,0.022286757511587332,current/baseline-hgb
30000000009381,0.029919598273122818,current/baseline-hgb
30000000009382,0.024549168615202302,current/baseline-hgb
30000000009384,0.027863056005587836,current/baseline-hgb
30000000009385,0.020772352572436356,current/baseline-hgb
30000000009386,0.01947679572393017,current/baseline-hgb
30000000009387,0.026746952821630622,current/baseline-hgb
30000000009388,0.024634805323009247,current/baseline-hgb
30000000009389,0.029149932064329726,current/baseline-hgb
30000000009390,0.023392444830371315,current/baseline-hgb
30000000009405,0.01713846105614986,current/baseline-hgb
30000000009406,0.02254276128614792,current/baseline-hgb
30000000009408,0.02147086359271164,current/baseline-hgb
30000000009409,0.02880188807010966,current/baseline-hgb
30000000009410,0.021190187652348206,current/baseline-hgb
30000000009411,0.020803945157658335,current/baseline-hgb
30000000009412,0.024569837783417797,current/baseline-hgb
30000000009413,0.024719760593126448,current/baseline-hgb
30000000009414,0.021194302313064992,current/baseline-hgb
30000000009416,0.028989146530535335,current/baseline-hgb
30000000009418,0.02980877252233187,current/baseline-hgb
30000000009419,0.021791742638295586,current/baseline-hgb
30000000009420,0.024453839821795983,current/baseline-hgb
30000000009421,0.024953704476732924,current/baseline-hgb
30000000009422,0.025028286973128464,current/baseline-hgb
30000000009423,0.022671209131632633,current/baseline-hgb
30000000009424,0.02483908763992639,current/baseline-hgb
30000000009425,0.01787711005826658,current/baseline-hgb
30000000009428,0.024432023889885305,current/baseline-hgb
30000000009429,0.019870530753383915,current/baseline-hgb
30000000009430,0.022150944218349063,current/baseline-hgb
30000000009431,0.020494202214558725,current/baseline-hgb
30000000009432,0.019552252344007162,current/baseline-hgb
30000000009433,0.017485466205691073,current/baseline-hgb
30000000009434,0.02209160060122936,current/baseline-hgb
30000000009435,0.02544512799997429,current/baseline-hgb
30000000009437,0.026056751073534366,current/baseline-hgb
30000000009439,0.020232057360865766,current/baseline-hgb
30000000009440,0.03576188166576747,current/baseline-hgb
30000000009441,0.03129682022707101,current/baseline-hgb
30000000009443,0.01666230292501793,current/baseline-hgb
30000000009444,0.03622364116034243,current/baseline-hgb
30000000009446,0.027616375521367385,current/baseline-hgb
30000000009447,0.026705110491467815,current/baseline-hgb
30000000009448,0.019214161937151617,current/baseline-hgb
30000000009449,0.020532101177198087,current/baseline-hgb
30000000009451,0.024691372367093543,current/baseline-hgb
30000000009452,0.026482404708837493,current/baseline-hgb
30000000009845,0.02405148035847266,current/baseline-hgb
30000000009848,0.02661488922857046,current/baseline-hgb
30000000009849,0.02344268758708407,current/baseline-hgb
30000000009851,0.022553113175874284,current/baseline-hgb
30000000009852,0.020838521024345188,current/baseline-hgb
30000000009853,0.02418537579073002,current/baseline-hgb
30000000009854,0.02731394444498612,current/baseline-hgb
30000000009856,0.022327921324801773,current/baseline-hgb
30000000009857,0.02575401475204757,current/baseline-hgb
30000000009858,0.02196678905187551,current/baseline-hgb
30000000009859,0.03428999759626675,current/baseline-hgb
30000000009861,0.02349156101559661,current/baseline-hgb
30000000009864,0.02857837772730647,current/baseline-hgb
30000000009865,0.02646760071859632,current/baseline-hgb
30000000009866,0.02434193670625857,current/baseline-hgb
30000000009867,0.02420474793810956,current/baseline-hgb
30000000009868,0.016499278896100204,current/baseline-hgb
30000000009869,0.02497095135072969,current/baseline-hgb
30000000009870,0.027512003473231253,current/baseline-hgb
30000000009872,0.02387683292834195,current/baseline-hgb
30000000009873,0.0289323515772166,current/baseline-hgb
30000000009875,0.022620724013669973,current/baseline-hgb
30000000009876,0.02413308989583464,current/baseline-hgb
30000000009878,0.029871742443971904,current/baseline-hgb
30000000009880,0.02468321971783015,current/baseline-hgb
30000000009881,0.029502282382812006,current/baseline-hgb
30000000009882,0.040394005122475686,current/baseline-hgb
30000000009885,0.018771492940163816,current/baseline-hgb
30000000009886,0.029021007462479587,current/baseline-hgb
30000000009887,0.01716374247521626,current/baseline-hgb
30000000009888,0.022343450197250914,current/baseline-hgb
30000000009889,0.03344000159708946,current/baseline-hgb
30000000009890,0.02672560606958977,current/baseline-hgb
30000000009891,0.018041619588366805,current/baseline-hgb
30000000009892,0.023970475294321628,current/baseline-hgb
30000000009893,0.02528376825897436,current/baseline-hgb
30000000009894,0.021593243070812663,current/baseline-hgb
30000000009895,0.015742792545724412,current/baseline-hgb
30000000009897,0.030955229161504536,current/baseline-hgb
30000000009898,0.01718427385937139,current/baseline-hgb
30000000009900,0.029775804243610732,current/baseline-hgb
30000000009903,0.023196739338514828,current/baseline-hgb
30000000009904,0.01960900460120971,current/baseline-hgb
30000000009905,0.01931121044806315,current/baseline-hgb
30000000009906,0.026570064337144567,current/baseline-hgb
30000000009907,0.023256160555369818,current/baseline-hgb
30000000009908,0.027740799925430815,current/baseline-hgb
30000000009909,0.029341587938124424,current/baseline-hgb
30000000009910,0.01857503944793681,current/baseline-hgb
30000000009911,0.02858732996703878,current/baseline-hgb
30000000009913,0.028719753125358016,current/baseline-hgb
30000000009914,0.017317559137173276,current/baseline-hgb
30000000009915,0.0402463171815674,current/baseline-hgb
30000000009916,0.028285741845151424,current/baseline-hgb
30000000009917,0.036436382966501,current/baseline-hgb
30000000009918,0.019283974399725925,current/baseline-hgb
30000000009920,0.023514594144180917,current/baseline-hgb
30000000009921,0.018610282318027117,current/baseline-hgb
30000000009922,0.014829031386159491,current/baseline-hgb
30000000009923,0.020774198182834797,current/baseline-hgb
30000000009264,0.026344591806190337,current/cycle-001
30000000009265,0.03011715534051578,current/cycle-001
30000000009267,0.03218960535653947,current/cycle-001
30000000009268,0.030584169332772863,current/cycle-001
30000000009269,0.03005670852596731,current/cycle-001
30000000009270,0.024349377440464847,current/cycle-001
30000000009271,0.024355342198506266,current/cycle-001
30000000009272,0.03226453668527375,current/cycle-001
30000000009273,0.02473109455934953,current/cycle-001
30000000009274,0.029093142263489347,current/cycle-001
30000000009275,0.017873974740308454,current/cycle-001
30000000009277,0.02057769521400396,current/cycle-001
30000000009278,0.03426369881430129,current/cycle-001
30000000009279,0.022664032223840565,current/cycle-001
30000000009280,0.02919429848995173,current/cycle-001
30000000009281,0.020194947493033823,current/cycle-001
30000000009282,0.014072144026043305,current/cycle-001
30000000009283,0.018311627734040613,current/cycle-001
30000000009285,0.023066069532610325,current/cycle-001
30000000009286,0.020003188244309234,current/cycle-001
30000000009287,0.020788819690204213,current/cycle-001
30000000009288,0.019183280019765044,current/cycle-001
30000000009289,0.022901377495364646,current/cycle-001
30000000009290,0.01938296803505918,current/cycle-001
30000000009291,0.023154779528305202,current/cycle-001
30000000009292,0.02986852415675713,current/cycle-001
30000000009293,0.02372707359960903,current/cycle-001
30000000009294,0.02189223594190977,current/cycle-001
30000000009295,0.02024559410927053,current/cycle-001
30000000009296,0.02026172653156947,current/cycle-001
30000000009299,0.033926351019988456,current/cycle-001
30000000009300,0.020029703876372786,current/cycle-001
30000000009302,0.023794771183585826,current/cycle-001
30000000009303,0.017483606529841014,current/cycle-001
30000000009304,0.01845485140064115,current/cycle-001
30000000009306,0.028674985986996842,current/cycle-001
30000000009307,0.02080243232816741,current/cycle-001
30000000009309,0.018375452258628765,current/cycle-001
30000000009310,0.033467634730129495,current/cycle-001
30000000009311,0.02088677610493674,current/cycle-001
30000000009312,0.029502296843219325,current/cycle-001
30000000009313,0.02203417289920241,current/cycle-001
30000000009316,0.02670948415870364,current/cycle-001
30000000009317,0.026842332724390974,current/cycle-001
30000000009318,0.027566349827311036,current/cycle-001
30000000009319,0.03213118951747585,current/cycle-001
30000000009320,0.021141834725537892,current/cycle-001
30000000009321,0.02405973763676808,current/cycle-001
30000000009322,0.02582022802851352,current/cycle-001
30000000009323,0.030591075196810414,current/cycle-001
30000000009324,0.02706541061033148,current/cycle-001
30000000009325,0.023431191617706956,current/cycle-001
30000000009327,0.01731761728297078,current/cycle-001
30000000009329,0.025601427326772043,current/cycle-001
30000000009330,0.02848084004103453,current/cycle-001
30000000009331,0.018669589203750645,current/cycle-001
30000000009332,0.03201249098682198,current/cycle-001
30000000009333,0.020927763129785996,current/cycle-001
30000000009335,0.027853275804741156,current/cycle-001
30000000009336,0.029490580062775475,current/cycle-001
30000000009337,0.021436195389756305,current/cycle-001
30000000009338,0.023786615181293373,current/cycle-001
30000000009341,0.023512261058059945,current/cycle-001
30000000009342,0.02163742200203747,current/cycle-001
30000000009343,0.031309106199663074,current/cycle-001
30000000009344,0.01642079308351372,current/cycle-001
30000000009345,0.020597600517922657,current/cycle-001
30000000009346,0.029132048309514158,current/cycle-001
30000000009347,0.023126476447331682,current/cycle-001
30000000009348,0.0360700779408569,current/cycle-001
30000000009349,0.020753918320304293,current/cycle-001
30000000009350,0.028718350951455914,current/cycle-001
30000000009352,0.022976175729569698,current/cycle-001
30000000009353,0.03452068105668602,current/cycle-001
30000000009354,0.023278630136022202,current/cycle-001
30000000009356,0.01955579504079722,current/cycle-001
30000000009358,0.02341006288543267,current/cycle-001
30000000009360,0.020476563533269952,current/cycle-001
30000000009362,0.022248823274513784,current/cycle-001
30000000009363,0.01799724162133771,current/cycle-001
30000000009364,0.032305759716423396,current/cycle-001
30000000009366,0.03315785030820848,current/cycle-001
30000000009367,0.02442485294445309,current/cycle-001
30000000009368,0.024005484187593133,current/cycle-001
30000000009369,0.026955073681711583,current/cycle-001
30000000009371,0.021059206851467713,current/cycle-001
30000000009373,0.021762272964129713,current/cycle-001
30000000009375,0.026610514235457104,current/cycle-001
30000000009376,0.026196807738899392,current/cycle-001
30000000009377,0.026832458199350602,current/cycle-001
30000000009378,0.03663907895102186,current/cycle-001
30000000009379,0.04191616016870437,current/cycle-001
30000000009380,0.02512574578895098,current/cycle-001
30000000009381,0.031359490957920635,current/cycle-001
30000000009382,0.02197392145727487,current/cycle-001
30000000009384,0.028393845913712454,current/cycle-001
30000000009385,0.022513911598475714,current/cycle-001
30000000009386,0.020435336703471984,current/cycle-001
30000000009387,0.02612042572912388,current/cycle-001
30000000009388,0.02047950980333866,current/cycle-001
30000000009389,0.034877709182933606,current/cycle-001
30000000009390,0.026956202962162376,current/cycle-001
30000000009405,0.02183436298509543,current/cycle-001
30000000009406,0.022706716304710148,current/cycle-001
30000000009408,0.0221802355117325,current/cycle-001
30000000009409,0.03403641061857912,current/cycle-001
30000000009410,0.0242642615260626,current/cycle-001
30000000009411,0.028148542021061033,current/cycle-001
30000000009412,0.02721782038378216,current/cycle-001
30000000009413,0.027016448673348868,current/cycle-001
30000000009414,0.022638875862534144,current/cycle-001
30000000009416,0.029795575145873592,current/cycle-001
30000000009418,0.029800067310532384,current/cycle-001
30000000009419,0.02922136220004787,current/cycle-001
30000000009420,0.03343217114186183,current/cycle-001
30000000009421,0.029173299924767172,current/cycle-001
30000000009422,0.03185505750370029,current/cycle-001
30000000009423,0.027149699900583264,current/cycle-001
30000000009424,0.031468577288932466,current/cycle-001
30000000009425,0.021802167855424485,current/cycle-001
30000000009428,0.02491354045856643,current/cycle-001
30000000009429,0.024239063904871655,current/cycle-001
30000000009430,0.026193177881824223,current/cycle-001
30000000009431,0.02135540137547568,current/cycle-001
30000000009432,0.023334811207569105,current/cycle-001
30000000009433,0.024350677491916575,current/cycle-001
30000000009434,0.02673214955220646,current/cycle-001
30000000009435,0.028901887556629164,current/cycle-001
30000000009437,0.03222110737744037,current/cycle-001
30000000009439,0.025667139764467016,current/cycle-001
30000000009440,0.03670065057625634,current/cycle-001
30000000009441,0.031057710312557066,current/cycle-001
30000000009443,0.019440516533414276,current/cycle-001
30000000009444,0.04143299865651242,current/cycle-001
30000000009446,0.029050404228613026,current/cycle-001
30000000009447,0.029065920295327282,current/cycle-001
30000000009448,0.02422246692464324,current/cycle-001
30000000009449,0.025452902941432244,current/cycle-001
30000000009451,0.028820930822795302,current/cycle-001
30000000009452,0.028385317215279402,current/cycle-001
30000000009845,0.029743167619962766,current/cycle-001
30000000009848,0.029262516306373443,current/cycle-001
30000000009849,0.022516892351559462,current/cycle-001
30000000009851,0.023809248976946338,current/cycle-001
30000000009852,0.023947564188664696,current/cycle-001
30000000009853,0.028429762899803642,current/cycle-001
30000000009854,0.03194616374842559,current/cycle-001
30000000009856,0.029172917407415136,current/cycle-001
30000000009857,0.029690972051250424,current/cycle-001
30000000009858,0.027110203955391113,current/cycle-001
30000000009859,0.034863528561135546,current/cycle-001
30000000009861,0.026240632696800943,current/cycle-001
30000000009864,0.03411701816202289,current/cycle-001
30000000009865,0.027809112521582694,current/cycle-001
30000000009866,0.024971741705263163,current/cycle-001
30000000009867,0.027484567017609877,current/cycle-001
30000000009868,0.02210361251828914,current/cycle-001
30000000009869,0.025551677319342495,current/cycle-001
30000000009870,0.026710727734573964,current/cycle-001
30000000009872,0.03444356763866348,current/cycle-001
30000000009873,0.029628830891123784,current/cycle-001
30000000009875,0.02422260692932533,current/cycle-001
30000000009876,0.02835167971059689,current/cycle-001
30000000009878,0.03417000902584912,current/cycle-001
30000000009880,0.03208081177857508,current/cycle-001
30000000009881,0.03063518306616781,current/cycle-001
30000000009882,0.042863611050997855,current/cycle-001
30000000009885,0.024249116172437,current/cycle-001
30000000009886,0.033064972978845336,current/cycle-001
30000000009887,0.019471362220773007,current/cycle-001
30000000009888,0.02643528557074653,current/cycle-001
30000000009889,0.04049305425319297,current/cycle-001
30000000009890,0.028057639899605812,current/cycle-001
30000000009891,0.0229989232918634,current/cycle-001
30000000009892,0.026684761092232643,current/cycle-001
30000000009893,0.023567481732484505,current/cycle-001
30000000009894,0.0278957844474108,current/cycle-001
30000000009895,0.017662407105440068,current/cycle-001
30000000009897,0.030753440292094404,current/cycle-001
30000000009898,0.02280370415423792,current/cycle-001
30000000009900,0.028715431087735385,current/cycle-001
30000000009903,0.02723364019225554,current/cycle-001
30000000009904,0.0247422492646257,current/cycle-001
30000000009905,0.025593967102026886,current/cycle-001
30000000009906,0.028763652519358102,current/cycle-001
30000000009907,0.02667957319631268,current/cycle-001
30000000009908,0.03173565112591535,current/cycle-001
30000000009909,0.03636237971416125,current/cycle-001
30000000009910,0.019514450505867344,current/cycle-001
30000000009911,0.03460503498141735,current/cycle-001
30000000009913,0.03300892736597685,current/cycle-001
30000000009914,0.0206850553528593,current/cycle-001
30000000009915,0.04015939037058685,current/cycle-001
30000000009916,0.0350681672486777,current/cycle-001
30000000009917,0.04152995791379197,current/cycle-001
30000000009918,0.022093210730690885,current/cycle-001
30000000009920,0.027819185153777876,current/cycle-001
30000000009921,0.024041611687652745,current/cycle-001
30000000009922,0.020836681343126166,current/cycle-001
30000000009923,0.024690251435043525,current/cycle-001
