model,group,primary_error,mae,rmse,bias,n,weight_sum,p90
reference,cluster:quakeml:earthquake.usgs.gov/fdsnws/event/1/query?eventid=aka2026ncclpa&format=quakeml,0.012986761140387769,0.0386418363359855,0.0386418363359855,0.0386418363359855,1,1.0,0.0386418363359855
reference,cluster:quakeml:earthquake.usgs.gov/fdsnws/event/1/query?eventid=aka2026ncfzau&format=quakeml,0.5732979165828312,1.6539568027256208,2.061053814946477,0.9458414660713425,7,7.0,3.3721419359382923
reference,cluster:quakeml:earthquake.usgs.gov/fdsnws/event/1/query?eventid=aka2026nzghnm&format=quakeml,0.08547726746115242,0.2067811912634432,0.2067811912634432,-0.2067811912634432,1,1.0,0.2067811912634432
reference,cluster:quakeml:earthquake.usgs.gov/fdsnws/event/1/query?eventid=aka2026ofyant&format=quakeml,0.5414033553701632,1.45366763975191,1.45366763975191,-1.45366763975191,1,1.0,1.45366763975191
reference,cluster:quakeml:earthquake.usgs.gov/fdsnws/event/1/query?eventid=ci40656850&format=quakeml,1.755307711761541,1.148454636164307,1.148454636164307,1.148454636164307,1,1.0,1.148454636164307
reference,cluster:quakeml:earthquake.usgs.gov/fdsnws/event/1/query?eventid=ci40664370&format=quakeml,1.6164969182554576,1.0492091731304087,1.0492091731304087,1.0492091731304087,1,1.0,1.0492091731304087
reference,cluster:quakeml:earthquake.usgs.gov/fdsnws/event/1/query?eventid=ci41285127&format=quakeml,0.9334713471630054,0.6347900129948072,0.6348857473223916,0.6347900129948072,3,3.0,0.642764964978255
reference,cluster:quakeml:earthquake.usgs.gov/fdsnws/event/1/query?eventid=ci41287863&format=quakeml,0.6455770039482029,0.7075279447529199,0.7075279447529199,0.7075279447529199,1,1.0,0.7075279447529199
reference,cluster:quakeml:earthquake.usgs.gov/fdsnws/event/1/query?eventid=nc75406447&format=quakeml,0.6816049666433556,1.191998906215127,1.191998906215127,1.191998906215127,1,1.0,1.191998906215127
reference,cluster:quakeml:earthquake.usgs.gov/fdsnws/event/1/query?eventid=tx2026mvdbvd&format=quakeml,0.5873537721377655,0.435976804618287,0.43820788425275053,0.435976804618287,2,2.0,0.4713072506939317
reference,cluster:quakeml:earthquake.usgs.gov/fdsnws/event/1/query?eventid=tx2026nqayet&format=quakeml,0.456020216007865,0.5590368971577189,0.5968473907721074,0.5590368971577189,3,3.0,0.7627192563252135
reference,cluster:quakeml:earthquake.usgs.gov/fdsnws/event/1/query?eventid=us6000t9h4&format=quakeml,0.36464705090773775,2.4989779641591543,4.103199155573756,-2.2340011731767526,3,3.0,5.74268159310181
reference,cluster:quakeml:earthquake.usgs.gov/fdsnws/event/1/query?eventid=us6000t9kl&format=quakeml,0.09368090444710057,0.18463340186368082,0.18463340186368082,0.18463340186368082,1,1.0,0.18463340186368082
reference,cluster:quakeml:earthquake.usgs.gov/fdsnws/event/1/query?eventid=us6000t9kr&format=quakeml,0.11483968064091216,0.8719416959399702,0.8719416959399702,-0.8719416959399702,1,1.0,0.8719416959399702
reference,cluster:quakeml:earthquake.usgs.gov/fdsnws/event/1/query?eventid=us6000t9lc&format=quakeml,0.15666065539561075,0.5954432082639833,1.2702963843398845,-0.19864281480126758,12,12.0,0.6406124899452176
reference,cluster:quakeml:earthquake.usgs.gov/fdsnws/event/1/query?eventid=us6000t9qx&format=quakeml,0.5350101949110013,4.203205113683165,5.019363653235699,-4.203205113683165,2,2.0,6.398046812682899
reference,cluster:quakeml:earthquake.usgs.gov/fdsnws/event/1/query?eventid=us6000t9qz&format=quakeml,0.39766774258903653,2.5680320564086165,2.6295768792625793,-2.5680320564086165,2,2.0,3.020499723291498
reference,cluster:quakeml:earthquake.usgs.gov/fdsnws/event/1/query?eventid=us6000t9r5&format=quakeml,0.35980896674113155,2.547300319853548,4.822261321822296,-1.5344581234553787,23,23.0,4.653712360292471
reference,cluster:quakeml:earthquake.usgs.gov/fdsnws/event/1/query?eventid=us6000t9sq&format=quakeml,0.668287930904143,2.3277338941260792,2.4902537271703373,2.3277338941260792,2,2.0,3.0356405744493644
reference,cluster:quakeml:earthquake.usgs.gov/fdsnws/event/1/query?eventid=us6000t9tt&format=quakeml,0.11470909742423738,0.20547808549602387,0.20547808549602387,-0.20547808549602387,1,1.0,0.20547808549602387
reference,cluster:quakeml:earthquake.usgs.gov/fdsnws/event/1/query?eventid=us6000t9zw&format=quakeml,0.14925793879769966,0.20416911214129685,0.2157964127046381,0.06987893376136356,2,2.0,0.2600722591503877
reference,cluster:quakeml:earthquake.usgs.gov/fdsnws/event/1/query?eventid=us6000ta4c&format=quakeml,0.1662755130799951,0.2668519386204167,0.2668519386204167,-0.2668519386204167,1,1.0,0.2668519386204167
reference,cluster:quakeml:earthquake.usgs.gov/fdsnws/event/1/query?eventid=us6000ta7h&format=quakeml,0.27358638907968963,0.6195870562829031,0.6195870562829031,0.6195870562829031,1,1.0,0.6195870562829031
reference,cluster:quakeml:earthquake.usgs.gov/fdsnws/event/1/query?eventid=us6000ta7l&format=quakeml,0.39540177443487257,0.9491072266964913,0.9491072266964913,0.9491072266964913,1,1.0,0.9491072266964913
reference,cluster:quakeml:earthquake.usgs.gov/fdsnws/event/1/query?eventid=us6000ta86&format=quakeml,0.313439082617896,1.5657299182361946,1.941824534319652,-1.5657299182361946,3,3.0,2.713664026276228
reference,cluster:quakeml:earthquake.usgs.gov/fdsnws/event/1/query?eventid=us6000tahc&format=quakeml,0.16522589886093883,0.7064987065285258,0.7092956316526148,-0.7064987065285258,2,2.0,0.7568407096988525
reference,cluster:quakeml:earthquake.usgs.gov/fdsnws/event/1/query?eventid=us6000tai4&format=quakeml,0.049048473354675055,0.08653996447042522,0.08653996447042522,-0.08653996447042522,1,1.0,0.08653996447042522
reference,cluster:quakeml:earthquake.usgs.gov/fdsnws/event/1/query?eventid=us6000takd&format=quakeml,0.09738573318113518,0.15828670178347504,0.1891178474395843,-0.10349338268068697,2,2.0,0.24108140792802463
reference,cluster:quakeml:earthquake.usgs.gov/fdsnws/event/1/query?eventid=us6000talg&format=quakeml,0.3538886652631592,3.052964189638549,5.076303048246684,-2.907739443625558,7,7.0,6.5417900622842104
reference,cluster:quakeml:earthquake.usgs.gov/fdsnws/event/1/query?eventid=us6000talr&format=quakeml,0.16468299519937604,1.065581778930894,1.1237349782794468,-1.065581778930894,3,3.0,1.4215307477697174
reference,cluster:quakeml:earthquake.usgs.gov/fdsnws/event/1/query?eventid=us6000tapb&format=quakeml,0.19633153923236013,1.3428344591445391,1.3428344591445391,-1.3428344591445391,1,1.0,1.3428344591445391
reference,cluster:quakeml:earthquake.usgs.gov/fdsnws/event/1/query?eventid=us6000tary&format=quakeml,0.13924494718127356,0.547202628344611,0.5483704656617838,0.03576941630598851,2,2.0,0.5758181613894018
reference,cluster:quakeml:earthquake.usgs.gov/fdsnws/event/1/query?eventid=us6000tasa&format=quakeml,0.1881292225501054,0.916549397649411,0.916549397649411,0.916549397649411,1,1.0,0.916549397649411
reference,cluster:quakeml:earthquake.usgs.gov/fdsnws/event/1/query?eventid=us6000tatn&format=quakeml,0.39070429492486597,0.6009139983237455,0.6009139983237455,-0.6009139983237455,1,1.0,0.6009139983237455
reference,cluster:quakeml:earthquake.usgs.gov/fdsnws/event/1/query?eventid=us6000tavd&format=quakeml,0.18196311554218986,1.661510704260809,1.683824179465598,-0.2732142876566752,2,2.0,1.8800821343861491
reference,cluster:quakeml:earthquake.usgs.gov/fdsnws/event/1/query?eventid=us6000taxu&format=quakeml,0.2604960460900505,2.6680447483442897,2.6680447483442897,2.6680447483442897,1,1.0,2.6680447483442897
reference,cluster:quakeml:earthquake.usgs.gov/fdsnws/event/1/query?eventid=us6000taxz&format=quakeml,0.11998368224951704,0.21697190889666662,0.21697190889666662,-0.21697190889666662,1,1.0,0.21697190889666662
reference,cluster:quakeml:earthquake.usgs.gov/fdsnws/event/1/query?eventid=us6000tayu&format=quakeml,0.06574740324251993,0.13333147829034808,0.13333147829034808,0.13333147829034808,1,1.0,0.13333147829034808
reference,cluster:quakeml:earthquake.usgs.gov/fdsnws/event/1/query?eventid=us6000tazm&format=quakeml,0.3144400174108244,2.1859385766861843,2.1859385766861843,-2.1859385766861843,1,1.0,2.1859385766861843
reference,cluster:quakeml:earthquake.usgs.gov/fdsnws/event/1/query?eventid=us6000tg2v&format=quakeml,0.3529362737713916,0.8566386562227581,0.8566386562227581,0.8566386562227581,1,1.0,0.8566386562227581
reference,cluster:quakeml:earthquake.usgs.gov/fdsnws/event/1/query?eventid=us6000tg42&format=quakeml,0.311335908659876,1.4788084740616314,2.188596659440064,-0.7362522953138648,23,23.0,3.5701655990267653
reference,cluster:quakeml:earthquake.usgs.gov/fdsnws/event/1/query?eventid=us6000tg4g&format=quakeml,0.27251226702302905,1.463894890591365,1.463894890591365,-1.463894890591365,1,1.0,1.463894890591365
reference,cluster:quakeml:earthquake.usgs.gov/fdsnws/event/1/query?eventid=us6000tg5f&format=quakeml,0.22185325433011194,1.8020227231627428,2.320728371829124,-1.4771471158504457,13,13.0,3.3021508186840745
reference,cluster:quakeml:earthquake.usgs.gov/fdsnws/event/1/query?eventid=us6000tg8x&format=quakeml,0.10560286774293107,0.7033913968190837,0.7135210222391227,0.11980313876548054,2,2.0,0.7992339078314681
reference,cluster:quakeml:earthquake.usgs.gov/fdsnws/event/1/query?eventid=us6000tgav&format=quakeml,0.40180838329868046,2.31392114162664,2.31392114162664,-2.31392114162664,1,1.0,2.31392114162664
reference,cluster:quakeml:earthquake.usgs.gov/fdsnws/event/1/query?eventid=us6000tgdy&format=quakeml,0.15327108042244755,1.324409169364571,1.3300078456386994,-1.324409169364571,2,2.0,1.42193445737064
reference,cluster:quakeml:earthquake.usgs.gov/fdsnws/event/1/query?eventid=us6000tgea&format=quakeml,0.2610959604449781,1.7075917334969715,1.7075917334969715,-1.7075917334969715,1,1.0,1.7075917334969715
reference,cluster:quakeml:earthquake.usgs.gov/fdsnws/event/1/query?eventid=us6000tgn5&format=quakeml,0.18595164221636618,0.3921745516834054,0.3921745516834054,0.3921745516834054,1,1.0,0.3921745516834054
reference,cluster:quakeml:earthquake.usgs.gov/fdsnws/event/1/query?eventid=us6000tgnw&format=quakeml,0.2748717261560937,1.7597358019218365,2.2501743645246464,0.36184668470825665,4,4.0,3.3379597453296106
reference,cluster:quakeml:earthquake.usgs.gov/fdsnws/event/1/query?eventid=us6000tgp3&format=quakeml,0.5126830387211658,3.835847583977774,3.835847583977774,-3.835847583977774,1,1.0,3.835847583977774
reference,cluster:quakeml:earthquake.usgs.gov/fdsnws/event/1/query?eventid=us6000tgpw&format=quakeml,0.46570516721568433,2.6378687546741215,3.1927685852951786,1.798727236787661,2,2.0,4.07685054410425
reference,cluster:quakeml:earthquake.usgs.gov/fdsnws/event/1/query?eventid=us6000tgpy&format=quakeml,0.2774118588745405,0.6103259954303686,0.6103259954303686,0.6103259954303686,1,1.0,0.6103259954303686
reference,cluster:quakeml:earthquake.usgs.gov/fdsnws/event/1/query?eventid=us6000tgqe&format=quakeml,0.3062487028198306,0.6589506318609337,0.6589506318609337,0.6589506318609337,1,1.0,0.6589506318609337
reference,cluster:quakeml:earthquake.usgs.gov/fdsnws/event/1/query?eventid=us6000tgqr&format=quakeml,0.16687572084577343,0.2844898469550716,0.2844898469550716,-0.2844898469550716,1,1.0,0.2844898469550716
reference,cluster:quakeml:earthquake.usgs.gov/fdsnws/event/1/query?eventid=us6000tgqt&format=quakeml,0.13350216868448833,1.1359914670359572,1.588105325123413,-0.6414914766179152,3,3.0,2.2675509574577304
reference,cluster:quakeml:earthquake.usgs.gov/fdsnws/event/1/query?eventid=us6000tgx1&format=quakeml,0.20612385286850085,0.44008213976014754,0.44076542288831655,0.44008213976014754,2,2.0,0.4597085428424687
reference,cluster:quakeml:earthquake.usgs.gov/fdsnws/event/1/query?eventid=us6000tgyz&format=quakeml,0.6630886935692197,3.7354264605703174,3.7354264605703174,-3.7354264605703174,1,1.0,3.7354264605703174
reference,cluster:quakeml:earthquake.usgs.gov/fdsnws/event/1/query?eventid=us6000tgzq&format=quakeml,0.1939163824074877,1.0599445746879492,1.375531607915284,1.0599445746879492,7,7.0,2.3376622102104396
reference,cluster:quakeml:earthquake.usgs.gov/fdsnws/event/1/query?eventid=us6000th04&format=quakeml,0.22266661200531437,0.46838065192413514,0.46838065192413514,0.46838065192413514,1,1.0,0.46838065192413514
reference,cluster:quakeml:earthquake.usgs.gov/fdsnws/event/1/query?eventid=us6000th0l&format=quakeml,0.1031015715699609,0.21004014761742584,0.21004014761742584,0.21004014761742584,1,1.0,0.21004014761742584
reference,cluster:quakeml:earthquake.usgs.gov/fdsnws/event/1/query?eventid=us6000th0m&format=quakeml,0.3916278681130546,2.5670935422610133,2.845912885650119,-1.639617532173728,4,4.0,3.9493670535685306
reference,cluster:quakeml:earthquake.usgs.gov/fdsnws/event/1/query?eventid=us6000th1b&format=quakeml,0.09530638664782173,0.18899211404258653,0.18899211404258653,0.18899211404258653,1,1.0,0.18899211404258653
reference,cluster:quakeml:earthquake.usgs.gov/fdsnws/event/1/query?eventid=us6000th1h&format=quakeml,0.23024826171560064,1.4283320922228813,1.8137469618721238,-1.11783070096798,2,2.0,2.3225966529972655
reference,cluster:quakeml:earthquake.usgs.gov/fdsnws/event/1/query?eventid=us6000th1p&format=quakeml,0.17831220763350067,1.1200484941314937,1.1200484941314937,1.1200484941314937,1,1.0,1.1200484941314937
reference,cluster:quakeml:earthquake.usgs.gov/fdsnws/event/1/query?eventid=us6000th5m&format=quakeml,0.10020568199405046,0.18678804764515244,0.18678804764515244,-0.18678804764515244,1,1.0,0.18678804764515244
reference,cluster:quakeml:earthquake.usgs.gov/fdsnws/event/1/query?eventid=us6000th7y&format=quakeml,0.08767617706509538,0.16016234892435377,0.16016234892435377,-0.16016234892435377,1,1.0,0.16016234892435377
reference,cluster:quakeml:earthquake.usgs.gov/fdsnws/event/1/query?eventid=us6000tha9&format=quakeml,0.4764142976311832,2.776129969059414,2.776129969059414,-2.776129969059414,1,1.0,2.776129969059414
reference,cluster:quakeml:earthquake.usgs.gov/fdsnws/event/1/query?eventid=us6000thag&format=quakeml,0.3419225737616951,3.2169821990717544,4.071598419901386,-1.7165450476462365,4,4.0,5.884303824435677
reference,cluster:quakeml:earthquake.usgs.gov/fdsnws/event/1/query?eventid=us6000thbs&format=quakeml,0.5848756086529151,3.5713822920887432,3.5713822920887432,-3.5713822920887432,1,1.0,3.5713822920887432
reference,cluster:quakeml:earthquake.usgs.gov/fdsnws/event/1/query?eventid=us6000thug&format=quakeml,0.19659027233310233,0.41102791742133515,0.41102791742133515,0.41102791742133515,1,1.0,0.41102791742133515
reference,cluster:quakeml:earthquake.usgs.gov/fdsnws/event/1/query?eventid=us6000ti1z&format=quakeml,0.2218524592493282,2.0795974325363034,2.0795974325363034,-2.0795974325363034,1,1.0,2.0795974325363034
reference,cluster:quakeml:earthquake.usgs.gov/fdsnws/event/1/query?eventid=us7000sz3s&format=quakeml,0.050155343784523854,0.0978282620694555,0.0978282620694555,0.0978282620694555,1,1.0,0.0978282620694555
reference,cluster:quakeml:earthquake.usgs.gov/fdsnws/event/1/query?eventid=us7000sz4r&format=quakeml,0.2847602611679609,0.46513080534094153,0.46513080534094153,-0.46513080534094153,1,1.0,0.46513080534094153
reference,cluster:quakeml:earthquake.usgs.gov/fdsnws/event/1/query?eventid=us7000sz66&format=quakeml,0.47627837052409694,1.5625202507569094,2.1079863543770148,1.5625202507569094,2,2.0,2.6944953561267795
reference,cluster:quakeml:earthquake.usgs.gov/fdsnws/event/1/query?eventid=us7000sz6t&format=quakeml,0.19688820193587883,0.4215065156448701,0.4215065156448701,0.4215065156448701,1,1.0,0.4215065156448701
reference,cluster:quakeml:earthquake.usgs.gov/fdsnws/event/1/query?eventid=us7000sz6v&format=quakeml,0.8951863361694614,2.769625826512865,2.769625826512865,2.769625826512865,1,1.0,2.769625826512865
reference,cluster:quakeml:earthquake.usgs.gov/fdsnws/event/1/query?eventid=us7000sz7d&format=quakeml,0.12049615148216096,0.8257076646996779,0.8257076646996779,0.8257076646996779,1,1.0,0.8257076646996779
reference,cluster:quakeml:earthquake.usgs.gov/fdsnws/event/1/query?eventid=us7000szcl&format=quakeml,0.11007165640969258,0.18864945242890907,0.2618087487346458,-0.18153568523095864,2,2.0,0.333878000613676
reference,cluster:quakeml:earthquake.usgs.gov/fdsnws/event/1/query?eventid=us7000szhi&format=quakeml,0.12543858309281836,0.25806954125323767,0.25806954125323767,0.25806954125323767,1,1.0,0.25806954125323767
reference,cluster:quakeml:earthquake.usgs.gov/fdsnws/event/1/query?eventid=us7000szr0&format=quakeml,0.10111717432529901,0.24900507863629234,0.2927461133637971,-0.0041478122270209306,4,4.0,0.414075606600097
reference,cluster:quakeml:earthquake.usgs.gov/fdsnws/event/1/query?eventid=us7000sztw&format=quakeml,0.20139555998431555,0.43126870908651616,0.43126870908651616,0.43126870908651616,1,1.0,0.43126870908651616
reference,cluster:quakeml:earthquake.usgs.gov/fdsnws/event/1/query?eventid=us7000szu6&format=quakeml,0.1964766935044737,0.3840622017141848,0.3840622017141848,0.3840622017141848,1,1.0,0.3840622017141848
reference,cluster:quakeml:earthquake.usgs.gov/fdsnws/event/1/query?eventid=us7000szwc&format=quakeml,0.4487193373134974,2.3855381658588932,2.3855381658588932,-2.3855381658588932,1,1.0,2.3855381658588932
reference,cluster:quakeml:earthquake.usgs.gov/fdsnws/event/1/query?eventid=us7000szyg&format=quakeml,0.21608453190452648,1.3983491640157748,1.5992309995790586,-0.7759893076009607,2,2.0,2.019140610096543
reference,cluster:quakeml:earthquake.usgs.gov/fdsnws/event/1/query?eventid=us7000szzy&format=quakeml,0.2804731440798036,0.4298668824622748,0.5029074955435618,-0.4298668824622748,2,2.0,0.6386813071533866
reference,cluster:quakeml:earthquake.usgs.gov/fdsnws/event/1/query?eventid=us7000t02u&format=quakeml,0.33315251336982993,2.573852516538355,2.573852516538355,-2.573852516538355,1,1.0,2.573852516538355
reference,cluster:quakeml:earthquake.usgs.gov/fdsnws/event/1/query?eventid=us7000t04s&format=quakeml,0.11102170354434808,0.990385354363454,0.990385354363454,-0.990385354363454,1,1.0,0.990385354363454
reference,cluster:quakeml:earthquake.usgs.gov/fdsnws/event/1/query?eventid=us7000t06l&format=quakeml,0.05287591873965151,0.10336319334423505,0.1171570077645539,0.05515264934729813,2,2.0,0.14748531282207356
reference,cluster:quakeml:earthquake.usgs.gov/fdsnws/event/1/query?eventid=us7000t097&format=quakeml,0.09828974580332889,0.1985320253247458,0.24410829526119904,0.1420348363458177,2,2.0,0.31215989440139996
reference,cluster:quakeml:earthquake.usgs.gov/fdsnws/event/1/query?eventid=us7000t0de&format=quakeml,0.11516866852382433,0.23313971549111057,0.23313971549111057,0.23313971549111057,1,1.0,0.23313971549111057
reference,cluster:quakeml:earthquake.usgs.gov/fdsnws/event/1/query?eventid=us7000t0e6&format=quakeml,0.1898785495187712,0.3939495671143125,0.3939495671143125,0.3939495671143125,1,1.0,0.3939495671143125
reference,cluster:quakeml:earthquake.usgs.gov/fdsnws/event/1/query?eventid=us7000t0q6&format=quakeml,0.36432738272136844,0.8764535661211561,0.8764535661211561,0.8764535661211561,1,1.0,0.8764535661211561
reference,cluster:quakeml:earthquake.usgs.gov/fdsnws/event/1/query?eventid=us7000t0x1&format=quakeml,0.46457952447234013,1.1891946473826556,1.1891946473826556,1.1891946473826556,1,1.0,1.1891946473826556
reference,cluster:quakeml:earthquake.usgs.gov/fdsnws/event/1/query?eventid=us7000t0xw&format=quakeml,0.3088340612392598,1.8349061809888285,1.8349061809888285,-1.8349061809888285,1,1.0,1.8349061809888285
reference,cluster:quakeml:earthquake.usgs.gov/fdsnws/event/1/query?eventid=us7000t0yi&format=quakeml,0.24924575996689105,2.204450396089097,2.204450396089097,2.204450396089097,1,1.0,2.204450396089097
reference,cluster:quakeml:earthquake.usgs.gov/fdsnws/event/1/query?eventid=us7000t0yv&format=quakeml,0.29376891063031757,1.3722858598076577,1.3722858598076577,-1.3722858598076577,1,1.0,1.3722858598076577
reference,cluster:quakeml:earthquake.usgs.gov/fdsnws/event/1/query?eventid=us7000t0zd&format=quakeml,0.3934214398236055,5.213523238172186,5.213523238172186,-5.213523238172186,1,1.0,5.213523238172186
reference,cluster:quakeml:earthquake.usgs.gov/fdsnws/event/1/query?eventid=us7000t106&format=quakeml,0.23130620692932183,0.5001910363569204,0.5001910363569204,0.5001910363569204,1,1.0,0.5001910363569204
reference,cluster:quakeml:earthquake.usgs.gov/fdsnws/event/1/query?eventid=us7000t11q&format=quakeml,1.0924387489767293,3.869940652381282,3.869940652381282,3.869940652381282,1,1.0,3.869940652381282
reference,cluster:quakeml:earthquake.usgs.gov/fdsnws/event/1/query?eventid=us7000t19p&format=quakeml,0.13259350765760786,0.28266346265426606,0.3537363039544835,0.20346631623431075,3,3.0,0.4956484209510019
reference,cluster:quakeml:earthquake.usgs.gov/fdsnws/event/1/query?eventid=us7000t1b3&format=quakeml,0.3112172419276856,2.5905971023942507,3.577153813627451,-2.5905971023942507,2,2.0,4.563993939836278
reference,cluster:quakeml:earthquake.usgs.gov/fdsnws/event/1/query?eventid=us7000t1dh&format=quakeml,0.07685306073983142,0.13981102410381796,0.13981102410381796,-0.13981102410381796,1,1.0,0.13981102410381796
reference,cluster:quakeml:earthquake.usgs.gov/fdsnws/event/1/query?eventid=us7000t1gu&format=quakeml,0.22454269377347047,0.4800875401398583,0.4800875401398583,0.4800875401398583,1,1.0,0.4800875401398583
reference,cluster:quakeml:earthquake.usgs.gov/fdsnws/event/1/query?eventid=us7000t1jw&format=quakeml,0.011270544489131938,0.021285808557776065,0.021285808557776065,0.021285808557776065,1,1.0,0.021285808557776065
reference,cluster:quakeml:earthquake.usgs.gov/fdsnws/event/1/query?eventid=us7000t1ld&format=quakeml,0.2469313638499021,0.5246109098038108,0.5246109098038108,0.5246109098038108,1,1.0,0.5246109098038108
reference,cluster:quakeml:earthquake.usgs.gov/fdsnws/event/1/query?eventid=us7000t1ng&format=quakeml,0.056989395876378614,0.10784739059746351,0.10784739059746351,0.10784739059746351,1,1.0,0.10784739059746351
reference,cluster:quakeml:earthquake.usgs.gov/fdsnws/event/1/query?eventid=us7000t1ph&format=quakeml,0.4540316000955801,3.843358865505208,5.290455717141739,-3.635589955699106,2,2.0,6.751830830064494
reference,cluster:quakeml:earthquake.usgs.gov/fdsnws/event/1/query?eventid=us7000t1q1&format=quakeml,0.03518106686891892,0.3524696744238618,0.3524696744238618,-0.3524696744238618,1,1.0,0.3524696744238618
reference,cluster:quakeml:earthquake.usgs.gov/fdsnws/event/1/query?eventid=us7000t1q8&format=quakeml,0.19482179376509515,0.39813978954321483,0.39813978954321483,0.39813978954321483,1,1.0,0.39813978954321483
reference,cluster:quakeml:earthquake.usgs.gov/fdsnws/event/1/query?eventid=us7000t1qt&format=quakeml,0.5122096376711875,4.975195307988839,7.2935082418169035,-4.975195307988839,3,3.0,10.30462600442675
reference,cluster:quakeml:earthquake.usgs.gov/fdsnws/event/1/query?eventid=us7000t1w2&format=quakeml,0.19637791602073312,0.34870501034717516,0.3804348085624986,-0.09775685668411604,4,4.0,0.47880648288848454
reference,cluster:quakeml:earthquake.usgs.gov/fdsnws/event/1/query?eventid=us7000t1wn&format=quakeml,0.3553169813328735,1.4390324296206565,1.4390324296206565,1.4390324296206565,1,1.0,1.4390324296206565
reference,cluster:quakeml:earthquake.usgs.gov/fdsnws/event/1/query?eventid=us7000t1z0&format=quakeml,0.20024678409641614,0.42966277474066117,0.42966277474066117,0.42966277474066117,1,1.0,0.42966277474066117
reference,cluster:quakeml:earthquake.usgs.gov/fdsnws/event/1/query?eventid=us7000t213&format=quakeml,0.10141368783529443,0.20247513712512233,0.20247513712512233,0.20247513712512233,1,1.0,0.20247513712512233
reference,cluster:quakeml:earthquake.usgs.gov/fdsnws/event/1/query?eventid=us7000t22v&format=quakeml,1.0129514365209047,5.541743989370362,5.541743989370362,5.541743989370362,1,1.0,5.541743989370362
reference,cluster:quakeml:earthquake.usgs.gov/fdsnws/event/1/query?eventid=us7000t27u&format=quakeml,0.1375831930409916,1.240746158541123,1.240746158541123,1.240746158541123,1,1.0,1.240746158541123
reference,cluster:quakeml:earthquake.usgs.gov/fdsnws/event/1/query?eventid=us7000t2et&format=quakeml,0.2526332560056248,0.5432068655578599,0.5432068655578599,0.5432068655578599,1,1.0,0.5432068655578599
reference,cluster:quakeml:earthquake.usgs.gov/fdsnws/event/1/query?eventid=us7000t2iy&format=quakeml,0.4187395419036895,1.9477146534749141,1.9477146534749141,-1.9477146534749141,1,1.0,1.9477146534749141
reference,cluster:quakeml:earthquake.usgs.gov/fdsnws/event/1/query?eventid=us7000t2pj&format=quakeml,0.12136450338670264,0.21577752614520196,0.21577752614520196,-0.21577752614520196,1,1.0,0.21577752614520196
reference,cluster:quakeml:earthquake.usgs.gov/fdsnws/event/1/query?eventid=us7000t2pq&format=quakeml,0.10231024238807696,0.186526579683975,0.186526579683975,-0.186526579683975,1,1.0,0.186526579683975
reference,cluster:quakeml:earthquake.usgs.gov/fdsnws/event/1/query?eventid=us7000t2y2&format=quakeml,0.20330260066405903,1.4787406319981153,1.4787406319981153,-1.4787406319981153,1,1.0,1.4787406319981153
reference,cluster:quakeml:earthquake.usgs.gov/fdsnws/event/1/query?eventid=us7000t2yy&format=quakeml,0.532769396460149,3.909261329708884,3.909261329708884,-3.909261329708884,1,1.0,3.909261329708884
reference,cluster:quakeml:earthquake.usgs.gov/fdsnws/event/1/query?eventid=us7000t30x&format=quakeml,0.26898950669722604,0.4691031158612191,0.4691031158612191,-0.4691031158612191,1,1.0,0.4691031158612191
reference,cluster:quakeml:earthquake.usgs.gov/fdsnws/event/1/query?eventid=us7000t389&format=quakeml,0.2168643466890539,1.6922600206590213,1.6922600206590213,-1.6922600206590213,1,1.0,1.6922600206590213
reference,cluster:quakeml:earthquake.usgs.gov/fdsnws/event/1/query?eventid=us7000t3di&format=quakeml,0.3179669249285891,2.1236934168141763,2.1236934168141763,-2.1236934168141763,1,1.0,2.1236934168141763
reference,cluster:quakeml:earthquake.usgs.gov/fdsnws/event/1/query?eventid=us7000t3dx&format=quakeml,0.0018510675952001336,0.003575869025330025,0.003575869025330025,0.003575869025330025,1,1.0,0.003575869025330025
reference,cluster:quakeml:earthquake.usgs.gov/fdsnws/event/1/query?eventid=us7000t3hh&format=quakeml,0.34267656448279615,2.937012052020833,2.937012052020833,2.937012052020833,1,1.0,2.937012052020833
reference,cluster:quakeml:earthquake.usgs.gov/fdsnws/event/1/query?eventid=us7000t3hl&format=quakeml,0.15783662426402195,0.29041529880677497,0.29041529880677497,-0.29041529880677497,1,1.0,0.29041529880677497
reference,cluster:quakeml:earthquake.usgs.gov/fdsnws/event/1/query?eventid=us7000t3in&format=quakeml,0.15450953570360978,0.2651409844422261,0.2651409844422261,-0.2651409844422261,1,1.0,0.2651409844422261
reference,cluster:quakeml:earthquake.usgs.gov/fdsnws/event/1/query?eventid=uu80143896&format=quakeml,0.2352976218910582,0.25295450442332357,0.25766389416773844,0.25295450442332357,4,4.0,0.3068275572240944
constant,cluster:quakeml:earthquake.usgs.gov/fdsnws/event/1/query?eventid=aka2026ncclpa&format=quakeml,0.06500392796538379,0.19854789960075703,0.19854789960075703,0.19854789960075703,1,1.0,0.19854789960075703
constant,cluster:quakeml:earthquake.usgs.gov/fdsnws/event/1/query?eventid=aka2026ncfzau&format=quakeml,0.3681910586809301,0.9821062426860389,1.1201434489379432,0.37047647102932835,7,7.0,1.603947899600757
constant,cluster:quakeml:earthquake.usgs.gov/fdsnws/event/1/query?eventid=aka2026nzghnm&format=quakeml,0.22306364308225238,0.630747899600757,0.630747899600757,0.630747899600757,1,1.0,0.630747899600757
constant,cluster:quakeml:earthquake.usgs.gov/fdsnws/event/1/query?eventid=aka2026ofyant&format=quakeml,0.09729002527658653,0.3223521003992431,0.3223521003992431,-0.3223521003992431,1,1.0,0.3223521003992431
constant,cluster:quakeml:earthquake.usgs.gov/fdsnws/event/1/query?eventid=ci40656850&format=quakeml,2.576024943401365,2.9147478996007568,2.9147478996007568,2.9147478996007568,1,1.0,2.9147478996007568
constant,cluster:quakeml:earthquake.usgs.gov/fdsnws/event/1/query?eventid=ci40664370&format=quakeml,2.4959822357278285,2.894747899600757,2.894747899600757,2.894747899600757,1,1.0,2.894747899600757
constant,cluster:quakeml:earthquake.usgs.gov/fdsnws/event/1/query?eventid=ci41285127&format=quakeml,2.036368315136768,2.7414145662674234,2.7416617916327244,2.7414145662674234,3,3.0,2.776747899600757
constant,cluster:quakeml:earthquake.usgs.gov/fdsnws/event/1/query?eventid=ci41287863&format=quakeml,1.3973699470597187,2.3747478996007567,2.3747478996007567,2.3747478996007567,1,1.0,2.3747478996007567
constant,cluster:quakeml:earthquake.usgs.gov/fdsnws/event/1/query?eventid=nc75406447&format=quakeml,0.9500577290160539,1.934747899600757,1.934747899600757,1.934747899600757,1,1.0,1.934747899600757
constant,cluster:quakeml:earthquake.usgs.gov/fdsnws/event/1/query?eventid=tx2026mvdbvd&format=quakeml,1.7500600207226746,2.6044176316448517,2.604871053198796,2.6044176316448517,2,2.0,2.6432979918936
constant,cluster:quakeml:earthquake.usgs.gov/fdsnws/event/1/query?eventid=tx2026nqayet&format=quakeml,1.141430160564837,2.123892538031107,2.1345806859822014,2.123892538031107,3,3.0,2.3385811899520172
constant,cluster:quakeml:earthquake.usgs.gov/fdsnws/event/1/query?eventid=us6000t9h4&format=quakeml,0.7757229185782198,3.7579159665335857,5.180717349727952,-2.109585433732576,3,3.0,7.2923512602395455
constant,cluster:quakeml:earthquake.usgs.gov/fdsnws/event/1/query?eventid=us6000t9kl&format=quakeml,0.5176368109193613,1.274747899600757,1.274747899600757,1.274747899600757,1,1.0,1.274747899600757
constant,cluster:quakeml:earthquake.usgs.gov/fdsnws/event/1/query?eventid=us6000t9kr&format=quakeml,0.9351472914693625,4.882252100399244,4.882252100399244,-4.882252100399244,1,1.0,4.882252100399244
constant,cluster:quakeml:earthquake.usgs.gov/fdsnws/event/1/query?eventid=us6000t9lc&format=quakeml,0.5681966588131292,1.8277899163339641,2.6541387113815738,0.4594145662674236,12,12.0,1.2846478996007569
constant,cluster:quakeml:earthquake.usgs.gov/fdsnws/event/1/query?eventid=us6000t9qx&format=quakeml,0.9704291550742674,6.086252100399243,7.288522801611736,-6.086252100399243,2,2.0,9.294252100399243
constant,cluster:quakeml:earthquake.usgs.gov/fdsnws/event/1/query?eventid=us6000t9qz&format=quakeml,0.9038967096471697,4.648252100399242,4.670468133802646,-4.648252100399242,2,2.0,5.012252100399242
constant,cluster:quakeml:earthquake.usgs.gov/fdsnws/event/1/query?eventid=us6000t9r5&format=quakeml,0.8341135658191388,4.6915772741387025,6.946027714524395,-4.143252100399243,23,23.0,6.360452100399243
constant,cluster:quakeml:earthquake.usgs.gov/fdsnws/event/1/query?eventid=us6000t9sq&format=quakeml,0.3236591605591491,0.8152478996007568,0.9634891736825307,0.8152478996007568,2,2.0,1.2260478996007569
constant,cluster:quakeml:earthquake.usgs.gov/fdsnws/event/1/query?eventid=us6000t9tt&format=quakeml,0.5091621839283891,1.258747899600757,1.258747899600757,1.258747899600757,1,1.0,1.258747899600757
constant,cluster:quakeml:earthquake.usgs.gov/fdsnws/event/1/query?eventid=us6000t9zw&format=quakeml,0.7924689791965369,1.674747899600757,1.7191057347403464,1.674747899600757,2,2.0,1.985147899600757
constant,cluster:quakeml:earthquake.usgs.gov/fdsnws/event/1/query?eventid=us6000ta4c&format=quakeml,0.5938747093309079,1.412747899600757,1.412747899600757,1.412747899600757,1,1.0,1.412747899600757
constant,cluster:quakeml:earthquake.usgs.gov/fdsnws/event/1/query?eventid=us6000ta7h&format=quakeml,0.47138278810423045,1.1857478996007569,1.1857478996007569,1.1857478996007569,1,1.0,1.1857478996007569
constant,cluster:quakeml:earthquake.usgs.gov/fdsnws/event/1/query?eventid=us6000ta7l&format=quakeml,0.47749589934727976,1.197747899600757,1.197747899600757,1.197747899600757,1,1.0,1.197747899600757
constant,cluster:quakeml:earthquake.usgs.gov/fdsnws/event/1/query?eventid=us6000ta86&format=quakeml,0.6832779475624507,2.8347507001330805,3.051288090068656,-1.9709187670659096,3,3.0,3.825052100399243
constant,cluster:quakeml:earthquake.usgs.gov/fdsnws/event/1/query?eventid=us6000tahc&format=quakeml,0.38684582081553887,1.568752100399243,1.7882967881498408,-1.568752100399243,2,2.0,2.255552100399243
constant,cluster:quakeml:earthquake.usgs.gov/fdsnws/event/1/query?eventid=us6000tai4&format=quakeml,0.5566873257912341,1.346747899600757,1.346747899600757,1.346747899600757,1,1.0,1.346747899600757
constant,cluster:quakeml:earthquake.usgs.gov/fdsnws/event/1/query?eventid=us6000takd&format=quakeml,0.5753511915514032,1.3792478996007569,1.3804459491603065,1.3792478996007569,2,2.0,1.425247899600757
constant,cluster:quakeml:earthquake.usgs.gov/fdsnws/event/1/query?eventid=us6000talg&format=quakeml,0.9472355489641245,5.710823528970672,7.050019851720793,-5.710823528970672,7,7.0,10.289252100399246
constant,cluster:quakeml:earthquake.usgs.gov/fdsnws/event/1/query?eventid=us6000talr&format=quakeml,0.7866502516357509,3.789585433732576,3.8203988424134034,-3.789585433732576,3,3.0,4.2810521003992426
constant,cluster:quakeml:earthquake.usgs.gov/fdsnws/event/1/query?eventid=us6000tapb&format=quakeml,0.8703847810823386,4.378252100399243,4.378252100399243,-4.378252100399243,1,1.0,4.378252100399243
constant,cluster:quakeml:earthquake.usgs.gov/fdsnws/event/1/query?eventid=us6000tary&format=quakeml,0.34343221869022494,1.4189999999999998,1.8191148518065834,-1.138252100399243,2,2.0,2.3296016803193944
constant,cluster:quakeml:earthquake.usgs.gov/fdsnws/event/1/query?eventid=us6000tasa&format=quakeml,0.33903942708517143,1.273252100399243,1.273252100399243,-1.273252100399243,1,1.0,1.273252100399243
constant,cluster:quakeml:earthquake.usgs.gov/fdsnws/event/1/query?eventid=us6000tatn&format=quakeml,0.5294079473695721,1.2967478996007569,1.2967478996007569,1.2967478996007569,1,1.0,1.2967478996007569
constant,cluster:quakeml:earthquake.usgs.gov/fdsnws/event/1/query?eventid=us6000tavd&format=quakeml,1.0437004679835873,6.407752100399243,7.228068015048759,-6.407752100399243,2,2.0,9.083352100399242
constant,cluster:quakeml:earthquake.usgs.gov/fdsnws/event/1/query?eventid=us6000taxu&format=quakeml,1.0445310579720286,5.811252100399242,5.811252100399242,-5.811252100399242,1,1.0,5.811252100399242
constant,cluster:quakeml:earthquake.usgs.gov/fdsnws/event/1/query?eventid=us6000taxz&format=quakeml,0.4971043707356561,1.235747899600757,1.235747899600757,1.235747899600757,1,1.0,1.235747899600757
constant,cluster:quakeml:earthquake.usgs.gov/fdsnws/event/1/query?eventid=us6000tayu&format=quakeml,0.4749442266180477,1.192747899600757,1.192747899600757,1.192747899600757,1,1.0,1.192747899600757
constant,cluster:quakeml:earthquake.usgs.gov/fdsnws/event/1/query?eventid=us6000tazm&format=quakeml,0.9432023570192798,4.947252100399243,4.947252100399243,-4.947252100399243,1,1.0,4.947252100399243
constant,cluster:quakeml:earthquake.usgs.gov/fdsnws/event/1/query?eventid=us6000tg2v&format=quakeml,0.44383283633599985,1.130747899600757,1.130747899600757,1.130747899600757,1,1.0,1.130747899600757
constant,cluster:quakeml:earthquake.usgs.gov/fdsnws/event/1/query?eventid=us6000tg42&format=quakeml,0.645726971573387,2.526575812991403,3.081525379650296,-1.1060781873557648,23,23.0,5.3774521003992435
constant,cluster:quakeml:earthquake.usgs.gov/fdsnws/event/1/query?eventid=us6000tg4g&format=quakeml,0.6654274356457408,2.9822521003992426,2.9822521003992426,-2.9822521003992426,1,1.0,2.9822521003992426
constant,cluster:quakeml:earthquake.usgs.gov/fdsnws/event/1/query?eventid=us6000tg5f&format=quakeml,0.9617631143175593,5.303636715783857,5.646213833153769,-5.303636715783857,13,13.0,6.896052100399244
constant,cluster:quakeml:earthquake.usgs.gov/fdsnws/event/1/query?eventid=us6000tg8x&format=quakeml,0.7656320620975211,3.7642521003992426,4.002738422050598,-3.7642521003992426,2,2.0,4.853052100399243
constant,cluster:quakeml:earthquake.usgs.gov/fdsnws/event/1/query?eventid=us6000tgav&format=quakeml,0.7960010609605108,3.8382521003992434,3.8382521003992434,-3.8382521003992434,1,1.0,3.8382521003992434
constant,cluster:quakeml:earthquake.usgs.gov/fdsnws/event/1/query?eventid=us6000tgdy&format=quakeml,1.1042202530370873,6.427752100399243,6.523657510491096,-6.427752100399243,2,2.0,7.319352100399242
constant,cluster:quakeml:earthquake.usgs.gov/fdsnws/event/1/query?eventid=us6000tgea&format=quakeml,0.8567518514141131,4.276252100399243,4.276252100399243,-4.276252100399243,1,1.0,4.276252100399243
constant,cluster:quakeml:earthquake.usgs.gov/fdsnws/event/1/query?eventid=us6000tgn5&format=quakeml,0.4971043707356561,1.235747899600757,1.235747899600757,1.235747899600757,1,1.0,1.235747899600757
constant,cluster:quakeml:earthquake.usgs.gov/fdsnws/event/1/query?eventid=us6000tgnw&format=quakeml,0.646218755554548,2.992002100399243,3.2477500298350366,-2.992002100399243,4,4.0,4.407752100399243
constant,cluster:quakeml:earthquake.usgs.gov/fdsnws/event/1/query?eventid=us6000tgp3&format=quakeml,1.1089928976061867,6.408252100399244,6.408252100399244,-6.408252100399244,1,1.0,6.408252100399244
constant,cluster:quakeml:earthquake.usgs.gov/fdsnws/event/1/query?eventid=us6000tgpw&format=quakeml,0.579258033368926,3.220252100399243,4.3943285710249,-3.220252100399243,2,2.0,5.612252100399243
constant,cluster:quakeml:earthquake.usgs.gov/fdsnws/event/1/query?eventid=us6000tgpy&format=quakeml,0.5023290430176085,1.245747899600757,1.245747899600757,1.245747899600757,1,1.0,1.245747899600757
constant,cluster:quakeml:earthquake.usgs.gov/fdsnws/event/1/query?eventid=us6000tgqe&format=quakeml,0.539686642139035,1.315747899600757,1.315747899600757,1.315747899600757,1,1.0,1.315747899600757
constant,cluster:quakeml:earthquake.usgs.gov/fdsnws/event/1/query?eventid=us6000tgqr&format=quakeml,0.5331825541698586,1.303747899600757,1.303747899600757,1.303747899600757,1,1.0,1.303747899600757
constant,cluster:quakeml:earthquake.usgs.gov/fdsnws/event/1/query?eventid=us6000tgqt&format=quakeml,0.860269345950727,4.384750700133081,5.18338006794603,-3.5389187670659097,3,3.0,7.169452100399242
constant,cluster:quakeml:earthquake.usgs.gov/fdsnws/event/1/query?eventid=us6000tgx1&format=quakeml,0.4958236168738625,1.233247899600757,1.2333112469566143,1.233247899600757,2,2.0,1.243247899600757
constant,cluster:quakeml:earthquake.usgs.gov/fdsnws/event/1/query?eventid=us6000tgyz&format=quakeml,0.8930906584427469,4.551252100399243,4.551252100399243,-4.551252100399243,1,1.0,4.551252100399243
constant,cluster:quakeml:earthquake.usgs.gov/fdsnws/event/1/query?eventid=us6000tgzq&format=quakeml,0.4401164997651967,1.7929663861135288,1.918426239719216,-1.7929663861135288,7,7.0,2.5354521003992434
constant,cluster:quakeml:earthquake.usgs.gov/fdsnws/event/1/query?eventid=us6000th04&format=quakeml,0.5187012069751479,1.276747899600757,1.276747899600757,1.276747899600757,1,1.0,1.276747899600757
constant,cluster:quakeml:earthquake.usgs.gov/fdsnws/event/1/query?eventid=us6000th0l&format=quakeml,0.4893181907301165,1.220747899600757,1.220747899600757,1.220747899600757,1,1.0,1.220747899600757
constant,cluster:quakeml:earthquake.usgs.gov/fdsnws/event/1/query?eventid=us6000th0m&format=quakeml,0.8784363010616065,4.482752100399243,4.555757746372587,-4.482752100399243,4,4.0,5.349552100399244
constant,cluster:quakeml:earthquake.usgs.gov/fdsnws/event/1/query?eventid=us6000th1b&format=quakeml,0.5123317586896681,1.264747899600757,1.264747899600757,1.264747899600757,1,1.0,1.264747899600757
constant,cluster:quakeml:earthquake.usgs.gov/fdsnws/event/1/query?eventid=us6000th1h&format=quakeml,0.5150363772547825,2.6367521003992427,3.5516871890637858,-2.6367521003992427,2,2.0,4.540352100399242
constant,cluster:quakeml:earthquake.usgs.gov/fdsnws/event/1/query?eventid=us6000th1p&format=quakeml,0.5982021297979541,2.5832521003992435,2.5832521003992435,-2.5832521003992435,1,1.0,2.5832521003992435
constant,cluster:quakeml:earthquake.usgs.gov/fdsnws/event/1/query?eventid=us6000th5m&format=quakeml,0.47647444879881523,1.195747899600757,1.195747899600757,1.195747899600757,1,1.0,1.195747899600757
constant,cluster:quakeml:earthquake.usgs.gov/fdsnws/event/1/query?eventid=us6000th7y&format=quakeml,0.5028530147351242,1.246747899600757,1.246747899600757,1.246747899600757,1,1.0,1.246747899600757
constant,cluster:quakeml:earthquake.usgs.gov/fdsnws/event/1/query?eventid=us6000tha9&format=quakeml,0.842384567141912,4.170252100399243,4.170252100399243,-4.170252100399243,1,1.0,4.170252100399243
constant,cluster:quakeml:earthquake.usgs.gov/fdsnws/event/1/query?eventid=us6000thag&format=quakeml,1.1378270740198813,7.357002100399242,8.128366292975414,-7.357002100399242,4,4.0,10.632152100399244
constant,cluster:quakeml:earthquake.usgs.gov/fdsnws/event/1/query?eventid=us6000thbs&format=quakeml,0.9386251238159532,4.9102521003992425,4.9102521003992425,-4.9102521003992425,1,1.0,4.9102521003992425
constant,cluster:quakeml:earthquake.usgs.gov/fdsnws/event/1/query?eventid=us6000thug&format=quakeml,0.5112741171315326,1.262747899600757,1.262747899600757,1.262747899600757,1,1.0,1.262747899600757
constant,cluster:quakeml:earthquake.usgs.gov/fdsnws/event/1/query?eventid=us6000ti1z&format=quakeml,1.197884759897147,7.297252100399243,7.297252100399243,-7.297252100399243,1,1.0,7.297252100399243
constant,cluster:quakeml:earthquake.usgs.gov/fdsnws/event/1/query?eventid=us7000sz3s&format=quakeml,0.5060026236380205,1.252747899600757,1.252747899600757,1.252747899600757,1,1.0,1.252747899600757
constant,cluster:quakeml:earthquake.usgs.gov/fdsnws/event/1/query?eventid=us7000sz4r&format=quakeml,0.5192338301568472,1.277747899600757,1.277747899600757,1.277747899600757,1,1.0,1.277747899600757
constant,cluster:quakeml:earthquake.usgs.gov/fdsnws/event/1/query?eventid=us7000sz66&format=quakeml,0.6423296559357445,2.5285,2.847129134812721,-1.308752100399243,2,2.0,3.5755016803193946
constant,cluster:quakeml:earthquake.usgs.gov/fdsnws/event/1/query?eventid=us7000sz6t&format=quakeml,0.4877682033363601,1.217747899600757,1.217747899600757,1.217747899600757,1,1.0,1.217747899600757
constant,cluster:quakeml:earthquake.usgs.gov/fdsnws/event/1/query?eventid=us7000sz6v&format=quakeml,0.5002358973031031,1.241747899600757,1.241747899600757,1.241747899600757,1,1.0,1.241747899600757
constant,cluster:quakeml:earthquake.usgs.gov/fdsnws/event/1/query?eventid=us7000sz7d&format=quakeml,0.7148614174431083,3.2932521003992434,3.2932521003992434,-3.2932521003992434,1,1.0,3.2932521003992434
constant,cluster:quakeml:earthquake.usgs.gov/fdsnws/event/1/query?eventid=us7000szcl&format=quakeml,0.5002524295778624,1.2417478996007572,1.241796620289688,1.2417478996007572,2,2.0,1.250547899600757
constant,cluster:quakeml:earthquake.usgs.gov/fdsnws/event/1/query?eventid=us7000szhi&format=quakeml,0.4908705843148416,1.223747899600757,1.223747899600757,1.223747899600757,1,1.0,1.223747899600757
constant,cluster:quakeml:earthquake.usgs.gov/fdsnws/event/1/query?eventid=us7000szr0&format=quakeml,0.5021932335867115,1.3218739498003784,1.3254460090836107,0.6997478996007569,4,4.0,1.433347899600757
constant,cluster:quakeml:earthquake.usgs.gov/fdsnws/event/1/query?eventid=us7000sztw&format=quakeml,0.48983538753502515,1.221747899600757,1.221747899600757,1.221747899600757,1,1.0,1.221747899600757
constant,cluster:quakeml:earthquake.usgs.gov/fdsnws/event/1/query?eventid=us7000szu6&format=quakeml,0.5784941725835708,1.385747899600757,1.385747899600757,1.385747899600757,1,1.0,1.385747899600757
constant,cluster:quakeml:earthquake.usgs.gov/fdsnws/event/1/query?eventid=us7000szwc&format=quakeml,0.7378579850451706,3.443252100399243,3.443252100399243,-3.443252100399243,1,1.0,3.443252100399243
constant,cluster:quakeml:earthquake.usgs.gov/fdsnws/event/1/query?eventid=us7000szyg&format=quakeml,0.7826483823339121,3.7767521003992433,3.8335574441855043,-3.7767521003992433,2,2.0,4.3027521003992435
constant,cluster:quakeml:earthquake.usgs.gov/fdsnws/event/1/query?eventid=us7000szzy&format=quakeml,0.5235514377723323,1.285747899600757,1.2858738901337714,1.285747899600757,2,2.0,1.300147899600757
constant,cluster:quakeml:earthquake.usgs.gov/fdsnws/event/1/query?eventid=us7000t02u&format=quakeml,1.057606036482093,5.929252100399243,5.929252100399243,-5.929252100399243,1,1.0,5.929252100399243
constant,cluster:quakeml:earthquake.usgs.gov/fdsnws/event/1/query?eventid=us7000t04s&format=quakeml,1.0944571455728553,6.270252100399244,6.270252100399244,-6.270252100399244,1,1.0,6.270252100399244
constant,cluster:quakeml:earthquake.usgs.gov/fdsnws/event/1/query?eventid=us7000t06l&format=quakeml,0.5065286626134224,1.2537478996007572,1.253748298404951,1.2537478996007572,2,2.0,1.254547899600757
constant,cluster:quakeml:earthquake.usgs.gov/fdsnws/event/1/query?eventid=us7000t097&format=quakeml,0.5118167808486263,1.263747899600757,1.2637874638345343,1.263747899600757,2,2.0,1.271747899600757
constant,cluster:quakeml:earthquake.usgs.gov/fdsnws/event/1/query?eventid=us7000t0de&format=quakeml,0.5018053457026805,1.244747899600757,1.244747899600757,1.244747899600757,1,1.0,1.244747899600757
constant,cluster:quakeml:earthquake.usgs.gov/fdsnws/event/1/query?eventid=us7000t0e6&format=quakeml,0.5155114116070477,1.270747899600757,1.270747899600757,1.270747899600757,1,1.0,1.270747899600757
constant,cluster:quakeml:earthquake.usgs.gov/fdsnws/event/1/query?eventid=us7000t0q6&format=quakeml,0.4587659162215725,1.160747899600757,1.160747899600757,1.160747899600757,1,1.0,1.160747899600757
constant,cluster:quakeml:earthquake.usgs.gov/fdsnws/event/1/query?eventid=us7000t0x1&format=quakeml,0.45027647697070394,1.1437478996007568,1.1437478996007568,1.1437478996007568,1,1.0,1.1437478996007568
constant,cluster:quakeml:earthquake.usgs.gov/fdsnws/event/1/query?eventid=us7000t0xw&format=quakeml,0.7834820112065815,3.7512521003992427,3.7512521003992427,-3.7512521003992427,1,1.0,3.7512521003992427
constant,cluster:quakeml:earthquake.usgs.gov/fdsnws/event/1/query?eventid=us7000t0yi&format=quakeml,0.9036754997487343,4.633252100399243,4.633252100399243,-4.633252100399243,1,1.0,4.633252100399243
constant,cluster:quakeml:earthquake.usgs.gov/fdsnws/event/1/query?eventid=us7000t0yv&format=quakeml,0.5358223087083126,2.236252100399243,2.236252100399243,-2.236252100399243,1,1.0,2.236252100399243
constant,cluster:quakeml:earthquake.usgs.gov/fdsnws/event/1/query?eventid=us7000t0zd&format=quakeml,1.625490993882525,12.874252100399243,12.874252100399243,-12.874252100399243,1,1.0,12.874252100399243
constant,cluster:quakeml:earthquake.usgs.gov/fdsnws/event/1/query?eventid=us7000t106&format=quakeml,0.4955422772131183,1.232747899600757,1.232747899600757,1.232747899600757,1,1.0,1.232747899600757
constant,cluster:quakeml:earthquake.usgs.gov/fdsnws/event/1/query?eventid=us7000t11q&format=quakeml,0.4795419358666771,1.201747899600757,1.201747899600757,1.201747899600757,1,1.0,1.201747899600757
constant,cluster:quakeml:earthquake.usgs.gov/fdsnws/event/1/query?eventid=us7000t19p&format=quakeml,0.5073870353512793,1.253747899600757,1.2562347693617264,1.253747899600757,3,3.0,1.327747899600757
constant,cluster:quakeml:earthquake.usgs.gov/fdsnws/event/1/query?eventid=us7000t1b3&format=quakeml,0.8874001944949448,5.074252100399243,5.895255327668695,-5.074252100399243,2,2.0,7.475052100399243
constant,cluster:quakeml:earthquake.usgs.gov/fdsnws/event/1/query?eventid=us7000t1dh&format=quakeml,0.5123317586896681,1.264747899600757,1.264747899600757,1.264747899600757,1,1.0,1.264747899600757
constant,cluster:quakeml:earthquake.usgs.gov/fdsnws/event/1/query?eventid=us7000t1gu&format=quakeml,0.503377261142937,1.247747899600757,1.247747899600757,1.247747899600757,1,1.0,1.247747899600757
constant,cluster:quakeml:earthquake.usgs.gov/fdsnws/event/1/query?eventid=us7000t1jw&format=quakeml,0.5187012069751479,1.276747899600757,1.276747899600757,1.276747899600757,1,1.0,1.276747899600757
constant,cluster:quakeml:earthquake.usgs.gov/fdsnws/event/1/query?eventid=us7000t1ld&format=quakeml,0.5213671642992675,1.281747899600757,1.281747899600757,1.281747899600757,1,1.0,1.281747899600757
constant,cluster:quakeml:earthquake.usgs.gov/fdsnws/event/1/query?eventid=us7000t1ng&format=quakeml,0.539686642139035,1.315747899600757,1.315747899600757,1.315747899600757,1,1.0,1.315747899600757
constant,cluster:quakeml:earthquake.usgs.gov/fdsnws/event/1/query?eventid=us7000t1ph&format=quakeml,0.8025250014753572,5.255752100399243,6.986783408039142,-5.255752100399243,2,2.0,8.938552100399242
constant,cluster:quakeml:earthquake.usgs.gov/fdsnws/event/1/query?eventid=us7000t1q1&format=quakeml,1.17308689875265,7.041252100399243,7.041252100399243,-7.041252100399243,1,1.0,7.041252100399243
constant,cluster:quakeml:earthquake.usgs.gov/fdsnws/event/1/query?eventid=us7000t1q8&format=quakeml,0.5331825541698586,1.303747899600757,1.303747899600757,1.303747899600757,1,1.0,1.303747899600757
constant,cluster:quakeml:earthquake.usgs.gov/fdsnws/event/1/query?eventid=us7000t1qt&format=quakeml,1.1622993434481554,7.8812521003992435,9.287647029076533,-7.8812521003992435,3,3.0,12.821852100399244
constant,cluster:quakeml:earthquake.usgs.gov/fdsnws/event/1/query?eventid=us7000t1w2&format=quakeml,0.5199681066059573,1.274247899600757,1.2811201971856274,1.274247899600757,4,4.0,1.419947899600757
constant,cluster:quakeml:earthquake.usgs.gov/fdsnws/event/1/query?eventid=us7000t1wn&format=quakeml,0.06689396831829429,0.21825210039924325,0.21825210039924325,-0.21825210039924325,1,1.0,0.21825210039924325
constant,cluster:quakeml:earthquake.usgs.gov/fdsnws/event/1/query?eventid=us7000t1z0&format=quakeml,0.4872520742926446,1.216747899600757,1.216747899600757,1.216747899600757,1,1.0,1.216747899600757
constant,cluster:quakeml:earthquake.usgs.gov/fdsnws/event/1/query?eventid=us7000t213&format=quakeml,0.5086348968083418,1.257747899600757,1.257747899600757,1.257747899600757,1,1.0,1.257747899600757
constant,cluster:quakeml:earthquake.usgs.gov/fdsnws/event/1/query?eventid=us7000t22v&format=quakeml,0.0016634398376017562,0.005252100399243176,0.005252100399243176,-0.005252100399243176,1,1.0,0.005252100399243176
constant,cluster:quakeml:earthquake.usgs.gov/fdsnws/event/1/query?eventid=us7000t27u&format=quakeml,0.9807506700792344,5.257252100399244,5.257252100399244,-5.257252100399244,1,1.0,5.257252100399244
constant,cluster:quakeml:earthquake.usgs.gov/fdsnws/event/1/query?eventid=us7000t2et&format=quakeml,0.5123317586896681,1.264747899600757,1.264747899600757,1.264747899600757,1,1.0,1.264747899600757
constant,cluster:quakeml:earthquake.usgs.gov/fdsnws/event/1/query?eventid=us7000t2iy&format=quakeml,0.5903287622077257,2.5382521003992427,2.5382521003992427,-2.5382521003992427,1,1.0,2.5382521003992427
constant,cluster:quakeml:earthquake.usgs.gov/fdsnws/event/1/query?eventid=us7000t2pj&format=quakeml,0.5133905200379101,1.266747899600757,1.266747899600757,1.266747899600757,1,1.0,1.266747899600757
constant,cluster:quakeml:earthquake.usgs.gov/fdsnws/event/1/query?eventid=us7000t2pq&format=quakeml,0.4976256112999726,1.236747899600757,1.236747899600757,1.236747899600757,1,1.0,1.236747899600757
constant,cluster:quakeml:earthquake.usgs.gov/fdsnws/event/1/query?eventid=us7000t2y2&format=quakeml,0.9352717082657903,4.883252100399243,4.883252100399243,-4.883252100399243,1,1.0,4.883252100399243
constant,cluster:quakeml:earthquake.usgs.gov/fdsnws/event/1/query?eventid=us7000t2yy&format=quakeml,1.0986921969000671,6.310252100399243,6.310252100399243,-6.310252100399243,1,1.0,6.310252100399243
constant,cluster:quakeml:earthquake.usgs.gov/fdsnws/event/1/query?eventid=us7000t30x&format=quakeml,0.46127658788938375,1.1657478996007569,1.1657478996007569,1.1657478996007569,1,1.0,1.1657478996007569
constant,cluster:quakeml:earthquake.usgs.gov/fdsnws/event/1/query?eventid=us7000t389&format=quakeml,1.0121129409110396,5.525252100399243,5.525252100399243,-5.525252100399243,1,1.0,5.525252100399243
constant,cluster:quakeml:earthquake.usgs.gov/fdsnws/event/1/query?eventid=us7000t3di&format=quakeml,0.9048304565662438,4.642252100399243,4.642252100399243,-4.642252100399243,1,1.0,4.642252100399243
constant,cluster:quakeml:earthquake.usgs.gov/fdsnws/event/1/query?eventid=us7000t3dx&format=quakeml,0.4913885848444248,1.224747899600757,1.224747899600757,1.224747899600757,1,1.0,1.224747899600757
constant,cluster:quakeml:earthquake.usgs.gov/fdsnws/event/1/query?eventid=us7000t3hh&format=quakeml,0.823226100930108,4.031252100399243,4.031252100399243,-4.031252100399243,1,1.0,4.031252100399243
constant,cluster:quakeml:earthquake.usgs.gov/fdsnws/event/1/query?eventid=us7000t3hl&format=quakeml,0.46127658788938375,1.1657478996007569,1.1657478996007569,1.1657478996007569,1,1.0,1.1657478996007569
constant,cluster:quakeml:earthquake.usgs.gov/fdsnws/event/1/query?eventid=us7000t3in&format=quakeml,0.5326424515372313,1.3027478996007569,1.3027478996007569,1.3027478996007569,1,1.0,1.3027478996007569
constant,cluster:quakeml:earthquake.usgs.gov/fdsnws/event/1/query?eventid=uu80143896&format=quakeml,1.189949908760197,2.1897478996007567,2.1921384225924068,2.1897478996007567,4,4.0,2.280747899600757
domain,cluster:quakeml:earthquake.usgs.gov/fdsnws/event/1/query?eventid=aka2026ncclpa&format=quakeml,0.273958834201252,0.9316779474826853,0.9316779474826853,0.9316779474826853,1,1.0,0.9316779474826853
domain,cluster:quakeml:earthquake.usgs.gov/fdsnws/event/1/query?eventid=aka2026ncfzau&format=quakeml,0.3483165929440525,0.9230949896007399,1.1481483620764978,-0.3232672572979653,7,7.0,1.8562931213551237
domain,cluster:quakeml:earthquake.usgs.gov/fdsnws/event/1/query?eventid=aka2026nzghnm&format=quakeml,0.3071505480562715,0.9074931691554444,0.9074931691554444,0.9074931691554444,1,1.0,0.9074931691554444
domain,cluster:quakeml:earthquake.usgs.gov/fdsnws/event/1/query?eventid=aka2026ofyant&format=quakeml,0.11026427539118219,0.40533637561883484,0.40533637561883484,0.40533637561883484,1,1.0,0.40533637561883484
domain,cluster:quakeml:earthquake.usgs.gov/fdsnws/event/1/query?eventid=ci40656850&format=quakeml,1.5662949704954459,0.9093293689699469,0.9093293689699469,0.9093293689699469,1,1.0,0.9093293689699469
domain,cluster:quakeml:earthquake.usgs.gov/fdsnws/event/1/query?eventid=ci40664370&format=quakeml,1.5018305924348332,0.9073741898659378,0.9073741898659378,0.9073741898659378,1,1.0,0.9073741898659378
domain,cluster:quakeml:earthquake.usgs.gov/fdsnws/event/1/query?eventid=ci41285127&format=quakeml,1.074187348747431,0.7941662987570687,0.7949887109834464,0.7941662987570687,3,3.0,0.8293743682015335
domain,cluster:quakeml:earthquake.usgs.gov/fdsnws/event/1/query?eventid=ci41287863&format=quakeml,0.672506097415507,0.748129957911664,0.748129957911664,0.748129957911664,1,1.0,0.748129957911664
domain,cluster:quakeml:earthquake.usgs.gov/fdsnws/event/1/query?eventid=nc75406447&format=quakeml,0.4018992317172399,0.6034860670467839,0.6034860670467839,0.6034860670467839,1,1.0,0.6034860670467839
domain,cluster:quakeml:earthquake.usgs.gov/fdsnws/event/1/query?eventid=tx2026mvdbvd&format=quakeml,0.6426062891951594,0.4944084366061082,0.4949137589290403,0.4944084366061082,2,2.0,0.512295667179473
domain,cluster:quakeml:earthquake.usgs.gov/fdsnws/event/1/query?eventid=tx2026nqayet&format=quakeml,0.7286776506457827,1.0580954913546698,1.0755964029843337,1.0580954913546698,3,3.0,1.2331380565651413
domain,cluster:quakeml:earthquake.usgs.gov/fdsnws/event/1/query?eventid=us6000t9h4&format=quakeml,0.9451221087326012,4.3338557375258135,5.496819594031845,-1.7423543046318208,3,3.0,7.69965712167279
domain,cluster:quakeml:earthquake.usgs.gov/fdsnws/event/1/query?eventid=us6000t9kl&format=quakeml,0.5141763981371256,1.2638500360720384,1.2638500360720384,1.2638500360720384,1,1.0,1.2638500360720384
domain,cluster:quakeml:earthquake.usgs.gov/fdsnws/event/1/query?eventid=us6000t9kr&format=quakeml,0.9128091071721106,4.810987765838108,4.810987765838108,-4.810987765838108,1,1.0,4.810987765838108
domain,cluster:quakeml:earthquake.usgs.gov/fdsnws/event/1/query?eventid=us6000t9lc&format=quakeml,0.5960635742026794,1.9409943728025263,2.4406896926731165,0.8620571508082328,12,12.0,2.696863267166224
domain,cluster:quakeml:earthquake.usgs.gov/fdsnws/event/1/query?eventid=us6000t9qx&format=quakeml,1.1618661471012204,6.556716463423846,7.368797594357475,-6.556716463423846,2,2.0,9.246983032208458
domain,cluster:quakeml:earthquake.usgs.gov/fdsnws/event/1/query?eventid=us6000t9qz&format=quakeml,1.037676954781207,5.043194864918184,5.065701269734867,-5.043194864918184,2,2.0,5.4247830480948105
domain,cluster:quakeml:earthquake.usgs.gov/fdsnws/event/1/query?eventid=us6000t9r5&format=quakeml,0.8049744424867005,4.597510497844454,6.740642678710893,-3.924478135671608,23,23.0,6.678435474418467
domain,cluster:quakeml:earthquake.usgs.gov/fdsnws/event/1/query?eventid=us6000t9sq&format=quakeml,0.3105305234059994,0.888922896898034,0.9516725351432014,0.888922896898034,2,2.0,1.1608013374011914
domain,cluster:quakeml:earthquake.usgs.gov/fdsnws/event/1/query?eventid=us6000t9tt&format=quakeml,0.691638836169107,1.8902846694968747,1.8902846694968747,1.8902846694968747,1,1.0,1.8902846694968747
domain,cluster:quakeml:earthquake.usgs.gov/fdsnws/event/1/query?eventid=us6000t9zw&format=quakeml,0.529414166825619,0.9682790503144502,0.9696514943864916,0.9682790503144502,2,2.0,1.009536883805628
domain,cluster:quakeml:earthquake.usgs.gov/fdsnws/event/1/query?eventid=us6000ta4c&format=quakeml,0.21150426098628103,0.41030237103653233,0.41030237103653233,0.41030237103653233,1,1.0,0.41030237103653233
domain,cluster:quakeml:earthquake.usgs.gov/fdsnws/event/1/query?eventid=us6000ta7h&format=quakeml,0.8700084947074241,2.730867394418177,2.730867394418177,2.730867394418177,1,1.0,2.730867394418177
domain,cluster:quakeml:earthquake.usgs.gov/fdsnws/event/1/query?eventid=us6000ta7l&format=quakeml,1.0772113302620712,3.789689895364213,3.789689895364213,3.789689895364213,1,1.0,3.789689895364213
domain,cluster:quakeml:earthquake.usgs.gov/fdsnws/event/1/query?eventid=us6000ta86&format=quakeml,0.7703152808120636,3.0786267006142354,3.452380746477018,-2.483899514201459,3,3.0,4.33706495688282
domain,cluster:quakeml:earthquake.usgs.gov/fdsnws/event/1/query?eventid=us6000tahc&format=quakeml,0.28362975649901,1.1595750887634937,1.172704122129036,-1.1595750887634937,2,2.0,1.2995649662891346
domain,cluster:quakeml:earthquake.usgs.gov/fdsnws/event/1/query?eventid=us6000tai4&format=quakeml,0.4790233898044296,1.1110103913737086,1.1110103913737086,1.1110103913737086,1,1.0,1.1110103913737086
domain,cluster:quakeml:earthquake.usgs.gov/fdsnws/event/1/query?eventid=us6000takd&format=quakeml,0.4093234079544268,0.9632824279832727,1.1057776423862768,0.9632824279832727,2,2.0,1.3976692847568204
domain,cluster:quakeml:earthquake.usgs.gov/fdsnws/event/1/query?eventid=us6000talg&format=quakeml,0.9367155648171464,5.612001612462605,6.909318512142533,-5.612001612462605,7,7.0,9.200779527199298
domain,cluster:quakeml:earthquake.usgs.gov/fdsnws/event/1/query?eventid=us6000talr&format=quakeml,0.7837944007542523,3.7722762838849255,3.7863399411133365,-3.7722762838849255,3,3.0,4.087491987622719
domain,cluster:quakeml:earthquake.usgs.gov/fdsnws/event/1/query?eventid=us6000tapb&format=quakeml,0.6110726258850082,3.444325873869566,3.444325873869566,-3.444325873869566,1,1.0,3.444325873869566
domain,cluster:quakeml:earthquake.usgs.gov/fdsnws/event/1/query?eventid=us6000tary&format=quakeml,0.324822797510166,1.2868417639659104,1.4833946740141641,-1.2868417639659104,2,2.0,1.877162643979724
domain,cluster:quakeml:earthquake.usgs.gov/fdsnws/event/1/query?eventid=us6000tasa&format=quakeml,0.4593072295609273,1.6307388289366833,1.6307388289366833,-1.6307388289366833,1,1.0,1.6307388289366833
domain,cluster:quakeml:earthquake.usgs.gov/fdsnws/event/1/query?eventid=us6000tatn&format=quakeml,0.41335221931105004,0.9510682920600186,0.9510682920600186,0.9510682920600186,1,1.0,0.9510682920600186
domain,cluster:quakeml:earthquake.usgs.gov/fdsnws/event/1/query?eventid=us6000tavd&format=quakeml,0.8179825713318534,5.567980899014809,6.220823527712063,-5.567980899014809,2,2.0,7.787347882082505
domain,cluster:quakeml:earthquake.usgs.gov/fdsnws/event/1/query?eventid=us6000taxu&format=quakeml,0.8201565529804564,5.017707950973743,5.017707950973743,-5.017707950973743,1,1.0,5.017707950973743
domain,cluster:quakeml:earthquake.usgs.gov/fdsnws/event/1/query?eventid=us6000taxz&format=quakeml,0.4992088402942372,1.2423939612848782,1.2423939612848782,1.2423939612848782,1,1.0,1.2423939612848782
domain,cluster:quakeml:earthquake.usgs.gov/fdsnws/event/1/query?eventid=us6000tayu&format=quakeml,0.8714589181739953,2.727956368471566,2.727956368471566,2.727956368471566,1,1.0,2.727956368471566
domain,cluster:quakeml:earthquake.usgs.gov/fdsnws/event/1/query?eventid=us6000tazm&format=quakeml,0.8786401094071086,4.736855731696375,4.736855731696375,-4.736855731696375,1,1.0,4.736855731696375
domain,cluster:quakeml:earthquake.usgs.gov/fdsnws/event/1/query?eventid=us6000tg2v&format=quakeml,0.5135194807945481,1.35843286195473,1.35843286195473,1.35843286195473,1,1.0,1.35843286195473
domain,cluster:quakeml:earthquake.usgs.gov/fdsnws/event/1/query?eventid=us6000tg42&format=quakeml,0.7302523782402911,2.7989635642821473,3.322251293053799,-0.9170308026449231,23,23.0,4.820234166331961
domain,cluster:quakeml:earthquake.usgs.gov/fdsnws/event/1/query?eventid=us6000tg4g&format=quakeml,0.5581561988243209,2.6250205493199728,2.6250205493199728,-2.6250205493199728,1,1.0,2.6250205493199728
domain,cluster:quakeml:earthquake.usgs.gov/fdsnws/event/1/query?eventid=us6000tg5f&format=quakeml,0.9128343767682848,5.099128466620399,5.395396782677541,-5.099128466620399,13,13.0,6.610062286677354
domain,cluster:quakeml:earthquake.usgs.gov/fdsnws/event/1/query?eventid=us6000tg8x&format=quakeml,0.7431050937750965,3.6724444128928644,3.806627599848152,-3.6724444128928644,2,2.0,4.473869430975105
domain,cluster:quakeml:earthquake.usgs.gov/fdsnws/event/1/query?eventid=us6000tgav&format=quakeml,0.8122744093847925,3.8891749457721656,3.8891749457721656,-3.8891749457721656,1,1.0,3.8891749457721656
domain,cluster:quakeml:earthquake.usgs.gov/fdsnws/event/1/query?eventid=us6000tgdy&format=quakeml,0.9194465919828654,5.745064766615776,5.77088915922339,-5.745064766615776,2,2.0,6.181334419326716
domain,cluster:quakeml:earthquake.usgs.gov/fdsnws/event/1/query?eventid=us6000tgea&format=quakeml,0.6800449061197232,3.666498182696338,3.666498182696338,-3.666498182696338,1,1.0,3.666498182696338
domain,cluster:quakeml:earthquake.usgs.gov/fdsnws/event/1/query?eventid=us6000tgn5&format=quakeml,0.8806633770308142,2.710586679636289,2.710586679636289,2.710586679636289,1,1.0,2.710586679636289
domain,cluster:quakeml:earthquake.usgs.gov/fdsnws/event/1/query?eventid=us6000tgnw&format=quakeml,0.6408916449878397,2.88413485308355,3.4969422046534793,-2.88413485308355,4,4.0,4.930353894665074
domain,cluster:quakeml:earthquake.usgs.gov/fdsnws/event/1/query?eventid=us6000tgp3&format=quakeml,1.1032836590027344,6.3901893787763475,6.3901893787763475,-6.3901893787763475,1,1.0,6.3901893787763475
domain,cluster:quakeml:earthquake.usgs.gov/fdsnws/event/1/query?eventid=us6000tgpw&format=quakeml,0.6508641353505187,3.435069262624425,4.465482770909083,-3.435069262624425,2,2.0,5.717641220851722
domain,cluster:quakeml:earthquake.usgs.gov/fdsnws/event/1/query?eventid=us6000tgpy&format=quakeml,0.9989547496473749,3.2747788311258867,3.2747788311258867,3.2747788311258867,1,1.0,3.2747788311258867
domain,cluster:quakeml:earthquake.usgs.gov/fdsnws/event/1/query?eventid=us6000tgqe&format=quakeml,1.0555307462784074,3.4453662215812586,3.4453662215812586,3.4453662215812586,1,1.0,3.4453662215812586
domain,cluster:quakeml:earthquake.usgs.gov/fdsnws/event/1/query?eventid=us6000tgqr&format=quakeml,0.5544958939550495,1.371707766799716,1.371707766799716,1.371707766799716,1,1.0,1.371707766799716
domain,cluster:quakeml:earthquake.usgs.gov/fdsnws/event/1/query?eventid=us6000tgqt&format=quakeml,0.8245305057546527,4.265522735450392,5.000237982807158,-3.2618439060438096,3,3.0,6.91808027353618
domain,cluster:quakeml:earthquake.usgs.gov/fdsnws/event/1/query?eventid=us6000tgx1&format=quakeml,0.8418044760869614,2.5384275011482784,2.53987786427009,2.5384275011482784,2,2.0,2.6070849666339195
domain,cluster:quakeml:earthquake.usgs.gov/fdsnws/event/1/query?eventid=us6000tgyz&format=quakeml,1.091415153430496,5.118779605195967,5.118779605195967,-5.118779605195967,1,1.0,5.118779605195967
domain,cluster:quakeml:earthquake.usgs.gov/fdsnws/event/1/query?eventid=us6000tgzq&format=quakeml,0.3639636669550078,1.4726755617209375,1.603778161102612,-1.4726755617209375,7,7.0,2.1614601740946173
domain,cluster:quakeml:earthquake.usgs.gov/fdsnws/event/1/query?eventid=us6000th04&format=quakeml,0.9280502320117723,2.8725367553933445,2.8725367553933445,2.8725367553933445,1,1.0,2.8725367553933445
domain,cluster:quakeml:earthquake.usgs.gov/fdsnws/event/1/query?eventid=us6000th0l&format=quakeml,0.7801348560361411,2.28553635305361,2.28553635305361,2.28553635305361,1,1.0,2.28553635305361
domain,cluster:quakeml:earthquake.usgs.gov/fdsnws/event/1/query?eventid=us6000th0m&format=quakeml,1.0155391091738575,4.7799586276880515,4.993128685058144,-4.7799586276880515,4,4.0,6.38182169361633
domain,cluster:quakeml:earthquake.usgs.gov/fdsnws/event/1/query?eventid=us6000th1b&format=quakeml,0.6236802963010062,1.6363280792276325,1.6363280792276325,1.6363280792276325,1,1.0,1.6363280792276325
domain,cluster:quakeml:earthquake.usgs.gov/fdsnws/event/1/query?eventid=us6000th1h&format=quakeml,0.6602948599129479,3.043732532174035,3.6710249807208553,-3.043732532174035,2,2.0,4.685607885623156
domain,cluster:quakeml:earthquake.usgs.gov/fdsnws/event/1/query?eventid=us6000th1p&format=quakeml,0.7653683189911822,3.0688971663984024,3.0688971663984024,-3.0688971663984024,1,1.0,3.0688971663984024
domain,cluster:quakeml:earthquake.usgs.gov/fdsnws/event/1/query?eventid=us6000th5m&format=quakeml,0.5390564114952101,1.3994869177706946,1.3994869177706946,1.3994869177706946,1,1.0,1.3994869177706946
domain,cluster:quakeml:earthquake.usgs.gov/fdsnws/event/1/query?eventid=us6000th7y&format=quakeml,0.5750374133035181,1.4828919074469353,1.4828919074469353,1.4828919074469353,1,1.0,1.4828919074469353
domain,cluster:quakeml:earthquake.usgs.gov/fdsnws/event/1/query?eventid=us6000tha9&format=quakeml,0.8811134217234311,4.290096181667826,4.290096181667826,-4.290096181667826,1,1.0,4.290096181667826
domain,cluster:quakeml:earthquake.usgs.gov/fdsnws/event/1/query?eventid=us6000thag&format=quakeml,0.9707753474572517,6.6231581698784865,7.390561126267751,-6.6231581698784865,4,4.0,10.24798937780835
domain,cluster:quakeml:earthquake.usgs.gov/fdsnws/event/1/query?eventid=us6000thbs&format=quakeml,1.063325420154339,5.280110233566969,5.280110233566969,-5.280110233566969,1,1.0,5.280110233566969
domain,cluster:quakeml:earthquake.usgs.gov/fdsnws/event/1/query?eventid=us6000thug&format=quakeml,0.601551671135314,1.5608022294160944,1.5608022294160944,1.5608022294160944,1,1.0,1.5608022294160944
domain,cluster:quakeml:earthquake.usgs.gov/fdsnws/event/1/query?eventid=us6000ti1z&format=quakeml,0.7197373780146098,5.36312914681465,5.36312914681465,-5.36312914681465,1,1.0,5.36312914681465
domain,cluster:quakeml:earthquake.usgs.gov/fdsnws/event/1/query?eventid=us7000sz3s&format=quakeml,0.5644782541687627,1.4427241315371908,1.4427241315371908,1.4427241315371908,1,1.0,1.4427241315371908
domain,cluster:quakeml:earthquake.usgs.gov/fdsnws/event/1/query?eventid=us7000sz4r&format=quakeml,0.35835849874536135,0.808946705584703,0.808946705584703,0.808946705584703,1,1.0,0.808946705584703
domain,cluster:quakeml:earthquake.usgs.gov/fdsnws/event/1/query?eventid=us7000sz66&format=quakeml,0.6069923976664335,2.41707083942125,2.7487096048596555,-1.3088823663978277,2,2.0,3.4641767325395123
domain,cluster:quakeml:earthquake.usgs.gov/fdsnws/event/1/query?eventid=us7000sz6t&format=quakeml,0.8081220997356833,2.4090286938048413,2.4090286938048413,2.4090286938048413,1,1.0,2.4090286938048413
domain,cluster:quakeml:earthquake.usgs.gov/fdsnws/event/1/query?eventid=us7000sz6v&format=quakeml,0.3086669762621535,0.6917577241634454,0.6917577241634454,0.6917577241634454,1,1.0,0.6917577241634454
domain,cluster:quakeml:earthquake.usgs.gov/fdsnws/event/1/query?eventid=us7000sz7d&format=quakeml,0.46233365229116546,2.3869711497047685,2.3869711497047685,-2.3869711497047685,1,1.0,2.3869711497047685
domain,cluster:quakeml:earthquake.usgs.gov/fdsnws/event/1/query?eventid=us7000szcl&format=quakeml,0.4568024004898614,1.1255293429636972,1.1697299387758702,1.1255293429636972,2,2.0,1.3803413713093733
domain,cluster:quakeml:earthquake.usgs.gov/fdsnws/event/1/query?eventid=us7000szhi&format=quakeml,0.6609761106987144,1.8087326097267087,1.8087326097267087,1.8087326097267087,1,1.0,1.8087326097267087
domain,cluster:quakeml:earthquake.usgs.gov/fdsnws/event/1/query?eventid=us7000szr0&format=quakeml,0.5226904683558907,1.4449541477898598,1.6187235298755824,0.8119287658010224,4,4.0,2.2581889224319522
domain,cluster:quakeml:earthquake.usgs.gov/fdsnws/event/1/query?eventid=us7000sztw&format=quakeml,0.6626654227760841,1.8169354368806372,1.8169354368806372,1.8169354368806372,1,1.0,1.8169354368806372
domain,cluster:quakeml:earthquake.usgs.gov/fdsnws/event/1/query?eventid=us7000szu6&format=quakeml,0.6049319092151388,1.4702645859415424,1.4702645859415424,1.4702645859415424,1,1.0,1.4702645859415424
domain,cluster:quakeml:earthquake.usgs.gov/fdsnws/event/1/query?eventid=us7000szwc&format=quakeml,0.6005465481023965,2.978919367338829,2.978919367338829,-2.978919367338829,1,1.0,2.978919367338829
domain,cluster:quakeml:earthquake.usgs.gov/fdsnws/event/1/query?eventid=us7000szyg&format=quakeml,0.7371650505521002,3.591574232805071,3.7749788963367017,-3.591574232805071,2,2.0,4.521455153538689
domain,cluster:quakeml:earthquake.usgs.gov/fdsnws/event/1/query?eventid=us7000szzy&format=quakeml,0.32894985640486213,0.8405722407669485,1.1300848611371859,0.8405722407669485,2,2.0,1.4448397849152583
domain,cluster:quakeml:earthquake.usgs.gov/fdsnws/event/1/query?eventid=us7000t02u&format=quakeml,1.2368038316661976,6.446818343455218,6.446818343455218,-6.446818343455218,1,1.0,6.446818343455218
domain,cluster:quakeml:earthquake.usgs.gov/fdsnws/event/1/query?eventid=us7000t04s&format=quakeml,1.1528390054196047,6.449158881590467,6.449158881590467,-6.449158881590467,1,1.0,6.449158881590467
domain,cluster:quakeml:earthquake.usgs.gov/fdsnws/event/1/query?eventid=us7000t06l&format=quakeml,0.6367128821815942,1.7018023825985753,1.7214611485503308,1.7018023825985753,2,2.0,1.909335915773394
domain,cluster:quakeml:earthquake.usgs.gov/fdsnws/event/1/query?eventid=us7000t097&format=quakeml,0.5131340048666313,1.2949782608710532,1.3627645218836566,1.2949782608710532,2,2.0,1.6345388672799113
domain,cluster:quakeml:earthquake.usgs.gov/fdsnws/event/1/query?eventid=us7000t0de&format=quakeml,0.5987268563785341,1.5658188739531165,1.5658188739531165,1.5658188739531165,1,1.0,1.5658188739531165
domain,cluster:quakeml:earthquake.usgs.gov/fdsnws/event/1/query?eventid=us7000t0e6&format=quakeml,0.846831725510734,2.5099513485940697,2.5099513485940697,2.5099513485940697,1,1.0,2.5099513485940697
domain,cluster:quakeml:earthquake.usgs.gov/fdsnws/event/1/query?eventid=us7000t0q6&format=quakeml,0.6070319091095187,1.6649439980142244,1.6649439980142244,1.6649439980142244,1,1.0,1.6649439980142244
domain,cluster:quakeml:earthquake.usgs.gov/fdsnws/event/1/query?eventid=us7000t0x1&format=quakeml,0.6723345684374629,1.9281567565663065,1.9281567565663065,1.9281567565663065,1,1.0,1.9281567565663065
domain,cluster:quakeml:earthquake.usgs.gov/fdsnws/event/1/query?eventid=us7000t0xw&format=quakeml,0.7297063634730157,3.5769591299427064,3.5769591299427064,-3.5769591299427064,1,1.0,3.5769591299427064
domain,cluster:quakeml:earthquake.usgs.gov/fdsnws/event/1/query?eventid=us7000t0yi&format=quakeml,0.7120570687502885,3.966943256601853,3.966943256601853,-3.966943256601853,1,1.0,3.966943256601853
domain,cluster:quakeml:earthquake.usgs.gov/fdsnws/event/1/query?eventid=us7000t0yv&format=quakeml,0.34361801936272446,1.5677040027350917,1.5677040027350917,-1.5677040027350917,1,1.0,1.5677040027350917
domain,cluster:quakeml:earthquake.usgs.gov/fdsnws/event/1/query?eventid=us7000t0zd&format=quakeml,1.4408310967784546,12.234439913603643,12.234439913603643,-12.234439913603643,1,1.0,12.234439913603643
domain,cluster:quakeml:earthquake.usgs.gov/fdsnws/event/1/query?eventid=us7000t106&format=quakeml,0.723818945715039,2.041729029410866,2.041729029410866,2.041729029410866,1,1.0,2.041729029410866
domain,cluster:quakeml:earthquake.usgs.gov/fdsnws/event/1/query?eventid=us7000t11q&format=quakeml,0.888632216015802,2.7963077373029384,2.7963077373029384,2.7963077373029384,1,1.0,2.7963077373029384
domain,cluster:quakeml:earthquake.usgs.gov/fdsnws/event/1/query?eventid=us7000t19p&format=quakeml,0.47288083868424563,1.1718879915002234,1.213604085427414,1.1718879915002234,3,3.0,1.4864633246651224
domain,cluster:quakeml:earthquake.usgs.gov/fdsnws/event/1/query?eventid=us7000t1b3&format=quakeml,0.8363280134037294,4.901693979037434,5.6358612367118885,-4.901693979037434,2,2.0,7.1268344082727415
domain,cluster:quakeml:earthquake.usgs.gov/fdsnws/event/1/query?eventid=us7000t1dh&format=quakeml,0.6343877298723701,1.6742888715374817,1.6742888715374817,1.6742888715374817,1,1.0,1.6742888715374817
domain,cluster:quakeml:earthquake.usgs.gov/fdsnws/event/1/query?eventid=us7000t1gu&format=quakeml,0.7011842559596743,1.9377769181119522,1.9377769181119522,1.9377769181119522,1,1.0,1.9377769181119522
domain,cluster:quakeml:earthquake.usgs.gov/fdsnws/event/1/query?eventid=us7000t1jw&format=quakeml,0.5645607030024691,1.4247917107334713,1.4247917107334713,1.4247917107334713,1,1.0,1.4247917107334713
domain,cluster:quakeml:earthquake.usgs.gov/fdsnws/event/1/query?eventid=us7000t1ld&format=quakeml,0.6183917198598136,1.6031770577623827,1.6031770577623827,1.6031770577623827,1,1.0,1.6031770577623827
domain,cluster:quakeml:earthquake.usgs.gov/fdsnws/event/1/query?eventid=us7000t1ng&format=quakeml,0.5913966325388711,1.4831713098911088,1.4831713098911088,1.4831713098911088,1,1.0,1.4831713098911088
domain,cluster:quakeml:earthquake.usgs.gov/fdsnws/event/1/query?eventid=us7000t1ph&format=quakeml,0.8310034026156837,5.344277855499942,7.064965800915065,-5.344277855499942,2,2.0,9.040973545117891
domain,cluster:quakeml:earthquake.usgs.gov/fdsnws/event/1/query?eventid=us7000t1q1&format=quakeml,1.1471610733916315,6.958393205750965,6.958393205750965,-6.958393205750965,1,1.0,6.958393205750965
domain,cluster:quakeml:earthquake.usgs.gov/fdsnws/event/1/query?eventid=us7000t1q8&format=quakeml,0.7176963034061512,1.9430055600529847,1.9430055600529847,1.9430055600529847,1,1.0,1.9430055600529847
domain,cluster:quakeml:earthquake.usgs.gov/fdsnws/event/1/query?eventid=us7000t1qt&format=quakeml,1.4066596458900917,8.562897711014271,9.923407429421957,-8.562897711014271,3,3.0,13.610481374686797
domain,cluster:quakeml:earthquake.usgs.gov/fdsnws/event/1/query?eventid=us7000t1w2&format=quakeml,0.456999274012185,1.1948976418061352,1.3894688400352904,1.1948976418061352,4,4.0,1.971799100299652
domain,cluster:quakeml:earthquake.usgs.gov/fdsnws/event/1/query?eventid=us7000t1wn&format=quakeml,0.21222821347304852,0.6449847159955056,0.6449847159955056,-0.6449847159955056,1,1.0,0.6449847159955056
domain,cluster:quakeml:earthquake.usgs.gov/fdsnws/event/1/query?eventid=us7000t1z0&format=quakeml,0.8299707247603479,2.506321608147319,2.506321608147319,2.506321608147319,1,1.0,2.506321608147319
domain,cluster:quakeml:earthquake.usgs.gov/fdsnws/event/1/query?eventid=us7000t213&format=quakeml,0.40162251678269795,0.9375868871279478,0.9375868871279478,0.9375868871279478,1,1.0,0.9375868871279478
domain,cluster:quakeml:earthquake.usgs.gov/fdsnws/event/1/query?eventid=us7000t22v&format=quakeml,0.008597218753229406,0.02705076397767492,0.02705076397767492,-0.02705076397767492,1,1.0,0.02705076397767492
domain,cluster:quakeml:earthquake.usgs.gov/fdsnws/event/1/query?eventid=us7000t27u&format=quakeml,0.8044137319139584,4.648890817548003,4.648890817548003,-4.648890817548003,1,1.0,4.648890817548003
domain,cluster:quakeml:earthquake.usgs.gov/fdsnws/event/1/query?eventid=us7000t2et&format=quakeml,0.7047080968077865,1.9339538472377746,1.9339538472377746,1.9339538472377746,1,1.0,1.9339538472377746
domain,cluster:quakeml:earthquake.usgs.gov/fdsnws/event/1/query?eventid=us7000t2iy&format=quakeml,0.45670081325169865,2.087225685495666,2.087225685495666,-2.087225685495666,1,1.0,2.087225685495666
domain,cluster:quakeml:earthquake.usgs.gov/fdsnws/event/1/query?eventid=us7000t2pj&format=quakeml,0.44912335991506924,1.0703788356455832,1.0703788356455832,1.0703788356455832,1,1.0,1.0703788356455832
domain,cluster:quakeml:earthquake.usgs.gov/fdsnws/event/1/query?eventid=us7000t2pq&format=quakeml,0.7431359842810545,2.114630774986848,2.114630774986848,2.114630774986848,1,1.0,2.114630774986848
domain,cluster:quakeml:earthquake.usgs.gov/fdsnws/event/1/query?eventid=us7000t2y2&format=quakeml,0.6359308542517539,3.7823417867592815,3.7823417867592815,-3.7823417867592815,1,1.0,3.7823417867592815
domain,cluster:quakeml:earthquake.usgs.gov/fdsnws/event/1/query?eventid=us7000t2yy&format=quakeml,0.893576821026685,5.592021057048765,5.592021057048765,-5.592021057048765,1,1.0,5.592021057048765
domain,cluster:quakeml:earthquake.usgs.gov/fdsnws/event/1/query?eventid=us7000t30x&format=quakeml,0.494127947494289,1.2711067732277839,1.2711067732277839,1.2711067732277839,1,1.0,1.2711067732277839
domain,cluster:quakeml:earthquake.usgs.gov/fdsnws/event/1/query?eventid=us7000t389&format=quakeml,0.8027622366775828,4.79058293364084,4.79058293364084,-4.79058293364084,1,1.0,4.79058293364084
domain,cluster:quakeml:earthquake.usgs.gov/fdsnws/event/1/query?eventid=us7000t3di&format=quakeml,0.9168790443788635,4.680034289419078,4.680034289419078,-4.680034289419078,1,1.0,4.680034289419078
domain,cluster:quakeml:earthquake.usgs.gov/fdsnws/event/1/query?eventid=us7000t3dx&format=quakeml,0.5275403066469088,1.3408840811094251,1.3408840811094251,1.3408840811094251,1,1.0,1.3408840811094251
domain,cluster:quakeml:earthquake.usgs.gov/fdsnws/event/1/query?eventid=us7000t3hh&format=quakeml,0.8991581522636888,4.261929839122994,4.261929839122994,-4.261929839122994,1,1.0,4.261929839122994
domain,cluster:quakeml:earthquake.usgs.gov/fdsnws/event/1/query?eventid=us7000t3hl&format=quakeml,0.430195242607254,1.069202247432785,1.069202247432785,1.069202247432785,1,1.0,1.069202247432785
domain,cluster:quakeml:earthquake.usgs.gov/fdsnws/event/1/query?eventid=us7000t3in&format=quakeml,0.17936456777280055,0.36383809412252943,0.36383809412252943,0.36383809412252943,1,1.0,0.36383809412252943
domain,cluster:quakeml:earthquake.usgs.gov/fdsnws/event/1/query?eventid=uu80143896&format=quakeml,0.6060482397088495,0.7979306068117871,0.7980738744744572,0.7979306068117871,4,4.0,0.8138136686897267
flexible,cluster:quakeml:earthquake.usgs.gov/fdsnws/event/1/query?eventid=aka2026ncclpa&format=quakeml,0.1448523680000378,0.39864354780183753,0.39864354780183753,-0.39864354780183753,1,1.0,0.39864354780183753
flexible,cluster:quakeml:earthquake.usgs.gov/fdsnws/event/1/query?eventid=aka2026ncfzau&format=quakeml,0.425995469157631,1.0896573010033517,1.260566530006786,-0.09932697052114614,7,7.0,1.6409900611510064
flexible,cluster:quakeml:earthquake.usgs.gov/fdsnws/event/1/query?eventid=aka2026nzghnm&format=quakeml,0.10980075743329855,0.2624640931785933,0.2624640931785933,-0.2624640931785933,1,1.0,0.2624640931785933
flexible,cluster:quakeml:earthquake.usgs.gov/fdsnws/event/1/query?eventid=aka2026ofyant&format=quakeml,0.3866472353008667,1.1149992350210036,1.1149992350210036,-1.1149992350210036,1,1.0,1.1149992350210036
flexible,cluster:quakeml:earthquake.usgs.gov/fdsnws/event/1/query?eventid=ci40656850&format=quakeml,0.5526407233192465,0.1770806659687864,0.1770806659687864,0.1770806659687864,1,1.0,0.1770806659687864
flexible,cluster:quakeml:earthquake.usgs.gov/fdsnws/event/1/query?eventid=ci40664370&format=quakeml,0.6491587298095014,0.23762180501120733,0.23762180501120733,0.23762180501120733,1,1.0,0.23762180501120733
flexible,cluster:quakeml:earthquake.usgs.gov/fdsnws/event/1/query?eventid=ci41285127&format=quakeml,0.09948500986013714,0.04396002053292195,0.045409411505590684,0.04396002053292195,3,3.0,0.055332393102076126
flexible,cluster:quakeml:earthquake.usgs.gov/fdsnws/event/1/query?eventid=ci41287863&format=quakeml,0.2796984802697653,0.2517301197316779,0.2517301197316779,0.2517301197316779,1,1.0,0.2517301197316779
flexible,cluster:quakeml:earthquake.usgs.gov/fdsnws/event/1/query?eventid=nc75406447&format=quakeml,1.1052804946112502,2.4644871858157895,2.4644871858157895,2.4644871858157895,1,1.0,2.4644871858157895
flexible,cluster:quakeml:earthquake.usgs.gov/fdsnws/event/1/query?eventid=tx2026mvdbvd&format=quakeml,0.1154577934344552,0.06547462803393092,0.06754551894241728,0.016597295352521718,2,2.0,0.07875246431594829
flexible,cluster:quakeml:earthquake.usgs.gov/fdsnws/event/1/query?eventid=tx2026nqayet&format=quakeml,0.3649462667899357,0.4207581913621022,0.46315756553442666,0.4207581913621022,3,3.0,0.6099481653767668
flexible,cluster:quakeml:earthquake.usgs.gov/fdsnws/event/1/query?eventid=us6000t9h4&format=quakeml,0.6597567583649885,3.3555053270269597,4.629203596725097,-1.887734417448922,3,3.0,6.525406723236287
flexible,cluster:quakeml:earthquake.usgs.gov/fdsnws/event/1/query?eventid=us6000t9kl&format=quakeml,0.12007532364685487,0.23985375007097565,0.23985375007097565,0.23985375007097565,1,1.0,0.23985375007097565
flexible,cluster:quakeml:earthquake.usgs.gov/fdsnws/event/1/query?eventid=us6000t9kr&format=quakeml,0.04810558153417604,0.377472500616185,0.377472500616185,-0.377472500616185,1,1.0,0.377472500616185
flexible,cluster:quakeml:earthquake.usgs.gov/fdsnws/event/1/query?eventid=us6000t9lc&format=quakeml,0.38129089095001145,1.3021890351235437,2.5263720395773217,-0.1085583660557403,12,12.0,0.8623543737267813
flexible,cluster:quakeml:earthquake.usgs.gov/fdsnws/event/1/query?eventid=us6000t9qx&format=quakeml,0.8670628454522574,5.621945165289731,6.411751333770031,-5.621945165289731,2,2.0,8.08826715232415
flexible,cluster:quakeml:earthquake.usgs.gov/fdsnws/event/1/query?eventid=us6000t9qz&format=quakeml,0.8194122183888208,4.363057376160437,4.415064256714173,-4.363057376160437,2,2.0,4.903589098521045
flexible,cluster:quakeml:earthquake.usgs.gov/fdsnws/event/1/query?eventid=us6000t9r5&format=quakeml,0.5870535470669868,3.631441857306669,5.74564175030406,-3.340844474094691,23,23.0,6.703524337256184
flexible,cluster:quakeml:earthquake.usgs.gov/fdsnws/event/1/query?eventid=us6000t9sq&format=quakeml,0.2375018684743293,0.6931540942555878,0.7963081360544109,0.6931540942555878,2,2.0,1.0067337355979844
flexible,cluster:quakeml:earthquake.usgs.gov/fdsnws/event/1/query?eventid=us6000t9tt&format=quakeml,0.36013896223066444,0.8219702389722237,0.8219702389722237,0.8219702389722237,1,1.0,0.8219702389722237
flexible,cluster:quakeml:earthquake.usgs.gov/fdsnws/event/1/query?eventid=us6000t9zw&format=quakeml,0.13491364448609477,0.2248072517733225,0.24462342805030254,0.2248072517733225,2,2.0,0.3019660847399559
flexible,cluster:quakeml:earthquake.usgs.gov/fdsnws/event/1/query?eventid=us6000ta4c&format=quakeml,0.10268974229766982,0.1883930223874115,0.1883930223874115,0.1883930223874115,1,1.0,0.1883930223874115
flexible,cluster:quakeml:earthquake.usgs.gov/fdsnws/event/1/query?eventid=us6000ta7h&format=quakeml,0.007333625241486097,0.014387088860927433,0.014387088860927433,-0.014387088860927433,1,1.0,0.014387088860927433
flexible,cluster:quakeml:earthquake.usgs.gov/fdsnws/event/1/query?eventid=us6000ta7l&format=quakeml,0.2702726936066493,0.6072996028578925,0.6072996028578925,0.6072996028578925,1,1.0,0.6072996028578925
flexible,cluster:quakeml:earthquake.usgs.gov/fdsnws/event/1/query?eventid=us6000ta86&format=quakeml,0.5511644957486874,2.4262176259494965,2.790458408652022,-1.9946607854003162,3,3.0,3.7299944946828876
flexible,cluster:quakeml:earthquake.usgs.gov/fdsnws/event/1/query?eventid=us6000tahc&format=quakeml,0.4933858650364811,1.8703516543413663,1.948273227692674,-1.8703516543413663,2,2.0,2.3067391950225686
flexible,cluster:quakeml:earthquake.usgs.gov/fdsnws/event/1/query?eventid=us6000tai4&format=quakeml,0.05440406245953425,0.10108739542085132,0.10108739542085132,0.10108739542085132,1,1.0,0.10108739542085132
flexible,cluster:quakeml:earthquake.usgs.gov/fdsnws/event/1/query?eventid=us6000takd&format=quakeml,0.48808563623658763,1.1197725999625998,1.1240146961450812,1.1197725999625998,2,2.0,1.1978222724461927
flexible,cluster:quakeml:earthquake.usgs.gov/fdsnws/event/1/query?eventid=us6000talg&format=quakeml,0.8286653860866322,5.282786710406289,6.773845518258471,-4.495918544142991,7,7.0,10.223017513273255
flexible,cluster:quakeml:earthquake.usgs.gov/fdsnws/event/1/query?eventid=us6000talr&format=quakeml,0.33683779402878083,1.9813094524889598,2.141662614346751,-1.9813094524889598,3,3.0,2.7748362640806143
flexible,cluster:quakeml:earthquake.usgs.gov/fdsnws/event/1/query?eventid=us6000tapb&format=quakeml,0.5012360598872925,2.9696486034789844,2.9696486034789844,-2.9696486034789844,1,1.0,2.9696486034789844
flexible,cluster:quakeml:earthquake.usgs.gov/fdsnws/event/1/query?eventid=us6000tary&format=quakeml,0.49487087743141767,1.7351484892825149,1.8922240592333257,-1.7351484892825149,2,2.0,2.339014228258086
flexible,cluster:quakeml:earthquake.usgs.gov/fdsnws/event/1/query?eventid=us6000tasa&format=quakeml,0.004698154673072639,0.020852374376831406,0.020852374376831406,0.020852374376831406,1,1.0,0.020852374376831406
flexible,cluster:quakeml:earthquake.usgs.gov/fdsnws/event/1/query?eventid=us6000tatn&format=quakeml,0.06486950115933689,0.11670143042667336,0.11670143042667336,-0.11670143042667336,1,1.0,0.11670143042667336
flexible,cluster:quakeml:earthquake.usgs.gov/fdsnws/event/1/query?eventid=us6000tavd&format=quakeml,0.8013090334570876,6.479341380161771,6.759214128053127,-1.9248664650298073,2,2.0,8.019234552185617
flexible,cluster:quakeml:earthquake.usgs.gov/fdsnws/event/1/query?eventid=us6000taxu&format=quakeml,0.8663172408311344,12.356372776554322,12.356372776554322,12.356372776554322,1,1.0,12.356372776554322
flexible,cluster:quakeml:earthquake.usgs.gov/fdsnws/event/1/query?eventid=us6000taxz&format=quakeml,0.26145481835098194,0.5734322361339697,0.5734322361339697,0.5734322361339697,1,1.0,0.5734322361339697
flexible,cluster:quakeml:earthquake.usgs.gov/fdsnws/event/1/query?eventid=us6000tayu&format=quakeml,0.38001403340528217,0.9070426266253915,0.9070426266253915,0.9070426266253915,1,1.0,0.9070426266253915
flexible,cluster:quakeml:earthquake.usgs.gov/fdsnws/event/1/query?eventid=us6000tazm&format=quakeml,0.5957942436480013,3.636787966385624,3.636787966385624,-3.636787966385624,1,1.0,3.636787966385624
flexible,cluster:quakeml:earthquake.usgs.gov/fdsnws/event/1/query?eventid=us6000tg2v&format=quakeml,0.690544580403035,2.013478372298824,2.013478372298824,2.013478372298824,1,1.0,2.013478372298824
flexible,cluster:quakeml:earthquake.usgs.gov/fdsnws/event/1/query?eventid=us6000tg42&format=quakeml,0.5552587345480579,2.2559386523249096,2.853533594538002,-1.1446609990057934,23,23.0,4.751045961677323
flexible,cluster:quakeml:earthquake.usgs.gov/fdsnws/event/1/query?eventid=us6000tg4g&format=quakeml,0.7725157442966505,3.3026283309868765,3.3026283309868765,-3.3026283309868765,1,1.0,3.3026283309868765
flexible,cluster:quakeml:earthquake.usgs.gov/fdsnws/event/1/query?eventid=us6000tg5f&format=quakeml,0.3298143702980954,2.532256304168641,3.046441639376102,-1.5349293569639133,13,13.0,4.200732720299828
flexible,cluster:quakeml:earthquake.usgs.gov/fdsnws/event/1/query?eventid=us6000tg8x&format=quakeml,0.07599342417380632,0.4803736916480821,0.4843790342938194,-0.062162410151203495,2,2.0,0.5301036197690449
flexible,cluster:quakeml:earthquake.usgs.gov/fdsnws/event/1/query?eventid=us6000tgav&format=quakeml,0.6182582893446498,3.2245967923941947,3.2245967923941947,-3.2245967923941947,1,1.0,3.2245967923941947
flexible,cluster:quakeml:earthquake.usgs.gov/fdsnws/event/1/query?eventid=us6000tgdy&format=quakeml,0.07976198546890895,0.7516970589496577,0.7800216511918794,0.20829140139367475,2,2.0,0.9183301800645974
flexible,cluster:quakeml:earthquake.usgs.gov/fdsnws/event/1/query?eventid=us6000tgea&format=quakeml,0.7230641522168127,3.8250102331737974,3.8250102331737974,-3.8250102331737974,1,1.0,3.8250102331737974
flexible,cluster:quakeml:earthquake.usgs.gov/fdsnws/event/1/query?eventid=us6000tgn5&format=quakeml,0.400732470052698,0.945909286687753,0.945909286687753,0.945909286687753,1,1.0,0.945909286687753
flexible,cluster:quakeml:earthquake.usgs.gov/fdsnws/event/1/query?eventid=us6000tgnw&format=quakeml,0.3180535200743912,1.8129548900891121,2.413305788787207,-0.5774176056347242,4,4.0,3.6121085320262707
flexible,cluster:quakeml:earthquake.usgs.gov/fdsnws/event/1/query?eventid=us6000tgp3&format=quakeml,0.8205508442983153,5.353471521484833,5.353471521484833,-5.353471521484833,1,1.0,5.353471521484833
flexible,cluster:quakeml:earthquake.usgs.gov/fdsnws/event/1/query?eventid=us6000tgpw&format=quakeml,0.6504695677738052,3.430512404394083,4.423865179674937,-3.430512404394083,2,2.0,5.665101264473888
flexible,cluster:quakeml:earthquake.usgs.gov/fdsnws/event/1/query?eventid=us6000tgpy&format=quakeml,0.3976579616944122,0.9322312769441823,0.9322312769441823,0.9322312769441823,1,1.0,0.9322312769441823
flexible,cluster:quakeml:earthquake.usgs.gov/fdsnws/event/1/query?eventid=us6000tgqe&format=quakeml,0.4163476436697026,0.9496834124929299,0.9496834124929299,0.9496834124929299,1,1.0,0.9496834124929299
flexible,cluster:quakeml:earthquake.usgs.gov/fdsnws/event/1/query?eventid=us6000tgqr&format=quakeml,0.32374130475308127,0.7076181774940782,0.7076181774940782,0.7076181774940782,1,1.0,0.7076181774940782
flexible,cluster:quakeml:earthquake.usgs.gov/fdsnws/event/1/query?eventid=us6000tgqt&format=quakeml,0.321205038154413,1.887417314314292,2.571908112648315,-1.2277733527424337,3,3.0,3.6617616552626338
flexible,cluster:quakeml:earthquake.usgs.gov/fdsnws/event/1/query?eventid=us6000tgx1&format=quakeml,0.3426140472576187,0.7851189763679534,0.7852974410516963,0.7851189763679534,2,2.0,0.7985118429893646
flexible,cluster:quakeml:earthquake.usgs.gov/fdsnws/event/1/query?eventid=us6000tgyz&format=quakeml,1.155774919779359,5.280047267959445,5.280047267959445,-5.280047267959445,1,1.0,5.280047267959445
flexible,cluster:quakeml:earthquake.usgs.gov/fdsnws/event/1/query?eventid=us6000tgzq&format=quakeml,0.2075972677716615,0.9975969022602011,1.1275086536651209,-0.22141537008993575,7,7.0,1.6341200840188186
flexible,cluster:quakeml:earthquake.usgs.gov/fdsnws/event/1/query?eventid=us6000th04&format=quakeml,0.41212293764679353,0.9578176787486228,0.9578176787486228,0.9578176787486228,1,1.0,0.9578176787486228
flexible,cluster:quakeml:earthquake.usgs.gov/fdsnws/event/1/query?eventid=us6000th0l&format=quakeml,0.3293293551204904,0.7543288417840881,0.7543288417840881,0.7543288417840881,1,1.0,0.7543288417840881
flexible,cluster:quakeml:earthquake.usgs.gov/fdsnws/event/1/query?eventid=us6000th0m&format=quakeml,0.7020883455314018,4.6769407642196565,4.93412477810096,-1.2904078241970507,4,4.0,6.372517653988038
flexible,cluster:quakeml:earthquake.usgs.gov/fdsnws/event/1/query?eventid=us6000th1b&format=quakeml,0.501704053023247,1.2313976994306672,1.2313976994306672,1.2313976994306672,1,1.0,1.2313976994306672
flexible,cluster:quakeml:earthquake.usgs.gov/fdsnws/event/1/query?eventid=us6000th1h&format=quakeml,0.6627374624908768,2.9891960594866234,3.4445808930532205,-2.9891960594866234,2,2.0,4.358539130419418
flexible,cluster:quakeml:earthquake.usgs.gov/fdsnws/event/1/query?eventid=us6000th1p&format=quakeml,0.40997885151207075,2.907937600537074,2.907937600537074,2.907937600537074,1,1.0,2.907937600537074
flexible,cluster:quakeml:earthquake.usgs.gov/fdsnws/event/1/query?eventid=us6000th5m&format=quakeml,0.349744178561245,0.8202422469929505,0.8202422469929505,0.8202422469929505,1,1.0,0.8202422469929505
flexible,cluster:quakeml:earthquake.usgs.gov/fdsnws/event/1/query?eventid=us6000th7y&format=quakeml,0.4073283761465591,0.9593376443126544,0.9593376443126544,0.9593376443126544,1,1.0,0.9593376443126544
flexible,cluster:quakeml:earthquake.usgs.gov/fdsnws/event/1/query?eventid=us6000tha9&format=quakeml,0.9022958318437945,4.353706668854637,4.353706668854637,-4.353706668854637,1,1.0,4.353706668854637
flexible,cluster:quakeml:earthquake.usgs.gov/fdsnws/event/1/query?eventid=us6000thag&format=quakeml,0.41573233721315317,3.8258852576632023,4.42489413264951,-3.4167073329397057,4,4.0,6.1380972377207055
flexible,cluster:quakeml:earthquake.usgs.gov/fdsnws/event/1/query?eventid=us6000thbs&format=quakeml,0.8730313234760139,4.696382616904533,4.696382616904533,-4.696382616904533,1,1.0,4.696382616904533
flexible,cluster:quakeml:earthquake.usgs.gov/fdsnws/event/1/query?eventid=us6000thug&format=quakeml,0.023947076989792957,0.04476967873574589,0.04476967873574589,-0.04476967873574589,1,1.0,0.04476967873574589
flexible,cluster:quakeml:earthquake.usgs.gov/fdsnws/event/1/query?eventid=us6000ti1z&format=quakeml,0.6907073629769251,5.213233946222618,5.213233946222618,-5.213233946222618,1,1.0,5.213233946222618
flexible,cluster:quakeml:earthquake.usgs.gov/fdsnws/event/1/query?eventid=us7000sz3s&format=quakeml,0.1428786818950675,0.29212787918513894,0.29212787918513894,0.29212787918513894,1,1.0,0.29212787918513894
flexible,cluster:quakeml:earthquake.usgs.gov/fdsnws/event/1/query?eventid=us7000sz4r&format=quakeml,0.050703363728795234,0.09762423863617142,0.09762423863617142,0.09762423863617142,1,1.0,0.09762423863617142
flexible,cluster:quakeml:earthquake.usgs.gov/fdsnws/event/1/query?eventid=us7000sz66&format=quakeml,0.5605080998252681,2.220245702717107,2.3243109371291504,-0.6876993180339859,2,2.0,2.770405157144296
flexible,cluster:quakeml:earthquake.usgs.gov/fdsnws/event/1/query?eventid=us7000sz6t&format=quakeml,0.39595558082122445,0.9410010268156339,0.9410010268156339,0.9410010268156339,1,1.0,0.9410010268156339
flexible,cluster:quakeml:earthquake.usgs.gov/fdsnws/event/1/query?eventid=us7000sz6v&format=quakeml,0.4844953685062894,1.1924792737981458,1.1924792737981458,1.1924792737981458,1,1.0,1.1924792737981458
flexible,cluster:quakeml:earthquake.usgs.gov/fdsnws/event/1/query?eventid=us7000sz7d&format=quakeml,0.47746097323378006,2.4479413161669044,2.4479413161669044,-2.4479413161669044,1,1.0,2.4479413161669044
flexible,cluster:quakeml:earthquake.usgs.gov/fdsnws/event/1/query?eventid=us7000szcl&format=quakeml,0.336605787543811,0.7892003626056815,0.8617173377623576,0.7892003626056815,2,2.0,1.066004475711892
flexible,cluster:quakeml:earthquake.usgs.gov/fdsnws/event/1/query?eventid=us7000szhi&format=quakeml,0.05652284863383121,0.11228917901214341,0.11228917901214341,0.11228917901214341,1,1.0,0.11228917901214341
flexible,cluster:quakeml:earthquake.usgs.gov/fdsnws/event/1/query?eventid=us7000szr0&format=quakeml,0.5034421897365127,1.3335356608134492,1.3499166404719403,0.5688401847207211,4,4.0,1.548397528691201
flexible,cluster:quakeml:earthquake.usgs.gov/fdsnws/event/1/query?eventid=us7000sztw&format=quakeml,0.3137767028184537,0.7124730681074014,0.7124730681074014,0.7124730681074014,1,1.0,0.7124730681074014
flexible,cluster:quakeml:earthquake.usgs.gov/fdsnws/event/1/query?eventid=us7000szu6&format=quakeml,0.2700003239012974,0.5483278639324947,0.5483278639324947,0.5483278639324947,1,1.0,0.5483278639324947
flexible,cluster:quakeml:earthquake.usgs.gov/fdsnws/event/1/query?eventid=us7000szwc&format=quakeml,0.661391498909916,3.1925568638925546,3.1925568638925546,-3.1925568638925546,1,1.0,3.1925568638925546
flexible,cluster:quakeml:earthquake.usgs.gov/fdsnws/event/1/query?eventid=us7000szyg&format=quakeml,0.27222472330803893,1.6885108329716472,1.9875887320883703,-1.0485419089679011,2,2.0,2.527344360145968
flexible,cluster:quakeml:earthquake.usgs.gov/fdsnws/event/1/query?eventid=us7000szzy&format=quakeml,0.3693718112447639,0.6343315385745939,0.6377753767195328,-0.0661885965958674,2,2.0,0.6872824158512878
flexible,cluster:quakeml:earthquake.usgs.gov/fdsnws/event/1/query?eventid=us7000t02u&format=quakeml,0.46388409301716343,3.371649808314852,3.371649808314852,-3.371649808314852,1,1.0,3.371649808314852
flexible,cluster:quakeml:earthquake.usgs.gov/fdsnws/event/1/query?eventid=us7000t04s&format=quakeml,0.5092402625158213,6.2584496803633325,6.2584496803633325,6.2584496803633325,1,1.0,6.2584496803633325
flexible,cluster:quakeml:earthquake.usgs.gov/fdsnws/event/1/query?eventid=us7000t06l&format=quakeml,0.3429849018557809,0.78168350454477,0.7947461080116027,0.78168350454477,2,2.0,0.8964835740142866
flexible,cluster:quakeml:earthquake.usgs.gov/fdsnws/event/1/query?eventid=us7000t097&format=quakeml,0.20348043136482552,0.36353020042895323,0.37136407561991175,-0.07587535856334793,2,2.0,0.4242304872796316
flexible,cluster:quakeml:earthquake.usgs.gov/fdsnws/event/1/query?eventid=us7000t0de&format=quakeml,0.3383541524678507,0.7690369810745772,0.7690369810745772,0.7690369810745772,1,1.0,0.7690369810745772
flexible,cluster:quakeml:earthquake.usgs.gov/fdsnws/event/1/query?eventid=us7000t0e6&format=quakeml,0.3658661425585089,0.8322800585261136,0.8322800585261136,0.8322800585261136,1,1.0,0.8322800585261136
flexible,cluster:quakeml:earthquake.usgs.gov/fdsnws/event/1/query?eventid=us7000t0q6&format=quakeml,0.8111100053539431,2.4933066964813664,2.4933066964813664,2.4933066964813664,1,1.0,2.4933066964813664
flexible,cluster:quakeml:earthquake.usgs.gov/fdsnws/event/1/query?eventid=us7000t0x1&format=quakeml,0.45208645344227866,1.1494630896923281,1.1494630896923281,1.1494630896923281,1,1.0,1.1494630896923281
flexible,cluster:quakeml:earthquake.usgs.gov/fdsnws/event/1/query?eventid=us7000t0xw&format=quakeml,0.47505830665042226,2.611512204551256,2.611512204551256,-2.611512204551256,1,1.0,2.611512204551256
flexible,cluster:quakeml:earthquake.usgs.gov/fdsnws/event/1/query?eventid=us7000t0yi&format=quakeml,0.6421521524646339,7.013614164244997,7.013614164244997,7.013614164244997,1,1.0,7.013614164244997
flexible,cluster:quakeml:earthquake.usgs.gov/fdsnws/event/1/query?eventid=us7000t0yv&format=quakeml,0.5153528199082469,2.1710105712266508,2.1710105712266508,-2.1710105712266508,1,1.0,2.1710105712266508
flexible,cluster:quakeml:earthquake.usgs.gov/fdsnws/event/1/query?eventid=us7000t0zd&format=quakeml,0.3323894323278195,6.32016620213626,6.32016620213626,6.32016620213626,1,1.0,6.32016620213626
flexible,cluster:quakeml:earthquake.usgs.gov/fdsnws/event/1/query?eventid=us7000t106&format=quakeml,0.1407345893350662,0.29045088743297565,0.29045088743297565,0.29045088743297565,1,1.0,0.29045088743297565
flexible,cluster:quakeml:earthquake.usgs.gov/fdsnws/event/1/query?eventid=us7000t11q&format=quakeml,0.5406505135224672,1.4005422170055757,1.4005422170055757,1.4005422170055757,1,1.0,1.4005422170055757
flexible,cluster:quakeml:earthquake.usgs.gov/fdsnws/event/1/query?eventid=us7000t19p&format=quakeml,0.21909192700285418,0.48161723670612805,0.5367722369242421,0.48161723670612805,3,3.0,0.7218378125586932
flexible,cluster:quakeml:earthquake.usgs.gov/fdsnws/event/1/query?eventid=us7000t1b3&format=quakeml,0.7093344439807692,4.416861768108515,5.042746483630765,-4.416861768108515,2,2.0,6.3634483961676755
flexible,cluster:quakeml:earthquake.usgs.gov/fdsnws/event/1/query?eventid=us7000t1dh&format=quakeml,0.33211163752683526,0.7444869748828997,0.7444869748828997,0.7444869748828997,1,1.0,0.7444869748828997
flexible,cluster:quakeml:earthquake.usgs.gov/fdsnws/event/1/query?eventid=us7000t1gu&format=quakeml,0.1566488008391592,0.2765068325439439,0.2765068325439439,-0.2765068325439439,1,1.0,0.2765068325439439
flexible,cluster:quakeml:earthquake.usgs.gov/fdsnws/event/1/query?eventid=us7000t1jw&format=quakeml,0.06802642595978328,0.1321991700636762,0.1321991700636762,0.1321991700636762,1,1.0,0.1321991700636762
flexible,cluster:quakeml:earthquake.usgs.gov/fdsnws/event/1/query?eventid=us7000t1ld&format=quakeml,0.23929481259282698,0.3986066591189785,0.3986066591189785,-0.3986066591189785,1,1.0,0.3986066591189785
flexible,cluster:quakeml:earthquake.usgs.gov/fdsnws/event/1/query?eventid=us7000t1ng&format=quakeml,0.331549364140769,0.7229567186765,0.7229567186765,0.7229567186765,1,1.0,0.7229567186765
flexible,cluster:quakeml:earthquake.usgs.gov/fdsnws/event/1/query?eventid=us7000t1ph&format=quakeml,0.6659031880343417,4.756096448794526,6.265754713947601,-4.756096448794526,2,2.0,8.019393304932079
flexible,cluster:quakeml:earthquake.usgs.gov/fdsnws/event/1/query?eventid=us7000t1q1&format=quakeml,0.05049578035118654,0.5280755668393997,0.5280755668393997,0.5280755668393997,1,1.0,0.5280755668393997
flexible,cluster:quakeml:earthquake.usgs.gov/fdsnws/event/1/query?eventid=us7000t1q8&format=quakeml,0.055711031214349914,0.10030123525801349,0.10030123525801349,-0.10030123525801349,1,1.0,0.10030123525801349
flexible,cluster:quakeml:earthquake.usgs.gov/fdsnws/event/1/query?eventid=us7000t1qt&format=quakeml,0.9285377377273548,6.952286688741079,8.731846953874474,-6.952286688741079,3,3.0,12.280444904906641
flexible,cluster:quakeml:earthquake.usgs.gov/fdsnws/event/1/query?eventid=us7000t1w2&format=quakeml,0.3709851638537194,0.8818596235898942,0.9555295178467632,0.8818596235898942,4,4.0,1.260130770854914
flexible,cluster:quakeml:earthquake.usgs.gov/fdsnws/event/1/query?eventid=us7000t1wn&format=quakeml,0.12369060257008624,0.39243776105113826,0.39243776105113826,-0.39243776105113826,1,1.0,0.39243776105113826
flexible,cluster:quakeml:earthquake.usgs.gov/fdsnws/event/1/query?eventid=us7000t1z0&format=quakeml,0.2962332281511215,0.6681909301557776,0.6681909301557776,0.6681909301557776,1,1.0,0.6681909301557776
flexible,cluster:quakeml:earthquake.usgs.gov/fdsnws/event/1/query?eventid=us7000t213&format=quakeml,0.5169522283102502,1.2840964064250218,1.2840964064250218,1.2840964064250218,1,1.0,1.2840964064250218
flexible,cluster:quakeml:earthquake.usgs.gov/fdsnws/event/1/query?eventid=us7000t22v&format=quakeml,1.6835468064593655,13.85540030139072,13.85540030139072,13.85540030139072,1,1.0,13.85540030139072
flexible,cluster:quakeml:earthquake.usgs.gov/fdsnws/event/1/query?eventid=us7000t27u&format=quakeml,0.9147106193870511,12.584796473957686,12.584796473957686,12.584796473957686,1,1.0,12.584796473957686
flexible,cluster:quakeml:earthquake.usgs.gov/fdsnws/event/1/query?eventid=us7000t2et&format=quakeml,0.0363287011658791,0.06992367319641546,0.06992367319641546,0.06992367319641546,1,1.0,0.06992367319641546
flexible,cluster:quakeml:earthquake.usgs.gov/fdsnws/event/1/query?eventid=us7000t2iy&format=quakeml,0.7017072257824614,2.8707621779063763,2.8707621779063763,-2.8707621779063763,1,1.0,2.8707621779063763
flexible,cluster:quakeml:earthquake.usgs.gov/fdsnws/event/1/query?eventid=us7000t2pj&format=quakeml,0.03648750014152742,0.0701606091020528,0.0701606091020528,0.0701606091020528,1,1.0,0.0701606091020528
flexible,cluster:quakeml:earthquake.usgs.gov/fdsnws/event/1/query?eventid=us7000t2pq&format=quakeml,0.3331331746692731,0.7582489032964295,0.7582489032964295,0.7582489032964295,1,1.0,0.7582489032964295
flexible,cluster:quakeml:earthquake.usgs.gov/fdsnws/event/1/query?eventid=us7000t2y2&format=quakeml,0.8032666815832047,4.438072830929011,4.438072830929011,-4.438072830929011,1,1.0,4.438072830929011
flexible,cluster:quakeml:earthquake.usgs.gov/fdsnws/event/1/query?eventid=us7000t2yy&format=quakeml,0.9185870400233479,5.687683848441024,5.687683848441024,-5.687683848441024,1,1.0,5.687683848441024
flexible,cluster:quakeml:earthquake.usgs.gov/fdsnws/event/1/query?eventid=us7000t30x&format=quakeml,0.39633957165314154,0.9673978110715542,0.9673978110715542,0.9673978110715542,1,1.0,0.9673978110715542
flexible,cluster:quakeml:earthquake.usgs.gov/fdsnws/event/1/query?eventid=us7000t389&format=quakeml,0.545331547151777,3.648641729677083,3.648641729677083,-3.648641729677083,1,1.0,3.648641729677083
flexible,cluster:quakeml:earthquake.usgs.gov/fdsnws/event/1/query?eventid=us7000t3di&format=quakeml,0.5944122708617544,3.493938382280245,3.493938382280245,-3.493938382280245,1,1.0,3.493938382280245
flexible,cluster:quakeml:earthquake.usgs.gov/fdsnws/event/1/query?eventid=us7000t3dx&format=quakeml,0.34498333437108936,0.7950951291559731,0.7950951291559731,0.7950951291559731,1,1.0,0.7950951291559731
flexible,cluster:quakeml:earthquake.usgs.gov/fdsnws/event/1/query?eventid=us7000t3hh&format=quakeml,0.525959483026812,2.9391598781367527,2.9391598781367527,-2.9391598781367527,1,1.0,2.9391598781367527
flexible,cluster:quakeml:earthquake.usgs.gov/fdsnws/event/1/query?eventid=us7000t3hl&format=quakeml,0.3009500759538684,0.6984212100295146,0.6984212100295146,0.6984212100295146,1,1.0,0.6984212100295146
flexible,cluster:quakeml:earthquake.usgs.gov/fdsnws/event/1/query?eventid=us7000t3in&format=quakeml,0.2583933197072141,0.42171629955149337,0.42171629955149337,-0.42171629955149337,1,1.0,0.42171629955149337
flexible,cluster:quakeml:earthquake.usgs.gov/fdsnws/event/1/query?eventid=uu80143896&format=quakeml,0.5137407060958409,0.640136620442673,0.6421592576890456,0.640136620442673,4,4.0,0.6878343189769119
attempt_001,cluster:quakeml:earthquake.usgs.gov/fdsnws/event/1/query?eventid=aka2026ncclpa&format=quakeml,0.10984469970072745,0.30752382097209896,0.30752382097209896,-0.30752382097209896,1,1.0,0.30752382097209896
attempt_001,cluster:quakeml:earthquake.usgs.gov/fdsnws/event/1/query?eventid=aka2026ncfzau&format=quakeml,0.43657734618391675,1.2428315645344914,1.59171766679898,0.8680795256929691,7,7.0,2.6074877725303356
attempt_001,cluster:quakeml:earthquake.usgs.gov/fdsnws/event/1/query?eventid=aka2026nzghnm&format=quakeml,0.1431404531844895,0.38842304977145004,0.38842304977145004,0.38842304977145004,1,1.0,0.38842304977145004
attempt_001,cluster:quakeml:earthquake.usgs.gov/fdsnws/event/1/query?eventid=aka2026ofyant&format=quakeml,0.13508868960806586,0.5029218237909432,0.5029218237909432,0.5029218237909432,1,1.0,0.5029218237909432
attempt_001,cluster:quakeml:earthquake.usgs.gov/fdsnws/event/1/query?eventid=ci40656850&format=quakeml,1.912159119925926,1.3842444670136187,1.3842444670136187,1.3842444670136187,1,1.0,1.3842444670136187
attempt_001,cluster:quakeml:earthquake.usgs.gov/fdsnws/event/1/query?eventid=ci40664370&format=quakeml,1.8319846802738091,1.364030516168674,1.364030516168674,1.364030516168674,1,1.0,1.364030516168674
attempt_001,cluster:quakeml:earthquake.usgs.gov/fdsnws/event/1/query?eventid=ci41285127&format=quakeml,1.3997610038175903,1.2606238842262703,1.2638586666844807,1.2606238842262703,3,3.0,1.3494212152494471
attempt_001,cluster:quakeml:earthquake.usgs.gov/fdsnws/event/1/query?eventid=ci41287863&format=quakeml,0.943158085096516,1.223101492807267,1.223101492807267,1.223101492807267,1,1.0,1.223101492807267
attempt_001,cluster:quakeml:earthquake.usgs.gov/fdsnws/event/1/query?eventid=nc75406447&format=quakeml,0.44156113703477423,0.6772623824008952,0.6772623824008952,0.6772623824008952,1,1.0,0.6772623824008952
attempt_001,cluster:quakeml:earthquake.usgs.gov/fdsnws/event/1/query?eventid=tx2026mvdbvd&format=quakeml,0.867136169847371,0.7570160293105814,0.7577927561247172,0.7570160293105814,2,2.0,0.7844572258085314
attempt_001,cluster:quakeml:earthquake.usgs.gov/fdsnws/event/1/query?eventid=tx2026nqayet&format=quakeml,1.059921022434317,1.879345773155018,1.889939647252504,1.879345773155018,3,3.0,2.029519894955082
attempt_001,cluster:quakeml:earthquake.usgs.gov/fdsnws/event/1/query?eventid=us6000t9h4&format=quakeml,0.7392292934465347,3.6348053633726463,4.953774956453471,-1.9616290964592984,3,3.0,6.967380326623462
attempt_001,cluster:quakeml:earthquake.usgs.gov/fdsnws/event/1/query?eventid=us6000t9kl&format=quakeml,0.3114925930573783,0.503176294233485,0.503176294233485,-0.503176294233485,1,1.0,0.503176294233485
attempt_001,cluster:quakeml:earthquake.usgs.gov/fdsnws/event/1/query?eventid=us6000t9kr&format=quakeml,0.7281313451500455,4.15665318837317,4.15665318837317,-4.15665318837317,1,1.0,4.15665318837317
attempt_001,cluster:quakeml:earthquake.usgs.gov/fdsnws/event/1/query?eventid=us6000t9lc&format=quakeml,0.23920042987441037,0.902083842600613,2.054949885839578,-0.4520073757687861,12,12.0,0.9526699448800573
attempt_001,cluster:quakeml:earthquake.usgs.gov/fdsnws/event/1/query?eventid=us6000t9qx&format=quakeml,0.9979816185573129,5.996376620443443,6.6858493161752754,-5.996376620443443,2,2.0,8.362003607695751
attempt_001,cluster:quakeml:earthquake.usgs.gov/fdsnws/event/1/query?eventid=us6000t9qz&format=quakeml,1.0528712970078045,5.084729131239525,5.1078320410434985,-5.084729131239525,2,2.0,5.472937587765433
attempt_001,cluster:quakeml:earthquake.usgs.gov/fdsnws/event/1/query?eventid=us6000t9r5&format=quakeml,0.7690119574549434,4.4465471019853515,6.5068632318345685,-4.1464957145409915,23,23.0,6.780444880408518
attempt_001,cluster:quakeml:earthquake.usgs.gov/fdsnws/event/1/query?eventid=us6000t9sq&format=quakeml,0.7627389900269874,2.958427077674868,3.324119111599134,2.958427077674868,2,2.0,4.171021544211147
attempt_001,cluster:quakeml:earthquake.usgs.gov/fdsnws/event/1/query?eventid=us6000t9tt&format=quakeml,0.8000479393540264,2.3238278913960464,2.3238278913960464,2.3238278913960464,1,1.0,2.3238278913960464
attempt_001,cluster:quakeml:earthquake.usgs.gov/fdsnws/event/1/query?eventid=us6000t9zw&format=quakeml,0.10227616581347178,0.1693361789514325,0.22746214915441598,-0.15186931156778916,2,2.0,0.29083162820566383
attempt_001,cluster:quakeml:earthquake.usgs.gov/fdsnws/event/1/query?eventid=us6000ta4c&format=quakeml,0.4644854742727306,0.6472255020035245,0.6472255020035245,-0.6472255020035245,1,1.0,0.6472255020035245
attempt_001,cluster:quakeml:earthquake.usgs.gov/fdsnws/event/1/query?eventid=us6000ta7h&format=quakeml,0.28437143809838483,0.6476561859673071,0.6476561859673071,0.6476561859673071,1,1.0,0.6476561859673071
attempt_001,cluster:quakeml:earthquake.usgs.gov/fdsnws/event/1/query?eventid=us6000ta7l&format=quakeml,1.019022483077879,3.4648396218639688,3.4648396218639688,3.4648396218639688,1,1.0,3.4648396218639688
attempt_001,cluster:quakeml:earthquake.usgs.gov/fdsnws/event/1/query?eventid=us6000ta86&format=quakeml,0.656419171001353,2.815182752281311,3.451387116526866,-2.7766130663670876,3,3.0,4.510249142948663
attempt_001,cluster:quakeml:earthquake.usgs.gov/fdsnws/event/1/query?eventid=us6000tahc&format=quakeml,0.09485274790203603,0.5657621066741905,0.7671658961801363,0.5657621066741905,2,2.0,0.9802646043561832
attempt_001,cluster:quakeml:earthquake.usgs.gov/fdsnws/event/1/query?eventid=us6000tai4&format=quakeml,0.1283280547735439,0.2177468662189912,0.2177468662189912,-0.2177468662189912,1,1.0,0.2177468662189912
attempt_001,cluster:quakeml:earthquake.usgs.gov/fdsnws/event/1/query?eventid=us6000takd&format=quakeml,0.3202030717008625,0.59350051980954,0.6113563349480605,0.14667549647753364,2,2.0,0.7108409169915669
attempt_001,cluster:quakeml:earthquake.usgs.gov/fdsnws/event/1/query?eventid=us6000talg&format=quakeml,0.9485111130493938,5.607466842493226,7.004310981946812,-5.607466842493226,7,7.0,9.497477735547932
attempt_001,cluster:quakeml:earthquake.usgs.gov/fdsnws/event/1/query?eventid=us6000talr&format=quakeml,0.44959722186923196,2.426629001088792,2.6325573741278063,-2.426629001088792,3,3.0,3.2839560553858544
attempt_001,cluster:quakeml:earthquake.usgs.gov/fdsnws/event/1/query?eventid=us6000tapb&format=quakeml,0.19728583263405097,1.3487388755546572,1.3487388755546572,-1.3487388755546572,1,1.0,1.3487388755546572
attempt_001,cluster:quakeml:earthquake.usgs.gov/fdsnws/event/1/query?eventid=us6000tary&format=quakeml,0.3647598816836024,1.3862875764392224,1.5477267526004306,-1.3862875764392224,2,2.0,1.9368740890966054
attempt_001,cluster:quakeml:earthquake.usgs.gov/fdsnws/event/1/query?eventid=us6000tasa&format=quakeml,0.025265538128992664,0.11330108218419621,0.11330108218419621,0.11330108218419621,1,1.0,0.11330108218419621
attempt_001,cluster:quakeml:earthquake.usgs.gov/fdsnws/event/1/query?eventid=us6000tatn&format=quakeml,0.6295088688138336,1.6288875164665106,1.6288875164665106,1.6288875164665106,1,1.0,1.6288875164665106
attempt_001,cluster:quakeml:earthquake.usgs.gov/fdsnws/event/1/query?eventid=us6000tavd&format=quakeml,0.23155678465550195,2.3405981725330847,3.118192351347972,-2.3405981725330847,2,2.0,3.9888163590100634
attempt_001,cluster:quakeml:earthquake.usgs.gov/fdsnws/event/1/query?eventid=us6000taxu&format=quakeml,0.2586719048545955,2.043563930268304,2.043563930268304,-2.043563930268304,1,1.0,2.043563930268304
attempt_001,cluster:quakeml:earthquake.usgs.gov/fdsnws/event/1/query?eventid=us6000taxz&format=quakeml,0.20508480008625596,0.4368203649643134,0.4368203649643134,0.4368203649643134,1,1.0,0.4368203649643134
attempt_001,cluster:quakeml:earthquake.usgs.gov/fdsnws/event/1/query?eventid=us6000tayu&format=quakeml,1.0261657882334978,3.5126598689313795,3.5126598689313795,3.5126598689313795,1,1.0,3.5126598689313795
attempt_001,cluster:quakeml:earthquake.usgs.gov/fdsnws/event/1/query?eventid=us6000tazm&format=quakeml,0.4490642873646224,2.9311005025700467,2.9311005025700467,-2.9311005025700467,1,1.0,2.9311005025700467
attempt_001,cluster:quakeml:earthquake.usgs.gov/fdsnws/event/1/query?eventid=us6000tg2v&format=quakeml,0.12463341102005687,0.26865185403204306,0.26865185403204306,0.26865185403204306,1,1.0,0.26865185403204306
attempt_001,cluster:quakeml:earthquake.usgs.gov/fdsnws/event/1/query?eventid=us6000tg42&format=quakeml,0.5534342916883431,2.2320288805975377,2.7516466057632427,-0.6212364904307615,23,23.0,3.609965423764702
attempt_001,cluster:quakeml:earthquake.usgs.gov/fdsnws/event/1/query?eventid=us6000tg4g&format=quakeml,0.7197292393013641,3.1489924796874815,3.1489924796874815,-3.1489924796874815,1,1.0,3.1489924796874815
attempt_001,cluster:quakeml:earthquake.usgs.gov/fdsnws/event/1/query?eventid=us6000tg5f&format=quakeml,0.5098960775430954,3.388689486445696,3.8934012048840527,-3.388689486445696,13,13.0,5.271198616006425
attempt_001,cluster:quakeml:earthquake.usgs.gov/fdsnws/event/1/query?eventid=us6000tg8x&format=quakeml,0.38703481850716354,2.3069590821212644,2.5726122491810663,-2.3069590821212644,2,2.0,3.217791168707477
attempt_001,cluster:quakeml:earthquake.usgs.gov/fdsnws/event/1/query?eventid=us6000tgav&format=quakeml,0.4191024532271952,2.3941457540881883,2.3941457540881883,-2.3941457540881883,1,1.0,2.3941457540881883
attempt_001,cluster:quakeml:earthquake.usgs.gov/fdsnws/event/1/query?eventid=us6000tgdy&format=quakeml,0.4113906107276295,3.1568432781467766,3.158833772414399,-3.1568432781467766,2,2.0,3.246540792815753
attempt_001,cluster:quakeml:earthquake.usgs.gov/fdsnws/event/1/query?eventid=us6000tgea&format=quakeml,0.6551382712558638,3.571559719466071,3.571559719466071,-3.571559719466071,1,1.0,3.571559719466071
attempt_001,cluster:quakeml:earthquake.usgs.gov/fdsnws/event/1/query?eventid=us6000tgn5&format=quakeml,0.7567489029645318,2.1710333333715544,2.1710333333715544,2.1710333333715544,1,1.0,2.1710333333715544
attempt_001,cluster:quakeml:earthquake.usgs.gov/fdsnws/event/1/query?eventid=us6000tgnw&format=quakeml,0.4540104055391167,2.5337390470316317,3.072376614150299,-0.8012605690546459,4,4.0,4.4681667038715895
attempt_001,cluster:quakeml:earthquake.usgs.gov/fdsnws/event/1/query?eventid=us6000tgp3&format=quakeml,0.9668852480767895,5.926519794586005,5.926519794586005,-5.926519794586005,1,1.0,5.926519794586005
attempt_001,cluster:quakeml:earthquake.usgs.gov/fdsnws/event/1/query?eventid=us6000tgpw&format=quakeml,0.722602513871734,3.6360939742160543,4.5997531568954955,-3.6360939742160543,2,2.0,5.889844585447354
attempt_001,cluster:quakeml:earthquake.usgs.gov/fdsnws/event/1/query?eventid=us6000tgpy&format=quakeml,0.728429956021438,2.046114299353773,2.046114299353773,2.046114299353773,1,1.0,2.046114299353773
attempt_001,cluster:quakeml:earthquake.usgs.gov/fdsnws/event/1/query?eventid=us6000tgqe&format=quakeml,0.7739690212078549,2.1486056650423038,2.1486056650423038,2.1486056650423038,1,1.0,2.1486056650423038
attempt_001,cluster:quakeml:earthquake.usgs.gov/fdsnws/event/1/query?eventid=us6000tgqr&format=quakeml,0.5505193833802842,1.3589180812986958,1.3589180812986958,1.3589180812986958,1,1.0,1.3589180812986958
attempt_001,cluster:quakeml:earthquake.usgs.gov/fdsnws/event/1/query?eventid=us6000tgqt&format=quakeml,0.4907236908674267,3.114501814959256,4.073332523710258,-2.9096019960445063,3,3.0,5.780617771422564
attempt_001,cluster:quakeml:earthquake.usgs.gov/fdsnws/event/1/query?eventid=us6000tgx1&format=quakeml,0.7372321568685889,2.097114953597984,2.1010779607876686,2.097114953597984,2,2.0,2.200304003260102
attempt_001,cluster:quakeml:earthquake.usgs.gov/fdsnws/event/1/query?eventid=us6000tgyz&format=quakeml,1.2440189198418659,5.484949401823625,5.484949401823625,-5.484949401823625,1,1.0,5.484949401823625
attempt_001,cluster:quakeml:earthquake.usgs.gov/fdsnws/event/1/query?eventid=us6000tgzq&format=quakeml,0.22944831886992528,1.2900335050077918,1.5332194615609176,1.0379555821100184,7,7.0,2.326084917615937
attempt_001,cluster:quakeml:earthquake.usgs.gov/fdsnws/event/1/query?eventid=us6000th04&format=quakeml,0.9589172272528104,3.021458104285866,3.021458104285866,3.021458104285866,1,1.0,3.021458104285866
attempt_001,cluster:quakeml:earthquake.usgs.gov/fdsnws/event/1/query?eventid=us6000th0l&format=quakeml,0.4381470744065228,1.0633766959316493,1.0633766959316493,1.0633766959316493,1,1.0,1.0633766959316493
attempt_001,cluster:quakeml:earthquake.usgs.gov/fdsnws/event/1/query?eventid=us6000th0m&format=quakeml,0.7899878751761786,3.8867844217242733,4.449954824913768,-3.8867844217242733,4,4.0,6.099805352991245
attempt_001,cluster:quakeml:earthquake.usgs.gov/fdsnws/event/1/query?eventid=us6000th1b&format=quakeml,0.3978931937492623,0.9236146888399872,0.9236146888399872,0.9236146888399872,1,1.0,0.9236146888399872
attempt_001,cluster:quakeml:earthquake.usgs.gov/fdsnws/event/1/query?eventid=us6000th1h&format=quakeml,0.8090065349127868,3.3628626313008247,3.800800202440267,-3.3628626313008247,2,2.0,4.7798424283329135
attempt_001,cluster:quakeml:earthquake.usgs.gov/fdsnws/event/1/query?eventid=us6000th1p&format=quakeml,0.2727516588881464,1.3697649069159246,1.3697649069159246,-1.3697649069159246,1,1.0,1.3697649069159246
attempt_001,cluster:quakeml:earthquake.usgs.gov/fdsnws/event/1/query?eventid=us6000th5m&format=quakeml,0.37917192006503736,0.903244361961693,0.903244361961693,0.903244361961693,1,1.0,0.903244361961693
attempt_001,cluster:quakeml:earthquake.usgs.gov/fdsnws/event/1/query?eventid=us6000th7y&format=quakeml,0.46843267375954756,1.1400079521242406,1.1400079521242406,1.1400079521242406,1,1.0,1.1400079521242406
attempt_001,cluster:quakeml:earthquake.usgs.gov/fdsnws/event/1/query?eventid=us6000tha9&format=quakeml,0.5804546016340084,3.2256084786522203,3.2256084786522203,-3.2256084786522203,1,1.0,3.2256084786522203
attempt_001,cluster:quakeml:earthquake.usgs.gov/fdsnws/event/1/query?eventid=us6000thag&format=quakeml,0.5254748388539577,4.409471816966738,5.59065729215675,-4.409471816966738,4,4.0,8.354367146777596
attempt_001,cluster:quakeml:earthquake.usgs.gov/fdsnws/event/1/query?eventid=us6000thbs&format=quakeml,0.9579686502234748,4.970689627760129,4.970689627760129,-4.970689627760129,1,1.0,4.970689627760129
attempt_001,cluster:quakeml:earthquake.usgs.gov/fdsnws/event/1/query?eventid=us6000thug&format=quakeml,0.29484435348151894,0.48312696739667293,0.48312696739667293,-0.48312696739667293,1,1.0,0.48312696739667293
attempt_001,cluster:quakeml:earthquake.usgs.gov/fdsnws/event/1/query?eventid=us6000ti1z&format=quakeml,0.18529802716636512,1.7678865126132504,1.7678865126132504,-1.7678865126132504,1,1.0,1.7678865126132504
attempt_001,cluster:quakeml:earthquake.usgs.gov/fdsnws/event/1/query?eventid=us7000sz3s&format=quakeml,0.05217737720515093,0.09669674331245726,0.09669674331245726,-0.09669674331245726,1,1.0,0.09669674331245726
attempt_001,cluster:quakeml:earthquake.usgs.gov/fdsnws/event/1/query?eventid=us7000sz4r&format=quakeml,0.193683550692291,0.40113769393416354,0.40113769393416354,0.40113769393416354,1,1.0,0.40113769393416354
attempt_001,cluster:quakeml:earthquake.usgs.gov/fdsnws/event/1/query?eventid=us7000sz66&format=quakeml,0.4428779021378454,1.867911394592298,2.1716440614319086,-1.1076754721057662,2,2.0,2.754051772276911
attempt_001,cluster:quakeml:earthquake.usgs.gov/fdsnws/event/1/query?eventid=us7000sz6t&format=quakeml,0.557694391318704,1.4462431988930924,1.4462431988930924,1.4462431988930924,1,1.0,1.4462431988930924
attempt_001,cluster:quakeml:earthquake.usgs.gov/fdsnws/event/1/query?eventid=us7000sz6v&format=quakeml,0.06541329843843413,0.12931912654679167,0.12931912654679167,0.12931912654679167,1,1.0,0.12931912654679167
attempt_001,cluster:quakeml:earthquake.usgs.gov/fdsnws/event/1/query?eventid=us7000sz7d&format=quakeml,0.42721284492368544,2.2418103766270745,2.2418103766270745,-2.2418103766270745,1,1.0,2.2418103766270745
attempt_001,cluster:quakeml:earthquake.usgs.gov/fdsnws/event/1/query?eventid=us7000szcl&format=quakeml,0.17216574516060046,0.3773104209698902,0.4669694870935565,0.3773104209698902,2,2.0,0.5974156294192221
attempt_001,cluster:quakeml:earthquake.usgs.gov/fdsnws/event/1/query?eventid=us7000szhi&format=quakeml,0.025251024156098267,0.04938055870140823,0.04938055870140823,0.04938055870140823,1,1.0,0.04938055870140823
attempt_001,cluster:quakeml:earthquake.usgs.gov/fdsnws/event/1/query?eventid=us7000szr0&format=quakeml,0.3129829107797521,0.8390739447397103,1.142157149771871,0.27231460335922597,4,4.0,1.7248666237926185
attempt_001,cluster:quakeml:earthquake.usgs.gov/fdsnws/event/1/query?eventid=us7000sztw&format=quakeml,0.20232370244714692,0.4334641059318789,0.4334641059318789,0.4334641059318789,1,1.0,0.4334641059318789
attempt_001,cluster:quakeml:earthquake.usgs.gov/fdsnws/event/1/query?eventid=us7000szu6&format=quakeml,0.28724967243301097,0.4416761892261427,0.4416761892261427,-0.4416761892261427,1,1.0,0.4416761892261427
attempt_001,cluster:quakeml:earthquake.usgs.gov/fdsnws/event/1/query?eventid=us7000szwc&format=quakeml,0.04970429974478476,0.3199321053113815,0.3199321053113815,-0.3199321053113815,1,1.0,0.3199321053113815
attempt_001,cluster:quakeml:earthquake.usgs.gov/fdsnws/event/1/query?eventid=us7000szyg&format=quakeml,0.2750995568305068,1.656665760769699,2.1178892900130037,-1.3194368502679996,2,2.0,2.712215240984099
attempt_001,cluster:quakeml:earthquake.usgs.gov/fdsnws/event/1/query?eventid=us7000szzy&format=quakeml,0.33417239343054117,0.7117144618233882,0.7872330915705953,0.3364497960992727,2,2.0,0.9808742987028063
attempt_001,cluster:quakeml:earthquake.usgs.gov/fdsnws/event/1/query?eventid=us7000t02u&format=quakeml,1.0196742506644059,5.807288350656418,5.807288350656418,-5.807288350656418,1,1.0,5.807288350656418
attempt_001,cluster:quakeml:earthquake.usgs.gov/fdsnws/event/1/query?eventid=us7000t04s&format=quakeml,0.6737945224993105,4.62041240307904,4.62041240307904,-4.62041240307904,1,1.0,4.62041240307904
attempt_001,cluster:quakeml:earthquake.usgs.gov/fdsnws/event/1/query?eventid=us7000t06l&format=quakeml,0.21158189597274865,0.4570942821872509,0.5016335874086312,0.4570942821872509,2,2.0,0.6224081861797215
attempt_001,cluster:quakeml:earthquake.usgs.gov/fdsnws/event/1/query?eventid=us7000t097&format=quakeml,0.3826309091014816,0.598645413788622,0.6056361550388674,-0.598645413788622,2,2.0,0.6720487198290995
attempt_001,cluster:quakeml:earthquake.usgs.gov/fdsnws/event/1/query?eventid=us7000t0de&format=quakeml,0.07763748528596476,0.1541958410433113,0.1541958410433113,0.1541958410433113,1,1.0,0.1541958410433113
attempt_001,cluster:quakeml:earthquake.usgs.gov/fdsnws/event/1/query?eventid=us7000t0e6&format=quakeml,0.5294219442564569,1.3149387699449386,1.3149387699449386,1.3149387699449386,1,1.0,1.3149387699449386
attempt_001,cluster:quakeml:earthquake.usgs.gov/fdsnws/event/1/query?eventid=us7000t0q6&format=quakeml,0.2933320593064653,0.6797306138631105,0.6797306138631105,0.6797306138631105,1,1.0,0.6797306138631105
attempt_001,cluster:quakeml:earthquake.usgs.gov/fdsnws/event/1/query?eventid=us7000t0x1&format=quakeml,0.3299957677547871,0.7862250677732079,0.7862250677732079,0.7862250677732079,1,1.0,0.7862250677732079
attempt_001,cluster:quakeml:earthquake.usgs.gov/fdsnws/event/1/query?eventid=us7000t0xw&format=quakeml,0.1849377501152895,1.1660365147731087,1.1660365147731087,-1.1660365147731087,1,1.0,1.1660365147731087
attempt_001,cluster:quakeml:earthquake.usgs.gov/fdsnws/event/1/query?eventid=us7000t0yi&format=quakeml,0.34953521075616567,2.297337749494475,2.297337749494475,-2.297337749494475,1,1.0,2.297337749494475
attempt_001,cluster:quakeml:earthquake.usgs.gov/fdsnws/event/1/query?eventid=us7000t0yv&format=quakeml,0.2507273623217773,1.5362177865776356,1.5362177865776356,1.5362177865776356,1,1.0,1.5362177865776356
attempt_001,cluster:quakeml:earthquake.usgs.gov/fdsnws/event/1/query?eventid=us7000t0zd&format=quakeml,0.8905259873491594,9.450060288424993,9.450060288424993,-9.450060288424993,1,1.0,9.450060288424993
attempt_001,cluster:quakeml:earthquake.usgs.gov/fdsnws/event/1/query?eventid=us7000t106&format=quakeml,0.14410441497248602,0.29791903726918423,0.29791903726918423,0.29791903726918423,1,1.0,0.29791903726918423
attempt_001,cluster:quakeml:earthquake.usgs.gov/fdsnws/event/1/query?eventid=us7000t11q&format=quakeml,1.029554469641162,3.515044852405391,3.515044852405391,3.515044852405391,1,1.0,3.515044852405391
attempt_001,cluster:quakeml:earthquake.usgs.gov/fdsnws/event/1/query?eventid=us7000t19p&format=quakeml,0.17047400968826465,0.27808241960965413,0.337337541823452,-0.27808241960965413,3,3.0,0.43676460056689337
attempt_001,cluster:quakeml:earthquake.usgs.gov/fdsnws/event/1/query?eventid=us7000t1b3&format=quakeml,0.5799388785636006,3.9222071170662276,4.719622991029982,-3.9222071170662276,2,2.0,6.022284450239472
attempt_001,cluster:quakeml:earthquake.usgs.gov/fdsnws/event/1/query?eventid=us7000t1dh&format=quakeml,0.5064555377017028,1.2462642639318993,1.2462642639318993,1.2462642639318993,1,1.0,1.2462642639318993
attempt_001,cluster:quakeml:earthquake.usgs.gov/fdsnws/event/1/query?eventid=us7000t1gu&format=quakeml,0.2214552543569968,0.3788221586935707,0.3788221586935707,-0.3788221586935707,1,1.0,0.3788221586935707
attempt_001,cluster:quakeml:earthquake.usgs.gov/fdsnws/event/1/query?eventid=us7000t1jw&format=quakeml,0.055771183551566045,0.10187114179335377,0.10187114179335377,-0.10187114179335377,1,1.0,0.10187114179335377
attempt_001,cluster:quakeml:earthquake.usgs.gov/fdsnws/event/1/query?eventid=us7000t1ld&format=quakeml,0.36245287423491335,0.569453601305999,0.569453601305999,-0.569453601305999,1,1.0,0.569453601305999
attempt_001,cluster:quakeml:earthquake.usgs.gov/fdsnws/event/1/query?eventid=us7000t1ng&format=quakeml,0.05337157097493934,0.10081676308655285,0.10081676308655285,0.10081676308655285,1,1.0,0.10081676308655285
attempt_001,cluster:quakeml:earthquake.usgs.gov/fdsnws/event/1/query?eventid=us7000t1ph&format=quakeml,0.7258012158941977,4.991931580343392,6.597965292054916,-4.991931580343392,2,2.0,8.443425410425121
attempt_001,cluster:quakeml:earthquake.usgs.gov/fdsnws/event/1/query?eventid=us7000t1q1&format=quakeml,0.6741666044915805,5.0003128770000735,5.0003128770000735,-5.0003128770000735,1,1.0,5.0003128770000735
attempt_001,cluster:quakeml:earthquake.usgs.gov/fdsnws/event/1/query?eventid=us7000t1q8&format=quakeml,0.2235977861382391,0.4638012245574239,0.4638012245574239,0.4638012245574239,1,1.0,0.4638012245574239
attempt_001,cluster:quakeml:earthquake.usgs.gov/fdsnws/event/1/query?eventid=us7000t1qt&format=quakeml,1.431179186084215,8.612454445698512,10.003252784088525,-8.612454445698512,3,3.0,13.694042661406336
attempt_001,cluster:quakeml:earthquake.usgs.gov/fdsnws/event/1/query?eventid=us7000t1w2&format=quakeml,0.3571985679100722,0.931957213646447,1.2067702042488122,0.88912566380902,4,4.0,1.7851038718297525
attempt_001,cluster:quakeml:earthquake.usgs.gov/fdsnws/event/1/query?eventid=us7000t1wn&format=quakeml,0.009081611565871419,0.030771793054142904,0.030771793054142904,0.030771793054142904,1,1.0,0.030771793054142904
attempt_001,cluster:quakeml:earthquake.usgs.gov/fdsnws/event/1/query?eventid=us7000t1z0&format=quakeml,0.4081076435259611,0.9766920091867866,0.9766920091867866,0.9766920091867866,1,1.0,0.9766920091867866
attempt_001,cluster:quakeml:earthquake.usgs.gov/fdsnws/event/1/query?eventid=us7000t213&format=quakeml,0.5134538246690938,0.7617874906853941,0.7617874906853941,-0.7617874906853941,1,1.0,0.7617874906853941
attempt_001,cluster:quakeml:earthquake.usgs.gov/fdsnws/event/1/query?eventid=us7000t22v&format=quakeml,0.5156090592619635,2.131919777106,2.131919777106,2.131919777106,1,1.0,2.131919777106
attempt_001,cluster:quakeml:earthquake.usgs.gov/fdsnws/event/1/query?eventid=us7000t27u&format=quakeml,0.4128828929431238,2.845445032151467,2.845445032151467,-2.845445032151467,1,1.0,2.845445032151467
attempt_001,cluster:quakeml:earthquake.usgs.gov/fdsnws/event/1/query?eventid=us7000t2et&format=quakeml,0.15851047022030382,0.27704748649170163,0.27704748649170163,-0.27704748649170163,1,1.0,0.27704748649170163
attempt_001,cluster:quakeml:earthquake.usgs.gov/fdsnws/event/1/query?eventid=us7000t2iy&format=quakeml,0.01035083252517683,0.05923331778945773,0.05923331778945773,0.05923331778945773,1,1.0,0.05923331778945773
attempt_001,cluster:quakeml:earthquake.usgs.gov/fdsnws/event/1/query?eventid=us7000t2pj&format=quakeml,0.06700382237173585,0.12235820882834259,0.12235820882834259,-0.12235820882834259,1,1.0,0.12235820882834259
attempt_001,cluster:quakeml:earthquake.usgs.gov/fdsnws/event/1/query?eventid=us7000t2pq&format=quakeml,0.8921179388654494,2.762481153990807,2.762481153990807,2.762481153990807,1,1.0,2.762481153990807
attempt_001,cluster:quakeml:earthquake.usgs.gov/fdsnws/event/1/query?eventid=us7000t2y2&format=quakeml,0.697900372391072,4.038057749518933,4.038057749518933,-4.038057749518933,1,1.0,4.038057749518933
attempt_001,cluster:quakeml:earthquake.usgs.gov/fdsnws/event/1/query?eventid=us7000t2yy&format=quakeml,0.6771459359862079,4.656165011369645,4.656165011369645,-4.656165011369645,1,1.0,4.656165011369645
attempt_001,cluster:quakeml:earthquake.usgs.gov/fdsnws/event/1/query?eventid=us7000t30x&format=quakeml,0.812694229916659,2.494151369325354,2.494151369325354,2.494151369325354,1,1.0,2.494151369325354
attempt_001,cluster:quakeml:earthquake.usgs.gov/fdsnws/event/1/query?eventid=us7000t389&format=quakeml,0.5946270899498795,3.8906512649569986,3.8906512649569986,-3.8906512649569986,1,1.0,3.8906512649569986
attempt_001,cluster:quakeml:earthquake.usgs.gov/fdsnws/event/1/query?eventid=us7000t3di&format=quakeml,0.8818876359697587,4.569036611929766,4.569036611929766,-4.569036611929766,1,1.0,4.569036611929766
attempt_001,cluster:quakeml:earthquake.usgs.gov/fdsnws/event/1/query?eventid=us7000t3dx&format=quakeml,0.05282769456590101,0.10469859524965819,0.10469859524965819,0.10469859524965819,1,1.0,0.10469859524965819
attempt_001,cluster:quakeml:earthquake.usgs.gov/fdsnws/event/1/query?eventid=us7000t3hh&format=quakeml,0.4134202005721706,2.4332923457228253,2.4332923457228253,-2.4332923457228253,1,1.0,2.4332923457228253
attempt_001,cluster:quakeml:earthquake.usgs.gov/fdsnws/event/1/query?eventid=us7000t3hl&format=quakeml,0.1533807673437681,0.3297141056614519,0.3297141056614519,0.3297141056614519,1,1.0,0.3297141056614519
attempt_001,cluster:quakeml:earthquake.usgs.gov/fdsnws/event/1/query?eventid=us7000t3in&format=quakeml,0.6510928515690815,0.8862272446428716,0.8862272446428716,-0.8862272446428716,1,1.0,0.8862272446428716
attempt_001,cluster:quakeml:earthquake.usgs.gov/fdsnws/event/1/query?eventid=uu80143896&format=quakeml,0.7161022293905411,1.0078971166524395,1.0131477698523654,1.0078971166524395,4,4.0,1.1248138377347976
attempt_002,cluster:quakeml:earthquake.usgs.gov/fdsnws/event/1/query?eventid=aka2026ncclpa&format=quakeml,0.0642186136240143,0.1960714033730726,0.1960714033730726,0.1960714033730726,1,1.0,0.1960714033730726
attempt_002,cluster:quakeml:earthquake.usgs.gov/fdsnws/event/1/query?eventid=aka2026ncfzau&format=quakeml,0.4544645602106459,1.3162707134614622,1.7446986912401081,1.1455960929939395,7,7.0,2.854527819805864
attempt_002,cluster:quakeml:earthquake.usgs.gov/fdsnws/event/1/query?eventid=aka2026nzghnm&format=quakeml,0.04463218395589677,0.11520339850696626,0.11520339850696626,0.11520339850696626,1,1.0,0.11520339850696626
attempt_002,cluster:quakeml:earthquake.usgs.gov/fdsnws/event/1/query?eventid=aka2026ofyant&format=quakeml,0.015401576174211022,0.05396734481263099,0.05396734481263099,0.05396734481263099,1,1.0,0.05396734481263099
attempt_002,cluster:quakeml:earthquake.usgs.gov/fdsnws/event/1/query?eventid=ci40656850&format=quakeml,1.8944836605041888,1.355787436271374,1.355787436271374,1.355787436271374,1,1.0,1.355787436271374
attempt_002,cluster:quakeml:earthquake.usgs.gov/fdsnws/event/1/query?eventid=ci40664370&format=quakeml,1.82608773053048,1.3544818714426057,1.3544818714426057,1.3544818714426057,1,1.0,1.3544818714426057
attempt_002,cluster:quakeml:earthquake.usgs.gov/fdsnws/event/1/query?eventid=ci41285127&format=quakeml,1.3349363278161384,1.1553832172868637,1.1581496949965036,1.1553832172868637,3,3.0,1.2298673522713273
attempt_002,cluster:quakeml:earthquake.usgs.gov/fdsnws/event/1/query?eventid=ci41287863&format=quakeml,0.9888161347306211,1.3166792328409163,1.3166792328409163,1.3166792328409163,1,1.0,1.3166792328409163
attempt_002,cluster:quakeml:earthquake.usgs.gov/fdsnws/event/1/query?eventid=nc75406447&format=quakeml,0.8933960853591492,1.7609646139764077,1.7609646139764077,1.7609646139764077,1,1.0,1.7609646139764077
attempt_002,cluster:quakeml:earthquake.usgs.gov/fdsnws/event/1/query?eventid=tx2026mvdbvd&format=quakeml,0.7701214594108298,0.6349798969075048,0.6350018975352744,0.6349798969075048,2,2.0,0.6392085910214836
attempt_002,cluster:quakeml:earthquake.usgs.gov/fdsnws/event/1/query?eventid=tx2026nqayet&format=quakeml,0.9844397741170194,1.666345452561749,1.6784344562793125,1.666345452561749,3,3.0,1.8485236251223447
attempt_002,cluster:quakeml:earthquake.usgs.gov/fdsnws/event/1/query?eventid=us6000t9h4&format=quakeml,0.7152859924922567,3.5260803191515797,4.63233818166675,-1.6552922261464642,3,3.0,6.524127873864766
attempt_002,cluster:quakeml:earthquake.usgs.gov/fdsnws/event/1/query?eventid=us6000t9kl&format=quakeml,0.3570501545969486,0.5644936846025583,0.5644936846025583,-0.5644936846025583,1,1.0,0.5644936846025583
attempt_002,cluster:quakeml:earthquake.usgs.gov/fdsnws/event/1/query?eventid=us6000t9kr&format=quakeml,0.7772404911426859,4.3426102391269765,4.3426102391269765,-4.3426102391269765,1,1.0,4.3426102391269765
attempt_002,cluster:quakeml:earthquake.usgs.gov/fdsnws/event/1/query?eventid=us6000t9lc&format=quakeml,0.2360410068646994,0.8994275260381802,2.0786197392596635,-0.4499123776439757,12,12.0,0.8611295605462209
attempt_002,cluster:quakeml:earthquake.usgs.gov/fdsnws/event/1/query?eventid=us6000t9qx&format=quakeml,0.8813946664810438,5.554766527889521,6.179553461988964,-5.554766527889521,2,2.0,7.720898536456751
attempt_002,cluster:quakeml:earthquake.usgs.gov/fdsnws/event/1/query?eventid=us6000t9qz&format=quakeml,1.1074093536533116,5.227898353682903,5.255287928267567,-5.227898353682903,2,2.0,5.656574464557791
attempt_002,cluster:quakeml:earthquake.usgs.gov/fdsnws/event/1/query?eventid=us6000t9r5&format=quakeml,0.7830548731338106,4.502935454153588,6.633487362483891,-4.248943509399086,23,23.0,7.0187862904480465
attempt_002,cluster:quakeml:earthquake.usgs.gov/fdsnws/event/1/query?eventid=us6000t9sq&format=quakeml,0.8036373793491947,3.2404928687373493,3.685071728220891,3.2404928687373493,2,2.0,4.644250023757043
attempt_002,cluster:quakeml:earthquake.usgs.gov/fdsnws/event/1/query?eventid=us6000t9tt&format=quakeml,0.7103130773520995,1.961654981762261,1.961654981762261,1.961654981762261,1,1.0,1.961654981762261
attempt_002,cluster:quakeml:earthquake.usgs.gov/fdsnws/event/1/query?eventid=us6000t9zw&format=quakeml,0.1402711738123109,0.21866391498833915,0.2734133786444681,-0.21866391498833915,2,2.0,0.3499735469975852
attempt_002,cluster:quakeml:earthquake.usgs.gov/fdsnws/event/1/query?eventid=us6000ta4c&format=quakeml,0.45432530440073715,0.6360457090074876,0.6360457090074876,-0.6360457090074876,1,1.0,0.6360457090074876
attempt_002,cluster:quakeml:earthquake.usgs.gov/fdsnws/event/1/query?eventid=us6000ta7h&format=quakeml,0.18995813165765035,0.4119127708292851,0.4119127708292851,0.4119127708292851,1,1.0,0.4119127708292851
attempt_002,cluster:quakeml:earthquake.usgs.gov/fdsnws/event/1/query?eventid=us6000ta7l&format=quakeml,1.100964342118078,3.9278251581866916,3.9278251581866916,3.9278251581866916,1,1.0,3.9278251581866916
attempt_002,cluster:quakeml:earthquake.usgs.gov/fdsnws/event/1/query?eventid=us6000ta86&format=quakeml,0.6330369087202151,2.747517794083326,3.3799193382528054,-2.7050602286455,3,3.0,4.47375571023618
attempt_002,cluster:quakeml:earthquake.usgs.gov/fdsnws/event/1/query?eventid=us6000tahc&format=quakeml,0.12195735220277368,0.7704370052420424,1.0886628873241335,0.7704370052420424,2,2.0,1.3857684362952423
attempt_002,cluster:quakeml:earthquake.usgs.gov/fdsnws/event/1/query?eventid=us6000tai4&format=quakeml,0.23516323626553623,0.37888120692727667,0.37888120692727667,-0.37888120692727667,1,1.0,0.37888120692727667
attempt_002,cluster:quakeml:earthquake.usgs.gov/fdsnws/event/1/query?eventid=us6000takd&format=quakeml,0.29491501889887645,0.579715887921307,0.6275650820062425,0.24034854159139896,2,2.0,0.7719947211944262
attempt_002,cluster:quakeml:earthquake.usgs.gov/fdsnws/event/1/query?eventid=us6000talg&format=quakeml,0.9776219783977914,5.697235745124857,7.099482851209958,-5.697235745124857,7,7.0,9.733268481263792
attempt_002,cluster:quakeml:earthquake.usgs.gov/fdsnws/event/1/query?eventid=us6000talr&format=quakeml,0.48168030391160815,2.564790700579986,2.8018666621956236,-2.564790700579986,3,3.0,3.3968096131370538
attempt_002,cluster:quakeml:earthquake.usgs.gov/fdsnws/event/1/query?eventid=us6000tapb&format=quakeml,0.27158826889653903,1.7915884200674688,1.7915884200674688,-1.7915884200674688,1,1.0,1.7915884200674688
attempt_002,cluster:quakeml:earthquake.usgs.gov/fdsnws/event/1/query?eventid=us6000tary&format=quakeml,0.33909373145344346,1.2642034355280822,1.36005268111312,-1.2642034355280822,2,2.0,1.6654279364764504
attempt_002,cluster:quakeml:earthquake.usgs.gov/fdsnws/event/1/query?eventid=us6000tasa&format=quakeml,0.011735617191399957,0.0516615797402018,0.0516615797402018,-0.0516615797402018,1,1.0,0.0516615797402018
attempt_002,cluster:quakeml:earthquake.usgs.gov/fdsnws/event/1/query?eventid=us6000tatn&format=quakeml,0.5244836826443683,1.2812512718645035,1.2812512718645035,1.2812512718645035,1,1.0,1.2812512718645035
attempt_002,cluster:quakeml:earthquake.usgs.gov/fdsnws/event/1/query?eventid=us6000tavd&format=quakeml,0.136327175176574,1.3572463402263546,1.6013906031102199,-1.3572463402263546,2,2.0,2.037168329008894
attempt_002,cluster:quakeml:earthquake.usgs.gov/fdsnws/event/1/query?eventid=us6000taxu&format=quakeml,0.24454846923298115,1.9451016741199476,1.9451016741199476,-1.9451016741199476,1,1.0,1.9451016741199476
attempt_002,cluster:quakeml:earthquake.usgs.gov/fdsnws/event/1/query?eventid=us6000taxz&format=quakeml,0.1270307802147188,0.2599323240952929,0.2599323240952929,0.2599323240952929,1,1.0,0.2599323240952929
attempt_002,cluster:quakeml:earthquake.usgs.gov/fdsnws/event/1/query?eventid=us6000tayu&format=quakeml,0.9992783768907344,3.367421725605288,3.367421725605288,3.367421725605288,1,1.0,3.367421725605288
attempt_002,cluster:quakeml:earthquake.usgs.gov/fdsnws/event/1/query?eventid=us6000tazm&format=quakeml,0.32324876187599144,2.2378227970932256,2.2378227970932256,-2.2378227970932256,1,1.0,2.2378227970932256
attempt_002,cluster:quakeml:earthquake.usgs.gov/fdsnws/event/1/query?eventid=us6000tg2v&format=quakeml,0.6367665864809268,1.8020859592794274,1.8020859592794274,1.8020859592794274,1,1.0,1.8020859592794274
attempt_002,cluster:quakeml:earthquake.usgs.gov/fdsnws/event/1/query?eventid=us6000tg42&format=quakeml,0.5578723233955203,2.2334122853176894,2.645145121950843,-0.3504711221762313,23,23.0,3.4102159080883054
attempt_002,cluster:quakeml:earthquake.usgs.gov/fdsnws/event/1/query?eventid=us6000tg4g&format=quakeml,0.8118087471350841,3.4118396340545045,3.4118396340545045,-3.4118396340545045,1,1.0,3.4118396340545045
attempt_002,cluster:quakeml:earthquake.usgs.gov/fdsnws/event/1/query?eventid=us6000tg5f&format=quakeml,0.5079958575948992,3.3744337685249204,3.8404575490438266,-3.3744337685249204,13,13.0,5.467716415784188
attempt_002,cluster:quakeml:earthquake.usgs.gov/fdsnws/event/1/query?eventid=us6000tg8x&format=quakeml,0.3807462007721226,2.281258277028626,2.5891358863449487,-2.281258277028626,2,2.0,3.260886063142557
attempt_002,cluster:quakeml:earthquake.usgs.gov/fdsnws/event/1/query?eventid=us6000tgav&format=quakeml,0.34787640899650407,2.054640259511376,2.054640259511376,-2.054640259511376,1,1.0,2.054640259511376
attempt_002,cluster:quakeml:earthquake.usgs.gov/fdsnws/event/1/query?eventid=us6000tgdy&format=quakeml,0.4314719167839476,3.261844816558649,3.2680755801076056,-3.261844816558649,2,2.0,3.42321175738138
attempt_002,cluster:quakeml:earthquake.usgs.gov/fdsnws/event/1/query?eventid=us6000tgea&format=quakeml,0.5442267153767912,3.118862487300123,3.118862487300123,-3.118862487300123,1,1.0,3.118862487300123
attempt_002,cluster:quakeml:earthquake.usgs.gov/fdsnws/event/1/query?eventid=us6000tgn5&format=quakeml,0.7431345323698557,2.1157274355688833,2.1157274355688833,2.1157274355688833,1,1.0,2.1157274355688833
attempt_002,cluster:quakeml:earthquake.usgs.gov/fdsnws/event/1/query?eventid=us6000tgnw&format=quakeml,0.4770591388178046,2.6003064275345817,3.0602841736593405,-1.0584233918371992,4,4.0,4.414352419056015
attempt_002,cluster:quakeml:earthquake.usgs.gov/fdsnws/event/1/query?eventid=us6000tgp3&format=quakeml,0.8505205919268904,5.47775830329994,5.47775830329994,-5.47775830329994,1,1.0,5.47775830329994
attempt_002,cluster:quakeml:earthquake.usgs.gov/fdsnws/event/1/query?eventid=us6000tgpw&format=quakeml,0.7645738820690985,3.7458734684911175,4.6675440525523895,-3.7458734684911175,2,2.0,5.973611254220346
attempt_002,cluster:quakeml:earthquake.usgs.gov/fdsnws/event/1/query?eventid=us6000tgpy&format=quakeml,0.6436660987059364,1.7246790355852568,1.7246790355852568,1.7246790355852568,1,1.0,1.7246790355852568
attempt_002,cluster:quakeml:earthquake.usgs.gov/fdsnws/event/1/query?eventid=us6000tgqe&format=quakeml,0.6461036722296852,1.6699807751216906,1.6699807751216906,1.6699807751216906,1,1.0,1.6699807751216906
attempt_002,cluster:quakeml:earthquake.usgs.gov/fdsnws/event/1/query?eventid=us6000tgqr&format=quakeml,0.48928901276476644,1.1682698974749202,1.1682698974749202,1.1682698974749202,1,1.0,1.1682698974749202
attempt_002,cluster:quakeml:earthquake.usgs.gov/fdsnws/event/1/query?eventid=us6000tgqt&format=quakeml,0.4359116559448372,2.8747410517524092,3.774360580930629,-2.7043674107189766,3,3.0,5.358157750982962
attempt_002,cluster:quakeml:earthquake.usgs.gov/fdsnws/event/1/query?eventid=us6000tgx1&format=quakeml,0.8200232782312924,2.4442154893887387,2.4486749625850055,2.4442154893887387,2,2.0,2.5623874693443227
attempt_002,cluster:quakeml:earthquake.usgs.gov/fdsnws/event/1/query?eventid=us6000tgyz&format=quakeml,1.338845718849892,5.685886844630037,5.685886844630037,-5.685886844630037,1,1.0,5.685886844630037
attempt_002,cluster:quakeml:earthquake.usgs.gov/fdsnws/event/1/query?eventid=us6000tgzq&format=quakeml,0.1723386473294874,0.9244549181008883,1.1420227859367098,0.6810245626803726,7,7.0,1.809124875320619
attempt_002,cluster:quakeml:earthquake.usgs.gov/fdsnws/event/1/query?eventid=us6000th04&format=quakeml,1.0067788294113578,3.2616563034455224,3.2616563034455224,3.2616563034455224,1,1.0,3.2616563034455224
attempt_002,cluster:quakeml:earthquake.usgs.gov/fdsnws/event/1/query?eventid=us6000th0l&format=quakeml,0.32240787061107273,0.735785861851711,0.735785861851711,0.735785861851711,1,1.0,0.735785861851711
attempt_002,cluster:quakeml:earthquake.usgs.gov/fdsnws/event/1/query?eventid=us6000th0m&format=quakeml,0.8539070852967507,4.165726539249277,4.585303217843391,-4.165726539249277,4,4.0,6.169290338493424
attempt_002,cluster:quakeml:earthquake.usgs.gov/fdsnws/event/1/query?eventid=us6000th1b&format=quakeml,0.5080637088353233,1.2513119712893201,1.2513119712893201,1.2513119712893201,1,1.0,1.2513119712893201
attempt_002,cluster:quakeml:earthquake.usgs.gov/fdsnws/event/1/query?eventid=us6000th1h&format=quakeml,0.8729844375832643,3.530582121031622,4.000889367254855,-3.530582121031622,2,2.0,5.0362207211031915
attempt_002,cluster:quakeml:earthquake.usgs.gov/fdsnws/event/1/query?eventid=us6000th1p&format=quakeml,0.28366960080008735,1.417197638844006,1.417197638844006,-1.417197638844006,1,1.0,1.417197638844006
attempt_002,cluster:quakeml:earthquake.usgs.gov/fdsnws/event/1/query?eventid=us6000th5m&format=quakeml,0.37538930633009615,0.8924380480659369,0.8924380480659369,0.8924380480659369,1,1.0,0.8924380480659369
attempt_002,cluster:quakeml:earthquake.usgs.gov/fdsnws/event/1/query?eventid=us6000th7y&format=quakeml,0.4416397926921797,1.0594273511970158,1.0594273511970158,1.0594273511970158,1,1.0,1.0594273511970158
attempt_002,cluster:quakeml:earthquake.usgs.gov/fdsnws/event/1/query?eventid=us6000tha9&format=quakeml,0.7070890001477902,3.71320761468044,3.71320761468044,-3.71320761468044,1,1.0,3.71320761468044
attempt_002,cluster:quakeml:earthquake.usgs.gov/fdsnws/event/1/query?eventid=us6000thag&format=quakeml,0.5269851373297194,4.445474713376271,5.618412795474204,-4.445474713376271,4,4.0,8.381323399714958
attempt_002,cluster:quakeml:earthquake.usgs.gov/fdsnws/event/1/query?eventid=us6000thbs&format=quakeml,0.9213240917009876,4.855196822388658,4.855196822388658,-4.855196822388658,1,1.0,4.855196822388658
attempt_002,cluster:quakeml:earthquake.usgs.gov/fdsnws/event/1/query?eventid=us6000thug&format=quakeml,0.3266787736975116,0.5272712418239134,0.5272712418239134,-0.5272712418239134,1,1.0,0.5272712418239134
attempt_002,cluster:quakeml:earthquake.usgs.gov/fdsnws/event/1/query?eventid=us6000ti1z&format=quakeml,0.25549561098904056,2.356585933886354,2.356585933886354,-2.356585933886354,1,1.0,2.356585933886354
attempt_002,cluster:quakeml:earthquake.usgs.gov/fdsnws/event/1/query?eventid=us7000sz3s&format=quakeml,0.12237449877410775,0.21907817329808665,0.21907817329808665,-0.21907817329808665,1,1.0,0.21907817329808665
attempt_002,cluster:quakeml:earthquake.usgs.gov/fdsnws/event/1/query?eventid=us7000sz4r&format=quakeml,0.10911133948002813,0.21639279588141647,0.21639279588141647,0.21639279588141647,1,1.0,0.21639279588141647
attempt_002,cluster:quakeml:earthquake.usgs.gov/fdsnws/event/1/query?eventid=us7000sz66&format=quakeml,0.417556213310332,1.7106948051346362,1.8735774947682808,-0.7640784727942258,2,2.0,2.321957583370017
attempt_002,cluster:quakeml:earthquake.usgs.gov/fdsnws/event/1/query?eventid=us7000sz6t&format=quakeml,0.5863053731328022,1.5444391514220326,1.5444391514220326,1.5444391514220326,1,1.0,1.5444391514220326
attempt_002,cluster:quakeml:earthquake.usgs.gov/fdsnws/event/1/query?eventid=us7000sz6v&format=quakeml,0.19414838238005216,0.40991084276388867,0.40991084276388867,0.40991084276388867,1,1.0,0.40991084276388867
attempt_002,cluster:quakeml:earthquake.usgs.gov/fdsnws/event/1/query?eventid=us7000sz7d&format=quakeml,0.41422488772722005,2.1868242601262944,2.1868242601262944,-2.1868242601262944,1,1.0,2.1868242601262944
attempt_002,cluster:quakeml:earthquake.usgs.gov/fdsnws/event/1/query?eventid=us7000szcl&format=quakeml,0.1688986802126555,0.3838090664227122,0.5334776042558382,0.37052524175051127,2,2.0,0.6802292598231212
attempt_002,cluster:quakeml:earthquake.usgs.gov/fdsnws/event/1/query?eventid=us7000szhi&format=quakeml,0.06314363897200365,0.11816056540136399,0.11816056540136399,-0.11816056540136399,1,1.0,0.11816056540136399
attempt_002,cluster:quakeml:earthquake.usgs.gov/fdsnws/event/1/query?eventid=us7000szr0&format=quakeml,0.3074038154461966,0.831044675025152,1.0427151914561261,0.2749776912150007,4,4.0,1.5175852713021964
attempt_002,cluster:quakeml:earthquake.usgs.gov/fdsnws/event/1/query?eventid=us7000sztw&format=quakeml,0.30861957807797175,0.6988651525162572,0.6988651525162572,0.6988651525162572,1,1.0,0.6988651525162572
attempt_002,cluster:quakeml:earthquake.usgs.gov/fdsnws/event/1/query?eventid=us7000szu6&format=quakeml,0.34089461506440194,0.5110042245644797,0.5110042245644797,-0.5110042245644797,1,1.0,0.5110042245644797
attempt_002,cluster:quakeml:earthquake.usgs.gov/fdsnws/event/1/query?eventid=us7000szwc&format=quakeml,0.010608423698945095,0.07036696091787142,0.07036696091787142,0.07036696091787142,1,1.0,0.07036696091787142
attempt_002,cluster:quakeml:earthquake.usgs.gov/fdsnws/event/1/query?eventid=us7000szyg&format=quakeml,0.3556767473530778,2.020013622781533,2.5285748782300677,-2.020013622781533,2,2.0,3.2367596777575356
attempt_002,cluster:quakeml:earthquake.usgs.gov/fdsnws/event/1/query?eventid=us7000szzy&format=quakeml,0.28190407092489,0.5587803894692981,0.5826777857588986,0.16516015972816345,2,2.0,0.6909085172518289
attempt_002,cluster:quakeml:earthquake.usgs.gov/fdsnws/event/1/query?eventid=us7000t02u&format=quakeml,0.967998395583056,5.633510073438013,5.633510073438013,-5.633510073438013,1,1.0,5.633510073438013
attempt_002,cluster:quakeml:earthquake.usgs.gov/fdsnws/event/1/query?eventid=us7000t04s&format=quakeml,0.7788246630856515,5.0994423423871025,5.0994423423871025,-5.0994423423871025,1,1.0,5.0994423423871025
attempt_002,cluster:quakeml:earthquake.usgs.gov/fdsnws/event/1/query?eventid=us7000t06l&format=quakeml,0.12275983787317944,0.2567968277678232,0.3196594033222137,0.2567968277678232,2,2.0,0.40908607546327225
attempt_002,cluster:quakeml:earthquake.usgs.gov/fdsnws/event/1/query?eventid=us7000t097&format=quakeml,0.5060278717660291,0.75093504532127,0.7511375711032405,-0.75093504532127,2,2.0,0.7648883028613382
attempt_002,cluster:quakeml:earthquake.usgs.gov/fdsnws/event/1/query?eventid=us7000t0de&format=quakeml,0.10987236328921546,0.22181899884583456,0.22181899884583456,0.22181899884583456,1,1.0,0.22181899884583456
attempt_002,cluster:quakeml:earthquake.usgs.gov/fdsnws/event/1/query?eventid=us7000t0e6&format=quakeml,0.4560329745921751,1.0885796675262287,1.0885796675262287,1.0885796675262287,1,1.0,1.0885796675262287
attempt_002,cluster:quakeml:earthquake.usgs.gov/fdsnws/event/1/query?eventid=us7000t0q6&format=quakeml,0.7356869201045362,2.167308598041026,2.167308598041026,2.167308598041026,1,1.0,2.167308598041026
attempt_002,cluster:quakeml:earthquake.usgs.gov/fdsnws/event/1/query?eventid=us7000t0x1&format=quakeml,0.838987070220765,2.6424979355573264,2.6424979355573264,2.6424979355573264,1,1.0,2.6424979355573264
attempt_002,cluster:quakeml:earthquake.usgs.gov/fdsnws/event/1/query?eventid=us7000t0xw&format=quakeml,0.16015568580130995,1.0220111182352651,1.0220111182352651,-1.0220111182352651,1,1.0,1.0220111182352651
attempt_002,cluster:quakeml:earthquake.usgs.gov/fdsnws/event/1/query?eventid=us7000t0yi&format=quakeml,0.31651521389040543,2.1130095893113356,2.1130095893113356,-2.1130095893113356,1,1.0,2.1130095893113356
attempt_002,cluster:quakeml:earthquake.usgs.gov/fdsnws/event/1/query?eventid=us7000t0yv&format=quakeml,0.2571573201154507,1.580903012675094,1.580903012675094,1.580903012675094,1,1.0,1.580903012675094
attempt_002,cluster:quakeml:earthquake.usgs.gov/fdsnws/event/1/query?eventid=us7000t0zd&format=quakeml,0.9365149482462192,9.74576714785158,9.74576714785158,-9.74576714785158,1,1.0,9.74576714785158
attempt_002,cluster:quakeml:earthquake.usgs.gov/fdsnws/event/1/query?eventid=us7000t106&format=quakeml,0.157216893980858,0.32721935915699896,0.32721935915699896,0.32721935915699896,1,1.0,0.32721935915699896
attempt_002,cluster:quakeml:earthquake.usgs.gov/fdsnws/event/1/query?eventid=us7000t11q&format=quakeml,0.935116512949831,3.0222875346220803,3.0222875346220803,3.0222875346220803,1,1.0,3.0222875346220803
attempt_002,cluster:quakeml:earthquake.usgs.gov/fdsnws/event/1/query?eventid=us7000t19p&format=quakeml,0.21858924499032692,0.3920932004779485,0.39850434918565575,-0.11575103349850731,3,3.0,0.4556137254205212
attempt_002,cluster:quakeml:earthquake.usgs.gov/fdsnws/event/1/query?eventid=us7000t1b3&format=quakeml,0.6223620538670427,4.100665925453531,4.874743625253763,-4.100665925453531,2,2.0,6.209339727409866
attempt_002,cluster:quakeml:earthquake.usgs.gov/fdsnws/event/1/query?eventid=us7000t1dh&format=quakeml,0.41228317911800355,0.9643952753610725,0.9643952753610725,0.9643952753610725,1,1.0,0.9643952753610725
attempt_002,cluster:quakeml:earthquake.usgs.gov/fdsnws/event/1/query?eventid=us7000t1gu&format=quakeml,0.3519497561923214,0.5657774209546917,0.5657774209546917,-0.5657774209546917,1,1.0,0.5657774209546917
attempt_002,cluster:quakeml:earthquake.usgs.gov/fdsnws/event/1/query?eventid=us7000t1jw&format=quakeml,0.1764682058692618,0.30381264362358706,0.30381264362358706,-0.30381264362358706,1,1.0,0.30381264362358706
attempt_002,cluster:quakeml:earthquake.usgs.gov/fdsnws/event/1/query?eventid=us7000t1ld&format=quakeml,0.39206477438714116,0.6074881699598829,0.6074881699598829,-0.6074881699598829,1,1.0,0.6074881699598829
attempt_002,cluster:quakeml:earthquake.usgs.gov/fdsnws/event/1/query?eventid=us7000t1ng&format=quakeml,0.009964473901768679,0.018416269342804048,0.018416269342804048,0.018416269342804048,1,1.0,0.018416269342804048
attempt_002,cluster:quakeml:earthquake.usgs.gov/fdsnws/event/1/query?eventid=us7000t1ph&format=quakeml,0.632324561254008,4.6271698411504705,6.13814037239232,-4.6271698411504705,2,2.0,7.853666789095351
attempt_002,cluster:quakeml:earthquake.usgs.gov/fdsnws/event/1/query?eventid=us7000t1q1&format=quakeml,0.7122643670487934,5.194533749898208,5.194533749898208,-5.194533749898208,1,1.0,5.194533749898208
attempt_002,cluster:quakeml:earthquake.usgs.gov/fdsnws/event/1/query?eventid=us7000t1q8&format=quakeml,0.2567881076012059,0.5419194344695648,0.5419194344695648,0.5419194344695648,1,1.0,0.5419194344695648
attempt_002,cluster:quakeml:earthquake.usgs.gov/fdsnws/event/1/query?eventid=us7000t1qt&format=quakeml,1.2691510938684212,8.188981639663169,9.683675434938323,-8.188981639663169,3,3.0,13.382667591983703
attempt_002,cluster:quakeml:earthquake.usgs.gov/fdsnws/event/1/query?eventid=us7000t1w2&format=quakeml,0.4349868826016232,1.2732118724320989,1.7561013904761729,1.2732118724320989,4,4.0,2.6344672178710784
attempt_002,cluster:quakeml:earthquake.usgs.gov/fdsnws/event/1/query?eventid=us7000t1wn&format=quakeml,0.004491386920175444,0.015115477941980426,0.015115477941980426,-0.015115477941980426,1,1.0,0.015115477941980426
attempt_002,cluster:quakeml:earthquake.usgs.gov/fdsnws/event/1/query?eventid=us7000t1z0&format=quakeml,0.33077612781391014,0.7597892499063288,0.7597892499063288,0.7597892499063288,1,1.0,0.7597892499063288
attempt_002,cluster:quakeml:earthquake.usgs.gov/fdsnws/event/1/query?eventid=us7000t213&format=quakeml,0.46827841416620886,0.7093277764286219,0.7093277764286219,-0.7093277764286219,1,1.0,0.7093277764286219
attempt_002,cluster:quakeml:earthquake.usgs.gov/fdsnws/event/1/query?eventid=us7000t22v&format=quakeml,0.576554421549954,2.464468468567861,2.464468468567861,2.464468468567861,1,1.0,2.464468468567861
attempt_002,cluster:quakeml:earthquake.usgs.gov/fdsnws/event/1/query?eventid=us7000t27u&format=quakeml,0.4681098720064327,3.144534137830946,3.144534137830946,-3.144534137830946,1,1.0,3.144534137830946
attempt_002,cluster:quakeml:earthquake.usgs.gov/fdsnws/event/1/query?eventid=us7000t2et&format=quakeml,0.22600024322780046,0.3823131545632754,0.3823131545632754,-0.3823131545632754,1,1.0,0.3823131545632754
attempt_002,cluster:quakeml:earthquake.usgs.gov/fdsnws/event/1/query?eventid=us7000t2iy&format=quakeml,0.08826058667146182,0.4809317013226897,0.4809317013226897,-0.4809317013226897,1,1.0,0.4809317013226897
attempt_002,cluster:quakeml:earthquake.usgs.gov/fdsnws/event/1/query?eventid=us7000t2pj&format=quakeml,0.20036817543056482,0.3428053456368003,0.3428053456368003,-0.3428053456368003,1,1.0,0.3428053456368003
attempt_002,cluster:quakeml:earthquake.usgs.gov/fdsnws/event/1/query?eventid=us7000t2pq&format=quakeml,0.7803464766371947,2.267513736751787,2.267513736751787,2.267513736751787,1,1.0,2.267513736751787
attempt_002,cluster:quakeml:earthquake.usgs.gov/fdsnws/event/1/query?eventid=us7000t2y2&format=quakeml,0.7557666180676335,4.262949810065942,4.262949810065942,-4.262949810065942,1,1.0,4.262949810065942
attempt_002,cluster:quakeml:earthquake.usgs.gov/fdsnws/event/1/query?eventid=us7000t2yy&format=quakeml,0.6936492674893983,4.734875529982454,4.734875529982454,-4.734875529982454,1,1.0,4.734875529982454
attempt_002,cluster:quakeml:earthquake.usgs.gov/fdsnws/event/1/query?eventid=us7000t30x&format=quakeml,0.8136774380569458,2.498561407883453,2.498561407883453,2.498561407883453,1,1.0,2.498561407883453
attempt_002,cluster:quakeml:earthquake.usgs.gov/fdsnws/event/1/query?eventid=us7000t389&format=quakeml,0.5762292906469446,3.801722247399029,3.801722247399029,-3.801722247399029,1,1.0,3.801722247399029
attempt_002,cluster:quakeml:earthquake.usgs.gov/fdsnws/event/1/query?eventid=us7000t3di&format=quakeml,0.9089190073427632,4.655124115499234,4.655124115499234,-4.655124115499234,1,1.0,4.655124115499234
attempt_002,cluster:quakeml:earthquake.usgs.gov/fdsnws/event/1/query?eventid=us7000t3dx&format=quakeml,0.03153433024512118,0.061831033773487754,0.061831033773487754,0.061831033773487754,1,1.0,0.061831033773487754
attempt_002,cluster:quakeml:earthquake.usgs.gov/fdsnws/event/1/query?eventid=us7000t3hh&format=quakeml,0.32160750520417314,1.9762744153419103,1.9762744153419103,-1.9762744153419103,1,1.0,1.9762744153419103
attempt_002,cluster:quakeml:earthquake.usgs.gov/fdsnws/event/1/query?eventid=us7000t3hl&format=quakeml,0.08544710799013487,0.17742665582288208,0.17742665582288208,0.17742665582288208,1,1.0,0.17742665582288208
attempt_002,cluster:quakeml:earthquake.usgs.gov/fdsnws/event/1/query?eventid=us7000t3in&format=quakeml,0.6518897369307464,0.886996548250208,0.886996548250208,-0.886996548250208,1,1.0,0.886996548250208
attempt_002,cluster:quakeml:earthquake.usgs.gov/fdsnws/event/1/query?eventid=uu80143896&format=quakeml,0.6392350581697599,0.865768805509119,0.8749456262088809,0.865768805509119,4,4.0,1.0082102706716605
attempt_003,cluster:quakeml:earthquake.usgs.gov/fdsnws/event/1/query?eventid=aka2026ncclpa&format=quakeml,0.16725781908278783,0.5382027666930953,0.5382027666930953,0.5382027666930953,1,1.0,0.5382027666930953
attempt_003,cluster:quakeml:earthquake.usgs.gov/fdsnws/event/1/query?eventid=aka2026ncfzau&format=quakeml,0.5383223531002698,1.4921705620028833,1.7696490302273797,0.64537672054717,7,7.0,2.831583023475419
attempt_003,cluster:quakeml:earthquake.usgs.gov/fdsnws/event/1/query?eventid=aka2026nzghnm&format=quakeml,0.06082164634369028,0.14893857969021695,0.14893857969021695,-0.14893857969021695,1,1.0,0.14893857969021695
attempt_003,cluster:quakeml:earthquake.usgs.gov/fdsnws/event/1/query?eventid=aka2026ofyant&format=quakeml,0.49196364948865207,1.351115554547,1.351115554547,-1.351115554547,1,1.0,1.351115554547
attempt_003,cluster:quakeml:earthquake.usgs.gov/fdsnws/event/1/query?eventid=ci40656850&format=quakeml,1.5759551617639018,0.9204859109092465,0.9204859109092465,0.9204859109092465,1,1.0,0.9204859109092465
attempt_003,cluster:quakeml:earthquake.usgs.gov/fdsnws/event/1/query?eventid=ci40664370&format=quakeml,1.428761773422596,0.8251173365771509,0.8251173365771509,0.8251173365771509,1,1.0,0.8251173365771509
attempt_003,cluster:quakeml:earthquake.usgs.gov/fdsnws/event/1/query?eventid=ci41285127&format=quakeml,0.755342845840535,0.46400540961355835,0.4640935697628791,0.46400540961355835,3,3.0,0.47148001500091047
attempt_003,cluster:quakeml:earthquake.usgs.gov/fdsnws/event/1/query?eventid=ci41287863&format=quakeml,0.5311119028887661,0.5466414774354282,0.5466414774354282,0.5466414774354282,1,1.0,0.5466414774354282
attempt_003,cluster:quakeml:earthquake.usgs.gov/fdsnws/event/1/query?eventid=nc75406447&format=quakeml,0.7598495775735883,1.3883046119871507,1.3883046119871507,1.3883046119871507,1,1.0,1.3883046119871507
attempt_003,cluster:quakeml:earthquake.usgs.gov/fdsnws/event/1/query?eventid=tx2026mvdbvd&format=quakeml,0.4198045519540268,0.2838860091851558,0.286387462767163,0.2838860091851558,2,2.0,0.31410137077903466
attempt_003,cluster:quakeml:earthquake.usgs.gov/fdsnws/event/1/query?eventid=tx2026nqayet&format=quakeml,0.34340464671067145,0.3897251452013883,0.44237261175784354,0.3897251452013883,3,3.0,0.5942289538105232
attempt_003,cluster:quakeml:earthquake.usgs.gov/fdsnws/event/1/query?eventid=us6000t9h4&format=quakeml,0.3859563954676968,2.5368148403331348,4.074135254122637,-2.1569705977903664,3,3.0,5.724808945048261
attempt_003,cluster:quakeml:earthquake.usgs.gov/fdsnws/event/1/query?eventid=us6000t9kl&format=quakeml,0.08375690689142497,0.16424531800507314,0.16424531800507314,0.16424531800507314,1,1.0,0.16424531800507314
attempt_003,cluster:quakeml:earthquake.usgs.gov/fdsnws/event/1/query?eventid=us6000t9kr&format=quakeml,0.19139762117294393,1.4000119207458157,1.4000119207458157,-1.4000119207458157,1,1.0,1.4000119207458157
attempt_003,cluster:quakeml:earthquake.usgs.gov/fdsnws/event/1/query?eventid=us6000t9lc&format=quakeml,0.16983575572467632,0.6233057237283214,1.26407315196758,-0.15362875410957808,12,12.0,0.7612786068242822
attempt_003,cluster:quakeml:earthquake.usgs.gov/fdsnws/event/1/query?eventid=us6000t9qx&format=quakeml,0.54324825060659,4.123368109133815,4.738964988169089,-4.123368109133815,2,2.0,5.9919503902306985
attempt_003,cluster:quakeml:earthquake.usgs.gov/fdsnws/event/1/query?eventid=us6000t9qz&format=quakeml,0.4419006607499266,2.7946630259869005,2.8492351080583123,-2.7946630259869005,2,2.0,3.238644483022252
attempt_003,cluster:quakeml:earthquake.usgs.gov/fdsnws/event/1/query?eventid=us6000t9r5&format=quakeml,0.375254640942948,2.6341117542325327,4.858974757769051,-1.7573106524067317,23,23.0,4.834580562184215
attempt_003,cluster:quakeml:earthquake.usgs.gov/fdsnws/event/1/query?eventid=us6000t9sq&format=quakeml,0.6161505309682298,2.1800869249838657,2.436169401997508,2.1800869249838657,2,2.0,3.04989788550098
attempt_003,cluster:quakeml:earthquake.usgs.gov/fdsnws/event/1/query?eventid=us6000t9tt&format=quakeml,0.15086546767809836,0.2655094244135925,0.2655094244135925,-0.2655094244135925,1,1.0,0.2655094244135925
attempt_003,cluster:quakeml:earthquake.usgs.gov/fdsnws/event/1/query?eventid=us6000t9zw&format=quakeml,0.11901102550021858,0.16702888957138617,0.16732031241619325,0.009871017961800566,2,2.0,0.17492570394082663
attempt_003,cluster:quakeml:earthquake.usgs.gov/fdsnws/event/1/query?eventid=us6000ta4c&format=quakeml,0.22650422349582763,0.3530755718196916,0.3530755718196916,-0.3530755718196916,1,1.0,0.3530755718196916
attempt_003,cluster:quakeml:earthquake.usgs.gov/fdsnws/event/1/query?eventid=us6000ta7h&format=quakeml,0.3078999830753447,0.7099522932478373,0.7099522932478373,0.7099522932478373,1,1.0,0.7099522932478373
attempt_003,cluster:quakeml:earthquake.usgs.gov/fdsnws/event/1/query?eventid=us6000ta7l&format=quakeml,0.507647904127502,1.2943184550114306,1.2943184550114306,1.2943184550114306,1,1.0,1.2943184550114306
attempt_003,cluster:quakeml:earthquake.usgs.gov/fdsnws/event/1/query?eventid=us6000ta86&format=quakeml,0.33309526235311937,1.6445107985374001,1.96985042490782,-1.6445107985374001,3,3.0,2.680813821711264
attempt_003,cluster:quakeml:earthquake.usgs.gov/fdsnws/event/1/query?eventid=us6000tahc&format=quakeml,0.22125030216644606,0.8863297339592671,0.8891641490838371,-0.8863297339592671,2,2.0,0.9430817515272314
attempt_003,cluster:quakeml:earthquake.usgs.gov/fdsnws/event/1/query?eventid=us6000tai4&format=quakeml,0.09654096348483977,0.16638535277370603,0.16638535277370603,-0.16638535277370603,1,1.0,0.16638535277370603
attempt_003,cluster:quakeml:earthquake.usgs.gov/fdsnws/event/1/query?eventid=us6000takd&format=quakeml,0.12856224170554817,0.20440471724938425,0.24458696598028778,-0.13431863420107326,2,2.0,0.31185962461024286
attempt_003,cluster:quakeml:earthquake.usgs.gov/fdsnws/event/1/query?eventid=us6000talg&format=quakeml,0.4032140706111548,3.2757684474282946,5.267425765847618,-3.2475735600365114,7,7.0,6.8180789839671805
attempt_003,cluster:quakeml:earthquake.usgs.gov/fdsnws/event/1/query?eventid=us6000talr&format=quakeml,0.2498656553135122,1.5471997780570195,1.6037873342899038,-1.5471997780570195,3,3.0,1.9765213811700457
attempt_003,cluster:quakeml:earthquake.usgs.gov/fdsnws/event/1/query?eventid=us6000tapb&format=quakeml,0.2630940145745054,1.742611694038506,1.742611694038506,-1.742611694038506,1,1.0,1.742611694038506
attempt_003,cluster:quakeml:earthquake.usgs.gov/fdsnws/event/1/query?eventid=us6000tary&format=quakeml,0.08351320267249192,0.3852779118187679,0.44704926083623625,-0.22674649342116604,2,2.0,0.5666751065557007
attempt_003,cluster:quakeml:earthquake.usgs.gov/fdsnws/event/1/query?eventid=us6000tasa&format=quakeml,0.07960887057016844,0.36691933478266403,0.36691933478266403,0.36691933478266403,1,1.0,0.36691933478266403
attempt_003,cluster:quakeml:earthquake.usgs.gov/fdsnws/event/1/query?eventid=us6000tatn&format=quakeml,0.46440408131970357,0.6902292854822087,0.6902292854822087,-0.6902292854822087,1,1.0,0.6902292854822087
attempt_003,cluster:quakeml:earthquake.usgs.gov/fdsnws/event/1/query?eventid=us6000tavd&format=quakeml,0.10185977133334134,0.9173067800713381,0.9267737831831887,-0.13212840887119537,2,2.0,1.0230095071682945
attempt_003,cluster:quakeml:earthquake.usgs.gov/fdsnws/event/1/query?eventid=us6000taxu&format=quakeml,0.24914494030727788,2.5367321572202375,2.5367321572202375,2.5367321572202375,1,1.0,2.5367321572202375
attempt_003,cluster:quakeml:earthquake.usgs.gov/fdsnws/event/1/query?eventid=us6000taxz&format=quakeml,0.12976733218362174,0.23354276202528101,0.23354276202528101,-0.23354276202528101,1,1.0,0.23354276202528101
attempt_003,cluster:quakeml:earthquake.usgs.gov/fdsnws/event/1/query?eventid=us6000tayu&format=quakeml,0.0939093025518064,0.19317874341251895,0.19317874341251895,0.19317874341251895,1,1.0,0.19317874341251895
attempt_003,cluster:quakeml:earthquake.usgs.gov/fdsnws/event/1/query?eventid=us6000tazm&format=quakeml,0.3071430300915192,2.1426112643260184,2.1426112643260184,-2.1426112643260184,1,1.0,2.1426112643260184
attempt_003,cluster:quakeml:earthquake.usgs.gov/fdsnws/event/1/query?eventid=us6000tg2v&format=quakeml,0.6008430920644356,1.6670790600063663,1.6670790600063663,1.6670790600063663,1,1.0,1.6670790600063663
attempt_003,cluster:quakeml:earthquake.usgs.gov/fdsnws/event/1/query?eventid=us6000tg42&format=quakeml,0.3356590025839947,1.5425655347725733,2.238302130417328,-0.7795920110136653,23,23.0,3.50216304445049
attempt_003,cluster:quakeml:earthquake.usgs.gov/fdsnws/event/1/query?eventid=us6000tg4g&format=quakeml,0.30769227184457504,1.625436571879515,1.625436571879515,-1.625436571879515,1,1.0,1.625436571879515
attempt_003,cluster:quakeml:earthquake.usgs.gov/fdsnws/event/1/query?eventid=us6000tg5f&format=quakeml,0.2527419031160577,1.9904888631055437,2.4932596625625774,-1.7835923896446897,13,13.0,3.6494633037923467
attempt_003,cluster:quakeml:earthquake.usgs.gov/fdsnws/event/1/query?eventid=us6000tg8x&format=quakeml,0.07695018152782526,0.5606722111098277,0.6584239766334093,-0.3452083496889511,2,2.0,0.8368388908609885
attempt_003,cluster:quakeml:earthquake.usgs.gov/fdsnws/event/1/query?eventid=us6000tgav&format=quakeml,0.44932769358945374,2.5310675580864794,2.5310675580864794,-2.5310675580864794,1,1.0,2.5310675580864794
attempt_003,cluster:quakeml:earthquake.usgs.gov/fdsnws/event/1/query?eventid=us6000tgdy&format=quakeml,0.18400203356842174,1.550317441945301,1.5681142669348473,-1.550317441945301,2,2.0,1.7387818612754944
attempt_003,cluster:quakeml:earthquake.usgs.gov/fdsnws/event/1/query?eventid=us6000tgea&format=quakeml,0.20733486665328732,1.3914737555442604,1.3914737555442604,-1.3914737555442604,1,1.0,1.3914737555442604
attempt_003,cluster:quakeml:earthquake.usgs.gov/fdsnws/event/1/query?eventid=us6000tgn5&format=quakeml,0.2350739538487258,0.5085394464452659,0.5085394464452659,0.5085394464452659,1,1.0,0.5085394464452659
attempt_003,cluster:quakeml:earthquake.usgs.gov/fdsnws/event/1/query?eventid=us6000tgnw&format=quakeml,0.30520243964614957,1.903834725803516,2.369943960526047,-0.16633447480206054,4,4.0,3.3568131366216676
attempt_003,cluster:quakeml:earthquake.usgs.gov/fdsnws/event/1/query?eventid=us6000tgp3&format=quakeml,0.47550564295540265,3.618919547436076,3.618919547436076,-3.618919547436076,1,1.0,3.618919547436076
attempt_003,cluster:quakeml:earthquake.usgs.gov/fdsnws/event/1/query?eventid=us6000tgpw&format=quakeml,0.44840490637127095,2.509085138033258,2.973574543779917,1.5958187044638144,2,2.0,3.7857401016043095
attempt_003,cluster:quakeml:earthquake.usgs.gov/fdsnws/event/1/query?eventid=us6000tgpy&format=quakeml,0.2952773103914562,0.6557393489984926,0.6557393489984926,0.6557393489984926,1,1.0,0.6557393489984926
attempt_003,cluster:quakeml:earthquake.usgs.gov/fdsnws/event/1/query?eventid=us6000tgqe&format=quakeml,0.31898173063275614,0.6909604653031387,0.6909604653031387,0.6909604653031387,1,1.0,0.6909604653031387
attempt_003,cluster:quakeml:earthquake.usgs.gov/fdsnws/event/1/query?eventid=us6000tgqr&format=quakeml,0.20979096348424633,0.35029489132741265,0.35029489132741265,-0.35029489132741265,1,1.0,0.35029489132741265
attempt_003,cluster:quakeml:earthquake.usgs.gov/fdsnws/event/1/query?eventid=us6000tgqt&format=quakeml,0.11982930900114708,1.0227120478323992,1.395882325099195,-0.5221162086296608,3,3.0,1.9911615958550137
attempt_003,cluster:quakeml:earthquake.usgs.gov/fdsnws/event/1/query?eventid=us6000tgx1&format=quakeml,0.2556893626770649,0.5602976777894011,0.5615993915980045,0.5602976777894011,2,2.0,0.590869705862692
attempt_003,cluster:quakeml:earthquake.usgs.gov/fdsnws/event/1/query?eventid=us6000tgyz&format=quakeml,0.7028971491207102,3.8903840858839307,3.8903840858839307,-3.8903840858839307,1,1.0,3.8903840858839307
attempt_003,cluster:quakeml:earthquake.usgs.gov/fdsnws/event/1/query?eventid=us6000tgzq&format=quakeml,0.1537208151339029,0.8078319334219707,1.1026814029223773,0.584331548907497,7,7.0,1.9317780918212435
attempt_003,cluster:quakeml:earthquake.usgs.gov/fdsnws/event/1/query?eventid=us6000th04&format=quakeml,0.30017873462089184,0.6574879796135271,0.6574879796135271,0.6574879796135271,1,1.0,0.6574879796135271
attempt_003,cluster:quakeml:earthquake.usgs.gov/fdsnws/event/1/query?eventid=us6000th0l&format=quakeml,0.11390488288917808,0.2333284497011061,0.2333284497011061,0.2333284497011061,1,1.0,0.2333284497011061
attempt_003,cluster:quakeml:earthquake.usgs.gov/fdsnws/event/1/query?eventid=us6000th0m&format=quakeml,0.41651138622336675,2.633760370384131,2.9175346283118957,-1.9822145861716916,4,4.0,4.06162004747058
attempt_003,cluster:quakeml:earthquake.usgs.gov/fdsnws/event/1/query?eventid=us6000th1b&format=quakeml,0.15365585779356417,0.31390918731703654,0.31390918731703654,0.31390918731703654,1,1.0,0.31390918731703654
attempt_003,cluster:quakeml:earthquake.usgs.gov/fdsnws/event/1/query?eventid=us6000th1h&format=quakeml,0.2320367727081015,1.4772229385701967,1.9931056065545805,-1.4772229385701967,2,2.0,2.5476344029755693
attempt_003,cluster:quakeml:earthquake.usgs.gov/fdsnws/event/1/query?eventid=us6000th1p&format=quakeml,0.08209120579830842,0.4909135239256823,0.4909135239256823,0.4909135239256823,1,1.0,0.4909135239256823
attempt_003,cluster:quakeml:earthquake.usgs.gov/fdsnws/event/1/query?eventid=us6000th5m&format=quakeml,0.1319906419057821,0.24223192503728375,0.24223192503728375,-0.24223192503728375,1,1.0,0.24223192503728375
attempt_003,cluster:quakeml:earthquake.usgs.gov/fdsnws/event/1/query?eventid=us6000th7y&format=quakeml,0.08934636123047712,0.16307912323966844,0.16307912323966844,-0.16307912323966844,1,1.0,0.16307912323966844
attempt_003,cluster:quakeml:earthquake.usgs.gov/fdsnws/event/1/query?eventid=us6000tha9&format=quakeml,0.5705756996239756,3.1849102958185735,3.1849102958185735,-3.1849102958185735,1,1.0,3.1849102958185735
attempt_003,cluster:quakeml:earthquake.usgs.gov/fdsnws/event/1/query?eventid=us6000thag&format=quakeml,0.3184872863225984,3.063246433988085,4.000979642525747,-1.9110418498420836,4,4.0,5.933953921754698
attempt_003,cluster:quakeml:earthquake.usgs.gov/fdsnws/event/1/query?eventid=us6000thbs&format=quakeml,0.6685576135417197,3.932113397607612,3.932113397607612,-3.932113397607612,1,1.0,3.932113397607612
attempt_003,cluster:quakeml:earthquake.usgs.gov/fdsnws/event/1/query?eventid=us6000thug&format=quakeml,0.1941179212808754,0.4053410567810882,0.4053410567810882,0.4053410567810882,1,1.0,0.4053410567810882
attempt_003,cluster:quakeml:earthquake.usgs.gov/fdsnws/event/1/query?eventid=us6000ti1z&format=quakeml,0.248893051528881,2.302958637270889,2.302958637270889,-2.302958637270889,1,1.0,2.302958637270889
attempt_003,cluster:quakeml:earthquake.usgs.gov/fdsnws/event/1/query?eventid=us7000sz3s&format=quakeml,0.05057550919699242,0.09866869728459471,0.09866869728459471,0.09866869728459471,1,1.0,0.09866869728459471
attempt_003,cluster:quakeml:earthquake.usgs.gov/fdsnws/event/1/query?eventid=us7000sz4r&format=quakeml,0.32277873535248736,0.5178003657928849,0.5178003657928849,-0.5178003657928849,1,1.0,0.5178003657928849
attempt_003,cluster:quakeml:earthquake.usgs.gov/fdsnws/event/1/query?eventid=us7000sz66&format=quakeml,0.4603716839528386,1.4775598063865367,2.0189348668531144,1.3758324807716173,2,2.0,2.5782257910038306
attempt_003,cluster:quakeml:earthquake.usgs.gov/fdsnws/event/1/query?eventid=us7000sz6t&format=quakeml,0.2549905072742337,0.5626004314967441,0.5626004314967441,0.5626004314967441,1,1.0,0.5626004314967441
attempt_003,cluster:quakeml:earthquake.usgs.gov/fdsnws/event/1/query?eventid=us7000sz6v&format=quakeml,0.8647166939947564,2.6290996560683553,2.6290996560683553,2.6290996560683553,1,1.0,2.6290996560683553
attempt_003,cluster:quakeml:earthquake.usgs.gov/fdsnws/event/1/query?eventid=us7000sz7d&format=quakeml,0.12277227821679661,0.8422824011197685,0.8422824011197685,0.8422824011197685,1,1.0,0.8422824011197685
attempt_003,cluster:quakeml:earthquake.usgs.gov/fdsnws/event/1/query?eventid=us7000szcl&format=quakeml,0.12521778903912215,0.21901902418024455,0.26359334150378716,-0.14667009488053662,2,2.0,0.33635510008467384
attempt_003,cluster:quakeml:earthquake.usgs.gov/fdsnws/event/1/query?eventid=us7000szhi&format=quakeml,0.1431335753595586,0.2971498530579795,0.2971498530579795,0.2971498530579795,1,1.0,0.2971498530579795
attempt_003,cluster:quakeml:earthquake.usgs.gov/fdsnws/event/1/query?eventid=us7000szr0&format=quakeml,0.11774851086770394,0.32202308116640643,0.422217759052825,-0.062232695708575925,4,4.0,0.6322419121349214
attempt_003,cluster:quakeml:earthquake.usgs.gov/fdsnws/event/1/query?eventid=us7000sztw&format=quakeml,0.2693004311602138,0.5973904816073301,0.5973904816073301,0.5973904816073301,1,1.0,0.5973904816073301
attempt_003,cluster:quakeml:earthquake.usgs.gov/fdsnws/event/1/query?eventid=us7000szu6&format=quakeml,0.18841267578752482,0.3667696872539421,0.3667696872539421,0.3667696872539421,1,1.0,0.3667696872539421
attempt_003,cluster:quakeml:earthquake.usgs.gov/fdsnws/event/1/query?eventid=us7000szwc&format=quakeml,0.4744976550352393,2.492740658980124,2.492740658980124,-2.492740658980124,1,1.0,2.492740658980124
attempt_003,cluster:quakeml:earthquake.usgs.gov/fdsnws/event/1/query?eventid=us7000szyg&format=quakeml,0.22718248899860408,1.3957713342638387,1.9126966568258825,-1.3077579605876046,2,2.0,2.4419777027339222
attempt_003,cluster:quakeml:earthquake.usgs.gov/fdsnws/event/1/query?eventid=us7000szzy&format=quakeml,0.3302581982104537,0.491108701318289,0.5698239284694072,-0.491108701318289,2,2.0,0.7222956254409434
attempt_003,cluster:quakeml:earthquake.usgs.gov/fdsnws/event/1/query?eventid=us7000t02u&format=quakeml,0.3287275236948343,2.5449813509459007,2.5449813509459007,-2.5449813509459007,1,1.0,2.5449813509459007
attempt_003,cluster:quakeml:earthquake.usgs.gov/fdsnws/event/1/query?eventid=us7000t04s&format=quakeml,0.20100688781132076,1.7162284293518288,1.7162284293518288,-1.7162284293518288,1,1.0,1.7162284293518288
attempt_003,cluster:quakeml:earthquake.usgs.gov/fdsnws/event/1/query?eventid=us7000t06l&format=quakeml,0.05446980031438557,0.10481371337394063,0.10774714313312282,0.02497062958988172,2,2.0,0.124790217045846
attempt_003,cluster:quakeml:earthquake.usgs.gov/fdsnws/event/1/query?eventid=us7000t097&format=quakeml,0.09828024650150874,0.1964349740443011,0.22999337694019517,0.11962547558346193,2,2.0,0.29213535451107064
attempt_003,cluster:quakeml:earthquake.usgs.gov/fdsnws/event/1/query?eventid=us7000t0de&format=quakeml,0.1427713242033052,0.29312006333853025,0.29312006333853025,0.29312006333853025,1,1.0,0.29312006333853025
attempt_003,cluster:quakeml:earthquake.usgs.gov/fdsnws/event/1/query?eventid=us7000t0e6&format=quakeml,0.2336675403846793,0.49591486619868785,0.49591486619868785,0.49591486619868785,1,1.0,0.49591486619868785
attempt_003,cluster:quakeml:earthquake.usgs.gov/fdsnws/event/1/query?eventid=us7000t0q6&format=quakeml,0.6144590628162561,1.6922207062564267,1.6922207062564267,1.6922207062564267,1,1.0,1.6922207062564267
attempt_003,cluster:quakeml:earthquake.usgs.gov/fdsnws/event/1/query?eventid=us7000t0x1&format=quakeml,0.7155712575342524,2.1022084483235037,2.1022084483235037,2.1022084483235037,1,1.0,2.1022084483235037
attempt_003,cluster:quakeml:earthquake.usgs.gov/fdsnws/event/1/query?eventid=us7000t0xw&format=quakeml,0.35900713917848265,2.083061161510119,2.083061161510119,-2.083061161510119,1,1.0,2.083061161510119
attempt_003,cluster:quakeml:earthquake.usgs.gov/fdsnws/event/1/query?eventid=us7000t0yi&format=quakeml,0.22620567039982306,1.9768554163901602,1.9768554163901602,1.9768554163901602,1,1.0,1.9768554163901602
attempt_003,cluster:quakeml:earthquake.usgs.gov/fdsnws/event/1/query?eventid=us7000t0yv&format=quakeml,0.32415203243329305,1.4925506791229828,1.4925506791229828,-1.4925506791229828,1,1.0,1.4925506791229828
attempt_003,cluster:quakeml:earthquake.usgs.gov/fdsnws/event/1/query?eventid=us7000t0zd&format=quakeml,0.4056153006145593,5.344604836603104,5.344604836603104,-5.344604836603104,1,1.0,5.344604836603104
attempt_003,cluster:quakeml:earthquake.usgs.gov/fdsnws/event/1/query?eventid=us7000t106&format=quakeml,0.28668977245600885,0.6381249938037106,0.6381249938037106,0.6381249938037106,1,1.0,0.6381249938037106
attempt_003,cluster:quakeml:earthquake.usgs.gov/fdsnws/event/1/query?eventid=us7000t11q&format=quakeml,1.064762459088938,3.7109929460138265,3.7109929460138265,3.7109929460138265,1,1.0,3.7109929460138265
attempt_003,cluster:quakeml:earthquake.usgs.gov/fdsnws/event/1/query?eventid=us7000t19p&format=quakeml,0.2090385724556236,0.47387151927923576,0.625094208835709,0.33199195664920206,3,3.0,0.8822137510900196
attempt_003,cluster:quakeml:earthquake.usgs.gov/fdsnws/event/1/query?eventid=us7000t1b3&format=quakeml,0.3738990462619775,2.902922719101503,3.6690993432692562,-2.902922719101503,2,2.0,4.6980859411317635
attempt_003,cluster:quakeml:earthquake.usgs.gov/fdsnws/event/1/query?eventid=us7000t1dh&format=quakeml,0.09406542082818627,0.16967812792803838,0.16967812792803838,-0.16967812792803838,1,1.0,0.16967812792803838
attempt_003,cluster:quakeml:earthquake.usgs.gov/fdsnws/event/1/query?eventid=us7000t1gu&format=quakeml,0.22309984757228146,0.47664582348164686,0.47664582348164686,0.47664582348164686,1,1.0,0.47664582348164686
attempt_003,cluster:quakeml:earthquake.usgs.gov/fdsnws/event/1/query?eventid=us7000t1jw&format=quakeml,0.025376264789007306,0.04705703420380858,0.04705703420380858,-0.04705703420380858,1,1.0,0.04705703420380858
attempt_003,cluster:quakeml:earthquake.usgs.gov/fdsnws/event/1/query?eventid=us7000t1ld&format=quakeml,0.2599924772666421,0.556131778545595,0.556131778545595,0.556131778545595,1,1.0,0.556131778545595
attempt_003,cluster:quakeml:earthquake.usgs.gov/fdsnws/event/1/query?eventid=us7000t1ng&format=quakeml,0.024261772480212954,0.04516305208577798,0.04516305208577798,0.04516305208577798,1,1.0,0.04516305208577798
attempt_003,cluster:quakeml:earthquake.usgs.gov/fdsnws/event/1/query?eventid=us7000t1ph&format=quakeml,0.42889273698773267,3.732800138871162,5.235620654024687,-3.732800138871162,2,2.0,6.669783816711358
attempt_003,cluster:quakeml:earthquake.usgs.gov/fdsnws/event/1/query?eventid=us7000t1q1&format=quakeml,0.11451939547308812,1.1032618355574453,1.1032618355574453,-1.1032618355574453,1,1.0,1.1032618355574453
attempt_003,cluster:quakeml:earthquake.usgs.gov/fdsnws/event/1/query?eventid=us7000t1q8&format=quakeml,0.18325815433847692,0.3722813450050544,0.3722813450050544,0.3722813450050544,1,1.0,0.3722813450050544
attempt_003,cluster:quakeml:earthquake.usgs.gov/fdsnws/event/1/query?eventid=us7000t1qt&format=quakeml,0.5256204318967433,5.04885756483111,7.420708412869585,-5.04885756483111,3,3.0,10.512713922536003
attempt_003,cluster:quakeml:earthquake.usgs.gov/fdsnws/event/1/query?eventid=us7000t1w2&format=quakeml,0.24574535481822526,0.45725327245228503,0.5540754341288768,-0.011402889641537406,4,4.0,0.7730271462392676
attempt_003,cluster:quakeml:earthquake.usgs.gov/fdsnws/event/1/query?eventid=us7000t1wn&format=quakeml,0.23551744710408182,0.8957455555788734,0.8957455555788734,0.8957455555788734,1,1.0,0.8957455555788734
attempt_003,cluster:quakeml:earthquake.usgs.gov/fdsnws/event/1/query?eventid=us7000t1z0&format=quakeml,0.23477662921391046,0.5128456853306049,0.5128456853306049,0.5128456853306049,1,1.0,0.5128456853306049
attempt_003,cluster:quakeml:earthquake.usgs.gov/fdsnws/event/1/query?eventid=us7000t213&format=quakeml,0.13622653813285088,0.27685095650994884,0.27685095650994884,0.27685095650994884,1,1.0,0.27685095650994884
attempt_003,cluster:quakeml:earthquake.usgs.gov/fdsnws/event/1/query?eventid=us7000t22v&format=quakeml,0.9822781057612616,5.278884514630111,5.278884514630111,5.278884514630111,1,1.0,5.278884514630111
attempt_003,cluster:quakeml:earthquake.usgs.gov/fdsnws/event/1/query?eventid=us7000t27u&format=quakeml,0.08895178963830962,0.7825511976929302,0.7825511976929302,0.7825511976929302,1,1.0,0.7825511976929302
attempt_003,cluster:quakeml:earthquake.usgs.gov/fdsnws/event/1/query?eventid=us7000t2et&format=quakeml,0.2678925644560286,0.5806206478960239,0.5806206478960239,0.5806206478960239,1,1.0,0.5806206478960239
attempt_003,cluster:quakeml:earthquake.usgs.gov/fdsnws/event/1/query?eventid=us7000t2iy&format=quakeml,0.5158586933026381,2.2943487672535223,2.2943487672535223,-2.2943487672535223,1,1.0,2.2943487672535223
attempt_003,cluster:quakeml:earthquake.usgs.gov/fdsnws/event/1/query?eventid=us7000t2pj&format=quakeml,0.14876658327033204,0.260977781184732,0.260977781184732,-0.260977781184732,1,1.0,0.260977781184732
attempt_003,cluster:quakeml:earthquake.usgs.gov/fdsnws/event/1/query?eventid=us7000t2pq&format=quakeml,0.13721990226597722,0.2459288389469465,0.2459288389469465,-0.2459288389469465,1,1.0,0.2459288389469465
attempt_003,cluster:quakeml:earthquake.usgs.gov/fdsnws/event/1/query?eventid=us7000t2y2&format=quakeml,0.23780830740633774,1.701212170112198,1.701212170112198,-1.701212170112198,1,1.0,1.701212170112198
attempt_003,cluster:quakeml:earthquake.usgs.gov/fdsnws/event/1/query?eventid=us7000t2yy&format=quakeml,0.5556808858054694,4.035104445534335,4.035104445534335,-4.035104445534335,1,1.0,4.035104445534335
attempt_003,cluster:quakeml:earthquake.usgs.gov/fdsnws/event/1/query?eventid=us7000t30x&format=quakeml,0.21863092739970652,0.3906032870103535,0.3906032870103535,-0.3906032870103535,1,1.0,0.3906032870103535
attempt_003,cluster:quakeml:earthquake.usgs.gov/fdsnws/event/1/query?eventid=us7000t389&format=quakeml,0.24130541546974718,1.8609776359345398,1.8609776359345398,-1.8609776359345398,1,1.0,1.8609776359345398
attempt_003,cluster:quakeml:earthquake.usgs.gov/fdsnws/event/1/query?eventid=us7000t3di&format=quakeml,0.376374152154325,2.4455642351093685,2.4455642351093685,-2.4455642351093685,1,1.0,2.4455642351093685
attempt_003,cluster:quakeml:earthquake.usgs.gov/fdsnws/event/1/query?eventid=us7000t3dx&format=quakeml,0.009372521242836841,0.018174001064412026,0.018174001064412026,0.018174001064412026,1,1.0,0.018174001064412026
attempt_003,cluster:quakeml:earthquake.usgs.gov/fdsnws/event/1/query?eventid=us7000t3hh&format=quakeml,0.28839403251111556,2.4021572888854905,2.4021572888854905,2.4021572888854905,1,1.0,2.4021572888854905
attempt_003,cluster:quakeml:earthquake.usgs.gov/fdsnws/event/1/query?eventid=us7000t3hl&format=quakeml,0.09569457343658265,0.18151310182508573,0.18151310182508573,-0.18151310182508573,1,1.0,0.18151310182508573
attempt_003,cluster:quakeml:earthquake.usgs.gov/fdsnws/event/1/query?eventid=us7000t3in&format=quakeml,0.20115319619668356,0.33745821657654584,0.33745821657654584,-0.33745821657654584,1,1.0,0.33745821657654584
attempt_003,cluster:quakeml:earthquake.usgs.gov/fdsnws/event/1/query?eventid=uu80143896&format=quakeml,0.2794658328245164,0.308134956873962,0.31205569049362,0.308134956873962,4,4.0,0.36241632580184485
attempt_004,cluster:quakeml:earthquake.usgs.gov/fdsnws/event/1/query?eventid=aka2026ncclpa&format=quakeml,0.012986761140387769,0.0386418363359855,0.0386418363359855,0.0386418363359855,1,1.0,0.0386418363359855
attempt_004,cluster:quakeml:earthquake.usgs.gov/fdsnws/event/1/query?eventid=aka2026ncfzau&format=quakeml,0.5732979165828312,1.6539568027256208,2.061053814946477,0.9458414660713425,7,7.0,3.3721419359382923
attempt_004,cluster:quakeml:earthquake.usgs.gov/fdsnws/event/1/query?eventid=aka2026nzghnm&format=quakeml,0.08547726746115242,0.2067811912634432,0.2067811912634432,-0.2067811912634432,1,1.0,0.2067811912634432
attempt_004,cluster:quakeml:earthquake.usgs.gov/fdsnws/event/1/query?eventid=aka2026ofyant&format=quakeml,0.5414033553701632,1.45366763975191,1.45366763975191,-1.45366763975191,1,1.0,1.45366763975191
attempt_004,cluster:quakeml:earthquake.usgs.gov/fdsnws/event/1/query?eventid=ci40656850&format=quakeml,1.755307711761541,1.148454636164307,1.148454636164307,1.148454636164307,1,1.0,1.148454636164307
attempt_004,cluster:quakeml:earthquake.usgs.gov/fdsnws/event/1/query?eventid=ci40664370&format=quakeml,1.6164969182554576,1.0492091731304087,1.0492091731304087,1.0492091731304087,1,1.0,1.0492091731304087
attempt_004,cluster:quakeml:earthquake.usgs.gov/fdsnws/event/1/query?eventid=ci41285127&format=quakeml,0.9334713471630054,0.6347900129948072,0.6348857473223916,0.6347900129948072,3,3.0,0.642764964978255
attempt_004,cluster:quakeml:earthquake.usgs.gov/fdsnws/event/1/query?eventid=ci41287863&format=quakeml,0.6455770039482029,0.7075279447529199,0.7075279447529199,0.7075279447529199,1,1.0,0.7075279447529199
attempt_004,cluster:quakeml:earthquake.usgs.gov/fdsnws/event/1/query?eventid=nc75406447&format=quakeml,0.6816049666433556,1.191998906215127,1.191998906215127,1.191998906215127,1,1.0,1.191998906215127
attempt_004,cluster:quakeml:earthquake.usgs.gov/fdsnws/event/1/query?eventid=tx2026mvdbvd&format=quakeml,0.5873537721377655,0.435976804618287,0.43820788425275053,0.435976804618287,2,2.0,0.4713072506939317
attempt_004,cluster:quakeml:earthquake.usgs.gov/fdsnws/event/1/query?eventid=tx2026nqayet&format=quakeml,0.456020216007865,0.5590368971577189,0.5968473907721074,0.5590368971577189,3,3.0,0.7627192563252135
attempt_004,cluster:quakeml:earthquake.usgs.gov/fdsnws/event/1/query?eventid=us6000t9h4&format=quakeml,0.36464705090773775,2.4989779641591543,4.103199155573756,-2.2340011731767526,3,3.0,5.74268159310181
attempt_004,cluster:quakeml:earthquake.usgs.gov/fdsnws/event/1/query?eventid=us6000t9kl&format=quakeml,0.09368090444710057,0.18463340186368082,0.18463340186368082,0.18463340186368082,1,1.0,0.18463340186368082
attempt_004,cluster:quakeml:earthquake.usgs.gov/fdsnws/event/1/query?eventid=us6000t9kr&format=quakeml,0.11483968064091216,0.8719416959399702,0.8719416959399702,-0.8719416959399702,1,1.0,0.8719416959399702
attempt_004,cluster:quakeml:earthquake.usgs.gov/fdsnws/event/1/query?eventid=us6000t9lc&format=quakeml,0.15666065539561075,0.5954432082639833,1.2702963843398845,-0.19864281480126758,12,12.0,0.6406124899452176
attempt_004,cluster:quakeml:earthquake.usgs.gov/fdsnws/event/1/query?eventid=us6000t9qx&format=quakeml,0.5350101949110013,4.203205113683165,5.019363653235699,-4.203205113683165,2,2.0,6.398046812682899
attempt_004,cluster:quakeml:earthquake.usgs.gov/fdsnws/event/1/query?eventid=us6000t9qz&format=quakeml,0.39766774258903653,2.5680320564086165,2.6295768792625793,-2.5680320564086165,2,2.0,3.020499723291498
attempt_004,cluster:quakeml:earthquake.usgs.gov/fdsnws/event/1/query?eventid=us6000t9r5&format=quakeml,0.35980896674113155,2.547300319853548,4.822261321822296,-1.5344581234553787,23,23.0,4.653712360292471
attempt_004,cluster:quakeml:earthquake.usgs.gov/fdsnws/event/1/query?eventid=us6000t9sq&format=quakeml,0.668287930904143,2.3277338941260792,2.4902537271703373,2.3277338941260792,2,2.0,3.0356405744493644
attempt_004,cluster:quakeml:earthquake.usgs.gov/fdsnws/event/1/query?eventid=us6000t9tt&format=quakeml,0.11470909742423738,0.20547808549602387,0.20547808549602387,-0.20547808549602387,1,1.0,0.20547808549602387
attempt_004,cluster:quakeml:earthquake.usgs.gov/fdsnws/event/1/query?eventid=us6000t9zw&format=quakeml,0.14925793879769966,0.20416911214129685,0.2157964127046381,0.06987893376136356,2,2.0,0.2600722591503877
attempt_004,cluster:quakeml:earthquake.usgs.gov/fdsnws/event/1/query?eventid=us6000ta4c&format=quakeml,0.1662755130799951,0.2668519386204167,0.2668519386204167,-0.2668519386204167,1,1.0,0.2668519386204167
attempt_004,cluster:quakeml:earthquake.usgs.gov/fdsnws/event/1/query?eventid=us6000ta7h&format=quakeml,0.27358638907968963,0.6195870562829031,0.6195870562829031,0.6195870562829031,1,1.0,0.6195870562829031
attempt_004,cluster:quakeml:earthquake.usgs.gov/fdsnws/event/1/query?eventid=us6000ta7l&format=quakeml,0.39540177443487257,0.9491072266964913,0.9491072266964913,0.9491072266964913,1,1.0,0.9491072266964913
attempt_004,cluster:quakeml:earthquake.usgs.gov/fdsnws/event/1/query?eventid=us6000ta86&format=quakeml,0.313439082617896,1.5657299182361946,1.941824534319652,-1.5657299182361946,3,3.0,2.713664026276228
attempt_004,cluster:quakeml:earthquake.usgs.gov/fdsnws/event/1/query?eventid=us6000tahc&format=quakeml,0.16522589886093883,0.7064987065285258,0.7092956316526148,-0.7064987065285258,2,2.0,0.7568407096988525
attempt_004,cluster:quakeml:earthquake.usgs.gov/fdsnws/event/1/query?eventid=us6000tai4&format=quakeml,0.049048473354675055,0.08653996447042522,0.08653996447042522,-0.08653996447042522,1,1.0,0.08653996447042522
attempt_004,cluster:quakeml:earthquake.usgs.gov/fdsnws/event/1/query?eventid=us6000takd&format=quakeml,0.09738573318113518,0.15828670178347504,0.1891178474395843,-0.10349338268068697,2,2.0,0.24108140792802463
attempt_004,cluster:quakeml:earthquake.usgs.gov/fdsnws/event/1/query?eventid=us6000talg&format=quakeml,0.3538886652631592,3.052964189638549,5.076303048246684,-2.907739443625558,7,7.0,6.5417900622842104
attempt_004,cluster:quakeml:earthquake.usgs.gov/fdsnws/event/1/query?eventid=us6000talr&format=quakeml,0.16468299519937604,1.065581778930894,1.1237349782794468,-1.065581778930894,3,3.0,1.4215307477697174
attempt_004,cluster:quakeml:earthquake.usgs.gov/fdsnws/event/1/query?eventid=us6000tapb&format=quakeml,0.19633153923236013,1.3428344591445391,1.3428344591445391,-1.3428344591445391,1,1.0,1.3428344591445391
attempt_004,cluster:quakeml:earthquake.usgs.gov/fdsnws/event/1/query?eventid=us6000tary&format=quakeml,0.13924494718127356,0.547202628344611,0.5483704656617838,0.03576941630598851,2,2.0,0.5758181613894018
attempt_004,cluster:quakeml:earthquake.usgs.gov/fdsnws/event/1/query?eventid=us6000tasa&format=quakeml,0.1881292225501054,0.916549397649411,0.916549397649411,0.916549397649411,1,1.0,0.916549397649411
attempt_004,cluster:quakeml:earthquake.usgs.gov/fdsnws/event/1/query?eventid=us6000tatn&format=quakeml,0.39070429492486597,0.6009139983237455,0.6009139983237455,-0.6009139983237455,1,1.0,0.6009139983237455
attempt_004,cluster:quakeml:earthquake.usgs.gov/fdsnws/event/1/query?eventid=us6000tavd&format=quakeml,0.18196311554218986,1.661510704260809,1.683824179465598,-0.2732142876566752,2,2.0,1.8800821343861491
attempt_004,cluster:quakeml:earthquake.usgs.gov/fdsnws/event/1/query?eventid=us6000taxu&format=quakeml,0.2604960460900505,2.6680447483442897,2.6680447483442897,2.6680447483442897,1,1.0,2.6680447483442897
attempt_004,cluster:quakeml:earthquake.usgs.gov/fdsnws/event/1/query?eventid=us6000taxz&format=quakeml,0.11998368224951704,0.21697190889666662,0.21697190889666662,-0.21697190889666662,1,1.0,0.21697190889666662
attempt_004,cluster:quakeml:earthquake.usgs.gov/fdsnws/event/1/query?eventid=us6000tayu&format=quakeml,0.06574740324251993,0.13333147829034808,0.13333147829034808,0.13333147829034808,1,1.0,0.13333147829034808
attempt_004,cluster:quakeml:earthquake.usgs.gov/fdsnws/event/1/query?eventid=us6000tazm&format=quakeml,0.3144400174108244,2.1859385766861843,2.1859385766861843,-2.1859385766861843,1,1.0,2.1859385766861843
attempt_004,cluster:quakeml:earthquake.usgs.gov/fdsnws/event/1/query?eventid=us6000tg2v&format=quakeml,0.3529362737713916,0.8566386562227581,0.8566386562227581,0.8566386562227581,1,1.0,0.8566386562227581
attempt_004,cluster:quakeml:earthquake.usgs.gov/fdsnws/event/1/query?eventid=us6000tg42&format=quakeml,0.311335908659876,1.4788084740616314,2.188596659440064,-0.7362522953138648,23,23.0,3.5701655990267653
attempt_004,cluster:quakeml:earthquake.usgs.gov/fdsnws/event/1/query?eventid=us6000tg4g&format=quakeml,0.27251226702302905,1.463894890591365,1.463894890591365,-1.463894890591365,1,1.0,1.463894890591365
attempt_004,cluster:quakeml:earthquake.usgs.gov/fdsnws/event/1/query?eventid=us6000tg5f&format=quakeml,0.22185325433011194,1.8020227231627428,2.320728371829124,-1.4771471158504457,13,13.0,3.3021508186840745
attempt_004,cluster:quakeml:earthquake.usgs.gov/fdsnws/event/1/query?eventid=us6000tg8x&format=quakeml,0.10560286774293107,0.7033913968190837,0.7135210222391227,0.11980313876548054,2,2.0,0.7992339078314681
attempt_004,cluster:quakeml:earthquake.usgs.gov/fdsnws/event/1/query?eventid=us6000tgav&format=quakeml,0.40180838329868046,2.31392114162664,2.31392114162664,-2.31392114162664,1,1.0,2.31392114162664
attempt_004,cluster:quakeml:earthquake.usgs.gov/fdsnws/event/1/query?eventid=us6000tgdy&format=quakeml,0.15327108042244755,1.324409169364571,1.3300078456386994,-1.324409169364571,2,2.0,1.42193445737064
attempt_004,cluster:quakeml:earthquake.usgs.gov/fdsnws/event/1/query?eventid=us6000tgea&format=quakeml,0.2610959604449781,1.7075917334969715,1.7075917334969715,-1.7075917334969715,1,1.0,1.7075917334969715
attempt_004,cluster:quakeml:earthquake.usgs.gov/fdsnws/event/1/query?eventid=us6000tgn5&format=quakeml,0.18595164221636618,0.3921745516834054,0.3921745516834054,0.3921745516834054,1,1.0,0.3921745516834054
attempt_004,cluster:quakeml:earthquake.usgs.gov/fdsnws/event/1/query?eventid=us6000tgnw&format=quakeml,0.2748717261560937,1.7597358019218365,2.2501743645246464,0.36184668470825665,4,4.0,3.3379597453296106
attempt_004,cluster:quakeml:earthquake.usgs.gov/fdsnws/event/1/query?eventid=us6000tgp3&format=quakeml,0.5126830387211658,3.835847583977774,3.835847583977774,-3.835847583977774,1,1.0,3.835847583977774
attempt_004,cluster:quakeml:earthquake.usgs.gov/fdsnws/event/1/query?eventid=us6000tgpw&format=quakeml,0.46570516721568433,2.6378687546741215,3.1927685852951786,1.798727236787661,2,2.0,4.07685054410425
attempt_004,cluster:quakeml:earthquake.usgs.gov/fdsnws/event/1/query?eventid=us6000tgpy&format=quakeml,0.2774118588745405,0.6103259954303686,0.6103259954303686,0.6103259954303686,1,1.0,0.6103259954303686
attempt_004,cluster:quakeml:earthquake.usgs.gov/fdsnws/event/1/query?eventid=us6000tgqe&format=quakeml,0.3062487028198306,0.6589506318609337,0.6589506318609337,0.6589506318609337,1,1.0,0.6589506318609337
attempt_004,cluster:quakeml:earthquake.usgs.gov/fdsnws/event/1/query?eventid=us6000tgqr&format=quakeml,0.16687572084577343,0.2844898469550716,0.2844898469550716,-0.2844898469550716,1,1.0,0.2844898469550716
attempt_004,cluster:quakeml:earthquake.usgs.gov/fdsnws/event/1/query?eventid=us6000tgqt&format=quakeml,0.13350216868448833,1.1359914670359572,1.588105325123413,-0.6414914766179152,3,3.0,2.2675509574577304
attempt_004,cluster:quakeml:earthquake.usgs.gov/fdsnws/event/1/query?eventid=us6000tgx1&format=quakeml,0.20612385286850085,0.44008213976014754,0.44076542288831655,0.44008213976014754,2,2.0,0.4597085428424687
attempt_004,cluster:quakeml:earthquake.usgs.gov/fdsnws/event/1/query?eventid=us6000tgyz&format=quakeml,0.6630886935692197,3.7354264605703174,3.7354264605703174,-3.7354264605703174,1,1.0,3.7354264605703174
attempt_004,cluster:quakeml:earthquake.usgs.gov/fdsnws/event/1/query?eventid=us6000tgzq&format=quakeml,0.1939163824074877,1.0599445746879492,1.375531607915284,1.0599445746879492,7,7.0,2.3376622102104396
attempt_004,cluster:quakeml:earthquake.usgs.gov/fdsnws/event/1/query?eventid=us6000th04&format=quakeml,0.22266661200531437,0.46838065192413514,0.46838065192413514,0.46838065192413514,1,1.0,0.46838065192413514
attempt_004,cluster:quakeml:earthquake.usgs.gov/fdsnws/event/1/query?eventid=us6000th0l&format=quakeml,0.1031015715699609,0.21004014761742584,0.21004014761742584,0.21004014761742584,1,1.0,0.21004014761742584
attempt_004,cluster:quakeml:earthquake.usgs.gov/fdsnws/event/1/query?eventid=us6000th0m&format=quakeml,0.3916278681130546,2.5670935422610133,2.845912885650119,-1.639617532173728,4,4.0,3.9493670535685306
attempt_004,cluster:quakeml:earthquake.usgs.gov/fdsnws/event/1/query?eventid=us6000th1b&format=quakeml,0.09530638664782173,0.18899211404258653,0.18899211404258653,0.18899211404258653,1,1.0,0.18899211404258653
attempt_004,cluster:quakeml:earthquake.usgs.gov/fdsnws/event/1/query?eventid=us6000th1h&format=quakeml,0.23024826171560064,1.4283320922228813,1.8137469618721238,-1.11783070096798,2,2.0,2.3225966529972655
attempt_004,cluster:quakeml:earthquake.usgs.gov/fdsnws/event/1/query?eventid=us6000th1p&format=quakeml,0.17831220763350067,1.1200484941314937,1.1200484941314937,1.1200484941314937,1,1.0,1.1200484941314937
attempt_004,cluster:quakeml:earthquake.usgs.gov/fdsnws/event/1/query?eventid=us6000th5m&format=quakeml,0.10020568199405046,0.18678804764515244,0.18678804764515244,-0.18678804764515244,1,1.0,0.18678804764515244
attempt_004,cluster:quakeml:earthquake.usgs.gov/fdsnws/event/1/query?eventid=us6000th7y&format=quakeml,0.08767617706509538,0.16016234892435377,0.16016234892435377,-0.16016234892435377,1,1.0,0.16016234892435377
attempt_004,cluster:quakeml:earthquake.usgs.gov/fdsnws/event/1/query?eventid=us6000tha9&format=quakeml,0.4764142976311832,2.776129969059414,2.776129969059414,-2.776129969059414,1,1.0,2.776129969059414
attempt_004,cluster:quakeml:earthquake.usgs.gov/fdsnws/event/1/query?eventid=us6000thag&format=quakeml,0.3419225737616951,3.2169821990717544,4.071598419901386,-1.7165450476462365,4,4.0,5.884303824435677
attempt_004,cluster:quakeml:earthquake.usgs.gov/fdsnws/event/1/query?eventid=us6000thbs&format=quakeml,0.5848756086529151,3.5713822920887432,3.5713822920887432,-3.5713822920887432,1,1.0,3.5713822920887432
attempt_004,cluster:quakeml:earthquake.usgs.gov/fdsnws/event/1/query?eventid=us6000thug&format=quakeml,0.19659027233310233,0.41102791742133515,0.41102791742133515,0.41102791742133515,1,1.0,0.41102791742133515
attempt_004,cluster:quakeml:earthquake.usgs.gov/fdsnws/event/1/query?eventid=us6000ti1z&format=quakeml,0.2218524592493282,2.0795974325363034,2.0795974325363034,-2.0795974325363034,1,1.0,2.0795974325363034
attempt_004,cluster:quakeml:earthquake.usgs.gov/fdsnws/event/1/query?eventid=us7000sz3s&format=quakeml,0.050155343784523854,0.0978282620694555,0.0978282620694555,0.0978282620694555,1,1.0,0.0978282620694555
attempt_004,cluster:quakeml:earthquake.usgs.gov/fdsnws/event/1/query?eventid=us7000sz4r&format=quakeml,0.2847602611679609,0.46513080534094153,0.46513080534094153,-0.46513080534094153,1,1.0,0.46513080534094153
attempt_004,cluster:quakeml:earthquake.usgs.gov/fdsnws/event/1/query?eventid=us7000sz66&format=quakeml,0.47627837052409694,1.5625202507569094,2.1079863543770148,1.5625202507569094,2,2.0,2.6944953561267795
attempt_004,cluster:quakeml:earthquake.usgs.gov/fdsnws/event/1/query?eventid=us7000sz6t&format=quakeml,0.19688820193587883,0.4215065156448701,0.4215065156448701,0.4215065156448701,1,1.0,0.4215065156448701
attempt_004,cluster:quakeml:earthquake.usgs.gov/fdsnws/event/1/query?eventid=us7000sz6v&format=quakeml,0.8951863361694614,2.769625826512865,2.769625826512865,2.769625826512865,1,1.0,2.769625826512865
attempt_004,cluster:quakeml:earthquake.usgs.gov/fdsnws/event/1/query?eventid=us7000sz7d&format=quakeml,0.12049615148216096,0.8257076646996779,0.8257076646996779,0.8257076646996779,1,1.0,0.8257076646996779
attempt_004,cluster:quakeml:earthquake.usgs.gov/fdsnws/event/1/query?eventid=us7000szcl&format=quakeml,0.11007165640969258,0.18864945242890907,0.2618087487346458,-0.18153568523095864,2,2.0,0.333878000613676
attempt_004,cluster:quakeml:earthquake.usgs.gov/fdsnws/event/1/query?eventid=us7000szhi&format=quakeml,0.12543858309281836,0.25806954125323767,0.25806954125323767,0.25806954125323767,1,1.0,0.25806954125323767
attempt_004,cluster:quakeml:earthquake.usgs.gov/fdsnws/event/1/query?eventid=us7000szr0&format=quakeml,0.10111717432529901,0.24900507863629234,0.2927461133637971,-0.0041478122270209306,4,4.0,0.414075606600097
attempt_004,cluster:quakeml:earthquake.usgs.gov/fdsnws/event/1/query?eventid=us7000sztw&format=quakeml,0.20139555998431555,0.43126870908651616,0.43126870908651616,0.43126870908651616,1,1.0,0.43126870908651616
attempt_004,cluster:quakeml:earthquake.usgs.gov/fdsnws/event/1/query?eventid=us7000szu6&format=quakeml,0.1964766935044737,0.3840622017141848,0.3840622017141848,0.3840622017141848,1,1.0,0.3840622017141848
attempt_004,cluster:quakeml:earthquake.usgs.gov/fdsnws/event/1/query?eventid=us7000szwc&format=quakeml,0.4487193373134974,2.3855381658588932,2.3855381658588932,-2.3855381658588932,1,1.0,2.3855381658588932
attempt_004,cluster:quakeml:earthquake.usgs.gov/fdsnws/event/1/query?eventid=us7000szyg&format=quakeml,0.21608453190452648,1.3983491640157748,1.5992309995790586,-0.7759893076009607,2,2.0,2.019140610096543
attempt_004,cluster:quakeml:earthquake.usgs.gov/fdsnws/event/1/query?eventid=us7000szzy&format=quakeml,0.2804731440798036,0.4298668824622748,0.5029074955435618,-0.4298668824622748,2,2.0,0.6386813071533866
attempt_004,cluster:quakeml:earthquake.usgs.gov/fdsnws/event/1/query?eventid=us7000t02u&format=quakeml,0.33315251336982993,2.573852516538355,2.573852516538355,-2.573852516538355,1,1.0,2.573852516538355
attempt_004,cluster:quakeml:earthquake.usgs.gov/fdsnws/event/1/query?eventid=us7000t04s&format=quakeml,0.11102170354434808,0.990385354363454,0.990385354363454,-0.990385354363454,1,1.0,0.990385354363454
attempt_004,cluster:quakeml:earthquake.usgs.gov/fdsnws/event/1/query?eventid=us7000t06l&format=quakeml,0.05287591873965151,0.10336319334423505,0.1171570077645539,0.05515264934729813,2,2.0,0.14748531282207356
attempt_004,cluster:quakeml:earthquake.usgs.gov/fdsnws/event/1/query?eventid=us7000t097&format=quakeml,0.09828974580332889,0.1985320253247458,0.24410829526119904,0.1420348363458177,2,2.0,0.31215989440139996
attempt_004,cluster:quakeml:earthquake.usgs.gov/fdsnws/event/1/query?eventid=us7000t0de&format=quakeml,0.11516866852382433,0.23313971549111057,0.23313971549111057,0.23313971549111057,1,1.0,0.23313971549111057
attempt_004,cluster:quakeml:earthquake.usgs.gov/fdsnws/event/1/query?eventid=us7000t0e6&format=quakeml,0.1898785495187712,0.3939495671143125,0.3939495671143125,0.3939495671143125,1,1.0,0.3939495671143125
attempt_004,cluster:quakeml:earthquake.usgs.gov/fdsnws/event/1/query?eventid=us7000t0q6&format=quakeml,0.36432738272136844,0.8764535661211561,0.8764535661211561,0.8764535661211561,1,1.0,0.8764535661211561
attempt_004,cluster:quakeml:earthquake.usgs.gov/fdsnws/event/1/query?eventid=us7000t0x1&format=quakeml,0.46457952447234013,1.1891946473826556,1.1891946473826556,1.1891946473826556,1,1.0,1.1891946473826556
attempt_004,cluster:quakeml:earthquake.usgs.gov/fdsnws/event/1/query?eventid=us7000t0xw&format=quakeml,0.3088340612392598,1.8349061809888285,1.8349061809888285,-1.8349061809888285,1,1.0,1.8349061809888285
attempt_004,cluster:quakeml:earthquake.usgs.gov/fdsnws/event/1/query?eventid=us7000t0yi&format=quakeml,0.24924575996689105,2.204450396089097,2.204450396089097,2.204450396089097,1,1.0,2.204450396089097
attempt_004,cluster:quakeml:earthquake.usgs.gov/fdsnws/event/1/query?eventid=us7000t0yv&format=quakeml,0.29376891063031757,1.3722858598076577,1.3722858598076577,-1.3722858598076577,1,1.0,1.3722858598076577
attempt_004,cluster:quakeml:earthquake.usgs.gov/fdsnws/event/1/query?eventid=us7000t0zd&format=quakeml,0.3934214398236055,5.213523238172186,5.213523238172186,-5.213523238172186,1,1.0,5.213523238172186
attempt_004,cluster:quakeml:earthquake.usgs.gov/fdsnws/event/1/query?eventid=us7000t106&format=quakeml,0.23130620692932183,0.5001910363569204,0.5001910363569204,0.5001910363569204,1,1.0,0.5001910363569204
attempt_004,cluster:quakeml:earthquake.usgs.gov/fdsnws/event/1/query?eventid=us7000t11q&format=quakeml,1.0924387489767293,3.869940652381282,3.869940652381282,3.869940652381282,1,1.0,3.869940652381282
attempt_004,cluster:quakeml:earthquake.usgs.gov/fdsnws/event/1/query?eventid=us7000t19p&format=quakeml,0.13259350765760786,0.28266346265426606,0.3537363039544835,0.20346631623431075,3,3.0,0.4956484209510019
attempt_004,cluster:quakeml:earthquake.usgs.gov/fdsnws/event/1/query?eventid=us7000t1b3&format=quakeml,0.3112172419276856,2.5905971023942507,3.577153813627451,-2.5905971023942507,2,2.0,4.563993939836278
attempt_004,cluster:quakeml:earthquake.usgs.gov/fdsnws/event/1/query?eventid=us7000t1dh&format=quakeml,0.07685306073983142,0.13981102410381796,0.13981102410381796,-0.13981102410381796,1,1.0,0.13981102410381796
attempt_004,cluster:quakeml:earthquake.usgs.gov/fdsnws/event/1/query?eventid=us7000t1gu&format=quakeml,0.22454269377347047,0.4800875401398583,0.4800875401398583,0.4800875401398583,1,1.0,0.4800875401398583
attempt_004,cluster:quakeml:earthquake.usgs.gov/fdsnws/event/1/query?eventid=us7000t1jw&format=quakeml,0.011270544489131938,0.021285808557776065,0.021285808557776065,0.021285808557776065,1,1.0,0.021285808557776065
attempt_004,cluster:quakeml:earthquake.usgs.gov/fdsnws/event/1/query?eventid=us7000t1ld&format=quakeml,0.2469313638499021,0.5246109098038108,0.5246109098038108,0.5246109098038108,1,1.0,0.5246109098038108
attempt_004,cluster:quakeml:earthquake.usgs.gov/fdsnws/event/1/query?eventid=us7000t1ng&format=quakeml,0.056989395876378614,0.10784739059746351,0.10784739059746351,0.10784739059746351,1,1.0,0.10784739059746351
attempt_004,cluster:quakeml:earthquake.usgs.gov/fdsnws/event/1/query?eventid=us7000t1ph&format=quakeml,0.4540316000955801,3.843358865505208,5.290455717141739,-3.635589955699106,2,2.0,6.751830830064494
attempt_004,cluster:quakeml:earthquake.usgs.gov/fdsnws/event/1/query?eventid=us7000t1q1&format=quakeml,0.03518106686891892,0.3524696744238618,0.3524696744238618,-0.3524696744238618,1,1.0,0.3524696744238618
attempt_004,cluster:quakeml:earthquake.usgs.gov/fdsnws/event/1/query?eventid=us7000t1q8&format=quakeml,0.19482179376509515,0.39813978954321483,0.39813978954321483,0.39813978954321483,1,1.0,0.39813978954321483
attempt_004,cluster:quakeml:earthquake.usgs.gov/fdsnws/event/1/query?eventid=us7000t1qt&format=quakeml,0.5122096376711875,4.975195307988839,7.2935082418169035,-4.975195307988839,3,3.0,10.30462600442675
attempt_004,cluster:quakeml:earthquake.usgs.gov/fdsnws/event/1/query?eventid=us7000t1w2&format=quakeml,0.19637791602073312,0.34870501034717516,0.3804348085624986,-0.09775685668411604,4,4.0,0.47880648288848454
attempt_004,cluster:quakeml:earthquake.usgs.gov/fdsnws/event/1/query?eventid=us7000t1wn&format=quakeml,0.3553169813328735,1.4390324296206565,1.4390324296206565,1.4390324296206565,1,1.0,1.4390324296206565
attempt_004,cluster:quakeml:earthquake.usgs.gov/fdsnws/event/1/query?eventid=us7000t1z0&format=quakeml,0.20024678409641614,0.42966277474066117,0.42966277474066117,0.42966277474066117,1,1.0,0.42966277474066117
attempt_004,cluster:quakeml:earthquake.usgs.gov/fdsnws/event/1/query?eventid=us7000t213&format=quakeml,0.10141368783529443,0.20247513712512233,0.20247513712512233,0.20247513712512233,1,1.0,0.20247513712512233
attempt_004,cluster:quakeml:earthquake.usgs.gov/fdsnws/event/1/query?eventid=us7000t22v&format=quakeml,1.0129514365209047,5.541743989370362,5.541743989370362,5.541743989370362,1,1.0,5.541743989370362
attempt_004,cluster:quakeml:earthquake.usgs.gov/fdsnws/event/1/query?eventid=us7000t27u&format=quakeml,0.1375831930409916,1.240746158541123,1.240746158541123,1.240746158541123,1,1.0,1.240746158541123
attempt_004,cluster:quakeml:earthquake.usgs.gov/fdsnws/event/1/query?eventid=us7000t2et&format=quakeml,0.2526332560056248,0.5432068655578599,0.5432068655578599,0.5432068655578599,1,1.0,0.5432068655578599
attempt_004,cluster:quakeml:earthquake.usgs.gov/fdsnws/event/1/query?eventid=us7000t2iy&format=quakeml,0.4187395419036895,1.9477146534749141,1.9477146534749141,-1.9477146534749141,1,1.0,1.9477146534749141
attempt_004,cluster:quakeml:earthquake.usgs.gov/fdsnws/event/1/query?eventid=us7000t2pj&format=quakeml,0.12136450338670264,0.21577752614520196,0.21577752614520196,-0.21577752614520196,1,1.0,0.21577752614520196
attempt_004,cluster:quakeml:earthquake.usgs.gov/fdsnws/event/1/query?eventid=us7000t2pq&format=quakeml,0.10231024238807696,0.186526579683975,0.186526579683975,-0.186526579683975,1,1.0,0.186526579683975
attempt_004,cluster:quakeml:earthquake.usgs.gov/fdsnws/event/1/query?eventid=us7000t2y2&format=quakeml,0.20330260066405903,1.4787406319981153,1.4787406319981153,-1.4787406319981153,1,1.0,1.4787406319981153
attempt_004,cluster:quakeml:earthquake.usgs.gov/fdsnws/event/1/query?eventid=us7000t2yy&format=quakeml,0.532769396460149,3.909261329708884,3.909261329708884,-3.909261329708884,1,1.0,3.909261329708884
attempt_004,cluster:quakeml:earthquake.usgs.gov/fdsnws/event/1/query?eventid=us7000t30x&format=quakeml,0.26898950669722604,0.4691031158612191,0.4691031158612191,-0.4691031158612191,1,1.0,0.4691031158612191
attempt_004,cluster:quakeml:earthquake.usgs.gov/fdsnws/event/1/query?eventid=us7000t389&format=quakeml,0.2168643466890539,1.6922600206590213,1.6922600206590213,-1.6922600206590213,1,1.0,1.6922600206590213
attempt_004,cluster:quakeml:earthquake.usgs.gov/fdsnws/event/1/query?eventid=us7000t3di&format=quakeml,0.3179669249285891,2.1236934168141763,2.1236934168141763,-2.1236934168141763,1,1.0,2.1236934168141763
attempt_004,cluster:quakeml:earthquake.usgs.gov/fdsnws/event/1/query?eventid=us7000t3dx&format=quakeml,0.0018510675952001336,0.003575869025330025,0.003575869025330025,0.003575869025330025,1,1.0,0.003575869025330025
attempt_004,cluster:quakeml:earthquake.usgs.gov/fdsnws/event/1/query?eventid=us7000t3hh&format=quakeml,0.34267656448279615,2.937012052020833,2.937012052020833,2.937012052020833,1,1.0,2.937012052020833
attempt_004,cluster:quakeml:earthquake.usgs.gov/fdsnws/event/1/query?eventid=us7000t3hl&format=quakeml,0.15783662426402195,0.29041529880677497,0.29041529880677497,-0.29041529880677497,1,1.0,0.29041529880677497
attempt_004,cluster:quakeml:earthquake.usgs.gov/fdsnws/event/1/query?eventid=us7000t3in&format=quakeml,0.15450953570360978,0.2651409844422261,0.2651409844422261,-0.2651409844422261,1,1.0,0.2651409844422261
attempt_004,cluster:quakeml:earthquake.usgs.gov/fdsnws/event/1/query?eventid=uu80143896&format=quakeml,0.2352976218910582,0.25295450442332357,0.25766389416773844,0.25295450442332357,4,4.0,0.3068275572240944
attempt_005,cluster:quakeml:earthquake.usgs.gov/fdsnws/event/1/query?eventid=aka2026ncclpa&format=quakeml,0.8405565637946824,1.6806874523327655,1.6806874523327655,-1.6806874523327655,1,1.0,1.6806874523327655
attempt_005,cluster:quakeml:earthquake.usgs.gov/fdsnws/event/1/query?eventid=aka2026ncfzau&format=quakeml,0.6625394610357781,1.7680741641409503,2.099132740964107,0.5738889720528361,7,7.0,3.2771903998620804
attempt_005,cluster:quakeml:earthquake.usgs.gov/fdsnws/event/1/query?eventid=aka2026nzghnm&format=quakeml,0.8226112790182082,1.4152495442824722,1.4152495442824722,-1.4152495442824722,1,1.0,1.4152495442824722
attempt_005,cluster:quakeml:earthquake.usgs.gov/fdsnws/event/1/query?eventid=aka2026ofyant&format=quakeml,1.2641556566685082,2.494896776663505,2.494896776663505,-2.494896776663505,1,1.0,2.494896776663505
attempt_005,cluster:quakeml:earthquake.usgs.gov/fdsnws/event/1/query?eventid=ci40656850&format=quakeml,1.6801848088718725,1.0479714396244961,1.0479714396244961,1.0479714396244961,1,1.0,1.0479714396244961
attempt_005,cluster:quakeml:earthquake.usgs.gov/fdsnws/event/1/query?eventid=ci40664370&format=quakeml,1.4931702644960685,0.8973079977316338,0.8973079977316338,0.8973079977316338,1,1.0,0.8973079977316338
attempt_005,cluster:quakeml:earthquake.usgs.gov/fdsnws/event/1/query?eventid=ci41285127&format=quakeml,0.7648773415959743,0.47196067372483497,0.47198086789209553,0.47196067372483497,3,3.0,0.4760717476254623
attempt_005,cluster:quakeml:earthquake.usgs.gov/fdsnws/event/1/query?eventid=ci41287863&format=quakeml,0.4302628713889762,0.4193761085955974,0.4193761085955974,0.4193761085955974,1,1.0,0.4193761085955974
attempt_005,cluster:quakeml:earthquake.usgs.gov/fdsnws/event/1/query?eventid=nc75406447&format=quakeml,0.3725220744053629,0.5506964311940352,0.5506964311940352,0.5506964311940352,1,1.0,0.5506964311940352
attempt_005,cluster:quakeml:earthquake.usgs.gov/fdsnws/event/1/query?eventid=tx2026mvdbvd&format=quakeml,0.46106447023216235,0.3190478821109892,0.3249187757412257,0.3190478821109892,2,2.0,0.36823753793198805
attempt_005,cluster:quakeml:earthquake.usgs.gov/fdsnws/event/1/query?eventid=tx2026nqayet&format=quakeml,0.22826908601254844,0.23504268441854473,0.2819047712334267,0.18623601315999225,3,3.0,0.39348564793335206
attempt_005,cluster:quakeml:earthquake.usgs.gov/fdsnws/event/1/query?eventid=us6000t9h4&format=quakeml,0.47562307059196396,2.8613653201844538,4.511094845101024,-2.3330620252000798,3,3.0,6.335479012008273
attempt_005,cluster:quakeml:earthquake.usgs.gov/fdsnws/event/1/query?eventid=us6000t9kl&format=quakeml,0.002130909154098689,0.004010380570520944,0.004010380570520944,0.004010380570520944,1,1.0,0.004010380570520944
attempt_005,cluster:quakeml:earthquake.usgs.gov/fdsnws/event/1/query?eventid=us6000t9kr&format=quakeml,0.20694321080419306,1.5023899883393188,1.5023899883393188,-1.5023899883393188,1,1.0,1.5023899883393188
attempt_005,cluster:quakeml:earthquake.usgs.gov/fdsnws/event/1/query?eventid=us6000t9lc&format=quakeml,0.17233931415678616,0.7523369841873319,1.9092314598862428,-0.382873597644448,12,12.0,0.5734552242273655
attempt_005,cluster:quakeml:earthquake.usgs.gov/fdsnws/event/1/query?eventid=us6000t9qx&format=quakeml,0.6637517866099372,4.752245298961521,5.455531235379508,-4.752245298961521,2,2.0,6.8957356381904455
attempt_005,cluster:quakeml:earthquake.usgs.gov/fdsnws/event/1/query?eventid=us6000t9qz&format=quakeml,0.5580634917916992,3.344478168586669,3.383106091921385,-3.344478168586669,2,2.0,3.75229978374133
attempt_005,cluster:quakeml:earthquake.usgs.gov/fdsnws/event/1/query?eventid=us6000t9r5&format=quakeml,0.4695191023994692,3.093651275290579,5.148194318254111,-2.571933846792823,23,23.0,5.294218767137998
attempt_005,cluster:quakeml:earthquake.usgs.gov/fdsnws/event/1/query?eventid=us6000t9sq&format=quakeml,0.5471942065359346,1.865639612801554,2.0902580679884224,1.865639612801554,2,2.0,2.6197505334221685
attempt_005,cluster:quakeml:earthquake.usgs.gov/fdsnws/event/1/query?eventid=us6000t9tt&format=quakeml,0.06011029341107017,0.11746415183329528,0.11746415183329528,0.11746415183329528,1,1.0,0.11746415183329528
attempt_005,cluster:quakeml:earthquake.usgs.gov/fdsnws/event/1/query?eventid=us6000t9zw&format=quakeml,0.15317314054799802,0.20517009740121905,0.23438349360769162,0.11331748853606449,2,2.0,0.29582408823007067
attempt_005,cluster:quakeml:earthquake.usgs.gov/fdsnws/event/1/query?eventid=us6000ta4c&format=quakeml,0.16583373349646907,0.2662001043512867,0.2662001043512867,-0.2662001043512867,1,1.0,0.2662001043512867
attempt_005,cluster:quakeml:earthquake.usgs.gov/fdsnws/event/1/query?eventid=us6000ta7h&format=quakeml,0.21321924579159757,0.4679446095825368,0.4679446095825368,0.4679446095825368,1,1.0,0.4679446095825368
attempt_005,cluster:quakeml:earthquake.usgs.gov/fdsnws/event/1/query?eventid=us6000ta7l&format=quakeml,0.48089796093764114,1.2084988235406755,1.2084988235406755,1.2084988235406755,1,1.0,1.2084988235406755
attempt_005,cluster:quakeml:earthquake.usgs.gov/fdsnws/event/1/query?eventid=us6000ta86&format=quakeml,0.41497618960342847,2.044982307460093,2.5577305154761683,-2.044982307460093,3,3.0,3.512150074993831
attempt_005,cluster:quakeml:earthquake.usgs.gov/fdsnws/event/1/query?eventid=us6000tahc&format=quakeml,0.41670187030383526,1.591829578868808,1.6045167351981893,-1.591829578868808,2,2.0,1.7529308794111138
attempt_005,cluster:quakeml:earthquake.usgs.gov/fdsnws/event/1/query?eventid=us6000tai4&format=quakeml,0.05781538685830823,0.10156589395042492,0.10156589395042492,-0.10156589395042492,1,1.0,0.10156589395042492
attempt_005,cluster:quakeml:earthquake.usgs.gov/fdsnws/event/1/query?eventid=us6000takd&format=quakeml,0.11995317904473536,0.21188646077184148,0.2119821875484591,0.0063698963424038135,2,2.0,0.21698237784576452
attempt_005,cluster:quakeml:earthquake.usgs.gov/fdsnws/event/1/query?eventid=us6000talg&format=quakeml,0.5900036776381118,4.191734776689009,5.987060469851016,-4.064064279530746,7,7.0,8.43437982563962
attempt_005,cluster:quakeml:earthquake.usgs.gov/fdsnws/event/1/query?eventid=us6000talr&format=quakeml,0.2557416713016238,1.5653852445461693,1.6945267544822091,-1.5653852445461693,3,3.0,2.130507064353843
attempt_005,cluster:quakeml:earthquake.usgs.gov/fdsnws/event/1/query?eventid=us6000tapb&format=quakeml,0.33261884140408765,2.131511696046676,2.131511696046676,-2.131511696046676,1,1.0,2.131511696046676
attempt_005,cluster:quakeml:earthquake.usgs.gov/fdsnws/event/1/query?eventid=us6000tary&format=quakeml,0.29710882315407117,1.235743199029109,1.5199808274284772,-1.235743199029109,2,2.0,1.9437682660671454
attempt_005,cluster:quakeml:earthquake.usgs.gov/fdsnws/event/1/query?eventid=us6000tasa&format=quakeml,0.18407920783825393,0.8949476671509462,0.8949476671509462,0.8949476671509462,1,1.0,0.8949476671509462
attempt_005,cluster:quakeml:earthquake.usgs.gov/fdsnws/event/1/query?eventid=us6000tatn&format=quakeml,0.12267159332374708,0.21449846670292394,0.21449846670292394,-0.21449846670292394,1,1.0,0.21449846670292394
attempt_005,cluster:quakeml:earthquake.usgs.gov/fdsnws/event/1/query?eventid=us6000tavd&format=quakeml,0.18456656402042168,1.6049031190548626,1.6143751960157977,0.1746231713118811,2,2.0,1.7446016561043676
attempt_005,cluster:quakeml:earthquake.usgs.gov/fdsnws/event/1/query?eventid=us6000taxu&format=quakeml,0.407372159776666,4.508672409414732,4.508672409414732,4.508672409414732,1,1.0,4.508672409414732
attempt_005,cluster:quakeml:earthquake.usgs.gov/fdsnws/event/1/query?eventid=us6000taxz&format=quakeml,0.011067510895527112,0.021121456835216046,0.021121456835216046,-0.021121456835216046,1,1.0,0.021121456835216046
attempt_005,cluster:quakeml:earthquake.usgs.gov/fdsnws/event/1/query?eventid=us6000tayu&format=quakeml,0.23856567193771713,0.5286159094456624,0.5286159094456624,0.5286159094456624,1,1.0,0.5286159094456624
attempt_005,cluster:quakeml:earthquake.usgs.gov/fdsnws/event/1/query?eventid=us6000tazm&format=quakeml,0.3911934795792591,2.6230281474959565,2.6230281474959565,-2.6230281474959565,1,1.0,2.6230281474959565
attempt_005,cluster:quakeml:earthquake.usgs.gov/fdsnws/event/1/query?eventid=us6000tg2v&format=quakeml,0.4634644621690127,1.1932926488004774,1.1932926488004774,1.1932926488004774,1,1.0,1.1932926488004774
attempt_005,cluster:quakeml:earthquake.usgs.gov/fdsnws/event/1/query?eventid=us6000tg42&format=quakeml,0.3910846843171502,1.7496873270200126,2.4187859192371515,-1.0057424511941344,23,23.0,3.6200550823838284
attempt_005,cluster:quakeml:earthquake.usgs.gov/fdsnws/event/1/query?eventid=us6000tg4g&format=quakeml,0.6355002666213156,2.8864124754580067,2.8864124754580067,-2.8864124754580067,1,1.0,2.8864124754580067
attempt_005,cluster:quakeml:earthquake.usgs.gov/fdsnws/event/1/query?eventid=us6000tg5f&format=quakeml,0.2587889308289306,2.0548720629981347,2.537066322892781,-1.5900299624283925,13,13.0,3.6972006282050836
attempt_005,cluster:quakeml:earthquake.usgs.gov/fdsnws/event/1/query?eventid=us6000tg8x&format=quakeml,0.12787666184904056,0.8825952992694819,0.9071592520471327,-0.20967462002380488,2,2.0,1.0503349952885257
attempt_005,cluster:quakeml:earthquake.usgs.gov/fdsnws/event/1/query?eventid=us6000tgav&format=quakeml,0.5456143310971486,2.9406566544771993,2.9406566544771993,-2.9406566544771993,1,1.0,2.9406566544771993
attempt_005,cluster:quakeml:earthquake.usgs.gov/fdsnws/event/1/query?eventid=us6000tgdy&format=quakeml,0.11690697532841972,1.0270218049993272,1.032903565167732,-1.0270218049993272,2,2.0,1.1150799203264594
attempt_005,cluster:quakeml:earthquake.usgs.gov/fdsnws/event/1/query?eventid=us6000tgea&format=quakeml,0.5410760342187131,3.1052548915466893,3.1052548915466893,-3.1052548915466893,1,1.0,3.1052548915466893
attempt_005,cluster:quakeml:earthquake.usgs.gov/fdsnws/event/1/query?eventid=us6000tgn5&format=quakeml,0.28065446535479266,0.6217483976628402,0.6217483976628402,0.6217483976628402,1,1.0,0.6217483976628402
attempt_005,cluster:quakeml:earthquake.usgs.gov/fdsnws/event/1/query?eventid=us6000tgnw&format=quakeml,0.2770622157965865,1.7629138442062615,2.2594583050422954,0.342286504384989,4,4.0,3.3273513557091134
attempt_005,cluster:quakeml:earthquake.usgs.gov/fdsnws/event/1/query?eventid=us6000tgp3&format=quakeml,0.6677568244446661,4.658541639516205,4.658541639516205,-4.658541639516205,1,1.0,4.658541639516205
attempt_005,cluster:quakeml:earthquake.usgs.gov/fdsnws/event/1/query?eventid=us6000tgpw&format=quakeml,0.46179926640714924,2.633370660180531,2.900684002747315,1.2162757293864486,2,2.0,3.6063912436896897
attempt_005,cluster:quakeml:earthquake.usgs.gov/fdsnws/event/1/query?eventid=us6000tgpy&format=quakeml,0.2790279521630714,0.6144007529705051,0.6144007529705051,0.6144007529705051,1,1.0,0.6144007529705051
attempt_005,cluster:quakeml:earthquake.usgs.gov/fdsnws/event/1/query?eventid=us6000tgqe&format=quakeml,0.3087874571795284,0.6653003717222745,0.6653003717222745,0.6653003717222745,1,1.0,0.6653003717222745
attempt_005,cluster:quakeml:earthquake.usgs.gov/fdsnws/event/1/query?eventid=us6000tgqr&format=quakeml,0.0019020454790462406,0.0035173400509309616,0.0035173400509309616,-0.0035173400509309616,1,1.0,0.0035173400509309616
attempt_005,cluster:quakeml:earthquake.usgs.gov/fdsnws/event/1/query?eventid=us6000tgqt&format=quakeml,0.12064718736034406,0.9885870938932593,1.484682460459961,-0.7125674432705535,3,3.0,2.1005651260108538
attempt_005,cluster:quakeml:earthquake.usgs.gov/fdsnws/event/1/query?eventid=us6000tgx1&format=quakeml,0.2834023963916764,0.6299336813596192,0.6308653560894951,0.6299336813596192,2,2.0,0.657352268954381
attempt_005,cluster:quakeml:earthquake.usgs.gov/fdsnws/event/1/query?eventid=us6000tgyz&format=quakeml,0.9088857377702504,4.600690127123789,4.600690127123789,-4.600690127123789,1,1.0,4.600690127123789
attempt_005,cluster:quakeml:earthquake.usgs.gov/fdsnws/event/1/query?eventid=us6000tgzq&format=quakeml,0.17773274787536913,0.958141635348131,1.357089699613082,0.9232032585875415,7,7.0,2.314767687993676
attempt_005,cluster:quakeml:earthquake.usgs.gov/fdsnws/event/1/query?eventid=us6000th04&format=quakeml,0.37239187319851086,0.8473565238148064,0.8473565238148064,0.8473565238148064,1,1.0,0.8473565238148064
attempt_005,cluster:quakeml:earthquake.usgs.gov/fdsnws/event/1/query?eventid=us6000th0l&format=quakeml,0.14475138682609243,0.30122475349430977,0.30122475349430977,0.30122475349430977,1,1.0,0.30122475349430977
attempt_005,cluster:quakeml:earthquake.usgs.gov/fdsnws/event/1/query?eventid=us6000th0m&format=quakeml,0.4254660716084303,2.7663695841813585,2.944833525692267,-1.7641263477601576,4,4.0,3.906307944201813
attempt_005,cluster:quakeml:earthquake.usgs.gov/fdsnws/event/1/query?eventid=us6000th1b&format=quakeml,0.19864448970136353,0.4153242033553399,0.4153242033553399,0.4153242033553399,1,1.0,0.4153242033553399
attempt_005,cluster:quakeml:earthquake.usgs.gov/fdsnws/event/1/query?eventid=us6000th1h&format=quakeml,0.43753137573475764,2.20259022449332,2.5362270674563154,-2.20259022449332,2,2.0,3.2085068144873903
attempt_005,cluster:quakeml:earthquake.usgs.gov/fdsnws/event/1/query?eventid=us6000th1p&format=quakeml,0.27660876152751307,1.8284157848828535,1.8284157848828535,1.8284157848828535,1,1.0,1.8284157848828535
attempt_005,cluster:quakeml:earthquake.usgs.gov/fdsnws/event/1/query?eventid=us6000th5m&format=quakeml,0.01279619762422857,0.024908047124221122,0.024908047124221122,-0.024908047124221122,1,1.0,0.024908047124221122
attempt_005,cluster:quakeml:earthquake.usgs.gov/fdsnws/event/1/query?eventid=us6000th7y&format=quakeml,0.05678556559507658,0.11148219333888276,0.11148219333888276,0.11148219333888276,1,1.0,0.11148219333888276
attempt_005,cluster:quakeml:earthquake.usgs.gov/fdsnws/event/1/query?eventid=us6000tha9&format=quakeml,0.5943044666646419,3.2819931366788193,3.2819931366788193,-3.2819931366788193,1,1.0,3.2819931366788193
attempt_005,cluster:quakeml:earthquake.usgs.gov/fdsnws/event/1/query?eventid=us6000thag&format=quakeml,0.3319832335031551,3.1025418883437155,3.9289038152406626,-1.5397081352543431,4,4.0,5.67766429082158
attempt_005,cluster:quakeml:earthquake.usgs.gov/fdsnws/event/1/query?eventid=us6000thbs&format=quakeml,0.8301962531256932,4.54895260882264,4.54895260882264,-4.54895260882264,1,1.0,4.54895260882264
attempt_005,cluster:quakeml:earthquake.usgs.gov/fdsnws/event/1/query?eventid=us6000thug&format=quakeml,0.054609166948965074,0.10619373018150613,0.10619373018150613,0.10619373018150613,1,1.0,0.10619373018150613
attempt_005,cluster:quakeml:earthquake.usgs.gov/fdsnws/event/1/query?eventid=us6000ti1z&format=quakeml,0.29324970701349606,2.656523413668009,2.656523413668009,-2.656523413668009,1,1.0,2.656523413668009
attempt_005,cluster:quakeml:earthquake.usgs.gov/fdsnws/event/1/query?eventid=us7000sz3s&format=quakeml,0.035032855467103274,0.06781340421320814,0.06781340421320814,0.06781340421320814,1,1.0,0.06781340421320814
attempt_005,cluster:quakeml:earthquake.usgs.gov/fdsnws/event/1/query?eventid=us7000sz4r&format=quakeml,0.10871522362775335,0.19335761304787846,0.19335761304787846,-0.19335761304787846,1,1.0,0.19335761304787846
attempt_005,cluster:quakeml:earthquake.usgs.gov/fdsnws/event/1/query?eventid=us7000sz66&format=quakeml,0.36127396261694783,1.1974951528821056,1.2613604733012063,0.3962771787909385,2,2.0,1.5145168959148565
attempt_005,cluster:quakeml:earthquake.usgs.gov/fdsnws/event/1/query?eventid=us7000sz6t&format=quakeml,0.25915286356664774,0.5730263422062418,0.5730263422062418,0.5730263422062418,1,1.0,0.5730263422062418
attempt_005,cluster:quakeml:earthquake.usgs.gov/fdsnws/event/1/query?eventid=us7000sz6v&format=quakeml,0.5389980675248586,1.3664337096156094,1.3664337096156094,1.3664337096156094,1,1.0,1.3664337096156094
attempt_005,cluster:quakeml:earthquake.usgs.gov/fdsnws/event/1/query?eventid=us7000sz7d&format=quakeml,0.11846761984612178,0.7203668340042579,0.7203668340042579,-0.7203668340042579,1,1.0,0.7203668340042579
attempt_005,cluster:quakeml:earthquake.usgs.gov/fdsnws/event/1/query?eventid=us7000szcl&format=quakeml,0.0813802602707945,0.1599563101009568,0.1688368176340917,0.054035634980021174,2,2.0,0.20318481808497374
attempt_005,cluster:quakeml:earthquake.usgs.gov/fdsnws/event/1/query?eventid=us7000szhi&format=quakeml,0.0954512389634426,0.19339964489321337,0.19339964489321337,0.19339964489321337,1,1.0,0.19339964489321337
attempt_005,cluster:quakeml:earthquake.usgs.gov/fdsnws/event/1/query?eventid=us7000szr0&format=quakeml,0.19766043860284138,0.5494550722098821,0.7614143625562627,-0.16301327353580586,4,4.0,1.1456835329289383
attempt_005,cluster:quakeml:earthquake.usgs.gov/fdsnws/event/1/query?eventid=us7000sztw&format=quakeml,0.21427681001027177,0.46192043792129955,0.46192043792129955,0.46192043792129955,1,1.0,0.46192043792129955
attempt_005,cluster:quakeml:earthquake.usgs.gov/fdsnws/event/1/query?eventid=us7000szu6&format=quakeml,0.07725045680876133,0.1420730144525435,0.1420730144525435,0.1420730144525435,1,1.0,0.1420730144525435
attempt_005,cluster:quakeml:earthquake.usgs.gov/fdsnws/event/1/query?eventid=us7000szwc&format=quakeml,0.6081479882143849,3.0063252977951733,3.0063252977951733,-3.0063252977951733,1,1.0,3.0063252977951733
attempt_005,cluster:quakeml:earthquake.usgs.gov/fdsnws/event/1/query?eventid=us7000szyg&format=quakeml,0.19506610368556354,1.287882125343629,1.4215724899667568,-0.6018537824510717,2,2.0,1.7693651513044863
attempt_005,cluster:quakeml:earthquake.usgs.gov/fdsnws/event/1/query?eventid=us7000szzy&format=quakeml,0.16884473387880516,0.2751006945057042,0.345703204422375,-0.20935690442490218,2,2.0,0.4425862180456259
attempt_005,cluster:quakeml:earthquake.usgs.gov/fdsnws/event/1/query?eventid=us7000t02u&format=quakeml,0.30781144390978077,2.4067703375786227,2.4067703375786227,-2.4067703375786227,1,1.0,2.4067703375786227
attempt_005,cluster:quakeml:earthquake.usgs.gov/fdsnws/event/1/query?eventid=us7000t04s&format=quakeml,0.04341430850186355,0.41819193238724317,0.41819193238724317,0.41819193238724317,1,1.0,0.41819193238724317
attempt_005,cluster:quakeml:earthquake.usgs.gov/fdsnws/event/1/query?eventid=us7000t06l&format=quakeml,0.048752910684102306,0.09648497859896377,0.12322192844999617,0.09648497859896377,2,2.0,0.15780012546858993
attempt_005,cluster:quakeml:earthquake.usgs.gov/fdsnws/event/1/query?eventid=us7000t097&format=quakeml,0.056299102120641625,0.1043991083255682,0.11138498598643828,-0.03882578117727098,2,2.0,0.13545973326738497
attempt_005,cluster:quakeml:earthquake.usgs.gov/fdsnws/event/1/query?eventid=us7000t0de&format=quakeml,0.113528871518845,0.22962828121093826,0.22962828121093826,0.22962828121093826,1,1.0,0.22962828121093826
attempt_005,cluster:quakeml:earthquake.usgs.gov/fdsnws/event/1/query?eventid=us7000t0e6&format=quakeml,0.2477305144422129,0.5296199888751567,0.5296199888751567,0.5296199888751567,1,1.0,0.5296199888751567
attempt_005,cluster:quakeml:earthquake.usgs.gov/fdsnws/event/1/query?eventid=us7000t0q6&format=quakeml,0.506682742707697,1.3155936392272227,1.3155936392272227,1.3155936392272227,1,1.0,1.3155936392272227
attempt_005,cluster:quakeml:earthquake.usgs.gov/fdsnws/event/1/query?eventid=us7000t0x1&format=quakeml,0.5506474185558691,1.4768291734524768,1.4768291734524768,1.4768291734524768,1,1.0,1.4768291734524768
attempt_005,cluster:quakeml:earthquake.usgs.gov/fdsnws/event/1/query?eventid=us7000t0xw&format=quakeml,0.3732839750811572,2.151428273598384,2.151428273598384,-2.151428273598384,1,1.0,2.151428273598384
attempt_005,cluster:quakeml:earthquake.usgs.gov/fdsnws/event/1/query?eventid=us7000t0yi&format=quakeml,0.2544383391769635,2.2564719323598883,2.2564719323598883,2.2564719323598883,1,1.0,2.2564719323598883
attempt_005,cluster:quakeml:earthquake.usgs.gov/fdsnws/event/1/query?eventid=us7000t0yv&format=quakeml,0.45178630669526343,1.9596814995617984,1.9596814995617984,-1.9596814995617984,1,1.0,1.9596814995617984
attempt_005,cluster:quakeml:earthquake.usgs.gov/fdsnws/event/1/query?eventid=us7000t0zd&format=quakeml,0.21972992774132316,3.1619516238547227,3.1619516238547227,-3.1619516238547227,1,1.0,3.1619516238547227
attempt_005,cluster:quakeml:earthquake.usgs.gov/fdsnws/event/1/query?eventid=us7000t106&format=quakeml,0.206388031705642,0.4405802362755866,0.4405802362755866,0.4405802362755866,1,1.0,0.4405802362755866
attempt_005,cluster:quakeml:earthquake.usgs.gov/fdsnws/event/1/query?eventid=us7000t11q&format=quakeml,0.78026169913526,2.3085304274299396,2.3085304274299396,2.3085304274299396,1,1.0,2.3085304274299396
attempt_005,cluster:quakeml:earthquake.usgs.gov/fdsnws/event/1/query?eventid=us7000t19p&format=quakeml,0.14783843264676896,0.3208034390533861,0.43425046078970914,0.19756128735903347,3,3.0,0.6188456779436354
attempt_005,cluster:quakeml:earthquake.usgs.gov/fdsnws/event/1/query?eventid=us7000t1b3&format=quakeml,0.4504619567956356,3.2949027985027306,4.0157857277727675,-3.2949027985027306,2,2.0,5.131447477587204
attempt_005,cluster:quakeml:earthquake.usgs.gov/fdsnws/event/1/query?eventid=us7000t1dh&format=quakeml,0.053604120374063015,0.10407632760532004,0.10407632760532004,0.10407632760532004,1,1.0,0.10407632760532004
attempt_005,cluster:quakeml:earthquake.usgs.gov/fdsnws/event/1/query?eventid=us7000t1gu&format=quakeml,0.07902458778134851,0.15681438618111798,0.15681438618111798,0.15681438618111798,1,1.0,0.15681438618111798
attempt_005,cluster:quakeml:earthquake.usgs.gov/fdsnws/event/1/query?eventid=us7000t1jw&format=quakeml,0.022258614797089623,0.04133988748083994,0.04133988748083994,-0.04133988748083994,1,1.0,0.04133988748083994
attempt_005,cluster:quakeml:earthquake.usgs.gov/fdsnws/event/1/query?eventid=us7000t1ld&format=quakeml,0.0885995714158571,0.17352041993047806,0.17352041993047806,0.17352041993047806,1,1.0,0.17352041993047806
attempt_005,cluster:quakeml:earthquake.usgs.gov/fdsnws/event/1/query?eventid=us7000t1ng&format=quakeml,0.026409649076432628,0.049214351096466435,0.049214351096466435,0.049214351096466435,1,1.0,0.049214351096466435
attempt_005,cluster:quakeml:earthquake.usgs.gov/fdsnws/event/1/query?eventid=us7000t1ph&format=quakeml,0.6614537931420954,4.657316116285081,5.923493555599647,-4.657316116285081,2,2.0,7.58548906158424
attempt_005,cluster:quakeml:earthquake.usgs.gov/fdsnws/event/1/query?eventid=us7000t1q1&format=quakeml,0.09087294608626452,0.9699440106001731,0.9699440106001731,0.9699440106001731,1,1.0,0.9699440106001731
attempt_005,cluster:quakeml:earthquake.usgs.gov/fdsnws/event/1/query?eventid=us7000t1q8&format=quakeml,0.134270614959326,0.2659929216063115,0.2659929216063115,0.2659929216063115,1,1.0,0.2659929216063115
attempt_005,cluster:quakeml:earthquake.usgs.gov/fdsnws/event/1/query?eventid=us7000t1qt&format=quakeml,0.6637751098478337,5.796303405352249,7.928765526828082,-5.796303405352249,3,3.0,11.181260173038414
attempt_005,cluster:quakeml:earthquake.usgs.gov/fdsnws/event/1/query?eventid=us7000t1w2&format=quakeml,0.1776463945201965,0.38228558906927784,0.502818286137357,0.20333697497169928,4,4.0,0.7297483948451676
attempt_005,cluster:quakeml:earthquake.usgs.gov/fdsnws/event/1/query?eventid=us7000t1wn&format=quakeml,0.18811485886186655,0.6981170242889583,0.6981170242889583,0.6981170242889583,1,1.0,0.6981170242889583
attempt_005,cluster:quakeml:earthquake.usgs.gov/fdsnws/event/1/query?eventid=us7000t1z0&format=quakeml,0.20893209800603985,0.4503162302113888,0.4503162302113888,0.4503162302113888,1,1.0,0.4503162302113888
attempt_005,cluster:quakeml:earthquake.usgs.gov/fdsnws/event/1/query?eventid=us7000t213&format=quakeml,0.022949366715593143,0.0440383418864716,0.0440383418864716,0.0440383418864716,1,1.0,0.0440383418864716
attempt_005,cluster:quakeml:earthquake.usgs.gov/fdsnws/event/1/query?eventid=us7000t22v&format=quakeml,1.1349491135254788,6.6708081276845625,6.6708081276845625,6.6708081276845625,1,1.0,6.6708081276845625
attempt_005,cluster:quakeml:earthquake.usgs.gov/fdsnws/event/1/query?eventid=us7000t27u&format=quakeml,0.17810967149275186,1.6399729566568695,1.6399729566568695,1.6399729566568695,1,1.0,1.6399729566568695
attempt_005,cluster:quakeml:earthquake.usgs.gov/fdsnws/event/1/query?eventid=us7000t2et&format=quakeml,0.12431354955755451,0.25018094378329336,0.25018094378329336,0.25018094378329336,1,1.0,0.25018094378329336
attempt_005,cluster:quakeml:earthquake.usgs.gov/fdsnws/event/1/query?eventid=us7000t2iy&format=quakeml,0.6311939466595072,2.664572816770559,2.664572816770559,-2.664572816770559,1,1.0,2.664572816770559
attempt_005,cluster:quakeml:earthquake.usgs.gov/fdsnws/event/1/query?eventid=us7000t2pj&format=quakeml,0.0700965046925954,0.1278103427760735,0.1278103427760735,-0.1278103427760735,1,1.0,0.1278103427760735
attempt_005,cluster:quakeml:earthquake.usgs.gov/fdsnws/event/1/query?eventid=us7000t2pq&format=quakeml,0.07772484956674036,0.1550227877318633,0.1550227877318633,0.1550227877318633,1,1.0,0.1550227877318633
attempt_005,cluster:quakeml:earthquake.usgs.gov/fdsnws/event/1/query?eventid=us7000t2y2&format=quakeml,0.539908679788526,3.353441772102401,3.353441772102401,-3.353441772102401,1,1.0,3.353441772102401
attempt_005,cluster:quakeml:earthquake.usgs.gov/fdsnws/event/1/query?eventid=us7000t2yy&format=quakeml,0.7527759165792366,5.006444350932877,5.006444350932877,-5.006444350932877,1,1.0,5.006444350932877
attempt_005,cluster:quakeml:earthquake.usgs.gov/fdsnws/event/1/query?eventid=us7000t30x&format=quakeml,0.08448204728806116,0.17533693111120852,0.17533693111120852,0.17533693111120852,1,1.0,0.17533693111120852
attempt_005,cluster:quakeml:earthquake.usgs.gov/fdsnws/event/1/query?eventid=us7000t389&format=quakeml,0.3941351499521991,2.827397824190034,2.827397824190034,-2.827397824190034,1,1.0,2.827397824190034
attempt_005,cluster:quakeml:earthquake.usgs.gov/fdsnws/event/1/query?eventid=us7000t3di&format=quakeml,0.5258084473152876,3.1883701649256206,3.1883701649256206,-3.1883701649256206,1,1.0,3.1883701649256206
attempt_005,cluster:quakeml:earthquake.usgs.gov/fdsnws/event/1/query?eventid=us7000t3dx&format=quakeml,0.03342676850490541,0.06560401997452292,0.06560401997452292,0.06560401997452292,1,1.0,0.06560401997452292
attempt_005,cluster:quakeml:earthquake.usgs.gov/fdsnws/event/1/query?eventid=us7000t3hh&format=quakeml,0.49033457629141114,4.547749534330576,4.547749534330576,4.547749534330576,1,1.0,4.547749534330576
attempt_005,cluster:quakeml:earthquake.usgs.gov/fdsnws/event/1/query?eventid=us7000t3hl&format=quakeml,0.040529405143821265,0.08226888006215272,0.08226888006215272,0.08226888006215272,1,1.0,0.08226888006215272
attempt_005,cluster:quakeml:earthquake.usgs.gov/fdsnws/event/1/query?eventid=us7000t3in&format=quakeml,0.19926831078598023,0.33460078674715965,0.33460078674715965,-0.33460078674715965,1,1.0,0.33460078674715965
attempt_005,cluster:quakeml:earthquake.usgs.gov/fdsnws/event/1/query?eventid=uu80143896&format=quakeml,0.20368658738069517,0.17964672517774521,0.19340756287171823,-0.17964672517774521,4,4.0,0.23942382046040495
attempt_006,cluster:quakeml:earthquake.usgs.gov/fdsnws/event/1/query?eventid=aka2026ncclpa&format=quakeml,0.0314796878973138,0.09454049895222072,0.09454049895222072,0.09454049895222072,1,1.0,0.09454049895222072
attempt_006,cluster:quakeml:earthquake.usgs.gov/fdsnws/event/1/query?eventid=aka2026ncfzau&format=quakeml,0.5848546462065327,1.7168918076944626,2.1731390357583664,1.0705279602827835,7,7.0,3.5581115444981313
attempt_006,cluster:quakeml:earthquake.usgs.gov/fdsnws/event/1/query?eventid=aka2026nzghnm&format=quakeml,0.07603089924743216,0.18478817564578476,0.18478817564578476,-0.18478817564578476,1,1.0,0.18478817564578476
attempt_006,cluster:quakeml:earthquake.usgs.gov/fdsnws/event/1/query?eventid=aka2026ofyant&format=quakeml,0.5485717486029288,1.4681205346834756,1.4681205346834756,-1.4681205346834756,1,1.0,1.4681205346834756
attempt_006,cluster:quakeml:earthquake.usgs.gov/fdsnws/event/1/query?eventid=ci40656850&format=quakeml,1.8153250637008482,1.2343374582917437,1.2343374582917437,1.2343374582917437,1,1.0,1.2343374582917437
attempt_006,cluster:quakeml:earthquake.usgs.gov/fdsnws/event/1/query?eventid=ci40664370&format=quakeml,1.6753398916877469,1.1285586180927905,1.1285586180927905,1.1285586180927905,1,1.0,1.1285586180927905
attempt_006,cluster:quakeml:earthquake.usgs.gov/fdsnws/event/1/query?eventid=ci41285127&format=quakeml,0.97721752390685,0.681629509719822,0.6817612102564578,0.681629509719822,3,3.0,0.6921646415121077
attempt_006,cluster:quakeml:earthquake.usgs.gov/fdsnws/event/1/query?eventid=ci41287863&format=quakeml,0.680472767117365,0.7603526871253414,0.7603526871253414,0.7603526871253414,1,1.0,0.7603526871253414
attempt_006,cluster:quakeml:earthquake.usgs.gov/fdsnws/event/1/query?eventid=nc75406447&format=quakeml,0.6847697232172897,1.1996443872718852,1.1996443872718852,1.1996443872718852,1,1.0,1.1996443872718852
attempt_006,cluster:quakeml:earthquake.usgs.gov/fdsnws/event/1/query?eventid=tx2026mvdbvd&format=quakeml,0.5874479205354626,0.4362150121198977,0.4411956035501701,0.4362150121198977,2,2.0,0.4890999365092858
attempt_006,cluster:quakeml:earthquake.usgs.gov/fdsnws/event/1/query?eventid=tx2026nqayet&format=quakeml,0.45682377574920624,0.5601870658246376,0.5959662747755288,0.5601870658246376,3,3.0,0.7610592996696254
attempt_006,cluster:quakeml:earthquake.usgs.gov/fdsnws/event/1/query?eventid=us6000t9h4&format=quakeml,0.36126804302974674,2.490600642262691,4.098768994796193,-2.23752992218436,3,3.0,5.735562411703637
attempt_006,cluster:quakeml:earthquake.usgs.gov/fdsnws/event/1/query?eventid=us6000t9kl&format=quakeml,0.10521406268852825,0.2085829873092213,0.2085829873092213,0.2085829873092213,1,1.0,0.2085829873092213
attempt_006,cluster:quakeml:earthquake.usgs.gov/fdsnws/event/1/query?eventid=us6000t9kr&format=quakeml,0.11216010103451958,0.8527166057532449,0.8527166057532449,-0.8527166057532449,1,1.0,0.8527166057532449
attempt_006,cluster:quakeml:earthquake.usgs.gov/fdsnws/event/1/query?eventid=us6000t9lc&format=quakeml,0.15771698309776686,0.605634984894543,1.3082298312502496,-0.20676018283793038,12,12.0,0.6158966565556272
attempt_006,cluster:quakeml:earthquake.usgs.gov/fdsnws/event/1/query?eventid=us6000t9qx&format=quakeml,0.541192383161685,4.260089596485862,5.130196708782795,-4.260089596485862,2,2.0,6.546824197715308
attempt_006,cluster:quakeml:earthquake.usgs.gov/fdsnws/event/1/query?eventid=us6000t9qz&format=quakeml,0.412310794522898,2.643617285033046,2.7077863712184738,-2.643617285033046,2,2.0,3.1124163856676894
attempt_006,cluster:quakeml:earthquake.usgs.gov/fdsnws/event/1/query?eventid=us6000t9r5&format=quakeml,0.36515733593059385,2.585758968313227,4.8847373864639705,-1.5706330713702765,23,23.0,4.726083681706739
attempt_006,cluster:quakeml:earthquake.usgs.gov/fdsnws/event/1/query?eventid=us6000t9sq&format=quakeml,0.6650103257436009,2.3035032591861127,2.455364361712361,2.3035032591861127,2,2.0,2.9835911987638615
attempt_006,cluster:quakeml:earthquake.usgs.gov/fdsnws/event/1/query?eventid=us6000t9tt&format=quakeml,0.11892863307858742,0.21259627470085918,0.21259627470085918,-0.21259627470085918,1,1.0,0.21259627470085918
attempt_006,cluster:quakeml:earthquake.usgs.gov/fdsnws/event/1/query?eventid=us6000t9zw&format=quakeml,0.15861988315381545,0.2165326489702124,0.23364824217969882,0.08777877308100157,2,2.0,0.2867556674350137
attempt_006,cluster:quakeml:earthquake.usgs.gov/fdsnws/event/1/query?eventid=us6000ta4c&format=quakeml,0.13418687309965255,0.2187487887351982,0.2187487887351982,-0.2187487887351982,1,1.0,0.2187487887351982
attempt_006,cluster:quakeml:earthquake.usgs.gov/fdsnws/event/1/query?eventid=us6000ta7h&format=quakeml,0.2607890750496488,0.586671161572015,0.586671161572015,0.586671161572015,1,1.0,0.586671161572015
attempt_006,cluster:quakeml:earthquake.usgs.gov/fdsnws/event/1/query?eventid=us6000ta7l&format=quakeml,0.38161718535867906,0.9093225703061798,0.9093225703061798,0.9093225703061798,1,1.0,0.9093225703061798
attempt_006,cluster:quakeml:earthquake.usgs.gov/fdsnws/event/1/query?eventid=us6000ta86&format=quakeml,0.3168871668051514,1.5806512120024803,1.9870552601513416,-1.5806512120024803,3,3.0,2.792960441867904
attempt_006,cluster:quakeml:earthquake.usgs.gov/fdsnws/event/1/query?eventid=us6000tahc&format=quakeml,0.17489692928651035,0.749153350655652,0.7546602667133518,-0.749153350655652,2,2.0,0.8219550005590524
attempt_006,cluster:quakeml:earthquake.usgs.gov/fdsnws/event/1/query?eventid=us6000tai4&format=quakeml,0.043500855776178966,0.07696342358403263,0.07696342358403263,-0.07696342358403263,1,1.0,0.07696342358403263
attempt_006,cluster:quakeml:earthquake.usgs.gov/fdsnws/event/1/query?eventid=us6000takd&format=quakeml,0.08299088585440231,0.1377054141198798,0.15741146281578325,-0.07625999965825547,2,2.0,0.19871341384648417
attempt_006,cluster:quakeml:earthquake.usgs.gov/fdsnws/event/1/query?eventid=us6000talg&format=quakeml,0.35653880135443,3.079291652320898,5.087400506616854,-2.908567223259577,7,7.0,6.6220087223727875
attempt_006,cluster:quakeml:earthquake.usgs.gov/fdsnws/event/1/query?eventid=us6000talr&format=quakeml,0.16235342215941143,1.052289075511833,1.1134591413971002,-1.052289075511833,3,3.0,1.4177239841436926
attempt_006,cluster:quakeml:earthquake.usgs.gov/fdsnws/event/1/query?eventid=us6000tapb&format=quakeml,0.20145719248438565,1.3744819250237317,1.3744819250237317,-1.3744819250237317,1,1.0,1.3744819250237317
attempt_006,cluster:quakeml:earthquake.usgs.gov/fdsnws/event/1/query?eventid=us6000tary&format=quakeml,0.14536242182454429,0.5670328746115156,0.5706839960232889,0.064451085537099,2,2.0,0.6185937430411949
attempt_006,cluster:quakeml:earthquake.usgs.gov/fdsnws/event/1/query?eventid=us6000tasa&format=quakeml,0.19360031669980418,0.9458700655212846,0.9458700655212846,0.9458700655212846,1,1.0,0.9458700655212846
attempt_006,cluster:quakeml:earthquake.usgs.gov/fdsnws/event/1/query?eventid=us6000tatn&format=quakeml,0.40105097216280355,0.6138536050403869,0.6138536050403869,-0.6138536050403869,1,1.0,0.6138536050403869
attempt_006,cluster:quakeml:earthquake.usgs.gov/fdsnws/event/1/query?eventid=us6000tavd&format=quakeml,0.1769937793139225,1.600595121932089,1.611310391633945,-0.18551666726938132,2,2.0,1.7490084557475942
attempt_006,cluster:quakeml:earthquake.usgs.gov/fdsnws/event/1/query?eventid=us6000taxu&format=quakeml,0.2537058687038282,2.5893151173592255,2.5893151173592255,2.5893151173592255,1,1.0,2.5893151173592255
attempt_006,cluster:quakeml:earthquake.usgs.gov/fdsnws/event/1/query?eventid=us6000taxz&format=quakeml,0.12799417657597287,0.23055153289868602,0.23055153289868602,-0.23055153289868602,1,1.0,0.23055153289868602
attempt_006,cluster:quakeml:earthquake.usgs.gov/fdsnws/event/1/query?eventid=us6000tayu&format=quakeml,0.04854000526492608,0.09758471209544362,0.09758471209544362,0.09758471209544362,1,1.0,0.09758471209544362
attempt_006,cluster:quakeml:earthquake.usgs.gov/fdsnws/event/1/query?eventid=us6000tazm&format=quakeml,0.32038657654567076,2.221014392218419,2.221014392218419,-2.221014392218419,1,1.0,2.221014392218419
attempt_006,cluster:quakeml:earthquake.usgs.gov/fdsnws/event/1/query?eventid=us6000tg2v&format=quakeml,0.35699217683876405,0.8683459732068397,0.8683459732068397,0.8683459732068397,1,1.0,0.8683459732068397
attempt_006,cluster:quakeml:earthquake.usgs.gov/fdsnws/event/1/query?eventid=us6000tg42&format=quakeml,0.3118927169142166,1.4819630061150504,2.193922662972733,-0.7433638486585257,23,23.0,3.523148440805365
attempt_006,cluster:quakeml:earthquake.usgs.gov/fdsnws/event/1/query?eventid=us6000tg4g&format=quakeml,0.29688390881663246,1.5764094825154666,1.5764094825154666,-1.5764094825154666,1,1.0,1.5764094825154666
attempt_006,cluster:quakeml:earthquake.usgs.gov/fdsnws/event/1/query?eventid=us6000tg5f&format=quakeml,0.22253792142347834,1.8111463312079825,2.3130624977134007,-1.4596282926861668,13,13.0,3.2955255580109033
attempt_006,cluster:quakeml:earthquake.usgs.gov/fdsnws/event/1/query?eventid=us6000tg8x&format=quakeml,0.11542759053075696,0.7678981450592164,0.7862442483226442,0.1688563200921256,2,2.0,0.9029832011329169
attempt_006,cluster:quakeml:earthquake.usgs.gov/fdsnws/event/1/query?eventid=us6000tgav&format=quakeml,0.40046569505240737,2.307634377802658,2.307634377802658,-2.307634377802658,1,1.0,2.307634377802658
attempt_006,cluster:quakeml:earthquake.usgs.gov/fdsnws/event/1/query?eventid=us6000tgdy&format=quakeml,0.16144339153782816,1.394322195912796,1.397465408013525,-1.394322195912796,2,2.0,1.4692629429785193
attempt_006,cluster:quakeml:earthquake.usgs.gov/fdsnws/event/1/query?eventid=us6000tgea&format=quakeml,0.271690277257782,1.7679072688283242,1.7679072688283242,-1.7679072688283242,1,1.0,1.7679072688283242
attempt_006,cluster:quakeml:earthquake.usgs.gov/fdsnws/event/1/query?eventid=us6000tgn5&format=quakeml,0.17298745527580364,0.36240543587477125,0.36240543587477125,0.36240543587477125,1,1.0,0.36240543587477125
attempt_006,cluster:quakeml:earthquake.usgs.gov/fdsnws/event/1/query?eventid=us6000tgnw&format=quakeml,0.27066676944484036,1.727011494861234,2.1815338741220094,0.3667404746132237,4,4.0,3.2259519077627887
attempt_006,cluster:quakeml:earthquake.usgs.gov/fdsnws/event/1/query?eventid=us6000tgp3&format=quakeml,0.5314433428422591,3.9422891452051276,3.9422891452051276,-3.9422891452051276,1,1.0,3.9422891452051276
attempt_006,cluster:quakeml:earthquake.usgs.gov/fdsnws/event/1/query?eventid=us6000tgpw&format=quakeml,0.46900874923406255,2.6666273119285866,3.19145604640397,1.753422503393001,2,2.0,4.069365314642988
attempt_006,cluster:quakeml:earthquake.usgs.gov/fdsnws/event/1/query?eventid=us6000tgpy&format=quakeml,0.26948069653629925,0.5904238399166777,0.5904238399166777,0.5904238399166777,1,1.0,0.5904238399166777
attempt_006,cluster:quakeml:earthquake.usgs.gov/fdsnws/event/1/query?eventid=us6000tgqe&format=quakeml,0.2879022673078309,0.6135399772349577,0.6135399772349577,0.6135399772349577,1,1.0,0.6135399772349577
attempt_006,cluster:quakeml:earthquake.usgs.gov/fdsnws/event/1/query?eventid=us6000tgqr&format=quakeml,0.16371396724292775,0.2795290896211946,0.2795290896211946,-0.2795290896211946,1,1.0,0.2795290896211946
attempt_006,cluster:quakeml:earthquake.usgs.gov/fdsnws/event/1/query?eventid=us6000tgqt&format=quakeml,0.1333278381894596,1.1280388406527408,1.598039925354812,-0.6713780557578702,3,3.0,2.2809615466221933
attempt_006,cluster:quakeml:earthquake.usgs.gov/fdsnws/event/1/query?eventid=us6000tgx1&format=quakeml,0.2026275201356909,0.4317888987036096,0.4322997173113971,0.4317888987036096,2,2.0,0.44859637406596564
attempt_006,cluster:quakeml:earthquake.usgs.gov/fdsnws/event/1/query?eventid=us6000tgyz&format=quakeml,0.6847209829450647,3.8203966925389476,3.8203966925389476,-3.8203966925389476,1,1.0,3.8203966925389476
attempt_006,cluster:quakeml:earthquake.usgs.gov/fdsnws/event/1/query?eventid=us6000tgzq&format=quakeml,0.19313930982198296,1.0472419060783236,1.3389913402301932,1.0472419060783236,7,7.0,2.2439437085120737
attempt_006,cluster:quakeml:earthquake.usgs.gov/fdsnws/event/1/query?eventid=us6000th04&format=quakeml,0.20662602589886706,0.4310435858171153,0.4310435858171153,0.4310435858171153,1,1.0,0.4310435858171153
attempt_006,cluster:quakeml:earthquake.usgs.gov/fdsnws/event/1/query?eventid=us6000th0l&format=quakeml,0.08476580713512205,0.17108575319876063,0.17108575319876063,0.17108575319876063,1,1.0,0.17108575319876063
attempt_006,cluster:quakeml:earthquake.usgs.gov/fdsnws/event/1/query?eventid=us6000th0m&format=quakeml,0.3963600694392321,2.5728849277320034,2.878071444379778,-1.7059662970633722,4,4.0,4.034800708565233
attempt_006,cluster:quakeml:earthquake.usgs.gov/fdsnws/event/1/query?eventid=us6000th1b&format=quakeml,0.09541945423216064,0.18922719394848886,0.18922719394848886,0.18922719394848886,1,1.0,0.18922719394848886
attempt_006,cluster:quakeml:earthquake.usgs.gov/fdsnws/event/1/query?eventid=us6000th1h&format=quakeml,0.248675719003956,1.5137125534762992,1.8898171180925158,-1.1314075504802699,2,2.0,2.418838593860515
attempt_006,cluster:quakeml:earthquake.usgs.gov/fdsnws/event/1/query?eventid=us6000th1p&format=quakeml,0.1864775752643328,1.176276228972461,1.176276228972461,1.176276228972461,1,1.0,1.176276228972461
attempt_006,cluster:quakeml:earthquake.usgs.gov/fdsnws/event/1/query?eventid=us6000th5m&format=quakeml,0.0842999582134134,0.1583743627725025,0.1583743627725025,-0.1583743627725025,1,1.0,0.1583743627725025
attempt_006,cluster:quakeml:earthquake.usgs.gov/fdsnws/event/1/query?eventid=us6000th7y&format=quakeml,0.09788086553480731,0.17790779030451254,0.17790779030451254,-0.17790779030451254,1,1.0,0.17790779030451254
attempt_006,cluster:quakeml:earthquake.usgs.gov/fdsnws/event/1/query?eventid=us6000tha9&format=quakeml,0.4889395762521118,2.832750499418709,2.832750499418709,-2.832750499418709,1,1.0,2.832750499418709
attempt_006,cluster:quakeml:earthquake.usgs.gov/fdsnws/event/1/query?eventid=us6000thag&format=quakeml,0.35502937135700186,3.3150876522253796,4.1747524472729065,-1.7298508427199144,4,4.0,6.005526809502214
attempt_006,cluster:quakeml:earthquake.usgs.gov/fdsnws/event/1/query?eventid=us6000thbs&format=quakeml,0.5737784361747879,3.5212381266991306,3.5212381266991306,-3.5212381266991306,1,1.0,3.5212381266991306
attempt_006,cluster:quakeml:earthquake.usgs.gov/fdsnws/event/1/query?eventid=us6000thug&format=quakeml,0.21221138409947973,0.4472862342228163,0.4472862342228163,0.4472862342228163,1,1.0,0.4472862342228163
attempt_006,cluster:quakeml:earthquake.usgs.gov/fdsnws/event/1/query?eventid=us6000ti1z&format=quakeml,0.226723013770914,2.12027653041895,2.12027653041895,-2.12027653041895,1,1.0,2.12027653041895
attempt_006,cluster:quakeml:earthquake.usgs.gov/fdsnws/event/1/query?eventid=us7000sz3s&format=quakeml,0.04787976504202142,0.093282669276322,0.093282669276322,0.093282669276322,1,1.0,0.093282669276322
attempt_006,cluster:quakeml:earthquake.usgs.gov/fdsnws/event/1/query?eventid=us7000sz4r&format=quakeml,0.2923332670514453,0.47578251542063343,0.47578251542063343,-0.47578251542063343,1,1.0,0.47578251542063343
attempt_006,cluster:quakeml:earthquake.usgs.gov/fdsnws/event/1/query?eventid=us7000sz66&format=quakeml,0.48359250152582167,1.616774055443581,2.108723259477792,1.616774055443581,2,2.0,2.699808441219297
attempt_006,cluster:quakeml:earthquake.usgs.gov/fdsnws/event/1/query?eventid=us7000sz6t&format=quakeml,0.18979305026669563,0.404831779048308,0.404831779048308,0.404831779048308,1,1.0,0.404831779048308
attempt_006,cluster:quakeml:earthquake.usgs.gov/fdsnws/event/1/query?eventid=us7000sz6v&format=quakeml,0.9073737882070072,2.8270442858284532,2.8270442858284532,2.8270442858284532,1,1.0,2.8270442858284532
attempt_006,cluster:quakeml:earthquake.usgs.gov/fdsnws/event/1/query?eventid=us7000sz7d&format=quakeml,0.1070387850466574,0.7284784075349169,0.7284784075349169,0.7284784075349169,1,1.0,0.7284784075349169
attempt_006,cluster:quakeml:earthquake.usgs.gov/fdsnws/event/1/query?eventid=us7000szcl&format=quakeml,0.11848133570045218,0.20155230891636922,0.27924311749430186,-0.19327023940176857,2,2.0,0.3561685004377841
attempt_006,cluster:quakeml:earthquake.usgs.gov/fdsnws/event/1/query?eventid=us7000szhi&format=quakeml,0.11655647445159123,0.23871208255220866,0.23871208255220866,0.23871208255220866,1,1.0,0.23871208255220866
attempt_006,cluster:quakeml:earthquake.usgs.gov/fdsnws/event/1/query?eventid=us7000szr0&format=quakeml,0.10751873771165531,0.26498498809463383,0.3047695679241441,-0.0011251707867833693,4,4.0,0.42751534355484483
attempt_006,cluster:quakeml:earthquake.usgs.gov/fdsnws/event/1/query?eventid=us7000sztw&format=quakeml,0.20334382485942,0.4358794207531125,0.4358794207531125,0.4358794207531125,1,1.0,0.4358794207531125
attempt_006,cluster:quakeml:earthquake.usgs.gov/fdsnws/event/1/query?eventid=us7000szu6&format=quakeml,0.20870755945244232,0.4105577181389146,0.4105577181389146,0.4105577181389146,1,1.0,0.4105577181389146
attempt_006,cluster:quakeml:earthquake.usgs.gov/fdsnws/event/1/query?eventid=us7000szwc&format=quakeml,0.4618779745463873,2.440605324043066,2.440605324043066,-2.440605324043066,1,1.0,2.440605324043066
attempt_006,cluster:quakeml:earthquake.usgs.gov/fdsnws/event/1/query?eventid=us7000szyg&format=quakeml,0.21378189004309867,1.3777627474312721,1.6094883424210709,-0.831999120299991,2,2.0,2.043362043671265
attempt_006,cluster:quakeml:earthquake.usgs.gov/fdsnws/event/1/query?eventid=us7000szzy&format=quakeml,0.28176624722376803,0.435967775939735,0.49664541683814845,-0.435967775939735,2,2.0,0.6262749270965938
attempt_006,cluster:quakeml:earthquake.usgs.gov/fdsnws/event/1/query?eventid=us7000t02u&format=quakeml,0.3389518738583392,2.6114979434183505,2.6114979434183505,-2.6114979434183505,1,1.0,2.6114979434183505
attempt_006,cluster:quakeml:earthquake.usgs.gov/fdsnws/event/1/query?eventid=us7000t04s&format=quakeml,0.10922360259559434,0.9752054223316069,0.9752054223316069,-0.9752054223316069,1,1.0,0.9752054223316069
attempt_006,cluster:quakeml:earthquake.usgs.gov/fdsnws/event/1/query?eventid=us7000t06l&format=quakeml,0.05344842008597532,0.10401298498457667,0.11393157413691975,0.04649411295975725,2,2.0,0.14120827535238248
attempt_006,cluster:quakeml:earthquake.usgs.gov/fdsnws/event/1/query?eventid=us7000t097&format=quakeml,0.09311579815064233,0.18807754076913352,0.2355383698284022,0.14179267371643745,2,2.0,0.3015116797422835
attempt_006,cluster:quakeml:earthquake.usgs.gov/fdsnws/event/1/query?eventid=us7000t0de&format=quakeml,0.11900266809018106,0.2413722839783634,0.2413722839783634,0.2413722839783634,1,1.0,0.2413722839783634
attempt_006,cluster:quakeml:earthquake.usgs.gov/fdsnws/event/1/query?eventid=us7000t0e6&format=quakeml,0.16706761733950948,0.3425755858683326,0.3425755858683326,0.3425755858683326,1,1.0,0.3425755858683326
attempt_006,cluster:quakeml:earthquake.usgs.gov/fdsnws/event/1/query?eventid=us7000t0q6&format=quakeml,0.37736498426529064,0.9141224181333427,0.9141224181333427,0.9141224181333427,1,1.0,0.9141224181333427
attempt_006,cluster:quakeml:earthquake.usgs.gov/fdsnws/event/1/query?eventid=us7000t0x1&format=quakeml,0.46869967868698476,1.2024071429154208,1.2024071429154208,1.2024071429154208,1,1.0,1.2024071429154208
attempt_006,cluster:quakeml:earthquake.usgs.gov/fdsnws/event/1/query?eventid=us7000t0xw&format=quakeml,0.32007740140090224,1.8916028863513228,1.8916028863513228,-1.8916028863513228,1,1.0,1.8916028863513228
attempt_006,cluster:quakeml:earthquake.usgs.gov/fdsnws/event/1/query?eventid=us7000t0yi&format=quakeml,0.25025580302484024,2.214548300043983,2.214548300043983,2.214548300043983,1,1.0,2.214548300043983
attempt_006,cluster:quakeml:earthquake.usgs.gov/fdsnws/event/1/query?eventid=us7000t0yv&format=quakeml,0.3215778090644082,1.4825022719053473,1.4825022719053473,-1.4825022719053473,1,1.0,1.4825022719053473
attempt_006,cluster:quakeml:earthquake.usgs.gov/fdsnws/event/1/query?eventid=us7000t0zd&format=quakeml,0.40518681615252244,5.340025758327439,5.340025758327439,-5.340025758327439,1,1.0,5.340025758327439
attempt_006,cluster:quakeml:earthquake.usgs.gov/fdsnws/event/1/query?eventid=us7000t106&format=quakeml,0.22622123014539874,0.4879055134424257,0.4879055134424257,0.4879055134424257,1,1.0,0.4879055134424257
attempt_006,cluster:quakeml:earthquake.usgs.gov/fdsnws/event/1/query?eventid=us7000t11q&format=quakeml,1.0704261860856454,3.74316327174643,3.74316327174643,3.74316327174643,1,1.0,3.74316327174643
attempt_006,cluster:quakeml:earthquake.usgs.gov/fdsnws/event/1/query?eventid=us7000t19p&format=quakeml,0.12443762322585232,0.2662187027222435,0.33365439079144216,0.21671516492987708,3,3.0,0.4712648602927225
attempt_006,cluster:quakeml:earthquake.usgs.gov/fdsnws/event/1/query?eventid=us7000t1b3&format=quakeml,0.3177335921424879,2.6337831871043904,3.6622611830767,-2.6337831871043904,2,2.0,4.669518823598928
attempt_006,cluster:quakeml:earthquake.usgs.gov/fdsnws/event/1/query?eventid=us7000t1dh&format=quakeml,0.08776352086673109,0.15880259933461227,0.15880259933461227,-0.15880259933461227,1,1.0,0.15880259933461227
attempt_006,cluster:quakeml:earthquake.usgs.gov/fdsnws/event/1/query?eventid=us7000t1gu&format=quakeml,0.22519985129396342,0.4816567482209093,0.4816567482209093,0.4816567482209093,1,1.0,0.4816567482209093
attempt_006,cluster:quakeml:earthquake.usgs.gov/fdsnws/event/1/query?eventid=us7000t1jw&format=quakeml,0.013423275283337352,0.025378863647035566,0.025378863647035566,0.025378863647035566,1,1.0,0.025378863647035566
attempt_006,cluster:quakeml:earthquake.usgs.gov/fdsnws/event/1/query?eventid=us7000t1ld&format=quakeml,0.2601506208828926,0.5565159606065728,0.5565159606065728,0.5565159606065728,1,1.0,0.5565159606065728
attempt_006,cluster:quakeml:earthquake.usgs.gov/fdsnws/event/1/query?eventid=us7000t1ng&format=quakeml,0.06903776822022789,0.13144560744211575,0.13144560744211575,0.13144560744211575,1,1.0,0.13144560744211575
attempt_006,cluster:quakeml:earthquake.usgs.gov/fdsnws/event/1/query?eventid=us7000t1ph&format=quakeml,0.453608037817286,3.838002484771133,5.272001960873434,-3.6143798364787196,2,2.0,6.7295063539541085
attempt_006,cluster:quakeml:earthquake.usgs.gov/fdsnws/event/1/query?eventid=us7000t1q1&format=quakeml,0.027215979850338568,0.27375201849161,0.27375201849161,-0.27375201849161,1,1.0,0.27375201849161
attempt_006,cluster:quakeml:earthquake.usgs.gov/fdsnws/event/1/query?eventid=us7000t1q8&format=quakeml,0.2288584886124124,0.4760107923802064,0.4760107923802064,0.4760107923802064,1,1.0,0.4760107923802064
attempt_006,cluster:quakeml:earthquake.usgs.gov/fdsnws/event/1/query?eventid=us7000t1qt&format=quakeml,0.4987260689365431,4.894605966854492,7.229987147529952,-4.894605966854492,3,3.0,10.215343896455716
attempt_006,cluster:quakeml:earthquake.usgs.gov/fdsnws/event/1/query?eventid=us7000t1w2&format=quakeml,0.18831191954098372,0.337364320614802,0.36702203577585885,-0.09024512872752205,4,4.0,0.4649268056204395
attempt_006,cluster:quakeml:earthquake.usgs.gov/fdsnws/event/1/query?eventid=us7000t1wn&format=quakeml,0.3730357491075537,1.5250555762417335,1.5250555762417335,1.5250555762417335,1,1.0,1.5250555762417335
attempt_006,cluster:quakeml:earthquake.usgs.gov/fdsnws/event/1/query?eventid=us7000t1z0&format=quakeml,0.18383489356475044,0.3911220803688431,0.3911220803688431,0.3911220803688431,1,1.0,0.3911220803688431
attempt_006,cluster:quakeml:earthquake.usgs.gov/fdsnws/event/1/query?eventid=us7000t213&format=quakeml,0.11348911343087895,0.22798087935169753,0.22798087935169753,0.22798087935169753,1,1.0,0.22798087935169753
attempt_006,cluster:quakeml:earthquake.usgs.gov/fdsnws/event/1/query?eventid=us7000t22v&format=quakeml,1.0183279198631643,5.588654765478552,5.588654765478552,5.588654765478552,1,1.0,5.588654765478552
attempt_006,cluster:quakeml:earthquake.usgs.gov/fdsnws/event/1/query?eventid=us7000t27u&format=quakeml,0.13555048270004116,1.2211448502463593,1.2211448502463593,1.2211448502463593,1,1.0,1.2211448502463593
attempt_006,cluster:quakeml:earthquake.usgs.gov/fdsnws/event/1/query?eventid=us7000t2et&format=quakeml,0.25640313700838024,0.5523970780155036,0.5523970780155036,0.5523970780155036,1,1.0,0.5523970780155036
attempt_006,cluster:quakeml:earthquake.usgs.gov/fdsnws/event/1/query?eventid=us7000t2iy&format=quakeml,0.4206585323686465,1.9548949287001305,1.9548949287001305,-1.9548949287001305,1,1.0,1.9548949287001305
attempt_006,cluster:quakeml:earthquake.usgs.gov/fdsnws/event/1/query?eventid=us7000t2pj&format=quakeml,0.13073182177037176,0.23136862904827837,0.23136862904827837,-0.23136862904827837,1,1.0,0.23136862904827837
attempt_006,cluster:quakeml:earthquake.usgs.gov/fdsnws/event/1/query?eventid=us7000t2pq&format=quakeml,0.11658999110573341,0.21107588889877715,0.21107588889877715,-0.21107588889877715,1,1.0,0.21107588889877715
attempt_006,cluster:quakeml:earthquake.usgs.gov/fdsnws/event/1/query?eventid=us7000t2y2&format=quakeml,0.2151534794190124,1.5560148315208586,1.5560148315208586,-1.5560148315208586,1,1.0,1.5560148315208586
attempt_006,cluster:quakeml:earthquake.usgs.gov/fdsnws/event/1/query?eventid=us7000t2yy&format=quakeml,0.5443972940087436,3.973488751165397,3.973488751165397,-3.973488751165397,1,1.0,3.973488751165397
attempt_006,cluster:quakeml:earthquake.usgs.gov/fdsnws/event/1/query?eventid=us7000t30x&format=quakeml,0.2893488559699659,0.49973435329852434,0.49973435329852434,-0.49973435329852434,1,1.0,0.49973435329852434
attempt_006,cluster:quakeml:earthquake.usgs.gov/fdsnws/event/1/query?eventid=us7000t389&format=quakeml,0.22445082762753726,1.745071795755937,1.745071795755937,-1.745071795755937,1,1.0,1.745071795755937
attempt_006,cluster:quakeml:earthquake.usgs.gov/fdsnws/event/1/query?eventid=us7000t3di&format=quakeml,0.3217660320563351,2.145206026064007,2.145206026064007,-2.145206026064007,1,1.0,2.145206026064007
attempt_006,cluster:quakeml:earthquake.usgs.gov/fdsnws/event/1/query?eventid=us7000t3dx&format=quakeml,0.0006029175317538605,0.0011639816935098413,0.0011639816935098413,0.0011639816935098413,1,1.0,0.0011639816935098413
attempt_006,cluster:quakeml:earthquake.usgs.gov/fdsnws/event/1/query?eventid=us7000t3hh&format=quakeml,0.3640180478755701,3.1553739410856174,3.1553739410856174,3.1553739410856174,1,1.0,3.1553739410856174
attempt_006,cluster:quakeml:earthquake.usgs.gov/fdsnws/event/1/query?eventid=us7000t3hl&format=quakeml,0.1657852694323557,0.30386322866920557,0.30386322866920557,-0.30386322866920557,1,1.0,0.30386322866920557
attempt_006,cluster:quakeml:earthquake.usgs.gov/fdsnws/event/1/query?eventid=us7000t3in&format=quakeml,0.12878341521213194,0.22378760796017239,0.22378760796017239,-0.22378760796017239,1,1.0,0.22378760796017239
attempt_006,cluster:quakeml:earthquake.usgs.gov/fdsnws/event/1/query?eventid=uu80143896&format=quakeml,0.1862867330777016,0.19510536333647088,0.20020925144752466,0.19510536333647088,4,4.0,0.24507593236929265
